# Resource object code (Python 3)
# Created by: object code
# Created by: The Resource Compiler for Qt version 6.11.2
# WARNING! All changes made in this file will be lost!

from PySide6 import QtCore

qt_resource_data = b"\
\x00\x00Hz\
\xff\
\xd8\xff\xe0\x00\x10JFIF\x00\x01\x01\x02\x00\x1c\x00\
\x1c\x00\x00\xff\xe1\x16\xeaExif\x00\x00II*\
\x00\x08\x00\x00\x00\x07\x00\x12\x01\x03\x00\x01\x00\x00\x00\x01\
\x00\x00\x00\x1a\x01\x05\x00\x01\x00\x00\x00b\x00\x00\x00\x1b\
\x01\x05\x00\x01\x00\x00\x00j\x00\x00\x00(\x01\x03\x00\x01\
\x00\x00\x00\x03\x00\x00\x001\x01\x02\x00\x0d\x00\x00\x00r\
\x00\x00\x002\x01\x02\x00\x14\x00\x00\x00\x80\x00\x00\x00i\
\x87\x04\x00\x01\x00\x00\x00\x94\x00\x00\x00\xa6\x00\x00\x007\
\x02\x00\x00\x14\x00\x00\x007\x02\x00\x00\x14\x00\x00\x00G\
IMP 2.10.30\x00\x00202\
2:03:16 12:45:12\
\x00\x01\x00\x01\xa0\x03\x00\x01\x00\x00\x00\x01\x00\x00\x00\x00\
\x00\x00\x00\x09\x00\xfe\x00\x04\x00\x01\x00\x00\x00\x01\x00\x00\
\x00\x00\x01\x04\x00\x01\x00\x00\x00\xdd\x00\x00\x00\x01\x01\x04\
\x00\x01\x00\x00\x00\x00\x01\x00\x00\x02\x01\x03\x00\x03\x00\x00\
\x00\x18\x01\x00\x00\x03\x01\x03\x00\x01\x00\x00\x00\x06\x00\x00\
\x00\x06\x01\x03\x00\x01\x00\x00\x00\x06\x00\x00\x00\x15\x01\x03\
\x00\x01\x00\x00\x00\x03\x00\x00\x00\x01\x02\x04\x00\x01\x00\x00\
\x00\x1e\x01\x00\x00\x02\x02\x04\x00\x01\x00\x00\x00\xc3\x15\x00\
\x00\x00\x00\x00\x00\x08\x00\x08\x00\x08\x00\xff\xd8\xff\xe0\x00\
\x10JFIF\x00\x01\x01\x00\x00\x01\x00\x01\x00\x00\xff\
\xdb\x00C\x00\x08\x06\x06\x07\x06\x05\x08\x07\x07\x07\x09\x09\
\x08\x0a\x0c\x14\x0d\x0c\x0b\x0b\x0c\x19\x12\x13\x0f\x14\x1d\x1a\
\x1f\x1e\x1d\x1a\x1c\x1c $.' \x22,#\x1c\x1c\
(7),01444\x1f'9=82<\
.342\xff\xdb\x00C\x01\x09\x09\x09\x0c\x0b\x0c\x18\
\x0d\x0d\x182!\x1c!222222222\
2222222222222222\
2222222222222222\
222222222\xff\xc0\x00\x11\x08\x01\x00\
\x00\xdd\x03\x01\x22\x00\x02\x11\x01\x03\x11\x01\xff\xc4\x00\x1f\
\x00\x00\x01\x05\x01\x01\x01\x01\x01\x01\x00\x00\x00\x00\x00\x00\
\x00\x00\x01\x02\x03\x04\x05\x06\x07\x08\x09\x0a\x0b\xff\xc4\x00\
\xb5\x10\x00\x02\x01\x03\x03\x02\x04\x03\x05\x05\x04\x04\x00\x00\
\x01}\x01\x02\x03\x00\x04\x11\x05\x12!1A\x06\x13Q\
a\x07\x22q\x142\x81\x91\xa1\x08#B\xb1\xc1\x15R\
\xd1\xf0$3br\x82\x09\x0a\x16\x17\x18\x19\x1a%&\
'()*456789:CDEFG\
HIJSTUVWXYZcdefg\
hijstuvwxyz\x83\x84\x85\x86\x87\
\x88\x89\x8a\x92\x93\x94\x95\x96\x97\x98\x99\x9a\xa2\xa3\xa4\xa5\
\xa6\xa7\xa8\xa9\xaa\xb2\xb3\xb4\xb5\xb6\xb7\xb8\xb9\xba\xc2\xc3\
\xc4\xc5\xc6\xc7\xc8\xc9\xca\xd2\xd3\xd4\xd5\xd6\xd7\xd8\xd9\xda\
\xe1\xe2\xe3\xe4\xe5\xe6\xe7\xe8\xe9\xea\xf1\xf2\xf3\xf4\xf5\xf6\
\xf7\xf8\xf9\xfa\xff\xc4\x00\x1f\x01\x00\x03\x01\x01\x01\x01\x01\
\x01\x01\x01\x01\x00\x00\x00\x00\x00\x00\x01\x02\x03\x04\x05\x06\
\x07\x08\x09\x0a\x0b\xff\xc4\x00\xb5\x11\x00\x02\x01\x02\x04\x04\
\x03\x04\x07\x05\x04\x04\x00\x01\x02w\x00\x01\x02\x03\x11\x04\
\x05!1\x06\x12AQ\x07aq\x13\x222\x81\x08\x14\
B\x91\xa1\xb1\xc1\x09#3R\xf0\x15br\xd1\x0a\x16\
$4\xe1%\xf1\x17\x18\x19\x1a&'()*56\
789:CDEFGHIJSTUV\
WXYZcdefghijstuv\
wxyz\x82\x83\x84\x85\x86\x87\x88\x89\x8a\x92\x93\x94\
\x95\x96\x97\x98\x99\x9a\xa2\xa3\xa4\xa5\xa6\xa7\xa8\xa9\xaa\xb2\
\xb3\xb4\xb5\xb6\xb7\xb8\xb9\xba\xc2\xc3\xc4\xc5\xc6\xc7\xc8\xc9\
\xca\xd2\xd3\xd4\xd5\xd6\xd7\xd8\xd9\xda\xe2\xe3\xe4\xe5\xe6\xe7\
\xe8\xe9\xea\xf2\xf3\xf4\xf5\xf6\xf7\xf8\xf9\xfa\xff\xda\x00\x0c\
\x03\x01\x00\x02\x11\x03\x11\x00?\x00\xf6j(\xa2\x80\x0a\
(\xa2\x80\x0a(\xa2\x80\x0a(\xa2\x80\x0a(\xa2\x80\x0a\
+3Z\xf1\x0e\x95\xe1\xe8\x04\xba\x9d\xe2B[\xeeG\
\x9c\xbb\xfd\x17\xady\xae\xb5\xf1z\xeeR\xd1\xe8\xb6\x8b\
n\x9d\xa6\x9c\x06s\xf8t\x14\x01\xeb\xc1X\x8c\x81\xc7\
\xadR\xb8\xd5\xf4\xcbBE\xce\xa5e\x09\x1dD\x93\xaa\
\x9f\xd4\xd7\xce\x9a\x9f\x885}a\x89\xd45+\x9b\x80\
\x7f\x81\xa4;G\xe1\xd2\xb2\xc4h:\x22\xfeT\x01\xf4\
\x98\xf1_\x87K`k\xdan}>\xd2\x9f\xe3W\xed\
\xb5\x1b\x0b\xcf\xf8\xf5\xbe\xb5\x9c\xfaE2\xb7\xf25\xf2\
\xfe\x07\xa0\xa6\xf9i\x9c\xec\x5c\xfa\x81@\x1fV\x10\xcb\
\xf7\x94\x8f\xad&k\xe7\x1d'\xc5\xfa\xfe\x8a@\xb3\xd4\
\xe7\x11\x8f\xf9e#\x97O\xc8\xd7\xa2\xe8?\x16\xac\xee\
J\xc3\xad\xdb\xfd\x95\xcf\x1e|C)\xf8\x8e\xd4\x01\xe9\
4TpM\x0d\xd5\xba\x5c[\xca\x92\xc3 \xcaI\x1b\
eX{\x11RP\x01E\x14P\x01E\x14P\x01E\
\x14P\x01E\x14P\x01E\x14P\x01E\x14P\x01E\
\x14P\x01E\x15OT\xd5,\xf4m>[\xeb\xe9\x84\
PF:\x9e\xac}\x07\xbd\x00ZwH\xe3i$u\
DQ\x96f8\x00W\x9ax\xb7\xe2\x94v\xfb\xec\xbc\
<\xcb$\xbd\x1e\xf0\x8c\xaa\xff\x00\xb9\xea}\xeb\x8b\xf1\
w\x8d\xb5\x0f\x14\x5c\x18\xf7\xbc\x1ar\x9f\xdd\xdb)\xc0\
ow\xfe\xf1\xfa\xf4\xae^\x80$\xb8\xb8\x9e\xee\xe5\xee\
nf\x92i\xe49i$b\xcc\x7f\x13Q\xd1E\x00\
\x14QE\x00\x14QE\x00\x14QE\x00oxc\xc5\
\xba\x8f\x85\xae\xb7Z\xb9{W9\x96\xd5\x8f\xc8\xde\xe0\
v>\xe2\xbd\xdf@\xf1\x05\x87\x894\xc5\xbd\xb1~:\
I\x13}\xe8\x9b\xb85\xf3Uj\xf8{_\xbd\xf0\xde\
\xaa\x97\xd6n}%\x8c\xfd\xd9\x17\xd0\x8a\x00\xfaR\x8a\
\xa1\xa2\xeb\x16\x9a\xf6\x93\x06\xa3d\xd9\x8aQ\xca\x9e\xa8\
\xc3\xaa\x9fpj\xfd\x00\x14QE\x00\x14QE\x00\x14\
QE\x00\x14QE\x00\x14QE\x00\x14QE\x006\
Yc\x86'\x96W\x09\x1a)fc\xd8\x0a\xf9\xf7\xc6\
\x9e*\x9b\xc5\x1a\xcbH\xae\xcba\x01)m\x17lw\
s\xee\x7f\x96+\xd0>,k\xedc\xa5A\xa3@\xfb\
e\xbc\x1ed\xd8<\x88\xc1\xc0\x1f\x89\xcf\xe5^5@\
\x05\x14T\xb6\xd6\xd3^\x5c\xc7mm\x1bI4\x8d\xb5\
\x11{\x9a\x00\x8a\x8a\xe9\xf5\xff\x00\x03\xea:\x0e\x9f\x0d\
\xe3:\xdcF\xc3\x13yk\xfe\xa5\xbf\xa8\xf7\xaeb\x92\
\x92\x92\xba\x1b\x8bZ0\xa2\x8a)\x88(\xa2\x8a\x00(\
\xa2\x8a\x00(\xa2\x8a\x00\xec\xfe\x1cx\x99\xb4-xZ\
O!\x16\x17\xa4,\x8az+\xf6o\xe9\xf9W\xbb\x11\
\x83\x8a\xf9X\x12\x08 \x90G \x8a\xfa'\xc1\x1a\xc9\
\xd7|!cv\xe73\xa00M\xfe\xf2\x1cg\xf1\x18\
?\x8d\x00t\x14QE\x00\x14QE\x00\x14QE\x00\
\x14QE\x00\x14QE\x00\x14\x0eH\x14Q\xd3\x9f@\
O\xe9@\x1f>|B\xd4\x0e\xa5\xe3\x9dI\xc9\xca@\
\xcbl\x9e\xc1\x00\xcf\xfe<Z\xb9\x9a\xb9\xabJf\xd6\
\xb5\x09X\xe4\xbd\xd4\xacO\xfc\x0c\xd5:\x00\x00$\x80\
\x01$\xf4\x03\xbd{'\x80| \xbaM\xb0\xbf\xbb\x5c\
\xdfL\xbd\xff\x00\xe5\x92z\x0fs\xde\xb8\xbf\x87\x9e\x1f\
\xfe\xd7\xd7\x0d\xdc\xe9\x9b[,6\x08\xe1\xe4?t~\
\x18'\xf2\xafmE\x08\xa0\x0a\xe6\xaf?\xb2\x8e\x8a0\
\xfbL\x86\xe6\xdd%\x89\x94\xa2\xb2\x11\xb5\x90\x8c\x86\x15\
\xe4\xde,\xf8\x7f-\xab\xc9\x7f\xa3+Kny\x92\xdb\
\xf8\xa3\xf7_Q\xed\xd6\xbd\x86\xa2\x92\x10\xc7r\x9d\xad\
X\xc2n.\xe8\xdapRZ\x9f3\x10U\x8a\xb0!\
\x87\x04\x11\x82)+\xdc\xb5\xff\x00\x04\xe9z\xd6^h\
Z\xda\xe7\xb4\xf0`g\xea:\x1f\xd2\xb8;\xff\x00\x86\
:\xc5\xbb\x13e=\xb5\xe2v\x191\xb7\xe4r?Z\
\xea\x8dh\xbd\xceiR\x92\xd8\xe2h\xad\xb9\xfc\x1f\xe2\
\x1bl\xf9\x9aL\xe4\x0e\xe8U\xbf\x91\xac\xb9\xec\xae\xed\
\x7f\xe3\xe2\xd6x\x7f\xeb\xa4d\x7fJ\xd1I=\x99\x9b\
MnAE\x19\xcfJ)\x88(\xa2\x8a\x00+\xd5\xfe\
\x0d_\x13\x16\xad\xa71\xe02\x5c \xfa\x8d\xa7\xff\x00\
A\x15\xe5\x15\xde|#\x98\xc7\xe3\x09b\xcf\x12\xda0\
\xc7\xa9\x04\x7f\x8d\x00{m\x14Q@\x05\x14Q@\x05\
\x14Q@\x05\x14Q@\x05\x14Q@\x05\x1dr=\x8f\
\xf2\xa2\x94u\x1fZ\x00\xf9\x7fRO/V\xbeB0\
V\xe6Q\xff\x00\x8f\x9a\xab\xc9\xe0\x0c\x93\xd0z\xd6\xe7\
\x8c\xad\x0d\x8f\x8d5\x88\x08\xc7\xfaI\x90}\x1c\x06\xfe\
\xb4\xcf\x09\xe9\xdf\xda\x9e*\xd3\xad\x0e6\x99w\xb6}\
\x14g\xfa\x0aM\xd9\x5ci]\xd8\xf6O\x06h\xab\xa3\
xz\xda\x12\x07\x9a\xc3\xcc\x90\xfa\xb1\xff\x00\xebb\xba\
*@\x02\x80\x14`\x0e\x94\xb5\xe7\xb7ws\xbd++\
\x05\x14QHaLhcn\xab\xf9S\xe8\xa0\x08\x0d\
\xbe>\xec\x84T2Z\x97\x18\x924\x90\x7f\xb4\xa0\xff\
\x00:\xbbE\x00rz\x97\x834=D1\x9bO\x10\
\xc8\x7f\xe5\xa4\x07i\xfe\xb5\xc3k?\x0c\xef\xed\x15\xa6\
\xd2\xee\x16\xf61\xcf\x94\xc3d\x80~x?\xa5{/\
^\xb5\x1bB\x8d\xdb\x07\xd4V\x91\xa9(\x99\xca\x9cd\
|\xcf,RA+E4o\x1c\x8ap\xc8\xeb\x82?\
\x0ae{\xb7\x8a<\x1dk\xe2\x0bf,\x16;\xb5\x1f\
\xbb\xb8U\xe7>\x8c;\x8a\xf1+\xfd>\xebK\xbe\x96\
\xce\xf2#\x1c\xf1\x1c0\xec}\xc1\xee\x0duS\xa8\xa6\
sN\x9b\x81Z\xbbO\x85\x99\xff\x00\x84\xea\x0f\xfa\xe1\
&\x7f5\xae.\xbb\xcf\x84p\xf9\x9e0\x96Lq\x15\
\xa3\x1f\xc4\x91\xfe\x15\xa1\x99\xed\xa3\xa5\x14Q@\x05\x14\
Q@\x05\x14Q@\x05\x14Q@\x05\x14Q@\x05\x04\
\xe0\x12zQQ\xceq\x1e=H\x14\x9b\xb2\xb8\xd2\xbb\
\xb1\xe7~6\xf0\x0d\xd7\x88\xf5\xa95]>\xe6\x08\x9d\
\xe1Dh\xa6\xc8\xde\xcb\x9er\x01\xc7\x18\xfc\xab\x81\xf0\
\xf4w~\x1f\xf1\xe5\x847\x90\xb47\x11\xcf\xe5\xba7\
\xa3\x022=G=k\xdc\xa7rd\xc08\x02\xb8o\
\x1f[Fo\xfc;\xa8\xec\x02u\xbdXY\xc7V]\
\xca@?\x99\xaeh\xd5r\xd1\xf5:'IGTz\
!\xe0\x91\xefIA\xe4\xe6\x8a\xe7:\x02\x8a(\xa0\x02\
\x8a(\xa0\x02\x8a(\xa0\x02\x8a(\xa0\x02\xbc\xff\x00\xe2\
\x9e\x93k&\x89\x1e\xa9\x8d\xb7P\xc8\xb1\x82\x07\xdf\x04\
\x81\x8f\xd6\xbd\x02\xb9\x8f\x1a\x14\xfb6\x96\x92 tk\
\xe4\xca\x9e\xfd*\xe9\xbbI2*+\xc6\xc7\x9e\xe8\xdf\
\x0cu\x8dN\xc9n\xee&\x82\xc5$\x19\x8d%\xc9r\
;\x12\x00\xe3\xf9\xd7a\xf0\xdb\xc2\xf7\xde\x1f\xd4\xf5\xaf\
\xed\x08\xd4:\x88\xe2\x8eD9Y\x17\x04\xe5O\xa7#\
\xf2\xae\xb6Y\x18\xcc\xe78\xc3\x101\xdb\x9a\xbbn\xdb\
\x98\x1f\xef-mN\xabr\xb31\x9d$\xa3tY\xa2\
\x8a+\xa4\xe7\x0a(\xa2\x80\x0a(\xa2\x80\x0a(\xa2\x80\
\x0a(\xa2\x80\x0a\x8ea\x98\x89\xf49\xa9)\x08\xdc\xa4\
z\xd2j\xea\xc3N\xce\xe6]\xc0\xc4\xc7\xdf\x9a\xe6|\
oo\xe6\xf8~\xd2p9\xb7\xd4!s\xec23\xfc\
\xab\xaa\xb8BT69^\x0dE\xf6x/-%\xb6\
\xb8\x8dd\x89\xf8da\xc1\xae\x04\xf9Y\xdc\xd72-\
\xa9\xca)\xf5P\x7fJZEP\xaa\x15F\x00\x00\x01\
\xec)jJ\x0a(\xa2\x80\x0a(\xa2\x80\x0a(\xa2\x80\
\x0a(\xa2\x80\x0a\xe6<`\xbee\xc6\x83\x00\x19i5\
\x01\x81\xf4\x5c\xff\x00J\xe9\xea\x19\xad`\x9ahg\x96\
%y %\xa3b>\xe9=\xc54\xec\xee)+\xab\
\x15\xe49\x95\xcf\xab\x1f\xe7W\xed\x860=\x16\xa8\xc6\
\xbb\xe4\x03\xb7SZP\x0f\x90\xb7\xf7\x8f\xe9Z\xd1W\
\x99\x95gh\x92\xd1E\x15\xd8r\x05\x14Q@\x05\x14\
Q@\x05\x14Q@\x05\x14Q@\x05\x14Q@\x10\xcd\
\x19'r\x8c\xe7\xa8\xf5\xaa\xf1\xa0Gl\x1e\x0fn\xe2\
\xafTs.Sv9\x075\x85ZI\xfb\xc8\xda\x9d\
V\xb4d4QEr\x1daE\x14P\x01E\x14P\
\x01E\x14P\x01E\x14P\x01H\xdc\xa9\x00\xe3\xebK\
J\x83t\x8a=9\xaa\x8a\xe6v\x14\x9f*\xb8\xc8 \
\xe3\x03\xee\xf7o_\xa5\x5c\xa2\x8a\xed\x84\x14\x15\x91\xc5\
9\xb9;\xb0\xa2\x8a*\xc8\x0a(\xa2\x80\x0a(\xa2\x80\
\x0a(\xa2\x80\x0a(\xa2\x80\x0a(\xa2\x80\x0a\x08\xc8 \
\xf7\xa2\x8a\x00\xab\x8cd\x1e\xa3\x8a*I\x97\x0c\x1ct\
<\x1a\x8e\xb8*G\x96V;\xa1.h\xdc(\xa2\x8a\
\x82\xc2\x8a(\xa0\x02\x8a(\xa0\x02\x8a(\xa0\x02\xa5\x80\
p\xcd\xeb\xc0\xa8\xb0I\x00u=*\xc8\x01T(\xe8\
\x06+\xa2\x84u\xe69\xeb\xcbNQh\xa2\x8a\xea9\
\x82\x8a(\xa0\x02\x8a(\xa0\x02\x8a(\xa0\x02\x8a(\xa0\
\x02\x8a(\xa0\x02\x8a(\xa0\x02\x8a(\xa0\x04 0 \
\xf45X\x82\xacT\xf6\xfdj\x9f\x88<G\xa6\xf8f\
\xc3\xedZ\x8c\xc1wdE\x10?<\x87\xd0\x0a\xe6|\
!\xe2\x1dO\xc5\xb77\xfa\xac\xd9\x82\xca\x1cCml\
\xbfw'\x96c\xeax\x1f\x99\xackE8\xdc\xda\x8b\
jV;**(\xe7V\xe0\xf0\xd5-q\x9daE\
\x14P\x01E\x14P\x01E\x04\x802N\x05V\x92p\
\xc7h\xce\xde\xfe\xf4\x01z\x14\xc0\xdeG'\xa7\xb0\xa9\
k\xcf\xf4\x1f\x1c\x9b=z\xe3\xc3^ \x9b\xf7\xd0J\
c\xb7\xbc\x90\xff\x00\xac\x5c\xfc\xbb\xcf\xae;\xf7\xaf@\
#\x07\x06\xbd\x08\xa4\x95\x91\xc1&\xdb\xbb\x0a(\xa2\xa8\
\x90\xa2\x8a(\x00\xa2\x8a(\x00\xa2\x8a(\x00\xa2\x8a(\
\x00\xa2\x8a(\x00\xa2\x8a(\x00\xaco\x13\xf8\x96\xcf\xc2\
\xfaK^\xdd\x10\xd26V\x18A\xe6F\xff\x00\x0a\xd3\
\xbb\xbb\x82\xc6\xcek\xbb\x97\x09\x04(]\xd8\x9e\x80W\
\xcd\xbe,\xf1%\xc7\x8a5\xe9\xaf\xe6f\x10\x8f\x92\xde\
.\xd1\xc6:q\xeaz\x9f\xaf\xb5\x03J\xe5Mo[\
\xbd\xf1\x06\xab.\xa3\xa8Jd\x95\xf8Q\x9f\x965\xec\
\xaa;\x0a\xf7\x7f\x00\xe9_\xd9\xbe\x03\xd3\x1c\x0f\xf8\xf8\
\x06g\xf6c\xff\x00\xea\xaf\x9d\xdb\xee\x90:\x91\x8a\xfa\
\xefG\xb2\x8e\x0f\x0f\xd9\xda\xe3\xe4X\x14c\xf0\xcdD\
\xe3\xcc\xacZ\x97+L\xc9\x96\x10\xfc\x8e\x1b\xf9\xd4!\
\xe5\x84\xe0\xf2=\xebF\xe2\xdd\xad\xa4\xdayS\xf7O\
\xadB@#\x04d{\xd7\x0bM;3\xb14\xd5\xd1\
\x0a\xdc!\xeb\xc5H$C\xfcB\x98\xd6\xe8\xdd2\xbf\
J\x88\xdb7b\x0d!\x93\x99PuaQ\xb5\xc8\x1f\
tg\xebQ\x18$\x1f\xc3I\xe5I\xfd\xd3LB;\
\xb3\x9f\x98\xfe\x15%\xad\xb3]N\xb1/~\xa7\xd0S\
V\x09]\x82\xaa\x12O\x00WIad\xb6p\xe3\xac\
\x8d\xf7\x9a\xb4\xa7\x0eg\xe4gR|\xab\xcc\xf0_\x8c\
\xfaRX\xf8\xb2\x0b\x94P\x16\xea\xdcp=W\x02\xb6\
>\x19x\xec\xcc\xb1x\x7fV\x9c\xb4\x8a6\xdaO!\
\xe4\x8e\xc8O|v\xf6\xab_\x1d\xadG\xd9\xb4\x9b\xcc\
r$h\xb3\xf5\x04\xd7\x8b\xab20e%YNA\
\x07\x90k\xb4\xe5\xdd\x1fYt8\xa2\xb8\xdf\x87^-\
>%\xd0\xfc\x8b\xb97jV`$\xc4\xf5\x91\x7f\x85\
\xfe\xb8\xe0\xfb\x83]\x95\x04\x85\x14Q@\x05\x14Q@\
\x05\x14Q@\x05\x14Q@\x05\x15WQ\xd4\xect\x9b\
f\xb8\xd4n\xe1\xb5\x85FKH\xd8\xaf+\xf1/\xc7\
\x0bkp\xf0xr\xd1g\x97\xa0\xba\xbaS\xb0}\x14\
\x11\x9f\xce\x80=rYc\x82#,\xd2$q\xa8\xc9\
g8\x02\xb8M{\xe2\xef\x86tr\xf1[J\xfa\x95\
\xc2\xff\x00\x0d\xbf\xdc\xff\x00\xbe\xab\xc15\xbf\x14k\x9e\
#\x94\xc9\xabjs\xdc\x82s\xe5\xe7lc\xe8\x83\x02\
\xb2(\x1d\x8fF\xf1\x17\xc4\xadc\xc5\xb6oj\xf1C\
g\xa7\x97\xcf\x93\x089|t\xdc\xc4\x93\xf8W+Q\
\xc2\x9b E\xf4\x15%\x05!\xf1\x0d\xd3F\x0fB\xea\
?Q_`\xd8\x7f\xc8>\xdb\xfe\xb9/\xf2\x15\xf1\xe0\
m\x8c\xad\xfd\xd2\x0f\xe4k\xec-<\xe7M\xb5>\xb0\
\xa7\xf2\x14\x0aD\xd2\xc4\x93FQ\xc6A\xfd+\x1e\xe2\
\xceKs\x9eY=G\xf5\xad\xba:\xd4N\x9a\x9e\xe3\
\x85G\x1d\x8er\x8a\xda\x96\xc2\x09Nv\x95>\xaaq\
T\xe5\xb2\xb6\x86H\x91\xee\x8a4\xad\xb5\x03c,q\
\x9c\x0f\xc0\x1a\xe6t$\x8e\x98\xd6L\xa3O\x8a'\x99\
\xb6\xc6\xb9>\xbd\x85i\xa6\x99\x02\x9c\xb1w\xf6'\xfc\
*\xda\x22\xc6\xbbQB\x8fAU\x1a\x0f\xed\x11*\xeb\
\xec\x90Z\xd9\xa5\xb8\xdc~i\x0fS\xfe\x15f\x8a+\
\xa5$\x95\x91\xce\xdbn\xec\xf2\xaf\x8e\xa3\xfe)\xbd0\
\xfa^\x7f\xec\xa6\xbc\x22\xbd\xd3\xe3\xb4\x83\xfb\x03K\x8f\
\xf8\x8d\xd9?\x86\xd3^\x17Lkb\xf6\x93\xacj\x1a\
\x1d\xf0\xbd\xd3.Z\xde\xe0\x0d\xbb\x80\x04\x11\xe8A\x04\
\x11^\x83\xa2\xfcox\xa5\xfb7\x88l\x15\xb1\x81\xf6\
\x9bQ\xb4\x91\xeaW\x91\xf9\x0a\xf3\x0a\xa1\xa8\xa7\xcc\x8f\
\xea0h\x1bG\xd5z'\x89\xf4_\x11\xc3\xe6iZ\
\x843\x91\xf7\xa3\xce\x1d~\xa2\xb5\xeb\xe38f\x96\xda\
u\x9e\x09d\x8ae\xe5d\x8d\x8a\xb0\xfa\x11\xcdz/\
\x86>2k\xfaC$\x1a\xb1]R\xccq\x99\x06&\
_\xa3\x8cg\xf1\x06\x82l}\x0fEs~\x1c\xf1\xdf\
\x87\xfcP\x80X\xde\xaa\x5cc\xe6\xb7\x98\xedq\xf4\xf5\
\xae\x90\x8cu\xa0AE\x14P\x01\xc7r\x00\xeeOj\
\xf1\x1f\x15\xfcl\xbc3\xcdi\xe1\xb8b\x86%b\xa2\
\xf2Q\xbd\x98z\xa8\xe8?\x1c\xd7s\xf1S\xc4-\xe1\
\xff\x00\x04\x5c\x88\x1fm\xdd\xf7\xfa4D\x1eT7\xde\
?\x80\xcf\xe5_2\x80\x00\xc0\xe8:P4\x5c\xd4\xb5\
]CX\xb97\x1a\x95\xec\xf7s\x13\x9d\xd3>q\xf4\
\x1d\x07\xe1T\xe8\xa2\x81\x85>\x14\xf3&E\xf54\xca\
Ub\x8c\x19N\x08\xa0\x0d\xba*\x0b{\xa5\x98`\xfc\
\xaf\xe9\xebS\xd01\x1b\x95#\xd8\xd7\xd6^\x10\xbb7\
\xfe\x12\xd2\xee\x8f\xfc\xb4\xb7S_'W\xd1\xdf\x07\xf5\
\x1f\xb7x\x16\x18Y\xb2\xf6\xb24X\xf4\x1d\xbf\xad\x02\
\x91\xdfQE\x14\x12#0U,\xc4\x00\x06I5\xe2\
\xfe1\xf1L\xda\x97\x88c\x92\xceR\x91X\xbe`#\
\xbb\x83\xf7\xbf\xa7\xe7]\x87\xc4O\x12\x1d;N\x1am\
\xab\xe2\xe6\xe7\x87a\xd5\x13\xbf\xe7\xd3\xf1\xaf#\xae\x1c\
U_\xb0\x8f\xac\xe1\xfc\xbfG\x89\xa8\xb7\xd1~\xaf\xf4\
=\xff\x00\xc3\x9a\xdcZ\xf6\x8f\x0d\xe4x\x0eF$O\
\xee\xb7qZ\xd5\xe1\xde\x0d\xf1#h\x1a\xb2\x89I6\
s\xb0YF~\xeex\xdd\xf8W\xb8#\xab\xa0u \
\xa9\x19\x04WE\x0a\xbe\xd2>g\x8d\x9a\xe0\x1e\x0e\xbd\
\x97\xc2\xf5_\xe5\xf2\x16\x8a)\x09\x0a\x09=\x05ly\
\x87\x89\xfcv\xb9?m\xd2-A\xe3c\xc8G\xbfO\
\xeb^A]\xdf\xc5\xcdG\xed\xde:\x9e59Kh\
\xd6<z\x1cs\xfa\xd7\x09Ak`\xaa\xf7\x89\xbe\xd8\
\xfa\xaf5`\x90\x06I\xc0\xac\xeb\xab\xbf31\xc7\xf7\
{\x9fZ\x01\x95(\xa2\x8a\x04*\xb3#\xab\xa3\x15u\
9VS\x82\x0f\xb1\xed]\xdf\x86\xbe-x\x93Ad\
\x8a\xe6u\xd4\xec\x87\x06+\x9e\x5c\x0f\xf6\x5cs\xf9\xe6\
\xb8:(\x03\xeb_\x0bx\x9a\xcf\xc5\x9a\x22jVj\
\xd1\x8d\xc5$\x89\xceJ7\xa6kj\xbe~\xf8)\xe2\
#\xa7\xf8\xa6M\x1af\xc5\xb6\xa3\x19\xd9\x93\xd2T\xe4\
~k\xb8W\xd04\x12|\xf3\xf1\xa3^\xfe\xd2\xf1j\
\xe9\xb1>`\xd3\x93a\xc1\xff\x00\x96\x87\xef\x7f\x9fz\
\xf3j\x9a\xea\xee{\xfb\xa9n\xee\x9bt\xf31y\x0f\
\xa9=j\x1a\x0a\x0a(\xa2\x80\x0a(\xa5U,\xc1T\
\x12Oa@\x08\x09\x04\x11\xc1\xadkf\x91\xa1\x06Q\
\x83\xd8\xfa\x8a\x8e\xda\xccG\x87\x93\x05\xfd;\x0a\xb5@\
\xd0W\xac|\x10\xd5\xbc\x9dCS\xd3\x19\xbe\xfckp\
\x83\xfd\xd3\xb4\xff\x00\xe8B\xbc\x9e\xba/\x02\xea\xbf\xd8\
\xfe5\xd3.X\xe27\x93\xc8\x93\xfd\xd7\x18\xfe{O\
\xe1@3\xea\xa0r2*\x86\xaf\xa9\xc3\xa5i\xf3]\
L\xc0,k\x93\xfd\x05K\x0d\xc2\xad\xb9,s\xb3\x8f\
\xaf\xa5f_\xdb\xc5\xa9[Mot\xa1\xa2\x99v\xb0\
\xf4\xf4?\x85'{h\x14\xf9y\xd7>\xdd}\x0f\x14\
\xd5u)\xb5mJk\xd9\xcf\xcd!\xe0\x7ftv\x15\
J\xb45\xad&m\x17T\x96\xcenv\xfc\xc8\xc3\xa3\
)\xe8k>\xbci^\xee\xfb\x9f\xa7Pt\xdd8\xfb\
/\x86\xdaz\x05z\xcf\xc3\xaf\x11=\xee\x9e\xdau\xce\
\xe6{`\x02\xc8{\xafl\x9fZ\xf2o\xa0'\xd8w\
\xafb\xf0\xb6\x8d\xfd\x8b\xa2\xc7\x14\x8a\x05\xcc\xbf\xbc\x98\
\x8e\xc4\xf6\xfc+\xa3\x08\xa5\xcfu\xb1\xe3q\x0c\xe9,\
*\x8c\xfe&\xf4\xfdN\xce\xaa\xde\xcc\xb1\xc7\x868^\
\xac}\x14u\xa2\xd2}\xeb\xb1\xcf\xcc;\xfa\xd7\x1f\xf1\
\x13Z:g\x83\xb5;\x94lK4\x7fg\x87\xd7/\
\xf2\xff\x00\x5c\xd7\xa4|9\xf3\xd6\xb1\xa8\xb6\xaf\xac\xde\
\xea-\x9c\xddN\xf2\x8f\xa19\x1f\xa5R\xa0\x00\x00\x03\
\xa0\xe0QAfu\xf3\xcb\xbfk\x0cG\xdb\x1d\xea\xa5\
m\xb2\xab\xa9V\x19\x06\xb3n-\x1a,\xb2|\xc9\xfa\
\x8a\x01\x95\xa8\xa2\x8a\x04\x14QE\x00Y\xd3\xef\xa6\xd3\
5\x1bk\xfbs\x89\xad\xa5YS\xea\xa78\xfcz~\
5\xf5\xe6\x9b\x7f\x16\xa9\xa5\xda\xea\x106b\xb8\x89d\
S\xf5\xaf\x8e\xab\xdf\xbe\x0dx\xa6\xc9\xfc).\x9b\xa9\
\x5c\xacMe.#.~\xf2\xb7o\xc3\x14\x09\x9e\x03\
E\x14P0\xa2\x8a(\x00\xab\xb6\x12 b\x84\x00\xe7\
\xa1\xf5\xf6\xaaT\x02A\x04\x1c\x11@\x1b\x94T\x16\xb7\
\x02t\xc1\xfb\xeb\xd4z\xfb\xd4\xf4\x0c(\x05\x81\x05N\
\x18\x1c\x83\xe8{QE\x03>\x9c\xf0\xbe\xae\xba\xe7\x86\
l5\x05?4\x91\x85\x90z8\xea?\x95k\x81\x92\
\x07\xady7\xc1\xadp\x16\xbd\xd0env\xfd\xa6\x00\
}\x88\x0c?\xf1\xe0\x7f\x0a\xf4\xedN\xf1l4\xab\xab\
\xb68\x11DH\xfa\x9e\x07\xeai7evL`\xe5\
%\x18\xee\xcf*\xf1}\xff\x00\xf6\x87\x89n\x9dNc\
\x8f\x11'\xd0\x7f\xf5\xcda\xd3\xa4v\x92F\x91\x8eY\
\x89c\xf54\xda\xf1\xa5.i6~\x9fB\x92\xa3J\
4\xd7D\x90d\x8eT\xe1\x87 \xfa\x1a\xf7\x0d&\xf9\
u=&\xd6\xf4\x7f\xcbh\xc37\xb3c\x91\xf9\xd7\x87\
\xd7\xa4\xfc;\xbf\xf3\xb4\xbb\x8b\x16?4\x0f\xbdG\xfb\
'\xff\x00\xaeMt\xe1'i\xf2\xf7<N\x22\xc3\xf3\
\xe1\x95U\xbc_\xe0\xff\x00\xa4v`\xe3\xa5y\x0f\xc6\
m`=\xc5\x86\x8d\x1bq\x10\xf3\xe5\x1e\xe4|\xbf\xa1\
\xfd+\xd7Y\xe3\x8dY\xe5`\xb1\xa0,\xec{(\xe4\
\x9a\xf9\x83\xc4:\xd3\xf8\x87^\xbc\xd5\x1b \x5cHY\
\x14\xff\x00\x0a\xf6\x15\xe8\x9f\x14\x8c\xca(\xa2\x82\xc2\x91\
\x98*\x92\xc7\x00u\xa5\xac\xdb\xcb\x9f5\xbc\xb4? \
\xea}M\x02 \x95\x95\xe5fU\xda\xa4\xf0)\x94Q\
@\x82\x8a(\xa0\x02\x8d\xd3\x8f\xf5\x13\xb4^\xbbN3\
E\x14\x00QH\x08 \x11\xd0\x8c\x8aZ\x00(\xa2\x8a\
\x00(\xa2\x8a\x00tr4N\x1dO\x22\xb5\xe2\x95f\
\x8c:\xfe#\xd0\xd65Ko9\x82L\xff\x00\x09\xea\
(\x03^\x8a@A\x00\x8e\x86\x96\x82\x8d_\x0c\xeb\x0d\
\xa0\xf8\x96\xc3S\x04\x84\x86P$\xc7x\xdb\xe5o\xd0\
\xe7\xf0\xafn\xf8\x85\xa8\xacz\x15\xb5\xb4N\x0f\xdb$\
\x0f\xc1\xea\x8a3\xfc\xc8\xaf\x9f:\x8c\x1a\xed\xa0\xd6\xee\
5\x8d.\xc6;\x83\x93e\x17\x90\x0f\xa8\xf5\xfd+\x0c\
L\xadM\x9e\x9eMEU\xc6\xc2\xfd5\xfb\xb6\x16\x8a\
(\xaf(\xfb\xf0\xae\x8b\xc17\xff\x00b\xf1,\x08\xcd\
\x88\xee?r\xdfS\xc0\xaev\x9c\x92\xbc\x0e\xb3Fp\
\xf1\x90\xeb\xf5\x1c\xd5B\x5c\xb2R1\xc4QU\xe9J\
\x93\xea\xacz?\xc4\xfdk\xfb#\xc1\xb3\xc0\x8d\xb6\xe2\
\xfc\xfd\x991\xd4)\xfb\xc7\xf2\xcd|\xff\x00]\xc7\xc5\
\x1f\x10\x0dk\xc4\xa9\x0cD\xf9\x16\x91\xed\x00\x8c|\xe7\
\xefW\x0f^\xd1\xf9\x95\x9a\xd1\x85\x14T\x173\xf9\x11\
\xe4}\xe3\xd2\x80\x22\xbd\xb9\xda\x0cH~o\xe2>\x95\
\x9fA$\x9c\x93\x92h\xa0AE\x14P\x01E\x14P\
\x01E\x15\xd4xW\xc0:\xe7\x8c`\xb8\x9bJ\x8e&\
Kv\x0a\xe6I\x02\xf2s\xea}\xa8\x03\xff\xd9\x00\xff\
\xe1\x0d1http://ns.ado\
be.com/xap/1.0/\x00\
<?xpacket begin=\
\x22\xef\xbb\xbf\x22 id=\x22W5M0Mp\
CehiHzreSzNTczkc\
9d\x22?> <x:xmpmeta\
 xmlns:x=\x22adobe:\
ns:meta/\x22 x:xmpt\
k=\x22XMP Core 4.4.\
0-Exiv2\x22> <rdf:R\
DF xmlns:rdf=\x22ht\
tp://www.w3.org/\
1999/02/22-rdf-s\
yntax-ns#\x22> <rdf\
:Description rdf\
:about=\x22\x22 xmlns:\
xmpMM=\x22http://ns\
.adobe.com/xap/1\
.0/mm/\x22 xmlns:st\
Evt=\x22http://ns.a\
dobe.com/xap/1.0\
/sType/ResourceE\
vent#\x22 xmlns:dc=\
\x22http://purl.org\
/dc/elements/1.1\
/\x22 xmlns:GIMP=\x22h\
ttp://www.gimp.o\
rg/xmp/\x22 xmlns:x\
mp=\x22http://ns.ad\
obe.com/xap/1.0/\
\x22 xmpMM:Document\
ID=\x22gimp:docid:g\
imp:318ab7fb-3d4\
b-4ade-b4d2-08af\
756d7ffa\x22 xmpMM:\
InstanceID=\x22xmp.\
iid:a19d8f97-4a8\
6-4578-aef2-811c\
ed84ecd4\x22 xmpMM:\
OriginalDocument\
ID=\x22xmp.did:120a\
2d84-7a1b-492c-8\
6e2-b444626ceda6\
\x22 dc:Format=\x22ima\
ge/jpeg\x22 GIMP:AP\
I=\x222.0\x22 GIMP:Pla\
tform=\x22Windows\x22 \
GIMP:TimeStamp=\x22\
1647431113585868\
\x22 GIMP:Version=\x22\
2.10.30\x22 xmp:Cre\
atorTool=\x22GIMP 2\
.10\x22> <xmpMM:His\
tory> <rdf:Seq> \
<rdf:li stEvt:ac\
tion=\x22saved\x22 stE\
vt:changed=\x22/\x22 s\
tEvt:instanceID=\
\x22xmp.iid:b24def7\
c-2da6-4b61-a354\
-90af94cc307d\x22 s\
tEvt:softwareAge\
nt=\x22Gimp 2.10 (W\
indows)\x22 stEvt:w\
hen=\x222022-03-16T\
12:13:10\x22/> <rdf\
:li stEvt:action\
=\x22saved\x22 stEvt:c\
hanged=\x22/\x22 stEvt\
:instanceID=\x22xmp\
.iid:adec5f16-83\
a8-4607-bba2-fce\
207952f32\x22 stEvt\
:softwareAgent=\x22\
Gimp 2.10 (Windo\
ws)\x22 stEvt:when=\
\x222022-03-16T12:4\
5:13\x22/> </rdf:Se\
q> </xmpMM:Histo\
ry> </rdf:Descri\
ption> </rdf:RDF\
> </x:xmpmeta>  \
                \
                \
                \
                \
                \
                \
                \
                \
                \
                \
                \
                \
                \
                \
                \
                \
                \
                \
                \
                \
                \
                \
                \
                \
                \
                \
                \
                \
                \
                \
                \
                \
                \
                \
                \
                \
                \
                \
                \
                \
                \
                \
                \
                \
                \
                \
                \
                \
                \
                \
                \
                \
                \
                \
                \
                \
                \
                \
                \
                \
                \
                \
                \
                \
                \
                \
                \
                \
                \
                \
                \
                \
                \
                \
                \
                \
                \
                \
                \
                \
                \
                \
                \
                \
                \
                \
                \
                \
                \
                \
                \
                \
                \
                \
                \
                \
                \
                \
                \
                \
                \
                \
                \
                \
                \
                \
                \
                \
                \
                \
                \
                \
                \
                \
                \
                \
                \
                \
                \
                \
                \
                \
                \
                \
                \
                \
                \
               <\
?xpacket end=\x22w\x22\
?>\xff\xe2\x02\xb0ICC_PROFIL\
E\x00\x01\x01\x00\x00\x02\xa0lcms\x040\x00\x00\
mntrRGB XYZ \x07\xe6\x00\x03\
\x00\x10\x00\x0b\x00)\x00\x12acspMSFT\
\x00\x00\x00\x00\x00\x00\x00\x00\x00\x00\x00\x00\x00\x00\x00\x00\
\x00\x00\x00\x00\x00\x00\x00\x00\x00\x00\xf6\xd6\x00\x01\x00\x00\
\x00\x00\xd3-lcms\x00\x00\x00\x00\x00\x00\x00\x00\
\x00\x00\x00\x00\x00\x00\x00\x00\x00\x00\x00\x00\x00\x00\x00\x00\
\x00\x00\x00\x00\x00\x00\x00\x00\x00\x00\x00\x00\x00\x00\x00\x00\
\x00\x00\x00\x00\x00\x00\x00\x0ddesc\x00\x00\x01 \
\x00\x00\x00@cprt\x00\x00\x01`\x00\x00\x006\
wtpt\x00\x00\x01\x98\x00\x00\x00\x14chad\
\x00\x00\x01\xac\x00\x00\x00,rXYZ\x00\x00\x01\xd8\
\x00\x00\x00\x14bXYZ\x00\x00\x01\xec\x00\x00\x00\x14\
gXYZ\x00\x00\x02\x00\x00\x00\x00\x14rTRC\
\x00\x00\x02\x14\x00\x00\x00 gTRC\x00\x00\x02\x14\
\x00\x00\x00 bTRC\x00\x00\x02\x14\x00\x00\x00 \
chrm\x00\x00\x024\x00\x00\x00$dmnd\
\x00\x00\x02X\x00\x00\x00$dmdd\x00\x00\x02|\
\x00\x00\x00$mluc\x00\x00\x00\x00\x00\x00\x00\x01\
\x00\x00\x00\x0cenUS\x00\x00\x00$\x00\x00\x00\x1c\
\x00G\x00I\x00M\x00P\x00 \x00b\x00u\x00i\
\x00l\x00t\x00-\x00i\x00n\x00 \x00s\x00R\
\x00G\x00Bmluc\x00\x00\x00\x00\x00\x00\x00\x01\
\x00\x00\x00\x0cenUS\x00\x00\x00\x1a\x00\x00\x00\x1c\
\x00P\x00u\x00b\x00l\x00i\x00c\x00 \x00D\
\x00o\x00m\x00a\x00i\x00n\x00\x00XYZ \
\x00\x00\x00\x00\x00\x00\xf6\xd6\x00\x01\x00\x00\x00\x00\xd3-\
sf32\x00\x00\x00\x00\x00\x01\x0cB\x00\x00\x05\xde\
\xff\xff\xf3%\x00\x00\x07\x93\x00\x00\xfd\x90\xff\xff\xfb\xa1\
\xff\xff\xfd\xa2\x00\x00\x03\xdc\x00\x00\xc0nXYZ \
\x00\x00\x00\x00\x00\x00o\xa0\x00\x008\xf5\x00\x00\x03\x90\
XYZ \x00\x00\x00\x00\x00\x00$\x9f\x00\x00\x0f\x84\
\x00\x00\xb6\xc4XYZ \x00\x00\x00\x00\x00\x00b\x97\
\x00\x00\xb7\x87\x00\x00\x18\xd9para\x00\x00\x00\x00\
\x00\x03\x00\x00\x00\x02ff\x00\x00\xf2\xa7\x00\x00\x0dY\
\x00\x00\x13\xd0\x00\x00\x0a[chrm\x00\x00\x00\x00\
\x00\x03\x00\x00\x00\x00\xa3\xd7\x00\x00T|\x00\x00L\xcd\
\x00\x00\x99\x9a\x00\x00&g\x00\x00\x0f\x5cmluc\
\x00\x00\x00\x00\x00\x00\x00\x01\x00\x00\x00\x0cenUS\
\x00\x00\x00\x08\x00\x00\x00\x1c\x00G\x00I\x00M\x00P\
mluc\x00\x00\x00\x00\x00\x00\x00\x01\x00\x00\x00\x0c\
enUS\x00\x00\x00\x08\x00\x00\x00\x1c\x00s\x00R\
\x00G\x00B\xff\xdb\x00C\x00\x03\x02\x02\x03\x02\x02\x03\
\x03\x03\x03\x04\x03\x03\x04\x05\x08\x05\x05\x04\x04\x05\x0a\x07\
\x07\x06\x08\x0c\x0a\x0c\x0c\x0b\x0a\x0b\x0b\x0d\x0e\x12\x10\x0d\
\x0e\x11\x0e\x0b\x0b\x10\x16\x10\x11\x13\x14\x15\x15\x15\x0c\x0f\
\x17\x18\x16\x14\x18\x12\x14\x15\x14\xff\xdb\x00C\x01\x03\x04\
\x04\x05\x04\x05\x09\x05\x05\x09\x14\x0d\x0b\x0d\x14\x14\x14\x14\
\x14\x14\x14\x14\x14\x14\x14\x14\x14\x14\x14\x14\x14\x14\x14\x14\
\x14\x14\x14\x14\x14\x14\x14\x14\x14\x14\x14\x14\x14\x14\x14\x14\
\x14\x14\x14\x14\x14\x14\x14\x14\x14\x14\x14\x14\x14\x14\xff\xc2\
\x00\x11\x08\x00\xe1\x00\xc3\x03\x01\x11\x00\x02\x11\x01\x03\x11\
\x01\xff\xc4\x00\x1d\x00\x01\x00\x00\x07\x01\x01\x00\x00\x00\x00\
\x00\x00\x00\x00\x00\x00\x00\x01\x03\x04\x05\x06\x07\x08\x02\x09\
\xff\xc4\x00\x1b\x01\x01\x00\x02\x03\x01\x01\x00\x00\x00\x00\x00\
\x00\x00\x00\x00\x00\x00\x02\x04\x01\x03\x05\x06\x07\xff\xda\x00\
\x0c\x03\x01\x00\x02\x10\x03\x10\x00\x00\x01\xe8\x80\x00\x00\x10\
\x04K\x09e*L\xa4\x9aD\x00\x00\x00\x00\x01\x00\x09\
f\x9f4\xf9b\x22\x09\xa6\xd37\xb1r\x04@\x00\x00\
\x01\x02 \xc4\xceo1\x90\x00\x00\xbb\x1dLd\xc4\x01\
\x10\x00\x04\x08\x80k\xf3\x98\xc9 \x00\x00\x05\xe0\xeb\xa2\
\xe0\x08\x11\x00\x00\x01o8\xec\xa1\x04\xdc%d\x00\x00\
\x0d\xc8o\xe0\x08\x11\x00\x00\x0d6h\x10n\xfa\x17\xb2\
-{9\xe3\xa3\xce\xa5\x96\x00\x00\x0b\x99\xda\x04\x00\x04\
\x08\x80\x01\xcd\xa6\xaf3M\x1b\xba{\x97\xd3\x89\x8d\xec\
\xd7\xa7nT\xc37\xe8\xb3l\x80\x80\x04\x0e\xce.\xa0\
\x00\x00\x00\xe6\x83Z\x1d;\xca\xe9\xe6\xfaw\x01\xe4\x92\
S\xe7\x18v\xed:\xd2\xd5mqj\xb4\x08\x9dxd\
\xa0\x00\x00\x00\xd0\x86\xab\x84\xbb\x07\x8f\xd7\x00\x00\x22J\
5\xfd\x8a\xfc\xe5\xd2\xe7K\xcb\xb3\x8b\xa8\x00\x00\x001\
zW4\x06\xdd=7\xcc\xe9\xf9\x00\x00\x004\xad\xea\
7(\xcbs\xdf\xa5\x00\x00\x00\x00\xc5\x97\x8d\xd8\xd7\x9b\
\xeb\xec\xea\xd6\xa2\x00\x00\x00`V+\xe5\xf5\xec^\xbb\
\x5coY\x00\x00\x00\x0bW+\xa7\x8f\xc6Y\x0c';\
\x19\x00\x00\x00\xc5\xf6\xea\xbeFW\xae\xc7$\x00\x00\x00\
\x0az\xd6(y\xbd\x1a\x80\x00\x00\x00H*\xaf\xd1\xab\
\xb9P\x00\x00\x00\x01\x22\xbe\xf9\x1c\xce\x90\x00\x00\x00\x99\
z\x95U\xda`\x00\x00\x00\x00(x\xfdd&\x00\x00\
\x01W\xd8\xe4{\x9c@\x00\x00\x00\x00S\xd3\xb7&\x85\
\xe0\x00\x00{\xb3Z\xaf\xa5\xcf\x00\x00\x00\x00\x00!\x85\
\x0f/\xa7\x1d;\x80\x00x\x94k\xfa\xdc\xafS\x88\x00\
\x00\x00\x00\x01\xa8\x12\xaa\xe6\xdf\xcf\xab\xef\xa9\xc6@\x89\
$\xa1\x94t\xc7g\x97\xd0\xe8D\x00\x00\x00\x00\x0dL\
\x973'\xdc\x956\xf9\xe7\xdf\xa5\xce D\x94K2\
\x0b\xb4\xf9^\xed|\x99\x8e\x85@\x00\x00\x00\x01\xaf\x99\
\xe5\x96\xc9G\xd0\xd6\xab%\x1b\x96\xbaWG\x83\xc9p\
\xb7W#\xe8P\xe54\xf4\xe2]\x14\x86\xddF\xa0\x00\
\x00)\x0d&\xce\x89f\xd6\x95\xc9\x99\x87\xd0\xc6\xa1C\
\xa3u\xbe\xb5\x98a]f\xbd\xc6\xc6\x81\xca\x89\xe9\xa4\
\xa5\x94\x08o\x167\xcb\x17\x80\x09G9\xb3\xa3Y\xb7\
\x02\xfa\x95C>\x0f\xa0\x8dU\xe0\xc3\xaa\xf7\xac\x1a:\
\xbbC\xa3\xe3\x00\xe3\xd4\xf5\x8aC\x1eF[\x15\x06\xeb\
c\xa3\x98\xb9\x9ai\x9ePd\x01rJ\xe6\xc8\xed\x16\
\xbc\xfd\x898\x97.y\xdf\xb5[u\xdd\xeaoG\xf1\
\x1b\xae\xca\x9eN\x12l\xc7\x99\xa7b\xc8\xc7\x96\x00\xe8\
\x86:1\x8e-g^\xb2\x00\x17\x94\xab\x19\xe8\xc4:\
\x11\x1d7\xcc\xf7zs\x91\xf4a\xb1\xfa>3\x7f\xf6\
~c\x8c\x9c*\xdb\x03\x1fG\xc3\x00\x0b\xe9\xde\xa8\xfc\
\xedH\x01\x12\xee\x95k#>c\xaf\x1a\xf0\x9a\x9e\x8b\
Bp>\xbf\x13vv\xfeW\xb1/\xf9-2\x975\
\xa6%\x16dd0\x00\xe9&9\xb5\x90\x07\xa6o\xc9\
M\x04N\xd9j\xc7(\xfa\xbd%\xc3\xfa\xb4\x0d\xb9\xd7\
\xf9\xc6\xca\xe9\xf8^Ql\xd7\xcc\x81dF\x95\x80\x07\
\x93\xd0\x00\x13Y\xbf%\xe8\x1d\x02\x84\xde/\xd40.\
\x7f\xaf\x19=\xae\x0e\xe5\xf4\x1f\x1c\xe2\xb6\xd8\x02\xd6\xc5\
\xb9\x10\x00\x00\x00\x05[7\xa4\x86F\xc6g\xe6~\xe7\
E\xae\xd0\x8eY\x1f\xa6\xf8F\x92\x9e\xa1F\xc5\x99\x10\
\x00\x13Js\xd8\x00\x102\x14\xe6\x90ccy\x9f\xb9\
\xcc\xd7hG,S\xd0|r\xc1g\x8c,H\xd3\xb0\
\x00\x03\xb9\xd0\xff\xc4\x00-\x10\x00\x00\x05\x02\x05\x04\x02\
\x01\x04\x03\x00\x00\x00\x00\x00\x00\x01\x02\x03\x04\x05\x00\x06\
\x07\x10\x11\x120\x13\x14\x15 12!\x2236@\
#$4\xff\xda\x00\x08\x01\x01\x00\x01\x05\x02\xe2\xd3Z\
u=\x1a\xc8M{B\x14Q\xbb\xa1\x96\x14VM\xc9\
?\xa4\xaa\xa4A)\x8cEI!\x91\x9c\x7f, \x1a\
f\x82\xca5R#\x10\x9d\xb5\x18\xf9&\xd2\xad\xb9\xe7\
nVp\x04\x9b\xb8]\xcf-\xef\x19(\xe6\x1d\xdc\x04\
\xf2\x13\xec\xf9n\xcb\xa0 PUS\xb8W\x86&U\
xg\xd1\xef\x91\x93e\xc7 \xf98\xc6/\x9e\xab\x22\
\xef%R:\x0apa\xcc\xa8\xa6\xeb\x8f\x12_\x0al\
\xf2\xb3m\x9d\x85\xb9m\x94\xe6\x0a\xe5\xaa\xac\x97\xf7\x8c\
z1\xd2C\xf3\xc5\x88\xaa\x09\xe7\xea\xd4\x86\xf2\xf2E\
\x0d\xa0!\xb8%![\xca%!b\xbaDV\x84\x90\
oF\xff\x00\x18\xfa\x185,R\xdd\xccW\x16!\x17\
m\xc7V\x8cg\x8e\x87\xccJ\x06\xae\x88R\xad\xba\xa5\
{h\xc6\xba\xa9;!\xd3P\xf8\x1c\xad\x9f\xe3\x9cX\
\x96\xdbGq\x8d\x81\xec\x97\x00\x90\x0dW-\xaaIt\
\xceC&q\x1d\x0b\x12\x8fo\x15\xc55\x16\xd6m\x09\
\xc8\x13\xdbOM\xf6\xe1\x9c\x80\xf3ws\xbb\x05\x8a\x8d\
\xc7Mx\x95\xfa\xde\xc4\xddm\x80\xea\x1c(\x0e\xb7b\
_b\xfdx\x97/\xe2V<e\xa2\x11\x03\x02<(\
\xc7\x9d\x09TC^EKD.\xc3\xf1*\x02jD\
\x9ar\x9c\x81\xa7\x11\x0b\xbb\x9f\xe3\x88\x81\xb4\xbc\xca\x07\
\x09Cq\xbf\xa0\x22\x00\xa7\xb1\xce\x09\x94\x0b\xb49\xee\
\xcb\xe0#Md\xb4?\x84\x05t\xa0\x1d}\x0c\xa0\x16\
\x8f\xa2\xf5o]*[\x8f\x80@C\x96\xf8\xba\x86)\
#~\x922\x8e\xec\xe1\xccP5t\x8cZ\xea\x98\xb5\
\xd7\x1a\x15\x0c9F\xb5\xd4q\x01\xb7mvXWO\
n\xa7$\xb5\xf3\x15\x18\x0e\x1c*\xed\xc1K\xbc\xf4\xe5\
\xae\xdc\xf6\x16\xbaE\xa6\xccAA\xf8\xacT&\xdb\x8e\
\xa0\xb1\x0d\x91\x9a7p\x93\xb4}\xdd\xbbA\x82\x13X\
\xaa\xd9\x0a\x98\xb9\xa4\xe7E\x91\x7f\x14\x99\xb6\xa9\x92\xad\
\x08\xa5\x0b\x15\x02\x81\x92\x83I2)3\xc5Q\xd6\xe1\
\xa5\x0b\xbd8\xf9'q+Bb\xb1\xcbQ\x92\xec\xa6\
\x91\xcdE\x08\x8asX\xaesS\xf9'R\xab\xe4\xdc\
\xbbQ\xa3\xfd\x188\xee\xd8\xe5tL\xf8\x88\xfb&k\
\xbam\x9e#\xad\xd5\xbb2P\xbb\x14\xa6\xee\x15h\xbc\
&)\xbbmQ\xb2(K1\xacP\x99\xeca=\x10\
s\x9d\x86\xf3\xbc\xb5)UJ\x82Sr\xa6\x98\x90h\
\xe9F.c$S\x94eB:\x05\xc4\xef\xbf\x9e\xa5\
V\x04\xa8\xc6\x13\x9b<'\x98\xfc\xd5\xfb-\xe5\xae\x7f\
V\xc59IXU!\xfe\xbd_\x13\x06\xd3+&A\
f\xf2\x00;\x82\xe0\x91\x08\xd8\xc0\xf86\xba\x1c\x04\x0d\
\xe9\x05(0\x93\x1b\x8a>\xa0\x02aE\xb8'\x9d\x8d\
!\xe3\xeeC\xaf\xb9;\x96=7\xb1\x99Z,H\x84\
b\x0bl\xacK\x92\xe9D\xe4\xa2`\xa0*\x88\xa4>\
\x96\xde&\xb1\x8e\x83\xf4)\x84\xa2\x92\x80\xa9r\x011\
F*@\xb2\xd1\xb7{\xae\x84NVS\xbd\xcd\xea\xfa\
\x92\xf27\x16k\xad\xd57\xa6\xc2\x8f\xb2J\x0aF\x01\
\x03\x06Xg)\xbd\xbd\xe2\xeb\xad'\x95\xb6\xef\xb4\x99\
\x99\x92\x08x\xadDG'+k\xca\xddn\x98\xe5n\
\xcaxi\xa7\xae\x05\xdb\xcc\xb5\x10\xacA\x9d\x07mr\
p\xb7L=\x8a\x92\x87\x02}=\x92\xfd\xaa\x1f\x84\xff\
\x00o9\xbf\xfb\xb2q\xfb\xfe\xd8s\xfc+\xff\xc4\x00\
7\x11\x00\x01\x02\x03\x04\x06\x08\x04\x07\x01\x00\x00\x00\x00\
\x00\x00\x01\x02\x03\x00\x04\x11\x10\x1201\x05\x06 !\
@A\x13\x14\x22Bq\x81\xb1\xd12\xa1\xc1\xe134\
5Q`a\xf0\x91\xff\xda\x00\x08\x01\x03\x01\x01?\x01\
\xfe[\x97\x10\xcbt\xed\x18q\xbb\xfe0A\x06\x87\x86\
i\x17\xd5j\x90\x15\x9c)\x82>\x18(P\xe5\xc24\
\x9b\xa9\xdb- \xf2\x850F\x5c\x02EH\x18N5\
\x7fx\xcf\x19\x0c\x82\x9a\x98Z\x0bf\xb8kE\xf77\
B\x98\x14\xec\xe2\x0c\x84?\xf0a\xa7\xf1\x0e+F\xa8\
\x10\xb4\xdeI\x102\xc2\x09\xa2\x89\x85\x1b\xa9'\x11\x95\
\xdd48\xaf\xae\xbd\x91\x8a\xdb\x84\x10+\xbb\x0d\xf5\x90\
n\x8ct*\xf2k\x84\xa5^Uq\xd8]\x0d\xdc\x17\
\xd7D\xd3\xf7\xe0[]\xf1\xb6M\xd1XR\x8a\x8dO\
\x00\x042;;f)\x8e\x05\x8c\xb9Ct\xed\xbc\xe7\
t@\x828\x16\x9e\xee\xabe\xc7n\xeeM\x82\xc21\
\x06\xca\x1dR L'\x98\x830\x9eP\xa7\x94\xabF\
\xc56\xa9\x85\xa1t\x7f_\x99\xa2\xbe\x04\xef>\xdeq\
\xacz;\xa0w\xad6;*\xcf\xfa?\x7f}\x81\xb5\
L3bR\xa5\x90\x94\x8a\x93\x1a2A::X3\
\xcf3\xe3\xf6\xca&%\xdb\x9aiL\xbb\x91\xff\x00|\
\xa2nU\xc9'\xd4\xc3\x99\x8f\xf5m\x1bf\xc1\x80l\
\xd5\x89\x00\xb5\x19\xd5\xf7w\x0f\x1eg\xda\xddg\x95i\
r\xc2d\x9a);\xbck\xcb\xeb\xff\x00xCf\x82\
\x9drVq(N\xf0\xbd\xc4z\x1f/Ku\x92m\
oM\xf5~\xea=O?k\x07\x09\xabR\xfd,\xf7\
Jr@\xaf\x99\xdc>\xb6\xebT\xb5\xd7[\x99\x1c\xf7\
\x1f,\xbe^\x96\x0e\x0c\xc6\xacK\xf4re\xe3\xdf?\
!\xbb\xde\xdd9-\xd6d\x1c\x034\xf6\x87\x97\xda\xb1\
\x9f\x08r\x89VD\xb3\x08e=\xd0\x05\xb4\x07q\x87\
\xd82\xcf-\x93\xdd$p\x87#\x12\x9f\x97o\xc0z\
li\x9f\xd4_\xf1\xfa\x0c?\xff\xc4\x00+\x11\x00\x02\
\x01\x02\x04\x04\x06\x02\x03\x00\x00\x00\x00\x00\x00\x00\x01\x02\
\x03\x00\x12\x04\x110@\x10 !1\x13\x222AB\
Q3a#`q\xff\xda\x00\x08\x01\x02\x01\x01?\x01\
\xfe\xdb\xdfq4\xb9\xf9EG-\x9f\xe5\x02\x18f6\
\xd3=\x8b\xc5\x5c\xa7j\x5c@\xf9Pu=\x8e\xd2V\
\xb9\xb9\xbbP\x99\xc7\xbd,\xe0\xfa\xbal\x18\xe4\xa4\xe9\
G-\x9d\x0fmi'!\xb2ZG\xf1FZi%\
\x91\xe6iq\x07?6\xa1\xeej\x0f^\x9b~5\xa3\
\xa9(\xb5\xcd#X\xc0\xd1\xd2-\x9a\x85\xa5\x170\x1a\
\x93Gp\xccj\xc1\x1e^s\xab,jA9u\xd3\
\x81\x01\x17\x1dw[\x18\x8d%[T\x0d|Bf.\
\xd1\x81.k\xbe\xb62\xc7\xe1\x9eu\x17\x1c\xa9T(\
\xc8lg9\xbe\x5c\xe3\xf5\xb2\x9a;\xbc\xc3\x9e\x08\xfe\
gg,?%\xe5\x8a\x1b\xba\xb6\xd5\xe2W\xa3\x87o\
cC\x0e\xde\xf4\x90\xaa\xed\xf1\x12\xf8I\xfb\xac$\xb7\
-\x87\xdbo\xdb\xa9\xa9\xa4\xf1^\xeaF(\xd7\x0aG\
\x12-\xc3m\x8c\x97/\xe3\x1cpnC\xd9\xed\xb6\xc4\
\xc6\x1e<\xfe\xb8\xe1\x10*]\xf7\xb6\xc65\xb1\xe5\xf7\
\xc7\x04\xfd\x0am\xb1\x8d\x9c\x96\xfdq\xc3=\x92\x8d\xb3\
\xb5\xec[\x91Z\xf5\x0d\xb5\x7fQ\xe4\xc3\xfe%\xd3\xff\
\xc4\x00D\x10\x00\x01\x02\x03\x03\x06\x0a\x06\x08\x05\x05\x00\
\x00\x00\x00\x00\x01\x02\x03\x00\x04\x11\x10!1\x120A\
Qa\xa1\x05\x13 \x222Rq\x81\x91\xb1\x14#B\
S\xc1\xd1$3@Cr\x82\xb2\xe1Tbs\xa2\xc2\
4dt\x83\xf0\xff\xda\x00\x08\x01\x01\x00\x06?\x02\xcd\
\xd1\xfe\x10\x96m]\x5c\xba\x9d\xd1\xfe\xbc\x1e\xc6\x96~\
\x11A\xc2,\x83\xfc\xf5G\x98\x8c\xb6\x5cC\xc8\xeb6\
\xa0\xa1\xf658\xe2\xd2\xdbi\xbdKY\xa0\x10[\xe0\
\xd6\xb8\xf5{\xf7nGp\xc4\xc7\xd2\xa6\xdcu=J\
\xd1\x1e\x02.\xba\xde1\x87\x14\xcb\x9df\xd5\x92`\x22\
}>\x98\xd7\xbcM\xce\x0f\x81\x80\xfc\xab\xa1\xe6\xf6b\
\x93\xa8\x8d\x1f`\xf5\xa7\x8d\x98\x22\xa9\x97GH\xf6\xea\
\x11\x950\xac\x96\x87A\x84t\x13\xf3;s\x02bU\
\xcc\x85\xe9\x1e\xca\xc6\xa2#\x8dk\x98\xeanu\x93\x8a\
\x0f\xcb<\x1af\x8b\x9epU \xe0\x81\xd60\xb7]\
Z\x9cqf\xaaZ\x8dI9\xa6\xe6\x98\xe9&\xe5$\
\xe0\xb4\xe9\x06\x1a\x9a`\xd5\xa7EEq\x1b3\x8f\xcd\
=\xf5m'(\x8d{!\xd9\x97\xceS\xae\x9c\xa5|\
\xadSn \xb6\xe2n)P\xa1\x19\x97\xb89g\x98\
\xe8\xe3[\xfcC\x1f\x11\xe5\x9c\x94\x93\x07\xebT]W\
bp\xdewZ\x89\xf9\x94\xfa\xc3{H>\xc0\xebv\
\xc6Z\x08jm#\x9a\xe1\xc1[\x15\x0ae\xf6\xcbN\
\xa7\x14\xab1+4>\xe9\xc4\xab\xbbN\xe8\xbb\x0c\xdb\
h\xd0\x89t\xef$\xd88\xc4\xd6]\x9er\xff\x00\x9b\
Rl\xbe2&Z\xe3\x00\xe8\xac\x5c\xa4\xf6\x18&M\
\xd4\xcc\xa3\xaa\xbeb\xfeQ\xeb$f\x13\xff\x00Y>\
QEs\x0e\xa5]\xc9\x22$\x9d8\xad\x84\x1f\xed\xcd\
\xd7\xad.\xdf\xc6\xc6r\x85\x1dw\xd6\xaf\xb4\xfe\xdc\x8b\
\xc4\x5cH\x8a-)tjX\xac\x1a\xca\xfa:\xba\xcc\
s\x7fh+\x94_\xa67\xd5\xa5\x1c\xf0\xd3\x04\x1b\x88\
\xd0m\xe0\xcf\xf8\xe8\xcd\xc8LhSjl\xf7\x1a\xfc\
bR]F\x89u\xd4\xa4\xf8\xc5\xd9\x8c!O3D\
N\x8c\x17\xd7\xd8\xaf\x9c)\x0bIJ\xd2hRt\x18\
&$\x9a\xd2\x86\x10?\xb4f\xd2\xd4\xd0W\x16\x85e\
$\xa1T5\xc2%\xe6\x1bYvX\xb8\x0a\x1c8\x82\
\x0dh`\xe6\x94\xd3Ta\x01\x8490\xef\x8e\xf8\xfa\
+\x8e\xa1\xd4\x91R\xe2\xb2\x82\x86\x98\xbb\x0c\xdaa\xf3\
\xd4q\xb5o\xa7\xc6\x01\xd9\x9a\xe1]BY\x8f\x8cw\
@\xec\xcd\x9d\x86'e\x12BV\xebtIV\x15\xd1\
\x0d\x85\xd3,$V\x9a\xe9\x9a\xe1)\xc5\x94\xe4\xccq\
Hl\x0ch\x91\xa7\xbe\x0f\x86r\xbe1\xb36\x00\x8d\
\x99\xd2Fl\xd7?MY\xa1\x9f\xaeg\xb3\xec%\x15\
\x19@V\x95\xbe\x9c\xb2\xa5\x10\x904\x93A\x14\xfb\x02\
\xe4\xb8<\xa5sb\xe5\xbd\x8aZ\xd85\xab\xca=-\
\xd5\xa9s3n\x17\x94\xe2\xcdTt\x0f(\xa2\xb9;\
c%c)*\xe6\x94\xec0\xe7\x04\xf0\x8a\xca\xe5\x19\
p\xb4\x97M\xe5\x9a\x1f\xd3\xe5\x00\x83Po\x04g\xbd\
\x06Qt\x9cq5Z\xc7\xdd'\xe6`\xec\x11$\xda\
G\xd4\xb0\x84\x11\xd8\x22\xf8\xe6\x98\xbe0\x11\x8d\x9cr\
\xbf,NPP8\x10\xef\x8ai\xf0\x84pT\xd2\xfd\
J\xcd%\xd6}\x83\xd4\xec:3\xae!\x13(\x9b\x9b\
\x00\xe4\xb2\xcf:\xfd\xa4\x5c!\xc7\xde_\x18\xf3\x8a\xca\
Z\xb5\x98Ju\xa8\x0d\xf6e ]\xaa\xdc\x04a\x19\
J\x14G\x9d\x8c\x1e\xb4\xaa\x7fR\xace\xae\x14qL\
L\x81\x92\xa7\xd4\x9a\xa1{j0\x80\xf3\x0e\xa1\xf6\x8e\
\x0e6\xac\xa1\x98/\xcc\xbc\xdc\xbb#\xdbqT\x10[\
\xe0\xb6\x0c\xda\xfd\xf3\xdc\xd6\xfb\x86't}2mk\
o\xdc\xa7\x9a\xd8\xfc\xa2\x14{\xacA\xd4\xa0w\xdb^\
\x8a\xb6E\xc5&=\x91\x15W<\xdb.5J\x8f\xd4\
\xab\x14#\x8e\x92\x98rU\xcdm\x9aW\xb7\x5c\x06\xf8\
Z[\x8c\x1f\xc4K\x0a\x1e\xf4\xfc\xa3\x8d\x91\x99D\xca\
4\xe4\x9b\xd3\xda1\x1c\x85\xb8\xe2\x82\x1b@*R\x8e\
\x80 \xb7\xc12\xc1\x03\xf8\x89\x9b\xcfr~q\xc7N\
L92\xefY\xc3Zvj\xb5>6+\xb2%\xdf\
\xf7\x8d\xa5~\x22\xd3\x90~\x90\xef5\xbd\x9b{\xa3\xd0\
]U^ds\x09\xf6\x91\xfbr\x1fO\xbai\xb4n\
\xaf\xf9Z\xa1b^a\xd5\xb2\xf2pq\xb5d\xa8B\
[\xe16D\xeb~\xf9\xbek\x9f#\xba\x1a\x9b\x95^\
[\x0e\x8b\x8d)\xddb$[4vt\xd1_\xd3\x18\
\xf8\x9a\x0f\x1eNJ\xfcm\x905\xaa\x9bG\x14\x7f-\
\xd6)\xc5\x9c\x94$T\x93\x0b|\xdc\x8e\x8bi\xd4\x98\
m\xf6M\x1cl\xd4Cs\x0d`\xa1x\xd4u[\xc2\
\x0f\xd6\xa1o\xaa\x9d\x82\xe1\xe5f\xb3\xaa*q\xe4M\
\xf0Z\xcf\xfb\x86\xbc\x96<\x8d\x93E&\xac\xcb\xfd\x1d\
\xbf\xcb\x8e\xfa\xf2\xb9\xd8h\x16NI\x93\xd0Xtv\
*\xe3\xbco\xb1\x12-\xd4%c-gX\xd5j\xa5\
\xc0+e\xc1\x94\xaf\xe5\xa6\x98\xa8\x89\xa9\x8fr\xd2\x97\
\xdf\xa3|_\x8c\x1ac\x07+\x1eL\xa4\xf0\xc1\x95\xd5\
CZpP\xf0\x8a\xa4\xe5$\xde\x0e\xb1\x17\x9a\x9d|\
\x8a\x0b\xccT\xde\xabe\xaah\xdc\xc5XW~\x1b\xe9\
\x01:t\xc3\x8bQ\xc9[\x00\xb8\x85\xf9\x8e\xfb}#\
\xa4\xe3\xf8\x9d@h\x8a\x1c!\xa9Z\xf3\xe6\x9d\xa9\xfc\
)\xbf\xce\x96\xd0\xc5\xf8k\xe4\xc9\xca\xce\xa4\xaea\x94\
qd\xec\x18n\xa7&\xa3\x18\xad\xa1I9*\x17\x83\
\xa8\xc4\xb4\xe2~\xf9\x01Ga\xd3\xbe\xb1\xc5\x0c_X\
Op\xbc\xfc-\x98\x95>\xc1\xe3\x13\xd8q\xdfc\xc9\
I\xabr\xc3\x88OwK\x7f\x97\x22\xee\x88\xe4\xde\x9a\
\x9eU|b\xa3\x0bf\xb8=F\xf6\xcf\x1c\xdfa\xe9\
o\xa7\x8c%\x91\x83(\xdeo\xf9[.I\xa2\x5c\xf5\
J\xef\xfd\xe9\x13S\x87\x16\x91T\x8dj\xc1#\xc6*\
\xa3\x94\xa3y:\xcd\xb9\x03\xbf;C\xd16\xca\xcd\x1f\
\xabJ\xb2\x5c\xfc\x06\xe3\xff\x00\xb6C\xef\x1c\x5cYU\
\xb5\x18\xe8\x8e\x0f\x95l\xfdb\x04\xd3\xbf\xe2?U\xb4\
\x1d#\xcb\xaa[qCZPL'\xb3\x96\x8e\xcb\x0c\
'\xb0r\x13\xfd\x16\xfc\xad_/\x82\xff\x00\x01\xfdF\
?\xff\xc4\x00)\x10\x01\x00\x01\x02\x03\x08\x03\x00\x03\x01\
\x00\x00\x00\x00\x00\x00\x01\x11\x00!1Aa\x10 0\
Qq\x81\x91\xa1\xb1\xc1\xf0@\xd1\xf1\xe1\xff\xda\x00\x08\
\x01\x01\x00\x01?!\xe1\x0aPa\x8e\x94\x88\x03\x18|\
\x12j\x01\xd4\x91Q\xcbY}b\xbf\xd8\xc0\x81S\xfc\
 \xdc\xf0\x01\xea\xb4\x0a\xca\xd0\xbf\x84\xbb\x14\x92i\x96\
\x17H\x8a\x03\x00\x1a\x11\xb2h\x986\x0e\xf2\x15\x94\x7f\
\x80\xfd\x9c\xe1\xd6\x9b=al\xee\x02\xd1\xfe\x01\xb1\xa5\
\x96\xc75\xee{\x0d\x16\x0a\xe5\x09\xab\xf6=p#\xd5\
\xd9\xef\xe4#\xe3*\xc9\xd5B~\xc2\xc9\xfb\xe3fc\
v\xe4\xff\x00\x83>\x85u\xe83D\xbc&o8\xae\
<'\xd3\x0d*\xfes\x0c\xd6\xa3#\xc4\xc7\x89\x83\x17\
\x90\xd5`\xefW?\xa9\x91\xc8h\x16:mBSw\
\x0dN\x0d\xd7(\x5c\x8a\xd3\xc9\xc4\xc6:3\xce\xc0\xf6\
m\x15\xa7\xe3z\x08\xe6\xcb\x91|j\xd8\xc4\xc2?\xa8\
r\xe9Z\xd7%u9\x9a\x9c\x06^\x17{\xac\xf2h\
\x02\x94\xe4t\xe1\xa90s\xb9l\x05X\xe6\xe0\xbe\xe6\
\xee\x83VO4p\x09(\xf9?B\xcf\xaa\xc9)\x98\
\x0f\xb7\x92\x9bH\x8c\xc0\xf9\x91E\x85y\x04\xbd\xee\xea\
@\x94\xe9\xa5{\xac'\x86\xf6\x16A\xda?T\xb0K\
\x81Xy\x1a\x90X\xed\x03\xce\xe6\x1c5\x05L\xf7-\
\xc1\xf7E\xa9\x1c\xff\x00\x8f\xf4\xa2\xf8\x17\xc2\xbe\x1d\x9e\
)\x10\x0a!\x08G\x93\xb0\xc6\xa5w\x1f\xab\x86\xc5\x97\
[X\x9e\x9d\x1d'{\xc9\x13@\x16\x10dp1\xeb\
\xb9\x940\x13\xc8?Kd\xe9H\x81\x06\xc2\x18\x8di\
@\xb4\xaf\x10\x9f\xad\xce\x1a\x9aY\xc3\x83\x8b\xbe\x14\x1e\
\xd9\xc89\xd5\xc1g:\xf68S\x18:\x13\x8a\x049\
\x80;M\x1e\x1d\x0b\x88\x10H\xb5\xa6\x12\xae0d\xe9\
\x97\x08\xc6\xa5v\x9f\xfd\xd4Q\xad\x81\xf5\xc2A\xcb\x06\
\x9d\xe9\xe3\x94\xd7\xa2\xe1\xfe\x0a\xd5\x96vH,\xcb\xb8\
TN\x03\x9aH\x09\x8e\xfc%\xbc\x90r/^K\x9f\
\x15t\xe7g\x12B\xd9\x22\x06\x94\xe9\x9b,\xf0\xc5&\
t`ra\xab\xcf\x8aB\xa1/n\x19\xc8$-\x19\
q\xb1\xe9Qr\xc6\xce\x0a\xc15\x08q\xc5\xeb\xc7\x8d\
;_\xae\x0fL\xb9\xfe\x02\x08\x8d\xc6\xa4\x5cg\x84X\
)\x96\x0e\xfe%\x12\x84ukZb\xbc\xff\x00\x81y\
\x93k\x8eF\x1e\x8dM\x5cB\xe4\x09\x8e\xf4Oze\
\x0c<\xe8\x04\x8c\x9b\x9a\xdf!BS\x9d\x81#a<\
5\x8e\xba\xfd@O<\x1f\x0bZ\x81\x01\xa4$L\x91\
\xe3c\xed\xc7w\xe5\xea\xe4_\x95)&cV\x08A\
\xb3\x86\xff\x004-\x9d\xe9L\xc9\xf3Xa\xe4\x8a\xe4\
\xd1\x8c\xd9\xa6\xc8A\xb1\x81\xf9\xa2\xb3\x18\xec/n\x9b\
\x12\x81\xe2\xe6\x7f\xe0m\x9f\x12,\xb9\x17\x5c\x8e\xb5{\
\x9e\xcc\xdbb\xd8\x9coN\xa9&\xe6c_\xeeR\x0a\
)S;9\xcb\xa5c\xb1L|U\xf94;\xa9?\
-@\x08,\x14\x00\xf3\x1d\xab\xc7\xfeP\x9d\xd3\x15\x18\
)\x14\x98\xc9\x13X\x0e\xac\x97\xb9\xc0\xc56&\xf7\xe2\
\xe8T\x5c\x8bF\x97\xe7\xbd\x11\x19k\xe9\x83\xdehH\
1\x93d\xdf\x87\x8e\x0e\xd6Q{<\xdd\xa9\x8b\x0fX\
\xac{\xba\xcd%'S\x0f\x1bG\xfdg\xfd[5\x04\
\xb5s\xc9\xbe8\xc3\xb8\xa8x\xc0\xf2\x1c\x17\xb8\xe9N\
I0\xf9\xaf\xd8na\xb4\x0a\xc9*\xf6\xac\x8e\x18\x12\
\xea6;\x9e\x94\xdf.\xbb0`:\x06\xd8&n\xc4\
\xecc(\xa2\x09\x90\x87\xa0\xfd\xed\x1c\xf9\x1f6\x7f\xac\
b\xa6n\xc17\xfe\xcc\x1d#s\xf7B\xb6\xdaB\xdb\
f&d\xae\xe0\xa8r\x16\xb2}O\xefkR\xec\x85\
\xa4!\x85\x19\x22&\xc4\x98F\x0cH\xdd\xd8\x00\x04\x88\
\xb1\xfd\xf6\xc9R\x0d9'\xd0l=ma\xc0T\xbb\
\xe2\x8c\xac;\xb8\xb5~\xee\xf9<\xc7D\xb57\xdd\xf3\
\x9c\xbal\xbdT/\x04=O\x88l:\xfa4`\xf2\
\xb7 \xb3\xdc~\xdf\x85\x9e\xcf\x04\xb0\x8c^\xef\xd7{\
(3\x18\x9b3\xf4wK\xe0i\x85e!\x06\x09l\
;\x97\xe8ms\xe7#8\xf9\xd8\xf1F\x09#S\xbe\
=N\x0f\x91A\x00\xa73\xcd\xa9&\x84l\xb4=>\
y\xcfv{`\x8b7\xe4\x1a\x02\x04\x00\xf30|U\
\xfb\x92\xb3sw\x0c\x02\x99\x15\x09\xf5\x86\xd8\x04C\x92\
\xe7\xf8\xf9SaH\xa8:|2\x82\xe6\x9f(\xdaH\
\x22\xd43\xc8y\xca\xf5\xab\x9d\x7fJb\xa1\x03\xfd\xb1\
x\xed\x83\xbd\x1c\xca\xcc\x8c\x83s\xddjt\xb3D\xf5\
\xee\x81\xbc\x0a\x12l\xe6rv\xce\xc9\x83\xc8\xb8\xf9\xac\
3\x8d\x1d\x13\xd8R\xf8G\xe8\xc7!\xdfl\xf0\xb9\x87\
c\xd0y\xd9m\x96\x8b\x09\xb9y\xa6\xd6\x15h\xd1k\
\xae\xea\xb9\x0ef\xf4's'2\x8d\xb4\xac6\xe5o\
\xe7\xa4;II\xcdn>w\xad\xab\x90'\xa1iD\
H\xcaFo\xc8\x14\xac\x94+\xcc\xba\xf9\xdb|\xf6\xcd\
\xf5\xc5\xff\x00\x0e\xb6\xc8\xe4\x82\x99\xfdm\xe9\xf0\xe6e\
\xb7\xa8\xda&X7\x5c\x9c\xaa\xd2\xd2\xc74\x8f$\xbc\
m\xbe\xff\x00A\xbf\xa2\x0b\x07\x90\xafA\xf1\xbf\xeav\
z\xd5\xf8\xdc\xb6\x98\xeeO\xec}o\x18\x9b3\xff\x00\
\xff\xda\x00\x0c\x03\x01\x00\x02\x00\x03\x00\x00\x00\x10\x00\x00\
\x00\x92\x01\x04\x00\x00\x00\x00\x00$\x80\x00\x04\x92@\x00\
\x00\x00 \x00I$\x92A \x00\x01\x00\x10I$\x92\
H\x00\x80\x00\x00\x02I\xe4\x92I \x02\x00\x00\x00I\
\x87\x92I$\x00\x01\x00\x00Hz\xbb\xc1$\x10\x00\x00\
\x00\x087\xfdm\xd4\x80\x00\x00\x00\x00\x12\xff\x00\xff\x00\
\xde\xbc\x00\x00\x00\x00'\x9f\xff\x00\xff\x00\xfcP\x00\x00\
\x00>\xfb\xff\x00\xff\x00\xff\x00\x84\xc0\x00\x00\x00\xea\x7f\
\xff\x00\xff\x00\xf3\xc0\x00\x00\x00\x05\x7f\xff\x00\xff\x00\xff\
\x00\x88\x00\x00\x00\x00\x1f\xff\x00\xff\x00\xff\x00\xe8\x00\x00\
\x00\x00\x01\xff\x00\xff\x00\xff\x00\xf3\x00\x00\x00\x00\x00\x17\
\xff\x00\xff\x00\xfb\x00\x00\x00\x00\x00\x07\xbf\xff\x00\xfd`\
\x00\x00\x00\x00\x00\x1e\xbf\xde\xb0\x00\x00\x00\x00\x00\x17\xbb\
O\xc6@\x00\x00\x00\x04\x90\x0f\xfe\xc2\x13\x00\x00\x00\x00\
\x82\xc10~K@\x90\x01%$\xd2$\xeeHm\x84\
\x98!$\xcbD\xdby-\xb0\x93\x01$\x93i\x07\xf8\
)\x80\x92d$\x9bm\x12t\xa0\xb6\x02I\x84\x92\x05\
\xb4\xd7\xd0\x16\x92I$\x92L\x96\xd1\xfb\xa6\xd0I$\
\x92I6\xd0\x7f\x06\xd2I$\x92I&\x8a\xa7\xe0Z\
\x09$\xd9\xff\xc4\x00)\x11\x01\x00\x01\x03\x01\x07\x05\x01\
\x01\x01\x01\x00\x00\x00\x00\x00\x01\x11\x00!1\x10 0\
AQaq\xa1@\x81\x91\xd1\xf0\xb1\xe1`\xf1\xff\xda\
\x00\x08\x01\x03\x01\x01?\x10\xff\x00\xadEB_\xd4B\
3\xf0\xfb\xa32[\xf35\x0a!\xf4\xd9\x8c\x1f\xa3R\
\xe0\xd5\xd9I\xf0\xd6Y|Sk>\x8e>r\xdff\
)&\xcd\xeb\x96\xbbU\xee\xf3\xcf\xa0\x059\xee\x88\x7f\
\xe8\xefH\x8c;\xd3Ov\x80\x8cM\x13\x17\xddZ,\
\xb5\xfc\xd5\xd1_v\xe2\xb8\x0eG\xf2\x84\xcb\x95\x17\xdd\
?\x84\xfe\xb4f\x9c\xbb\xb9w+|R\x13\xc6\x8a\x09\
\xdd2|c\xc5tD\xde\x1bb\x7f\xb5\x8d\xdbC\xe5\
}o[\xb97r\xd6-}\xfc\x17\xec\xeeq\x9a\x9a\
\xe7\xdf\xcc>8\xef\xfe\xeel\x5c\xff\x00\x1e\x80R\xe5\
\x1c\xeeL\xed\x9a>\x14\xcf\x8d\xe8$\xbbPK\x9dN\
\xcc\xd4\x11\x9cS+\x9b\xf9\xae\xe9\xc9\x87\xc6\x91SS\
\xac^o\xaf\xba\xc6\xb8\xc6\xf4%\x8a\xc6\xb0]\xec\xfd\
\xecE\x18\x9a\xfc\xf9\x7f\xbac\xa4\x18\xdd\x05\x04m,\
\x05\xceT\x8c\x87\xefj\x06\x0bV\x92\xc7Mq\xd1\xc5\
D\xd3\xb4)\x11\xa9\x8d\xa50\xc1\xd9\xe1\xdc\xad\xda^\
\x15\x13\x11p\xc7\xd2.u:61\xd5\xd5\xd4\x1b#\
\xc3[\x1d$,\x00\x0c\xab`;\xb4B\xbb\xbb\xcd\xe7\
\xdb\x07Bx\xb4MI\xc3\xcc\xe4\x9dT'R\xb2\x0e\
\xe7\x82p\x1d\x12\xe7\xc6MD\x1a,l\x8d0\xda'\
C\xc7H6d\x9f(\x5c\xe5\x03\x1d\xcb\xc0\xd4\x06(\
\x1d+\xc8\xb8\xe4uh\x12\xc6\xe1'l52hO\
+;\xc6\xc7U~\xb25\x98\x84\x12\x0e`/\xc1\x0e\
\x81\xe7\xa1\xbc\xea\x93I\x1b)\xb43\xb0\x90\xc5Z\x8b\
\xaf\xc0\xe6\xbd\xb5\x80\xf6/z\xef\x92M\x06\x0d\x85\x9d\
\xd8\xc6\xc1\xe3PR\xee\xf8^e\xacZ\x90;\x97\xbf\
0Qu\xb6\x17\x86\xf4c\x5c\xd5\x86\xee\xe9\x05\xdfv\
_}PC#g\xb3g\xc5d;\xe3\x18<F\xab\
\xb7;\x83\x1ax\xcd~_&\xae64s\xb6\xe6\xbf\
\xff\xc4\x00*\x11\x00\x01\x02\x03\x05\x09\x01\x01\x01\x00\x00\
\x00\x00\x00\x00\x00\x01\x00\x11!1A0@Q\xa1\xd1\
\x10 aq\x81\x91\xb1\xc1\xe1\xf0`\xf1\xff\xda\x00\x08\
\x01\x02\x01\x01?\x10\xfe\xb4\x10\x0e\x0c/\x0f\x0c\xba\xe8\
\x8clc\xf9$\xf8\x1c]\xa4\x932\xd7i\xa76D\
\x86\x06=\xc6\xaaL\xf7B2\xb9\xbf\xb4\x84\x06\xf03\
\x08,e\xce*\x1e\x0e\xca\xe0a\x14\x16G?\xf0r\
@\x82\x1cZ\x93RC)@\xb5\x9dl\x89\x015\xd0\
l\xc4\xd5V'\xca6\x11\x88*VY\xa3\xe9H\x84\
\x83\xd9\xb2\xb1\x8ft\xe2\xd1\x10$\xb5\x90\x03Q\xf3\x5c\
Q6\x86\xad\x8c\xc2w\xb47\x13-mB\xd9\x16m\
\xd5\xcb\xc2\xdf\x80>,g%\xc2\x9bv\x01\xa4\xf9|\
\xb1\x8c%\xe5p \x10\xc5\x11\x91#-\xf2\x84fP\
\x9d+\x8f,\x0f\xa9\xb7Y8\x10f\xb96\xaa3\x1b\
\x1d2d\xdb=\x06\xba\x5c\xcc\xec\xf3\x1an:&\x0b\
\x0c~]b\x86\x07\x10\x82\x90r\xd5\x170\x0a*b\
x\xdd\xe2\x02h\x0dz(\xe7\x198\x8f\x97r@\x12\
0\x08\xa6\xa2\x9c\xbe\xcd\x05M\x08BY\xfc\xd7c\x00\
\xa9\x13\xca\x83]\xa7\x81\x12\x8f&\xaf\xae\xd7cb\x81\
\x88\x1f#\xaf\x9d\xb8\xe7\xe0)\xec\xdd\xa0\xb9\x93t\x11\
>\xb6\xbcu\x22:\xcf;\xb3pQ\x99\x8e\x9b\x5c&\
F\x07\xaf\xd6\xbb\x18\xa5I;b\x22\x13AP\x0d\xd0\
Mg\xcf\x9d\xcc\xbf\xb3g\xff\xc4\x00)\x10\x01\x00\x01\
\x02\x05\x04\x02\x02\x03\x01\x01\x00\x00\x00\x00\x00\x01\x11\x00\
!1AQaq\x10 \x81\x910\xc1\xa1\xb1\xd1\xf0\
\xf1\xe1@\xff\xda\x00\x08\x01\x01\x00\x01?\x10\xeflN\
U>jX\xb1}\xe8\xb4\xe8%\x04\x9c\x9c\xaac\xcb\
!\xfbO&\xd1H-_\xcb\x850\x01@\xfb\x12\x1e\
\xe8\xda\xb9>\xeaT<\xd0\x10\xde\xb1\xdf\xe6\x9d/P\
\xb9\xd4\x1eu\xad\xf0\xf3*\x1c\x07\xdeU<\xc0\x87\x8e\
\xa7\x1c\xa9tim\x82N-\xb2y\x17z\xda\xcd\x10\
\xfcR\xaeu(\x89b\x96f\xc8\x95\xe5\x17\xcd\x1c)\
\x04O\xd5\x88\xe1\x09K\x83\xc1\xd0\x93*\xc7CrK\
\xd4F~\xeau\xb7\xc5>\xea5\xbfX\xc9\xc92\xb0\
e\xbc\x93Cc\x10\xdc\x10o\xa9+\xa4-\xf08P\
\x06\xdce\xc3?\xb5t7\xa8?\x89\x15\xcb#\xa6X\
\xef\x08\xc0N\x91S\x18\xfb\xef\xc7\xf8\xec?\x95\x0a5\
&\xa2\xe2>![\x92\xf0\xce\xd9lQ\x8b\xf8\x0b\x10\
[\xe2\x06n\x01\x1c<\x22\xce \x17(E\x10p&\
\x0f\x91\x81\xa9\xa2u\x88\xc3\x0d+\x1e\xab\x15\x17\x9e\xc9\
>\x5c\x88\x04\x1b\xe6;\xd2K\xea\x0e\x10\xe4`\xb2\x07\
L\xc0\x15P\x00\x95[\x00f\xaeU$\xc8\xa2\x18a\
.0\x8f\x9f\x86\xfaiK\x15\xe3$5\xdd\xd8\x9e\xea\
z\x04s\xda\xa3\xa0\xf3\x82\x1d\xb2\xdc\x86\x9d\x14\x05P\
\x0b\xab\x95J\xb8\x18\xbd.\x19w.6a\x16\x8c\x92\
Y\xe1\x15\xe0\xdde\x9d\x94\xd0\xfa\x09\x00\xc90L\xa4\
\x1c\x9f\x81\xf8A\xbc\xc98\x90\xf9\xa2\xf8%\x8b<\x8f\
\xa8\xecI\xa9\xdb\xb9\xc0\x91Y\xc1\xe1\x98\x9e\x8e\x96P\
o\x5c\xb76'\xf6j\x110\xb8\xa0\x89i\xe4\xc3\xd9\
\xb9RT5\x92\xdcP\xb9\xb9u\x98\xd4\xbb,\x82Z\
^\xfe\xe7\x05\x12\x1dC\xe2\x10Ot\xf0\xf5\x85~\xa0\
5\x90\xe4\xe7\xd9\xfe\x85\x84U\xf6\x01\xd3+\x15\xc8\xfc\
s\x8a\x10\x9c\x19,y\xa02@J\xe8Q\xe7\xae\xcb\
\x04\xbf\xfb\xcfc\x10\x0db\xfe\xe9l\xa9\xb3@\xccl\
\xbcx)Z\xa1\xd5c\xaae\xf9\xa1$u\x10\x1d\xa4\
\xf9cGBG\x01Y\x06\xe2f7\xe9\x81\xcdf,\
T\xf2\xfa\x8f\x8f\x01\x0b\x5c\xa9\xff\x00U\x9a\xc0\xd2\x05\
E\x0f$\x9c\xa5\x0f\x00\xec\x19\x19\x1d\xf3S\xf0\x1c\x06\
\xa5\x02\x12\x02\x05\xb5\x9c\xb1TL\xe0\x9f\xd2\xd8d\x0b\
$D\xaf\xf2,&\xa0\x5c^\x22\x06\x03\x95\xf8\xb1\xa7\
\x09uS1\x00\xc8\x8b\x040-\x15\xb6\xb8\x94\x11k\
\xc4 \x03a\x12\xa1g\x05\xa7\x13\xf1\x0c\x80\xcd\xc2\x88\
\xd96\x9b^\xa6!\xcb\xdeI\xde\xac\xdc\x22\x0c\x08\x95\
\x85\xee\xc12\xc8\xf5\x1f\x16\x074\xc1\xe2\x86y\x82~\
\xe8\x82H\xfe\xc4\x86\x9f\xe8T\x1f\x88\xe1\xa0ag?\
o\xbap\xf5x\x15;\xd0\xb9\x18`|C\x0d@a\
\x8a\xf9_\xec\xa4\xac\x16\x90c\xa0P\xbcA\x81\xa3\xcc\
+\x89\x02kI\x06\x1c\xfe)\xe0\x88)\xe5\x80&\x00\
M\xa5\x9d:,a\xcc\xb7\xabe\x86_\x1d\xb9\xe4\x16\
\xaf\x17\xf0\xedQ\x86V\xdco?\x1c\xa1\x15+\x90F\
~\xe8\x0f\x9f=lxe\xf2\xe2 \xd1\xc0\x93y0\
\xc2~4\xe4\xb0\x13s\x12\xc9\x9e&?2\x01\x12Q\
\x09\xa9Cw\x097X\xc1\xf5\x0f\xc2\x0c\xb0\x09i?\
\x95E\xdf\x9e\x05,\xc7\xde\xfa\xf5\xf0\xc4\x0d\xe2\xdf\xd0\
\xf7\x7f\x1b\xff\x00\xe0&AB9\x94\x898\x80\xa2\x93\
\x13+\x0a^\x14\xef<\xfd'\x075,\x06*\xe0T\
v/ s\xe3\x08\xda>pT\x01V\xc0gOM\
Q\x8c)D\x8b9\x96\xc7\x00$\x80)\x1a\xe7v\xc1\
\xa6\x1bS\xb7\x9d\xa0~\xcf\xe2\xa0KXg\xb0D_\
\xed_J\x94\xc2<\x09o\x9c\xa1\xe6\x97\xf00\xdci\
u\xc1E\xd9L\xa4\x0d\xb4\x03<H\x16DDK#\
\xf3L\xa0\xd6d\xdaY\x1c\xea\xd65\x8ew\x04\x99\x94\
\x17\xf7Vgj`\x03\xcad\xeb;PrM\x06'\
\x0d4g\x06?\xea\xa5Cy\x95(Xov\x85D\
4ZtX\x87\x0bb\xe1\xff\x00>\xf4\xa6\xb8\xae\x18\
*\x1f-\xf3S2\xcciY\x182\xeer\x08DQ\
\x11,\x8e_\x18\x91\x16\xe5XuX\x06\xed/P\x1a\
\xb0\xafkV+\x13\x04\xd6\x22ie\xf2\xa3 \xb0\x19\
\x00\x18Q3\x83\x5c}\x85\x00  -\x14\xeb\x11\x93\
\xca\xf5\x19\x9be\x96\xc2\x01\x19\x1c\xcanCsF\xb1\
\xd5\xe9M\xc6'\x97\xf3J\xaca\x04\xcf\x1f\xb6yk\
F\x00\x04\x00@\x14SC)\xaa\x0f\xd2RB%7\
P\x8eH\xe4\x9a\xd5\xbb?\x15\x88\xe1\x85\x85\xc6a\xab\
\xb0\x0b\x83\xf7I\xd9\xbf\xc1\x83\x81\xb9:\x0a\xf6\x0b\xa5\
/;\xc1\x99\xa8@x\x1d\xe9tvVi\x82\x0eI\
\xb7\xa1`\x12\x18@\x18\xb1\xf8\xe8\x0f\xa1;\xb2\x9f\xaa\
\x08\xe9/W\x09\xd9o\x81\xfc4\xf3@2~\xa1\xfd\
\xd2\x84\xc39Q\xe0>\xe82\x05\x920~\xdeg\xa9\
\x9d\x15\x0e\xdd\x1b\x5c\x17\x82\x5c\xfc\x94\x05\x22\x16\xc6\xdb\
\xa5\xb3\x14\x85\xb0\xa3\x96\xed7\x9eb\x89\x8e\x8c\x16\xd0\
\x05\xe0\xe5\xacz\xb9\x95\x92\x1a=\xa0\x15\xe2\x99eH\
rd\xf6\xf0\xb3SLR\xcc\x8c<\x1d\xa1:\xaa\x04\
\x0a\x8eo\xfa\x8e\x81k\xf7(c\xf3W\xd9>L\x92\
\xbdJ\xc6\x1ec\x05\xfd\x83<\x86tj\x92Ig@\
K\x8a\x22\xdc\xf5\xecw\x198\x06O\xe9\xd0a\x1a\xb6\
\xd0/\x83s\xf0\xf4q\x1b<D8\xc6\xd89\x94\xe4\
)#/[k\xec\xd5M\xf5\x87\x94\x8e\xee\xa051\
Dz]\x92\xe9\x0a\xe00\x93x\x85,\xb3\xd9\x9c\xf0\
XFG\xf2\xe8D\x93s:\xc5\x9f\x93tc\xdf\xf3\
\xd1\xa3\xc0\x102\xab\xc05\x17SvY5<\x8cd\
T=!\x0e\xc6\xa9\x0a4j$\x97B'\xb6\xf1I\
\xf9\xcf\xa1\xaa\xd8\x0dU\x80\xf6\xd0\xde\xe8\x99\x9bkn\
\x8a\x0frH\xbf\x97B\xa5\x10e~\x8d\xbb\x1e\xca\x08\
\xac\x12\x03\x92\xc1\xa3\xe8R\x5c\x1ce2\x0eW\xc9\xcc\
;M \x1c\xb7\xc2_F\xdd\x0f\x14\x91u!\xb0\xd6\
\x8a\x05X\x0cV\x83\x097 \x98\xcc\xc5\x18`\x03\x8b\
\xd5\x11\xf6\xd6\x12.\xc0\xb93]4\x16\x05\x22R0\
\xc1/\x88|\xa7\xd9)\xb4\x11}\xbec\xe5\x96\x81L\
\x94Y\x07z\x0c\x03e9wN}\xb2\xe8\xc5\xe6w\
\x95\xe7\x85)\xd3\x02@Il\xa1\xf3R\xee\xcb*J\
\xd7M\xd5_=\x98,\xc0.\xd5\xb0\xe3\x86<:\xbb\
\xd6=\x06W\x86\xb0\x18-\xc7\xbe\xa3\xa4\xc0'\x1bZ\
<\xe3Ac\xb9\xd4l\x806\x97*\xfcmE\xda\xbd\
\x9el\xf2l\x0d\xc0\xd0\xa2hg!\xd5\xff\x00\x7fu\
\x10\xf6;{H\xe1/\x97[\xb9F\x0e&\xd5\x07\x13\
\xb6V\x7f\x87n\xc8\x1b \x1b#\x9dD\x8e\x04\x99\xf7\
:\xf6\x99\x1cY\x1f\xeeU`\x92\xddqE\xaa\xc8P\
\x0b\x80>*\x07M\x09\x9fM<TU\xab\x06?\xa3\
\xa0Yz\x5c\xad\xad\xc7\x1c\x22\xb7p%\xc83\xa0\x08\
p\xa9L\x8f\x9f\x0c\xea\xa0U\x00%\x5c\x02\x96A\x12\
\xddZ\xbe\xbbZ8b\xb3\xee\x07*\xdb\xfa\x97\xd2\xa3\
\x15eu\x0c^\x19\x8b\x85\xe1\xf2\xea\xf3&Sk^\
R\x1e\xa32([A#\xc0U\xbfR\x99\x1eG\x8a\
4\xeb\x08\x19P\xabu/\x9e\xb3,V\x0b7\xe9\xaf\
~\x1d\xd7\xd6\xe5\xf7\xeb\xc6\xbd^%4N\x11\x8c\xe1\
D\xd4R\x07<e1\xf0\x07\x8e\xa1\x14\xf0\x98\x8b+\
\xc2\x14N\xa6\x87\x05\xb3\x8b\x1d\x9f\x5c\x82X\x9e\xeet\
\xef\x02\xd0\xa0\xca\x8c0\x81\x84GDJ\xfe\xbfGs\
\x83_\xd4i\xd3\xf2\x1f\xaa\xfe\xfbG\x5c\x0e{?\xfc\
_\xe9\xdd\xf9\xdd/\x7f\xff\xd9\
\x00\x00\xb6\xdf\
\xff\
\xd8\xff\xe0\x00\x10JFIF\x00\x01\x01\x01\x01,\x01\
,\x00\x00\xff\xe1.\x90Exif\x00\x00II*\
\x00\x08\x00\x00\x00\x09\x00\x0f\x01\x02\x00\x06\x00\x00\x00z\
\x00\x00\x00\x10\x01\x02\x00\x0e\x00\x00\x00\x80\x00\x00\x00\x12\
\x01\x03\x00\x01\x00\x00\x00\x01\x00\x00\x00\x1a\x01\x05\x00\x01\
\x00\x00\x00\x8e\x00\x00\x00\x1b\x01\x05\x00\x01\x00\x00\x00\x96\
\x00\x00\x00(\x01\x03\x00\x01\x00\x00\x00\x02\x00\x00\x001\
\x01\x02\x00\x0d\x00\x00\x00\x9e\x00\x00\x002\x01\x02\x00\x14\
\x00\x00\x00\xac\x00\x00\x00i\x87\x04\x00\x01\x00\x00\x00\xc0\
\x00\x00\x00F\x01\x00\x00Canon\x00Can\
on EOS 50D\x00,\x01\x00\x00\x01\
\x00\x00\x00,\x01\x00\x00\x01\x00\x00\x00GIMP \
2.10.30\x00\x002022:03\
:16 12:42:28\x00\x07\x00\x9a\
\x82\x05\x00\x01\x00\x00\x00\x1a\x01\x00\x00\x9d\x82\x05\x00\x01\
\x00\x00\x00\x22\x01\x00\x00'\x88\x03\x00\x01\x00\x00\x00\xc8\
\x00\x00\x00\x03\x90\x02\x00\x14\x00\x00\x00*\x01\x00\x00\x09\
\x92\x03\x00\x01\x00\x00\x00\x10\x00\x00\x00\x0a\x92\x05\x00\x01\
\x00\x00\x00>\x01\x00\x00\x01\xa0\x03\x00\x01\x00\x00\x00\x01\
\x00\x00\x00\x00\x00\x00\x00\x01\x00\x00\x00\x02\x00\x00\x00\x13\
\x00\x00\x00\x01\x00\x00\x002014:01:3\
1 13:53:52\x00<\x00\x00\x00\x01\
\x00\x00\x00\x09\x00\xfe\x00\x04\x00\x01\x00\x00\x00\x01\x00\x00\
\x00\x00\x01\x04\x00\x01\x00\x00\x00\xaa\x00\x00\x00\x01\x01\x04\
\x00\x01\x00\x00\x00\x00\x01\x00\x00\x02\x01\x03\x00\x03\x00\x00\
\x00\xb8\x01\x00\x00\x03\x01\x03\x00\x01\x00\x00\x00\x06\x00\x00\
\x00\x06\x01\x03\x00\x01\x00\x00\x00\x06\x00\x00\x00\x15\x01\x03\
\x00\x01\x00\x00\x00\x03\x00\x00\x00\x01\x02\x04\x00\x01\x00\x00\
\x00\xbe\x01\x00\x00\x02\x02\x04\x00\x01\x00\x00\x00\xc9,\x00\
\x00\x00\x00\x00\x00\x08\x00\x08\x00\x08\x00\xff\xd8\xff\xe0\x00\
\x10JFIF\x00\x01\x01\x00\x00\x01\x00\x01\x00\x00\xff\
\xdb\x00C\x00\x08\x06\x06\x07\x06\x05\x08\x07\x07\x07\x09\x09\
\x08\x0a\x0c\x14\x0d\x0c\x0b\x0b\x0c\x19\x12\x13\x0f\x14\x1d\x1a\
\x1f\x1e\x1d\x1a\x1c\x1c $.' \x22,#\x1c\x1c\
(7),01444\x1f'9=82<\
.342\xff\xdb\x00C\x01\x09\x09\x09\x0c\x0b\x0c\x18\
\x0d\x0d\x182!\x1c!222222222\
2222222222222222\
2222222222222222\
222222222\xff\xc0\x00\x11\x08\x01\x00\
\x00\xaa\x03\x01\x22\x00\x02\x11\x01\x03\x11\x01\xff\xc4\x00\x1f\
\x00\x00\x01\x05\x01\x01\x01\x01\x01\x01\x00\x00\x00\x00\x00\x00\
\x00\x00\x01\x02\x03\x04\x05\x06\x07\x08\x09\x0a\x0b\xff\xc4\x00\
\xb5\x10\x00\x02\x01\x03\x03\x02\x04\x03\x05\x05\x04\x04\x00\x00\
\x01}\x01\x02\x03\x00\x04\x11\x05\x12!1A\x06\x13Q\
a\x07\x22q\x142\x81\x91\xa1\x08#B\xb1\xc1\x15R\
\xd1\xf0$3br\x82\x09\x0a\x16\x17\x18\x19\x1a%&\
'()*456789:CDEFG\
HIJSTUVWXYZcdefg\
hijstuvwxyz\x83\x84\x85\x86\x87\
\x88\x89\x8a\x92\x93\x94\x95\x96\x97\x98\x99\x9a\xa2\xa3\xa4\xa5\
\xa6\xa7\xa8\xa9\xaa\xb2\xb3\xb4\xb5\xb6\xb7\xb8\xb9\xba\xc2\xc3\
\xc4\xc5\xc6\xc7\xc8\xc9\xca\xd2\xd3\xd4\xd5\xd6\xd7\xd8\xd9\xda\
\xe1\xe2\xe3\xe4\xe5\xe6\xe7\xe8\xe9\xea\xf1\xf2\xf3\xf4\xf5\xf6\
\xf7\xf8\xf9\xfa\xff\xc4\x00\x1f\x01\x00\x03\x01\x01\x01\x01\x01\
\x01\x01\x01\x01\x00\x00\x00\x00\x00\x00\x01\x02\x03\x04\x05\x06\
\x07\x08\x09\x0a\x0b\xff\xc4\x00\xb5\x11\x00\x02\x01\x02\x04\x04\
\x03\x04\x07\x05\x04\x04\x00\x01\x02w\x00\x01\x02\x03\x11\x04\
\x05!1\x06\x12AQ\x07aq\x13\x222\x81\x08\x14\
B\x91\xa1\xb1\xc1\x09#3R\xf0\x15br\xd1\x0a\x16\
$4\xe1%\xf1\x17\x18\x19\x1a&'()*56\
789:CDEFGHIJSTUV\
WXYZcdefghijstuv\
wxyz\x82\x83\x84\x85\x86\x87\x88\x89\x8a\x92\x93\x94\
\x95\x96\x97\x98\x99\x9a\xa2\xa3\xa4\xa5\xa6\xa7\xa8\xa9\xaa\xb2\
\xb3\xb4\xb5\xb6\xb7\xb8\xb9\xba\xc2\xc3\xc4\xc5\xc6\xc7\xc8\xc9\
\xca\xd2\xd3\xd4\xd5\xd6\xd7\xd8\xd9\xda\xe2\xe3\xe4\xe5\xe6\xe7\
\xe8\xe9\xea\xf2\xf3\xf4\xf5\xf6\xf7\xf8\xf9\xfa\xff\xda\x00\x0c\
\x03\x01\x00\x02\x11\x03\x11\x00?\x00\xf6\xd3\x80w\x0e\xa4\
qB\x00J\xb3\x1e\xbcb\x97\x04(\x18\xc9\x14\x88\x81\
\x08\x1cg\x9f\xc2\xa4b\xab`1\x0b\xcex\x14\x1c\x93\
\xc9\xe0\x1e\x94\x84m%A\xfa\xd1#*\xa8$\xe1z\
\x9a\x060\xb3>G\xbf\x1fJy\x03\xb9\xc9<b\xb9\
[\xff\x00\x1a\xe9\xd0@\xebk(\x96r\xcc\x80t\xc1\
\x00\xfe\x7fJ\xe7.\xfcc\xacD\xc8\xd0:\xb8x\xb6\
\x02\xc9\xfcx\xceqM&\x16=)\x8a\xa8\xf9\x8e6\
\x9f\xca\xb0\xa5\xf1u\x8ajIi\x09\x13+\x9d\xaf2\
\xb0\xda\x87;pk\xceo\xbcG\xac\xdc\xdb\x98\x0c\xec\
#c\x92\xe7\xbe}>\x9f\xd6\xb3o\xefDp,P\
\xcc\xeb\xb7\xa2\xafM\xd8\xcbd\xfa\x0f\xe7MDv=\
\xb3\xfbR\xc60\xe8\xf7q\x06\x1c\xb1/\xd2\xac\xdb\xcd\
\x1c\xd0,\x8a\xf9W\x1b\x94\x8e\xe3\xd6\xbc\x12\x0dj\x08\
\x89\x92\xed\x1aY0dM\xc7%\xbd8\xfc\x7f\x9dw\
\x9e\x19\xf1M\xce\xb6\xe3\x0b\xb1b\xd9\x09X\xe2\xe5I\
\xearx\xc7\x1f\xad'\x1b\x05\x8fC\xf9s\x93\xd4\xfe\
\x94\xe2\xeb\xf2\x85\xac\xfd\xf0[\xed\xf3es)9\x09\
\xbb$\xfe\x14\xf5\x9d\x04mpr\xa3\x1c&9\xcf\xd2\
\x90\x8bNyb:\xd0~\x5c\x1e\xa6\xab\xd9\xdcIr\
\x81\x9a\xd9\xa2\xcb\x1c\xee#5l\x80\xa4n\xfc>\xb4\
\x00`*\x9eqP\x87\xfd\xf8\x1c\xf0;\xd4\x9b\xb0\x19\
\x8f'\xb0\xa6E\x1eY\x98\xf3\xd2\x80\x1cs\xf7\x87C\
\x81@'~\xde\xd4\xf6\xc6\xc1\x93C\x10$\xceh\x02\
3\x1e\x06zz\x9a\x961\x85\xc0\xc7\x03\xad1\xcec\
#<RFILv\xce(\x01\xbc\xab`\x0c{\x9a\
M\xa8y\xc9\xfc\xe9d\x00\x92\xa0\x1eE=w\x85\x1c\
v\xa0\x05\xdf\x80\x09\xf5\xa8\xfc\xd0$<\xf1\xdf\xde\x97\
\xef\x91\xd4\x0e\xf4\x8a\xa3\x07#\x1c\xd0 \xdc\xcc\xe0\x85\
\xac_\x13k\x1f\xd8\xd6\x919\x88\xcb\xe6\xb6\xccv\x15\
\xb8\xb2\x02\xb8\x00\x0a\xf3?\x1c\xc5{.\xa5\x12-\xd1\
\xf2\xc2\xef(\xd9\x00s\x8e=)\xa5v4r\x13\xcf\
j\xd7K>\xe6+\x19g\x01T\x9f\x9c\x9e\x07\xd0\x0c\
UH\xa6\x92\xdd$\xb8\x88\xb7\x93\xbc\xb8$\xf2x\xc7\
\x1d\xfb\x8a\xaf&\x998\x83dm\x90K4\x8a:(\
\xee3\xea\x7f\xadPe\x95 \x0f\x1bmL\xe0\xa99\
\xc8'\x81\xf9sZ\x8c\xb05=A\x1eD)\xbd\x91\
\x9f\x11\x8002:\x9c~\x15V\x09\xee.\x13\xe7x\
\xcacc\x021\x83\xeb\xf9\xd3oVQ\x84\xc9\x00\x0c\
3\x91\x8f1\xb8\xeb\xed\xcdT\x92l@\xd0\xef\x0b \
!\x80>\xbf\xfe\xaf\xe7Hf\xa6\x9f.\xa3\xad]%\
\x8d\xbd\xbb\xcc\xca6\x87E\x04\xe0\xf0O\xea?*\xf6\
?\x0d\xe9#\xc2:;\x8b\x99L\xd2\xbc\x9d@\xe7\x9e\
\xd8\xe7\xbdyw\xc3o\xb6\xcd\xaf\xcca\x90@V\xdc\
\x9d\xcc\xbdrq\xc0\xf6\xaf_\xd3\xe5\xb7\x90\xbd\xba\xef\
\xbb\x8a\x11\x87\x95\xfa\x96\xe3\x8f\xaf?\xadKb7D\
p\x96\xfbD\x91\xa6\xfe\xa8\xd8\xc9\x03\x15\x0d\x82:\xf9\
\xd2\xce\xc5\x9bw\xde'\x80=*\x85\xd5\xcc6\xaf\x0c\
\xeeddrQ\x15\x8eF\xee\xc3\x1d\xfaS\xe5\xbc\xba\
\x95#\xb7\x8e?-\x8b.\xf6\xc0!{\xe0\x8a\x8b\x08\
\xd57\x91D\xb2;\x10\xa3=OBqS\x19U\x9d\
\x13\xf8\xb1X\xd7WqK8\xb7u\x228\x81v<\
|\xde\xd5j\x09\xff\x00q\x1c\x87\x22I[\x8d\xddT\
v\x14\x05\x8d\x06+\x95Q\xd8\xd3\x95\xc0;\x17\x92N\
j%\x88(\x19`9\xc9\xcfz\x95\x06e$t\x14\
\x08R\xbc\x82z\x03\x8a\x8f\x97\x98\xfaw\xa9\x8f9=\
\xaa\x1c\xe1\xc0\x1dI\xe4\xd0\x03\x9b\xa0\x02\x9ar\xb8\x03\
\xbdH\x06r\xa4\xf1\xd2\x99\x90Cl\x1d(\x18\xa0~\
\x94\xb8>\xa6\x9c\xa3js\xdf\x93Q\x92rph\x10\
)\x0a\x01=OAH>E9\xea\x0fJR>@\
\xc3\xf0\xa6/ \x902q\x9a\x00\xe5\xbc_\xad\xcf\xa5\
\xc3\xe5\xd8\xca\x16\xe0\x1d\xce1\x9c/\xff\x00\xac\xd7\x13\
\xa7x\x8e\x0dN{\x8d?[\x90\xf9\x8c\x08\x89\x8a\xe3\
cg\x18\xfa\x1c\x9f\xca\xa7\xf1e\xd4\x9a\xb5\xcc\xf2Y\
\xa8\x88\x86\x22B_\x9f\x97\xf8\xbd{U(l\xec<\
E\x1c\xf761\xb5\x8c\xf6\x10!%\xb9gq\x9fO\
^j\xd2(\xe7\xf5\x0df\xee\x09\xee,\xfc\xbd\xae\x0f\
\xc8v\xf7\xe1G\xe1Y\xd7\xf7\x22\x09a\x8fy0\x00\
\x0a\x9c\xf4lg\xf9\xff\x00:\x91\x9aK\x89\xa3Q\x96\
\xbcW\x0f\xe6r\xd9a\xcf\x1f\xe1X\xd77K\x22\x88\
\x9eC\xe6wl\x13\xcezU\x00\xb7\xb3\xcf)*\x92\
<\xa3xb\xc18\x1cw\xfcj9R_\xec\xd4\xbc\
\x9e&X%\x95\x95\x1f\x1c1\x03\x9cz\xfa\xd4\xb1j\
\x97\xb6Z}\xe6\x9f\x06_\xed\xa4\x09\x09\xeb\xc78\x15\
k\xc4\xda!\xd1\xfc=\xa5n\xf3\x1aYb2H\x1b\
?!8\xc0\x03\xb6\x0d 5\xbc\x13\xae\x1d*\xeeH\
\x22E{\x9b\xc5\x10\xc7#\xa8\xcc\x7f\xed\x03\xd4}+\
\xd5\xad\xd2{;8\xa1\x89\xfc\xb4\x94\xf9\xac]y \
\x8f\xe2\xef\xdb5\xe2\xdf\x0ft\xbb\x8dkT\x8e\xdd\x94\
-\xbd\xbb\x0b\x99$\xc1\xcf\x1f\xc3\xee=\xbe\xb5\xecO\
e}-\xd2\xea{\xb7[G\xbdP\xb3\x1c\x95=\x06\
1\xdb\x07\x83H\x0d\x95[6x\xa6\x98n\xf2\x06\xec\
\x03\xf2\x068\xefSL\xc6\xd6;\x8b\xb2c\xdd0\xf9\
Dc\x93\x81\xfc\xea\xa6\x9f\x13\xd8\xdc\xc7\x06w\xc2\xf9\
\x00\x8ey\xfe\xf1\xfc\xabFv\xfbM\xc2DO\xef\x10\
\x8c.3\x91\xfd*DT\x8d\xa2\xb8\xb4\x81KG\x89\
\x11ddv\xcb`\xf21\x9a\x91\x96\xe8=\xc8I\x84\
|\x0f,\x91\xc2\xff\x00\x9f\xe9S\xc3\xa7\xc6\x97\xd7\x17\
@\x0d\x821\x1a\x80\xa3\x8cU( \x8a+\xa6\x172\
3\xc4\xa4\xe3\xcc?u\x8f\x5c\xd0\x05\x8b_\xb6#)\
\x95\xb2\xd9\xcb\x12r\x15Gz\xd6\xb5\x94\x97f\xdeX\
\x1e\x9e\xd5\x95\x0c\xf2]\x5c\xc81\x0cqg\x01\x81\x04\
\xbe8\x1f\x86*\xfd\xb6\xcbV\x10$\xa8H]\xc7\x8f\
z@_\xf9\xb7\x85\x00\xe0\xd3Up\xc5\xf3\xde\x91&\
W\xc1S\x90r\x01\xa7\x80T\xfdh\x10\x8f\x93\x83\xfa\
{\xd2\xaa\xe7>\x86\x96N\x06\x07\xad$d\xe3\x19\xe7\
8\xa0\x07{g\x8d\xb5\x1f\x94\xa7\x9c\xfe\xb4\xe3\xdf\x1d\
)\x9c\xff\x00v\x81\x87\xde\x8c\xf3\xf7O>\xf5CY\
\x9e[]\x06\xe5\xed\xb7y\xdeY*W\xa85}\x08\
\xc6\x0fs\xd2\xaa\xea3\x8b{)\xa4l\x9d\xab\xc8\x07\
\x14\x01\xe2\xda\x9c\xd7I\xbatt(\xd2\x81\x9e\xe5@\
\xcfn\xbd\xff\x00\x1a\xc0\xbb\xba\x96\xdd\xe4\xbd\xd3\xe4\xf2\
\x10\xff\x00\x00ns\xd0\xf0rOZ\xbb\xac\xdc\xa2j\
\x80\x02<\x98U\xb0\x80\x11\xc1\xcf\xf8\xd6\x0b\xc1\xe6\xf0\
\x1dG\x9b\xc8\x18\xc9'=\xff\x00\x95j1\xf7\x17\x1f\
\xd9k\x0d\xe5\x8d\xcb\xc7<\xe8H\x90c \xb7\x07\x81\
\xd3\x9c\xd3\xb5\xfd\x00iv\x96w\xb6\x92\xbc\xd6\xf2`\
\x16e\xc1W\xe79\xfc\xaa1n\x1e(\xc4\xac\x81<\
\xf3\xba(\xb9t#\x1c\xaa\x8e\x99\xe9[~#\x9e\xe7\
\xfe\x11\x83g\xa9(\xfb}\xb4\xcb9}\xc0\x9f(\xfc\
\xbd{\x9c\x95\xfc>\x94\x80\xc0\xd1t\xbdK^\xd4\x8a\
\xda\x05P\xa4;>\xec\x88\xd7\xd7\x1f\xe7\xa5zN\xbf\
-\x8d\xd6\xa5gk|\xd6\x92\xe9\xae#b$'\xcc\
f\xc1\x1f)\xc8\xf9r\x06s^k\xe0-b=?\
\xc5\xb0J\xe8\xf8\x90\x14\xca\x90\x07=3\x9e1]V\
\xbbr\xda\xe6\xbdm8H\xe7[Hc3\xc3 \xe0\
\xee\x90|\xaa:t\xcd :\xdf\x87\xbaX\xd2\xf4\x89\
A\x84\xc1$\xd7\x8eD}\xcac\x8e\x9d\xb1\x83\xd6\xba\
\x9b{\xab{\xadU\xadc\xca<G%wp~\xa3\
\xe9U`\x8c\xc1\xa7i\x96\xeb\x07\xd9\xc4\x92\x12\xcc\x9c\
az\x00~\xbcS/d\x8e\xd2\xebQ\x96\xd6O\xf4\
\xd96$`s\x9c\xe3\x18\xfc)\x08\xb5\x1d\xcb}\xba\
\xeaU\x1eb\xc7\x19\xc7\x961\x91\x9e\x07\xf9\xf4\xa8l\
n_\xce\x99\x9ag[\xbb\xc5U\x8e22P`\xf2\
\x7f\xc6\xad\xe9\x96$\x22\xdb\xceB\x1d\x82G\xd9\xd7\x9f\
R)E\x93Y\xdf\x5c]\x86\xcc\xd2\xaa\xc7n\x9f\xdd\
A\xe9H\x0b\xaftbW\x8a6\x01\x90\xed~?\x88\
\x8e\xdf\x9dT0\xee\x0a%\x9d\xc9\x0b\xf30\xfb\xad\xff\
\x00\xd7\xff\x00\x1a.\x16\x03r\x8d2\xbc\x9e_\xcf\xc7\
M\xc4c\x9a|o\x1c\x10K,\xc5\xd7z\x87*\xe7\
\x88\xc7\xa0\xf4\xa0\x04\x82\xc9\xe3\xb8\xfd\xdc*\x02\x023\
\xbb\xaf\xa7\x1fJ\x9a\xc1\x11\xdb\xcc\x902\xc8[\xca*\
H\xc9\xeb\xfaTP\xbc\x8bj\xd2\x02\x5cH\xb9RO\
9=\x05\x16\xc2\xe2+\xa8\xe3\x8c\x87\x90\x9f\x99\x99\xb9\
\x02\x807\xa3\x88F\x15G\x1e\xde\xd5,\xac\xa1T\x8e\
Nj\x8a4\x92\xdd\xc8\xca\xe1\x95F\xdd\xa0\xe7\x9e*\
\xdaDUy\xe4\x8e\x84\xd2\x10\xe6l\xa0#\x1b\x88\xc5\
6\x10\x17q=\x85(P\xa3'\xae)\xf8\x00p?\
\x0a\x00k\x1c.zd\xf4\xa3\xcb\x1d\xd8\xe6\x83\xf3c\
\x034\x85\xdb=\x17\xf3\xa0\x08\x94\x139>\x95\x97\xe2\
\x9bx\xe7\xd0\xa6\x129D\x18\x93p\xf5\x06\xb6H\xc9\
8\xe3\x8e\xd5\x8b\xe2F\x88\xe8\x17+1;\x04dp\
z\x9e\xd4\x0d\x1e\x19\xaf\xa9\x97S\x8e\xee4\xd9\x0b\xfd\
\xf1\xb7\x86\xcfO\xe4+\x16\xe8'\xd9Wae;\xf2\
U\xc8\xcf\x1e\xff\x00C]-\xfd\x8b\xdbi\x85\xa6v\
w\x90\x86L\x9c\xed\xcf+\x8f@\x05`\x98\xe0}B\
8\x19\xf7\xef\xc6\xe2\xc0\x0d\xa7\xbf\xe9\x8f\xca\xb5\x19I\
d\x9a8\xaen\x1e\x22\x06\xd1\xf3\x05\xc1\x04\xfb\xd5\xfd\
.V\xd5/R\xefZ\xb6\x17V\xec\x9eDl\xecU\
\x10\xe4rq\xd7\xd3\x1e\xf5\xd0\xf8oJ\xb3\xd4u\xa7\
\xb3\xd5\x87\x98\x97p\x98\xe2\x93'*@\x18a\xecq\
\x8c\xfb\x1a\xc5\x10\xdd\x08%Y\xc9:]\x8b\xac\xbeY\
\x5c\x09\x0b2\xae\x07\xa7\x1c\xe7\xda\x90\x1d\x9d\xb6\x89\xa2\
\xc9kap\x9am\xb3\xb8o(B\x07,=23\
\x9e\xa7\x14\xebha\xd24mL[\xaf\xefW\x87I\
F\xf6\x19a\xb4g\xd4q\xf4\xaa\xba]\xbc\xbe\x1e\xbe\
\xb4a!6SLf\xb6L\x82\x10{\xb1\xf4<Q\
\xa9\xebR\x81w$N\xbb/g\x0f\xb5\xd4n\x07=\
\x01\xf5\x18\xc6=\xe8\x03\xa9\x9bQ?`\x8a\xdb\xcb\x95\
~\xcc\x06\xd6\xceY\xb8\xe9\xfdjH\xa0Ki,\xfe\
\xd4B\xca\xa8$\x94\xe3<\xf6_\xcb\x15\x93\xab\x08o\
\x8c\x12[]DV`\x81\xe3V\x19,\x07 }1\
S\xc1x\xd7\xbe%63\x80\x8e\xd7\x1bv\x11\x93\xb0\
\x0e2;t\x1c\xd2\x03\xacI\x0b\xaa\xab\x06\x0dt2\
\xc5x\xd8\xb8\xe3>\xf5BK\x93ws\x07\xd9\xa5d\
\x8e\x0c\xc2\xa1\xc1\x1b\xd8{\xf7\x1c\xd4\xe2\xd6\xe8j\x92\
\x09\xa28\x9e\xe1v\x1e\xa0\xa0S\xf9b\xa6\xb7D\x93\
U\x82\xd8\x10R\x15.HQ\xc9\x04\x8f\xe7HB[\
Gt\x1aH'q\xe7H\xc0\xb7\x96~\xe2\xf6\xc7\xe0\
9\xa7F\x933\xdcE<{D\x92m\x89\x9b\x9d\xd1\
\x81\xdf\xf1\xa2+\x87mD2\xc4\xee\xd3\x0f\xbd\xb4\x05\
T\xc9\xea}io\x08)q\x897<Cj.6\
\xf2{{\xf6\xfc\xa8\x01\x9f\xdav\xfb\xdcG\x14\x83c\
m\xfb\xb8\x1cw\xfd*U\xbd\x84F%\xdb\xe6)l\
\x82\xa78\xc8\xac\xe8moc\xd3O\x9a\xc3\xed\xb3p\
\xa5x\x00};qW\xe5\xb2\x82m28\x81x\x9f\
\x00+\x03\xc8\xe3\x9f\xad &\xd3/\x0d\xc1w\xb6A\
\xb5\xa4>i\x07\xb8\xee+qI\xdd\xc99\xf4\xcdg\
i\xcf\x0c1$H\xa0|\xd8\xcfrkP\x80\xbb\x9b\
\xf8\x8d!\x0d\xc1\xe4\x0e)\xd1\xa6r\x0fJA\x8e\xa3\
\xb9\xa4V\xf9q@\x0as\xbb\x8e\x00\xe2\x9d\xe5\xaf\xa5\
0\x83\x8c\xfbSw\xb7\xa9\xa0\x02%\xdd\xd5\xbf\x11\x5c\
7\x8e\xf5I\xa0\x11\xd9 \x02\x09A,z\x92A\xae\
\xdc\xca\xa25 {\xe0~U\xc2\xf8\xe0%\xe5\xb3*\
\xcb\xb2Kv;\xc2\x8f\x99\x97\x00\x9c\x1f\xc6\x9a\xdch\
\xf3\xcdB\xed\xefc\x029p\xe4\xe17\x9c\x1d\xa1q\
\xcdc\xd9\xe93j\x97\xd76\x96\xd3\xc3 6\xa5\x96\
V\x04\x81\x8c\x1e\xfc\x8eN?\x1a|\xa2(\xeeB\xa8\
-\x0a\x85.A\xe4.G\xf4\xc6j\xac\x09\x1d\xc6\xba\
b\xb6\xb9x!\x98\x14,\xa7\x9d\xbd\x80?\x5c\xd6\x80\
wZ\x93}\x9a\xcfH\xb9\x95b\x9a\xe3Oh\xd0\xac\
\x03\x09\xb4\x10\xde\x9c\x9c\x10qR\xf9p\xde\x5ckb\
;8\xcbC\x1a\xa2F\xcaJ\xfd\xf0\xc4\xfa\x03\x8c\xfe\
\x95\xcf[\xd9\xb4\x1an\xb7k{x\xe9so2\xbc\
!\xdb\x96\x07\x19>\xe7\x18\xad\xfd\x1e\xeahocX\
\x87\x97\xf6\xe8\xc6rs\xbc\xe3\x19'\xd4\x9a@b\xfd\
\xb2[\xd6\x8a7\x85\x96\xc6\xcb22\xe0\x9c\x96 \x8c\
\xe7\xa5Q\x0bw\xaa\xf9\xb6zp\x22HN\xf9F2\
x\xe7\xae{s\xf9\x0a\xef.\xecl\xa6\xf0\xdd\xacQ\
\xcc\xf1\xabH\xb0\xcaW\x0cH\x1e\xbf\xaf\xe6+\xa0\xf0\
\xfe\x81i\xa4\x1b\x98\xa0\xb6E\x91\xd0nc\xc9f\xc6\
:~\xb4\xae\x07\x9fx>\xc7PMz\xda\x09\xa1(\
\xa8\xa9&\xdd\xbf{9\x19\xcf\xae3\xce{WX\x85\
m~#\xceZ\x07h\x8a\x16\x12\xec#\x18\x03\x80q\
\xcfJY\xf4\xab\xcb\x7f\x16\xe9\xed\xf6\x99\x0cN\x8c\x91\
\xe1Tm#\xa8\xc7~\xb5\xd5(\xd9\x0d\xc3\x90d\x92\
?\xbc\x07\x19=@\xcf\xe3C`:iT\xec\xb8r\
CF\x84\x8c\x1e2j\x9d\x82\xcb\x11vh\x16#\xbf\
;\x8e?y\x9e\xf9\xabQA,\xb6\xcf#\x842\x0d\
\xa7\xfd\x91\xc75_W/p-,br\x8f!.\
dQ\xc6\xd1\xda\xa4\x09.\x10[\xc3#B\xdbX(\
X\xf9\xf4\xa8\x0a\x94\xb9\x01\x8a\xc8\xb1\x8d\xcc\xe4us\
\xdb\xf0\x18\xaa\x17r\xcc\xf04(\xe1\xe4\xb3<\xc8\xe0\
\xf2\xd8\xc0$w\xe4\xd4\x9em\xca_Y\xd8(%\xc0\
\x13N\xc0`6s\x9f\xc2\x80,\xcb\xe6)\x91Zb\
[;\xe4 \x8f\xdd\xa8\xe7\x15b\xd6h\xee\x82\xcc\xaa\
\xb2\xc3\x1anG<v\xedL\x96\xd4\x94\x9aI?\xe5\
\xed\xf0\xa9\xb7\x07\x04c\x9f\xca\xaeE\x12Aj\x90\x05\
,J`\x0e\xe4P\x04\xb6\xe2GO1\x89\x19l\x80\
\x07J\xb8\xf1\x16#\xe6\xc7=\x0524\xd9\xb0p\x17\
\x1d(\x12\x8f5\x8a\xe7\x00c9\xe2\x90\x89\xc2\x05\xea\
y\x22\x84\xc79\xe8:RB\xe2P\x1b\x1d\x07J\x0b\
\x1c\x81\x8cz{\xd0\x03\x86O\xcd\xd3\xfaR`z\x8a\
v\xc6 \xfb\xd2\x04\x8c(\xcb\x1c\xd0\x04+\x10\x08\x00\
\x1d@\xe4\xd7\x1b\xe3\xfb\x7f*\xd2)\x8f1\x82D\x84\
\x0c\xed\xe3\xaf\x15\xd96|\xae\xbc\x801\x9a\xe6|l\
\xe4xvh\xc0-30!q\xc1\xc1\xe7>\xd4\xd6\
\xe3G\x83jSy\x93\xacp\x86\x89\x06\x18\x9c\x92O\
\xe5\xeei\x91\xe9\xbf\xda\x90\x94\xb6\x95\x16kEi^\
\x16$1\x0b\xc8oOj\xeat\x08\xa1mI\xeco\
#@\xd7\x16\xee\x89'M\xb2\x83\x95$\xfdT\x0f\xc6\
\x9a\xb67\x9e\x18\x91\xf5+%[\xe8\xae\xe303\x14\
\x00\x19\x09 (99\x1f\x97Z\xb06\xe2\x13\xdeX\
\xd9]\x97\x0d\x1bY\xa2aNC\x0d\x80\x11\xc7}\xd5\
%\xa5\xecri\xb6\x92\x0b!\xe5FDs\x80N\xd0\
3\x95\xc8\x1c\x7fz\xabxjyt\xbd\x1a}?S\
\xb7X\xd1\xe7\xccn\xad\xcan\xc7\xcc\x07l\x1c~\xb5\
i V\x17\x96h\xf8b\xde`@N:\x83\x90\x07\
\x04\x1c\x91\xd3\xbd\x00h\xdf\x98\xdaF\xd3\xed\xd0(\xc8\
\x96\x19\x00\xc6\xc6\xc6I\xfa`v\xad\x9b-y\xe6[\
I\xad\xd7\xcdf>I\x05y=2G\xe1\x9c\xd71\
\xa6\xea\x8byq\x15\xc2#%\xc6\x9f!\x8aU\x08O\
\x98\x08\x03\x00c\xa7Q[z\x15\xbaG{q\x05\xd0\
\xdb4r<\xb0\xae1\xb5I8#\x1dF)\x01\xd5\
\x8bT:\x95\xa4\x8f\x96\x922\xc5I\xee\x08\xc1\xab3\
\x22\xc4\xb3\x18\xe3,\xf2g*x\x1dj(g\x12\xc7\
\x1c\xbb>h\xd8\xfe\x00\xff\x00\x91RMv\xcb|\x22\
1\xb3n@\xc0\x81\xc6j\x04V\xb5>AKr\x19\
L\x8a\xc3s\x1ce\x80\xe9\xf9Ud\x9cM\xe2Y!\
!L\x96\xd1\xec\xe0\xf4S\xcf?_\xe9O\x7f\xdfC\
\x03\xae%\x9d.9\xf9\x80\xdb\x90y\xe9\xe9P\xdaA\
\xe5x\xb2\xe9\xd1\xd5\x16H\xd5\x9d@\xe4\x9fR{S\
\x19\x9d)\x96S%\xa4\x05V\xe2K\x9f6r\x07\x08\
\xa1\x87\xf3\x02\xaf\xdaC<\x9a\xde\xa5q:\x14\x80F\
\x91G'\xfc\xf4\xeb\xd3\xf3\xc5Ea*\xcdw~s\
\xbc[\xc6c\x93?\xc4z\xd4\xc9{\x04:lR\xdc\
\xc9\x9by\xcf\xca\xdd\x80\x1c\xfe\xb4\x01,0\xdc\xc9\xa8\
\xc4\xb7\x12\xa3yg\x225\xe8\xa0t?\xe7\xd2\xb42\
.\x1b!\x0a\xf9m\xb7wr\x07\xf4\xac\xb5\xd4\x96\xc7\
\xfe&\x17rmK\x93\xb64#\xee\x8e\xdc\x8fZ\x96\
\x19\xa5[_ \xca\x05\xcd\xc1-\xfe\xea\xe7\xb5\x02\x1d\
i|f\xbb\x96\xe1%\x12);So\xdd\xeaG\xe7\
\xc1\xad\x06\x1eL;K\x16\xdes\x80*\xa5\xb5\xba\xda\
\x0f,B\xaa\xce\xfb\xb6\x0f~\xa6\xb4\xb2\xad\xbb\x9c\x94\
\xeei\x00\x96\xd1\xaaL\xf2\xf2\xa5\x94.\xdc\xf0\x07\xd3\
\xfc\xf4\xa9rN\xd6\xc7\x7f\xd2\x92\x10\xa60\xe5\xb2O\
\x1cS\xd8\xaf\x0a\x05\x00=\xc9\xecp=j\x10\xa3\x03\
\xe6\xa9\x09\x05?\x0cTY_\xee\xfe\xb4\x00!$\xb1\
\x039\x18\xe2\xb1u\x99\xed\x96\xe6\x0d:\xeeh\x90\xde\
\xac\x88\x81\x8e\x19\x8e\x07\x02\xb6\xe2\x93\x1b\xb3\xc7aX\
\xda\xed\xb47+kp\xe7\x0fm(x\xdb\x19\xc3t\
\xfe\xb4\x01\xe2Z\xa5\xb0\xd2\xee\xee\xa2weKWe\
\x8d\xb0r\xd9\x18\xe3\xf35\xbbb\x91\x17\x9fL\x8b\x7f\
\xf6iA<l\xef\x87I\x00\xe0\x81\x9c\xf23M\xf8\
\xad\xa6B\xf7Q_\xc2\xac\xc9\x22|\xec\xad\x81\xbb\xfc\
\xf3\x8a\x87M\xd4lf\xb0\xb5x\xee`\xfbM\x92*\
2\xaa\xe4H\x9c\xf5\xe0r1\x8e\xd5\xa6\xe3-jh\
\xcdmh\x96\xcd\x93\xb7l\xce\xc0e\xb088\x1c\xfa\
~5V+\xb7\xb6\x8c\xdbBV9D\x8a\x15\xcb|\
\xca\xa39\xc6O\xb0?\x85[\xbfh-G\xdbb\xb7\
\x94\xa4\x8a$\x053\xd7\xd0\x9e\xd8\xc68\xaazz\xad\
\xe6\xa0n.c\xdae`\x0b\x9e\x87<\xe3=\xbb~\
t\x01\xd1@\xb6\xd6\xfa\xf8\xb5\x9eIL\x12\xae\xf3(\
\xf9C\x16;\xb3\xf5\x04\x8e\x95S\xc3\xf6\x93]j\xda\
\x9crK\x22][\xee\x0a\xa1\xf0<\xb2H'\xbe8\
<U\xb8\xf4\xc4\xd4m\xe7\xb1k\x84i\xa2m\xe8\xfd\
v\xf3\xc8\xfd\x07\xe5U\xae.\xe4\x17\xf67\x8djQ\
-\xf6\xab\xc8N\x0b(%Alt\xcf\x14\x80\xed\xb4\
\xbdA75\xaaDT\x15\x0c\xceFFN?>\xd5\
\xabu:F\x88UZG\x04!*3\xd7\xads\x91\
^\x09\xcci\x11\xda\x04\xdek\xc8{\x01\x8e?\x10k\
N=F\xd8\xaaN\xb2F\x12V\xc6:\xe3\x92\x07\xeb\
R\xd0\x8a\xf7\x93-\xb4\x97pB\x5cI\xb1g8n\
z\xf4\xcfn*\xe5\x95\xe4\xb72#\x05\x02\x09#\x5c\
\x122s\xces\xfaW-}{qc\xa8\xddy\xa9\
\xe6\xbf\x9a\xb8\x1d\x01L\x16#\xff\x00\x1d\x15Z\xefX\
\x9bF\xb9\x82eD6\xb7W\x0a\xff\x00!\xdd\xb0g\
\x90\x7f\xda\xfa{\xd3\xb0\xcd\x08\xac\xa7K}^Y\x92\
H\xa4\xbc\x9b\xcbDf\xce\x14\xb6\x0f\x03\xa6Ek\xde\
\xb25\xae\x91\x04,\x8a\x82ll=\xc0\x18\xc7\xe7\xc5\
r\xcb\xe2+\xc8u\xe8\xb4\xe9U\xfc\xc6\x9c\xba3&\
\x15\xc6x5\xa9wz\xb7\xfa\x95\xa0\xda\xf0\xbcm$\
\x85\x97\xab\xafL\x0f\xc4\x7f*\x18\x1a\xd2\x8b[\xfdT\
\xda\x22\x09#\xb3\x8f\x04\xe3*\x0e:}i\xba\x05\xe7\
\xdb\xef./0\x8b\x132\xaa\x8c\xf2\xa0\x03\xff\x00\xeb\
\xac8\xef\x8e\x9a\xd7\x16\xf6\xb2=\xd8\x99\xc9\x04\x1c\xba\
18\xc3\xfa\xe0g\xf2\xa9\xfc\xbb\xab\x15\xb5\xb2\xb6\x8d\
\xa4\x9e`3\x22\xb7\x08\xa0\x81\x83\x9fj\x04tvW\
\xc3P\xbe\xb9\xb8\x8d\x95\xad\xd7j\x89\x01\xe38\xe4}\
}j{W\x9ain\x83E\xb66b#f\xfe!\
\xf4\xac\xcb+\xbb(\xeeF\x93hD\x8f\x10\xdd\x22\xa0\
\xce\x1b\xd4\xfe<\xd6\xc4\x13\x16\xb8u\xdaJ\xc6\x9f{\
\xfb\xc6\x90\x16m\xd5Q\x156\x80\x00\xce*]\xaf\xb9\
I=\xfaU\x08\xb7\xfe\xfa\xeaFRY\xc0\x5c\x0ca\
GA\xfc\xebEI\xda\x1b\xa1\xc5 \x1d\x8cFGS\
\x9ei\xe0p8\x15\x10'p\xf7\xa7`\xfa\xd0\x04$\
\x00c\x03\xa1\x15\x8d\xad\xdfX+\xff\x00e]#\x13\
p\x83h\xc1\xc1$\xfa\x8a\xd9\xceQ\x0f\xa75\x89\xac\
\xc1\x1c\xb2\xfd\xaa{r^\xd0\x83\x13\xaf^\x9f\xe3\x9a\
\x00\xe3<Sh\x93xV\xf2\xca\xded\x8c\xb4\x8b(\
S\xc6\xd5\xe3\xe5\x1e\xe6\xb9\xab\xaf\x08\xdaA-\x84\xf1\
\x0f&\xd5\xa6\x08\x92/V\xc7_\xf2k\xaf\xd7\xed\xad\
\xec\x9e\x1dBA,\xb0\xcf wGl(\xeaH\xc1\
\xe9X\xd6W\x97S[\x1b[\x98\x8cVwr\x89\x22\
m\xb8\xc0=\x0e{sV\x86Os\xa7Mot\xfa\
<r\xbc\x85\x0f\x9bn\xb9\x04\xc9\xb9y\xfd?\x95W\
\x82\xc6\xce\xde\xc2R\xc2u\xb7-\x93&\xe3\xf2\xb0\xe0\
\x8fS\xce?\x0a\x8bP\xfb]\x85\xb4p\x86U\xba\xb0\
\x97\xceGv\xcb\xb7\xa2\x8f\xc7'\xf1\xa9\xf4\xcdF+\
X\x1d'\xb7\x94Z\xcc\xaa^YxXf#\x96$\
\xfa\xe6\x98\x10XOqm\xac\xc2-\xc6`\x88\x87\xdc\
\x8b\x93\x81\xd4\x93\xd4\xf1\xc5l\x1bX\xef\xae$\xb1\x9a\
\xe0\xb5\xae\xa8\x0f\x93 \x5c`\xe40'\xe8{{W\
\x17o~t]w\xcfX\xdeT\xf33\x22\x9c\x1f1\
X\x91\x9f\xa78\xfck\xb3\xbe6\xe9\xacZ\xb4\xb2\x9f\
\xb0]\xc6\xad\x01 \x93\x09n;t\xff\x00\xebP\xc0\
\xa5y\x05\xf7\x86\xa6Aq90\xf5\x12/$\x9c\x9e\
\x0f\xa9 u\xe3\xa5_\x17\x8fs\x12\xcb\x04q\xcfl\
\xa0Hdu\xc60w\x11\x92}j\x0b\xad@\xa5\xad\
\xde\x9f\xa8;\x5c]D\xde\x5cq:g\xce_\xefc\
\xd8\x1e\xb5\x06\x89sr\x05\xd3\xde\xaf\xd8\xf4\xe9\xd0\xa1\
\x07\x0aQ\xb1\xd7h\x1d8\xfd)\x01\x99\x7f\xa9Kx\
\xef\xa8\xc7\x1c\x93\x8bbC\xa3\xb0 \xc6x\x18\x03\xdb\
\x8f\xc6\xafxn\xea\xc7\x5c\xb6\x92\x1dELv\xea\xca\
bV~P\xf3\xb7\x9f\xccVA\xd4V\xcbP\x9ak\
\x9f6K[\xc5\xfb;c\xa9\x8b\xa6y=A\xc5W\
}\x16\xff\x00I\xb8\x9ahRY4\xf6\x01\x90\xf5\xde\
\xb8\xe3 \x1e\xa3\x1f\x86)\x81~\xf6\x09\xac/\x9d\xe6\
`\xcdbB+\xa2\xe7;\xb22\xcd\xd3\xa9\xad{y\
\xae#Km.\x19\x96]Bh\xce\xfb\x85m\xc0\x03\
\xce\xd5=\x01\xc195\xc8\x5c\x5c\xe9\xf2^E\xf6\xc9\
\x1c\x00\xd9\x91\x11\x06\xf6\xff\x00g\xae\x075\xa5\xa5\xdd\
\xdeM\x14\xedd#\xb6\xb3w\x08\x1c\xe4\xba\x0e\x99\xcf\
\xe7\xd2\x80:X'\xb3\xf0\xc5\x89\x85JO\x7f4\xd8\
m\xac\x0a\xa3\x1e\xb9?Z\xe9-\xae\x96\xcfF\xdf)\
C~\xe0\xae\x01\xc9\x0cy\x0b\xfd\x7f\x0a\xe7\x1e\x0d?\
D\xba\x82\xde\xca\x03\x7f\xa91>d\xdbITn\xdf\
/\xafJ\xdb\xd3\xda;i\xda\x0dRA%\xe9q>\
\xd2\x01;\xb1\xfc\xbf\xfa\xf5 X\xd3-e\xd0\xf4\xd7\
\x91\xe1S{w&_o\xf0\x8e\x84\xe7\xe9\xcdkM\
\x8bka\x0a\x1c<\xcc3\xdc\x9fl\xd5x\xe4\xfbA\
[\xcb\x89\x0f-\xfb\x98\x09\x00\x91\xd3\x9f\xad\x1az\xb7\
\xcfsx\x02\xcb!\x05T\x1c\xf9c\xa0\x00\xfa\xe0\xd2\
\x11`4\xa6\x5c\xef\xfd\xc4c\x06\x10\x99;\x87\xbdi\
\xc4^HF\xe5\xda\xcc2\x17\xd2\xa9\xabEn\x04!\
\x89\x93$\xa0n\xa7\xde\xb4\x10\xed\x8cd\xe4\xe0d\xf4\
\xa4\x03\x97\x81\x9fN(\x0c1\xd6\x8e\xa0{sO\xf9\
=\x05\x00V\x8f\xe6\x0aq\xd7\x15WQ\x96;x\xc3\
\xc9\x19tf\xda\xf8\xec\x0d\x5c^\x07\x1c\x1a\xcf\xd7<\
\xd6\xb4\xd9\x14{\xd5\x89W\x00\xf6#\x9a\x00\xc2\xbf\x08\
\xd7\x91\xc5x\xbe~\x9ft\xdeY8\x1bW#\x83T\
>\xcfam\x0d\xce\x8b\xa8\xcf\x85\x8c\x0f\x22f\xc2\x85\
\xdd\x9c\x00}\xb1O#\xfb\x1e\x18\xe1$\xdd\xe9\xc4o\
\x5c\x8c\x98\xd8c\x1c\xfbsY\xfa\xda\x9d\x80j1\xa5\
\xc6\x91p\xbb\xc4\xd1p\xd1\x1e\xbb\xbd\x7f\xa5P\xcc\x9d\
GQlCp\x16)e\xb4\xb8\xc4\xcf\x9c\x86\xc0]\
\xa7?\xe7\x8az(\xba\xb7\x96\xe9\xad\xcc\xfa}\xd3l\
\xbbN\x07\x93!`\x01\x03\xd3\xae>\xb4\x1f\x0b\xc5\xa1\
\xda\x09\xae\x19\xe4\xb6w\x13e\x0f\xde\x00\xf5\x1e\x87\x14\
\xa2\xd6\xf7A\x90\xeaz`\xfb~\x8fs(\xf3\xad\xc6\
\x09\xe7\x9eGb\x0f\x7fj`Q\x87F\xb1\xd2\xf5w\
\x83SE\x96\xcaTo&\xe9y\xe81\x9fO\xc3\xd4\
\xfd+J\x0f\xb2\xb6\xa3\x16\x86n\xbf\xe2]$f[\
Y\x88\xea\xd8 \x0c\xf7\x00\xfe9\xaez\xeax\xecL\
\xb2l\x91t\xe7\x9fk\xdbJ\xd91\x83\xcep\xdft\
\xfd(\xd4Vyf\xb4\x8e\xcda\x92\xdaf\xdbo\x22\
d\xf9{\x8e\x0eq\xc0\x1e\xaai\x81z}\x17\xc4m\
\xaf\xb5\xf4\xf1#\xc9\x03b\x19\x0bm\x0e\xa3'i\xf5\
\xae\x86=B\xca\xe2\xe4_\x5c\xa3\xb4\x9eW\xef\xa0c\
\xfb\xb0\x0f\x00\xe3\xd3\x9f\xc2\xb3\x97Z\x95\xecSH\x96\
\xe5VK`q{\x1b\x8d\x84c 7\xa0\xce>\x95\
r\x1b\xfbk\xddr\x1b[\xe8\xfc\xadB\xda5\xf2\xd8\
\xb1\xd9'\x19*{\x1e;\xf4\xa4\x042\xe8\xbarG\
\x14\xd3\xdd\x22i\xbb[\x04\x00\x18\xc8N@9\xf4\xf4\
\xac-SS\xc6\x8bv\x96\xba\xa4\xe6\xd9\x0e\x142\x85\
pH\xe3\xb9\xc8 T\xda\x85\xc5\xde\x9f\xabK\x18\xb0\
\x0a\xe4\xb2\xad\xbb\xe4\xc7\xb5\x81\xe89\xe7\x8a\xe4o-\
\xa31]\xcd\x05\xc9\x80\xc0@kk\x8f\xbe\x09\x00\x1c\
\x0f\xc3\x14\xd0\x19S\xc7q\x1c\x02S\x1b3\x06\x05\xc9\
S\x91\xdb\x1d;\x9a\xed4kMZ=2\xda\xe1\xd8\
\xc1b[k3\x8d\xab\xb8\xe7\x80:\x9e\xa7\xd3\x9a\xa1\
m\xe4\xd9\xe8\xdb&\xb7/\xb9~Y\x0c\xd8\x1b\xb2\x0a\
\xb6;\x1e=\xaa\xf5\xad\xe6\xabw6\x9e\x97V\xcd=\
\xaa(\x92\x18\x03q\x81\xc68\xeb\xd3>\xb4\x01\xd2\xc5\
\xf6\x86\x96#\xa3+\xcbz\xce\x1aI\xe5\x1f3\xe79\
8\xc61\xda\xba{q\x16\x9e&\xb8\xbb\x89o58\
\x22\x06@\xbc\xb7$\xd5]\x02\xf21\xa8N\xe1\x12]\
@\xb9Y<\x9ec\x81\x00\xe0)\xe9\x8f\xa7\xbdX\xbe\
\xbeK{]Q\xed\xd3/\x90\xf2\x5c\x83\xc3c\xb6G\
~\xd8\xf7\xa9\x11\x16\x9fz5\x0b\x88\xf5mB!\x04\
[\x80\xb6\x8f\x8eA<\x12+a\x96\x03}-\xcc\xaa\
\x7fs\x81\x18\x1c\x0c\xfac\xa5ei\xd1\x9dV\x18/\
\xae\xd4Ai\x10\xdb\x0e\xe6\xc1<\xe3>\xc4\xe2\xb4\x99\
\x06\xad5\xbb\xa1u\xb6\x88\x99\x18\x07\xc0c\xe8\xc3\xbf\
\xff\x00Z\x90\x17\xe0\x22@\x92\xbafG\xfb\xa0\x8eW\
\xda\xb5\x0a\xe5s\xdf\x1d+\x1e\xd6%\x9et\x9e\x16m\
\xbd\x19\xba\x02s\xe9[m\x801\xdf\xa5 \x10\x0c\x86\
\xf7<TyjPI~\xbc\x0a\x93*8\xc5\x00W\
Ti\x1d\xc9=\xf8\xa7H\xaa\xca\x01\x1f' \xfb\xd4\
\x8aA.\xde\xf4\xc6q\x92\x0e:\xf1@\x1c^\xb3m\
%\x8b\xdc-\xc4\x06\xe7H\x99r!Le[\x93\xed\
\xf5\xaa\xe9\xa7A\xa6h~|A\xeft\xf9\x13d\x91\
\xb7\xde\x8cz\xfbc\xbdt\x1a\xb43\xcd dO:\
\xd9\xc1Ib$\x8e\x0fR++\xfb.h\xadY\xf4\
\xbb\xa7\x96\xcb\x04\xb5\xac\x9f1<\x82G4\xd0\x18\xfa\
\xa6\xa0\x9aU\x94\x0b\xa7L\x97\x1an\xcc\x10\xeeY\x94\
\x908\xfcj\x9cSO\xe1\xfbI\xaft9M\xcd\x89\
\x0a\xefn\xcb\x90\x09S\x85\x1e\x9c\xfbzUy\xa1\xb6\
\xb3\xd5\xc4\xfa:3\xdf\x8f\x9b\xec\x17\x03\x89\x01<\xed\
\x19\xea\x06EMe\xac\xc9q\xe2\x08b\xd3,R\xda\
]\x84\xc9f\xe4\xec\x95Tt\x00\xe3\x9es\xd3\xb5P\
\x1c\xa5\xecksrn\x5c\xc9'\x9a\x01\xbb\xb6a\x86\
BX\xe3\x1e\xc3\x8c\x1a\xd2\xb0\x87P\xb4\x85u+E\
7VM#?=P`\x83\x91\xd0\x11\x9c\xfe\x15[\
\xc6\x0e$\xd4\xde\xea\xc23k,\x89\x8b\xa8\x08\xdar\
\x0f z\xf6?\x8dE\xe1q\xaa\xc5\x1d\xdcv\x12\x06\
\xb7\x91\x0a\xcb\x1e\xfd\xc17q\xb8\x03\xe9\xc9\xcf\xebL\
e\xcby\x1bJ\x8aE\xba\x829-\xef\x17*\xec\x87\
8\xecx\xcf \x9e~\x95R\x1bI&\xd4-\xed.\
n\xa3[M\xc0\xc7v\x14\xb1Ry\x0b\x9e\xc0\x93\xd0\
\xf4\xae\x86'\xfe\xc9\xd1\xe4\xb2\xd6Q\x8d\xbc\xc3\xcd\x8d\
\xdd?\x88\x8c\xe0c\xb1\xc05\x8a\xda\x8a[\xa2\xf9\x16\
x\x8ax\xc1\x96\x1e\x83x\x1f+\xa7\xbfB;~\x14\
\x01\xbd\xac\xc9q\xa6\xe9I\x16\xa3\xa7\xdb\xea\x11\xa9\xdd\
\x1c\xd1LC\x85\xc7f\xc7n\x0dr\x1f\xda\x16\xd6W\
1\xea0\xc8\xe6K\xa1\xb6H\xae#\x04\xa9\x1dX\xb1\
\xe1\xbe\xbc}+\xa3\xb9\xd4\xaeR\xdd\x1fM\xd4#\x89\
|\xbf\xf8\xf7\x9f\x08rFy\x0d\x90\xc7\x00\xfat\xac\
\xb9\xaf\xef\xb5\xabE\xbf\x7f\x0f\xda\xddC\x1a\xecy\x1a\
\xd8\xe0\xe39`W\x8e(\x10\xe9Z\xfb^\x7f2M\
KL\xf2!Q\x98\xd1\xc2\x07<\x0cg\x1d*]\x0e\
MJ\xe6\x05\xb3\xba\x9e+[\x1eP\xb0\x1d\xb3\xdb\xb9\
\xce\x08\xa7\xe86\xf2\xe9\xf6w\xd2M\xe1\xf8\xa2F\xc9\
\x8d\xe7Lyx\x19\xc7\xcd\xd4\x9a\xd3\xb0\xd3\x1e8,\
\x1a\xc2\x1f\xb5_\x10e\xdd\x82#\x88g\x9c\xf2;\xd2\
\x19\xa5h\xb66\x16\xe2\x18$[KEU{\x87n\
^s\x8e\x80\x03\x9e\x7f\xadhMu\x17\xd8\x22\xb9\xbc\
\xb5\x11i\xaa\xa1\xe2\xb7\x0f\xf3H\xde\xb8\xf4\xe7\xf4\xac\
M1,`\xd6ne\x98-\xfd\xf4\x8f\xf2ZF\x0b\
,Y\xeb\xc9\xea\x01\xfc\xabb\xf2k-.\xfeK\xfd\
N_:\xe5\xd4\x08-@$G\x8f\xff\x00X\xa0E\
\xad7\xed\x97S\xc7\xa8_\x22A\xa7\xc4\xff\x00$l\
\xdbB\x8cu\xc7~\xb5\xae&{\x89\xe4\xfb/\x94m\
T\xe7;\xbe\xf1=\xf8\xac\xf8l\xa6\xbcw\xbd\xd5\xe6\
\xd9j\xa4\x14\x80\x0f\x94\xae:`\x8e\xe6\xb6\x96(\xdd\
<\x88cH!\xc7!F0*@\xb1m\x1e\xd8#\
X\xf8\x0aq\x82*\xee\x0e\xd1\xd79\xa8-\xf6\x85\x0a\
\xad\xbbo\x1djPp\x8eA\xe8z\x9a@\x18\xc3\xb7\
\xbd3\xcb\x90\xf3\xf3sO\x5c\x12i\xde`\xf5\xa0\x08\
P\x16\xc6\x0e\x14\x9c\x9aIF\x1d\x0d=\x7fw\xc1$\
\xe3\xf9\xd3\x1c4\x92\xa9\xc7N\x94\x01\x0c\xf2\xc7c\x10\
\x9ac\x88\xd7\x1b\x89\xe7\x19\xe3\xfa\x8a\xc9\x92)\xa1\xc5\
\xd6\x94\xfeb\x92D\x90\x96\xc0'\xdb\xd2\xb5\xae[\xca\
$H\xa6H\x8eC\x83\xcds\x92\xad\xf6\x9bs\xe7Y\
\xbcGM.\x03B\xeb\xb4\x82\x7f\xbai\x81V\xf2\xd2\
\xcfY\xd5K\xdd\xc4\xb6\x1a\x94\x1bZ\x07\xc8\xdcx\xe3\
'\xbf5\x97x\xe2v\x85\xf5\xcd\xb6W\xf0M\xfb\x9b\
\x88c?8\xdb\x8d\xc7\x1cb\xb6\xd7P\xb0\xf1\x09H\
L\xa9\xb8\xb8\xe9\x8c\xabd\xfc\xa4\xfe\x15\x8d\xa9\xe9\xd7\
zM\xac\xee\xd1-\xf4\x08\xdb\xc2\x5c6\xe2\x8a\x09\xe1\
{\xf4\xe9L\x0c\xadj\xcd\xee\xaf-b\xd4\x99Vf\
r\x91\xea\x11\x9c\xab\xe3\xa8n=?\x9dKq\xa0\xe9\
\xb6Z\x8f\xdbe\x12XF\x0b*I\x0bn\x8c\x9c\xf1\
\xdb#\x9e\xc3\x8a\xe8u\x09-m\xec`\xba\xb4\x80]\
@\x18\x06\xb5\xce]7\x0ep3\xc7c\x5cc\xdc\xb5\
\xe2\xc5m\xa6N\xd3\x22\xb3M-\x8d\xc99\x0c\x09;\
w\x02=\x87\x1e\xd4\xc0\x8e\xf2\xe2\xfb\xc47\xf0\xdbM\
\x22\x5c\x8bs\x93\x127\xcd*d\xf2\x07\x1f\x97^j\
\xd7\x86tt\x97P\x86w0\xdcH\xf2\x01-\xab\x82\
\x92A\x83\xd0g \x801\xd3\xd0T\x83J\xd2\xd6\xe2\
\xd69|\xfd2\xfeQ\xb6RNH=F\x099\x03\
\xa8\xcdW\x9e\xc3R\xd2u\xb3{{%\xc4\xcb\xf34\
\x13\xda\x95\xcbc\xeb\xc1\xe3>\xe4\xd03c\xc6v\x91\
\x1b;\x8b\x88\xde;\x94\x11+\x22\x96\x01\xe3S\xf7\x89\
\xcf'8?J\xe5\xfc;\xa7\xc1<\xefe2^[\
ZK\x19\x99@P\xe7\x18\xc6s\xc7\xa1\xed]M\xb5\
\x96\xa5\xad\xa3K|\x90\xdf\xdb\xa4`\xa3\xc0B\xb3\x8f\
BG#\xaepz\xd5k\x14\xd3\xf4\xddf\x14\xcd\xd5\
\xa3o\x05c\x94\x1c\xbes\x81\xb9OL\xe7\xb7j\x04\
jIn\xb7\xe2\xc6\xd2\x1b{\xbb\xa8L\x8b'\x9br\
p\xa8\xa0s\x91\xf4\xed\xc5G\x1c\xfa`\xd3\xc4R\xea\
\xcc\xb9f\xfd\xcd\xb2\xe0\x93\xd8~\x83\xadnM\xab\xa5\
\x84\x129\xd4\xa2y\x08,\xb1\xb1=\xf1\xd0\x01\xfd;\
\xd7=\xe1\x88\xd7P\xbb\x91\xe7p\x91\x19\x9b\xcb\x0b\x0e\
3\xd0\xfd\xecz\x9cu\xa4\x01e\x1c\xdam\xc4\xcfk\
h\xd6\xb6\xd2\x12^y\xbey\x9f'\xa0\x03\xa7j\xd6\
\x1aE\x94\xf7\x96\x97\xd71n\xd4\x0a\xfc\x91\xe7\x93\x8e\
w7\xa7o\xce\xb6\x85\xa0i\x8b[\x08\xda\xe5\x94!\
\x98\x8c\x85\x1e\xb8\xfaU\x98\xe0\x86\xdaI^\x18\x8c\x93\
\xb6I\x98\xe3\x93\xe8\x0f\xe1\xd2\x80\x1cm\x8c\xca\x1e\xe9\
U\x98\x1f\x91\x07Oj\xb2\x88\xc6?2W\xdaH\xce\
\x0f@*\x9cs0\x9d!f\x1et\x87v\x14\xe4\x80\
\x07z\x96\xf0\xdc6c\x89\x95q\x8f\x9c\x8c\x80=)\
\x01j'@\xc4G\xc8\xee{T\xa8r\x1b\x8e:f\
\xa8\xdaG\x14R\x22/rO-\x9c\xf1\xce+H\x0d\
\xa0.3\x93H\x06\xa2\xf4'\xe9N\xda=\xe9H\xf5\
\xe0f\x93+\xeah\x02\x22KM\xc7N\x99\xa7\xb3\xaa\
\x92?\xba9\xa6\xa8\xed\xe9\xcd9\xd7v\xe2q@\x1c\
\xc6\xb3\xe2)4\xcdV\x18g\x8a#\x04\xb2\x04$7\
\xcc\x80\xff\x00\x11\xf6\xaecS7\xde\x1f\xd7\xa4\xd4m\
\xae\xe6\xb8\xb3\x0a\xa6h\xcb\x02\x026pq\xd4\x90E\
t\xbe$\x9bG\xbc\x89\xec\xf5\x09<\xb5M\xae\xcd\x8e\
\xd9\xe3\xf0\xcdy\xbd\xc6\xae\x9a,\x92\xc6 \x8fP\xb6\
\xb8a\x14W2\xbf\xdd\x19#\xae8\xc1\x15H\x0aQ\
\xba\xcfy$\x91\xceK\x5c+M\x10I6\xaa0?\
x(\xef\xd7\x15\xe9\xbaz\x1dCA\xb3[\xc9\xb1v\
\xd1\x87\x8d\xf7`\x12:\x0e\x7f\x91\xaf\x0f\x92\xce\xe2(\
\xa5\xbe\x8aY\xa3\x8fqU\x9e%\xc8\x19$c?^\
\x95\xd3\xf8K\xc7\x92Ce\x0e\x9b\xad&\xed\x84\x94f\
\x1d{\x02\x09\xef\xd6\xa9\x81\xe8\xd7\x16\x11\xde\xbb_&\
\xfbk\xe8\x03)X\xc8\x06V\x03\xf0\xcfj\xe3m\xf4\
\xab\x0dn\xd8\xc6\xc8\xfaf\xa9\x02\xa99\xca\x87rA\
8'\xbf\xa9\x15\xdd\xfd\xb2\x0dCF\x05\xd8\xc5!\xcb\
$\x84}\xdfs\x8faQ\xc9e\xa7^[\xc3\x05\xf4\
Y\x95\x81\x11\xdc/\xafbH\xef\xcdH\x1c\xf6\xa1u\
i\x0d\xe2Yx\x86\xc7\xcddC\x14wJ\xb9v\x00\
\x03\xc8\xee:\xd3m\xe0\x90\x08\xac\xb4\x8b\xbf\xb7i\x8a\
\xfel\x91\xe4\x09\x22\xc7$`\xe0\x8e\xfc\x0fZ\xd1}\
#[\xb1uf\xfb>\xa7lI\x1f\xbc\x07tk\xec\
z\xd3\xb4\xaf\x0e\xd9\xd8\xdf\x8dB\xc2+\x9bk\xb9\x01\
\xc8\x95\xf2\xa3<\xfe\xb4\x5c\x05\xbc\xd3\xa2\x8e\xf29\xf4\
\xe9e\xb5q\x0b\x05O,\xa8F\xe3\x92{\xfd9\xeb\
P\xdexr\xebY\xb6\x8a\xf6\xea\xee\xd1\xa6H6<\
\xbe^\xe2\x18z\x15\xc1\xeek]\xc6\xa81\x0d\xfd\xb8\
\x95NG\x9d\x10\xf9\x8f=I\xed\xc7nk\xa3\x8a(\
\xcd\xb9\xd8\x8b\xd3\x1c\x8e\xb4\x9b\x03\x0bD\xb7\x16q\xb5\
\xa34\x0e@\x18\x7f,\x86 \x8e\xa4\x9e\xa75z\xee\
\xd2\x0f:9e\x95\x9f\xcbC\x95R{\xf4\xc6:t\
\xa9\x9e(\xda\x12\xef'\xce\xff\x00(1\x8eW5q\
Q<\xa0\xa0\x001\xceG&\x80(\xc7`\xcb\x00\x89\
$t\x84q\xd7,\xdc\xf75:DV\xd3\xcb\xd8A\
Q\xc3g\x1e\xd4\xdb\x8b\xc8-\xad\xe5\x05\xc8#s\xe7\
\x19\x0b\xdf5\xe5^0\xf8\x9b\xa8\xe9wMeh\x8a\
L\xb0\xa9V)\xca\xe4\xf5\xce~\xbd\xa8\x03\xd0_R\
\xd3\xf4\xb3#\x89Vk\xa4L\x90\x84;\x90;{\x9f\
j\xe1#\xbc\xbe\xf16\xbbt5k\xc9lt\xd5A\
$\x11\xb9\x0a\xad\x83\x8c\x11\xeb\xed^Y\x0e\xbd\x7fm\
xn\xa6\x9au\x92G\xf3\x09F\xe1\x87<b\xbd\x03\
G\x9a_\x11\xdc[\xddjq\x94\xb0\x88\x04>R\x80\
P\x90ybH\xc0\xe3=\xf3T\x90\xecw6:\xbb\
\x1d^\xd6\x1d\x12\xda[\xbbT\x05'\xb8v\x01Gp\
\x14\x13\xd7\xd7\x8e\xc2\xbb\xa4\xe1Fz\xe35\xcci7\
v\x16\xd3Ei\xa7\xc5;@\x17\x19\xd8\x02g\xaf\x07\
\xb9\xe6\xba`\x0b\x14\xcerV\xa5\x88\x19\x81\x00\xf5\xc5\
(~:\x0f\xca\x9c\x14\x02\xc0\xd4E\x9f<\x0a@7\
\x9c\x1e\x7f\x8b\x9f\xa59\xf9V\xc9\xe3\x19\xa6\xae\xd5;\
G\xcc{\x9a$l\x15E\xef\xde\x808\xa9\xaft\xed\
~\xd2k\xa3n\x8c\xb6\xb2\xb3\xb8g!\x94'N=\
\xeb\x9d\xd44\x0b\x0bX./ \xbfG\xd2\x19\x04\xbf\
gv\xfb\x8c\xc7\x91\xe9\xf9\xf3V\xfcA\xa3k6\x1a\
\xb6\xad.\x9ffn-\xaf\xe1)\xb3\xcc\x03i\xcex\
\x07\xd7\x9f\xce\xb8\xbf\x03x\x8e\xf2\xdd\xb5\x0bmB\xc5\
\xeet\xa7|\xddI\x8ea#<{\xd5!\x99\xf7\x92\
6\x990\xb0\xd3\xe7k\xbd>\xe6\x12\xb2\x8f,|\xa4\
s\xc1\xe9\x91\x8c\xe7\xd2\xb0\xc4\x1ff\x82\xf1.\x8b4\
ETG&\xcf\x98\x1c\x8f\xca\xbdo\xfbR\xde\xc6\xd4\
\xa46v\xd7vsI\xbe&\xdaCE\xe9\x91\xd4\xe0\
~\x1d\xab\x9d\xd455\x83\xc4\x10\xcfco\x09\xb6\x90\
\x04\x9d\x0a\x82\x81@\xeeOZ\xa09-\x1b\xc5\xf7\xba\
\x5c\xb2C5\xdc\xd2[\x85\x00\xee\xf9\x94\xae;\x8a\xd9\
\xd0~(\xdd\xdaHm\xfe\xc8\xb3G&|\xb1\xc9(\
;\x0eOaYZ\xa6\x95\xfd\x9ds&\xa0\x91\x8f\xb1\
\x5c\xf4+\xd39\xec=+\x9em)\xe2\xba\x86[)\
\xf7\x96P\xe0\xe0\x0e\x0f\xa6O\xa7\xd2\x90X\xfa'\xc3\
~1\xd2/t\x8f5.\xe3\x03v$BrT\xf5\
5\xd2\xcd5\xb9O3\x86F\x03c/!\xb3\xd2\xbe\
j\xd3\xf5\x0f\xb3\xdaIkq\x07\xd9\xae'e\x02b\
0\x0a\x8e\xa0\xfeb\xb54\x9f\x13\xea\xf6\x1a\x84\xd3G\
t\xf7\xb0\xc6\x09)\x1f\x1c\xf4Q\xc8\xe7\xb5\x16\x15\x8f\
\xa3T\x80\xdfxm\xc7~\xd5\x0cY\xf9\xa3\xdb\xc6A\
\x0a+\xcat/\x13\xeb\xfa\xed\xe5\x95\xc5\xbe\xd93\xfb\
\xa9c#\x07\x8eK0\xe8\xbc\xe3\x07\xde\xbb\x9d\x1e\xfe\
\xf9.'\xb5\xbf\x8d\x16\xef\xcc\xf9\x0a\xb0?!\xe7\x9f\
~\xbf\x95K@t\x8d\x16\xc6\x025\xc0\xeb\x9a\xae\xc1\
\xe53m~\x87h\x03\xd6\xa4P\xdbWt\x87\xcc\xc7\
#\xd7\x8a\x99\x11\x8b.zw4\x80\xa30o\xb4G\
\x08\xb6\xdc\xae\xa5\xa4\x90\x8e=1\xfc\xeb\x97\x87H\x82\
'\xba\x96\xf6\xd8\xcf\x15\xbe\xe8\xa2\xdf\x12\xe7a?\xc3\
\x81\xd3\x93\xf9Wtpz\x0e\xf5\x03\xda\xa9\x91\x1f\x9d\
\xcb\x9e\x01\xa0.p\x1a\xc7\x87|7\xa3\xda\xcd\xac\xbe\
\x93\x15\xca/;\x02\xff\x00\x06\xd0\x00\xc1\xf7\xfeu\xe5\
\xfat\x97\xd2\xbcnQ\xa2\x82\x22L\x91\xbeG\x04\x10\
\xbc\x0e\xa3\x9c\x0f\xa8\xafq\xf1\x96\x81&\xaf\xe1[\xdb\
hU\x16`\xa5\xe1$\xe3\x07\xaf^\xd5\xe5\x97\x9a\x16\
\xa1\xe1]:+\x8dJ(.W~\xc6f\x94\xe7\x1c\
m\xe3\xbd\x5cX\xce\xe7\xc1\xf7\xd7:\xac\xb6\x8d\xf6v\
\x82\x0bt#j\x0f\x94\xb0\xe0\xb1$u\xed\xf8W\xa1\
d)'\xd3\xa5y\xcf\x82u\xfb\xfb\xe9\x22\xb0\x8a\xd1\
\x22\xb4\x19\x94\xcb\xb4\xfc\xea}=9\x15\xe8nFx\
=j^\xe2\x1a$,I\x1d\x7f\xa58[\xfc\xa3%\
\xb3\xf5\xa6\xae\x15\x94\x8f\xc6\xa4\xcf\xbf\xebH\x06\x007\
p8\xa8\xf8f-\xd8~\xb4\x8e\xfb\x18\xe4\xe4\xe7\x1c\
R\x8c\x85\x07\x1c\x01\x80(\x03\x87\xf8\x83\xe2\x05\xd1\xad\
\x95\xee,dugU\x86x\xcf*\x09\x1b\x8f^\xb8\
\xcdr\x16\xbe\x16[\x0f\xb5\xcb\xa2\xdd\xbc\xff\x00m\x8c\
JD\xa7\x19\xcew \x1d:\x10y\x15\xd6\xeaz\x8c\
)\xe2cg\xaeB\x86\xdaB#\x84\xc82\x8b\xbb8\
>\xc4\xf4\xcf\xad'\x88\xbc9is-\xb6\xa5f\xe6\
1\x01\x044c8\xe3\x83\x8cs\xe9\x9a\xa4\x07%e\
q-\xaa-\xccC\xca\xd4\xcf\xcem\x98\x0d\xa7\x920\
=\x07\x18\xc5a_[\xbaj\x22\xd2\xed\x96,\xc8^\
e\x07=y\xe3\x1d;\xf1\x9a\xde:\x82\xc2\xa8\x9a\x95\
\x8b\xa3*\xb3\xa5\xe1o\xde`1<\x8e\xe0\x13\xd0\xf5\
\xac3\x01\x8aH\xb5+8\xff\x00\xb44\xf6l\xc8\xe4\
\xe6U$c\x0c3\xc8\xe7\x1f\x95P\xc6\xa5\x84\xda\xb5\
\xdc\xb6\xfaM\xfa\xbd\xb6r\xebq\x8e\x10\x00s\x8f\xad\
s\xcf\xe1\x1dBx`\xb8\x8a)CH\xdbDj\xa7\
\xee\xfa\xe0v\xad8.,\xf4\xedc\x12Ew\x04\xed\
\xba#\x18P\x03\x9cg,\x0fnk\xb6\xb5\xb0\xbb\xb5\
\x96\xcfZ\xd1\xe6mB\x00\xc6\xdaU9\xdc\xb1\x9e\x0e\
O\x1c\xafo\xc2\x86\x07;\xe2\x1b8\xb4\xe1c\x0d\xb6\
\x9f\xe7\x0f'3\xa4\xad\xd1\xf1\x8c\x8ex\x18\xae{B\
\xd1\x97P\xf1/\xd8mne\xb6&L\x0d\xa3\x9e\x06\
O\xe1\xc6k\xb7\x829uf\x93J6R\xdb\xa0\x91\
\xa4\x9a\xf1\x07\x99\x8e\x08\xc0\xe3 b\xaf\xe9\xba%\xbc\
\xdaE\xea\xd8*Ou\x0b\x14\xb6\xbe\x84\xe1\xdd\xbe\xf1\
$\x8e1\xce)\x01\x7f\xc2zr\xf8rY\xa6\xd4\xc0\
\xb6d\xca\x09\x8eG\x99\xdf\xa0\xe3\xb1\x1f\x95v\x03C\
\xb2\x92\xf6;\xf9\x092\x83\xb9\x00;F}H\xef\xf8\
\xd5[\x1d/U\x8fF\xb4MBu\x9a@\xca\x5c\x15\
\xec;g\xb9\xcfz\xe8\xa3T|s\xc63\xf4\xa9l\
B\xacd\xb7\x98\xd9#\x1d*x\xf2\xe9\xe9\x9f\xd0R\
)\xdc3\xfc=\x05\x22\x12\xb8^\x83\x19\x06\x90\x0e\x0c\
\x15\xc7\xb9\xe3\xebN\x07\x96\xfc\xaa>\xac\xac?\xfdU\
 <\xe0}h\x01\xb2\x82\xc9\xeex\x15\x87\xe2\x1d\x0a\
\xdf[\x8d \x94\xb0h\xd0\xbcx\x03\x1b\xc60O\xd3\
\xd3\xa5n9l\x00\xbe\xbcR`o'\xb7J\x00\xcd\
\xd0\xb4\xcf\xb1\xd9 \x9dc\x13l\x0a\xc61\x85\x03\xd0\
\x0e\xc3\x8a\xd2e\xe0\x0ct\xef@\xc8,s\x93\xd6\xa4\
e\xcaP\x03#P\x0f?CR\xf08\xdbQ\xfd\xd4\
\x1e\xb5 \xc6\x07Z\x00\xa4\x10\x19\x88<\xe3\xaf\xb5I\
\xb8*\xb7\xa8\xa6\xbb\x08\x83\xb1\xeaO4\x80e2:\
\xff\x00Z\x00\xc7\xf1\x06\x87\x1e\xb1l\x17+\xbfph\
\xf7.B\xba\x9c\xa9\xfc\xeb\x9d\x09\xaf\xe9\xf7r\xe9\xf0\
I\xf6\x80\xc0\xccY\xd7j\xa0=\x15O<\x03\xfe\x15\
\xdd(\xe1@=\x0f'\xd6\xa1\x96\x18\xd7z\xc66\x9e\
\xa5\xc7Q@\x1c&\xb5\xa2\xdd\xdc\xda\x22\xc9mo+\
\x08\xbf\xd2T\xa8\xcb\xe3'\x8f\xa8\xf7\xa8\xbc;\xa0Y\
A7\xdbt\xabR\x1cD\xf1\xb4R\x06\x01\x5c\x9c\xf4\
<~U\xdc\x9b(\x9d\xe5\x97j\x99\xa4]\xae\xcc3\
\xf2\xfaU\x88bXceD^\xfct\x14\xee\x178\
\x8b\xed*\xce\xf2\xe2\xde\x1b\xcd29\x1a\xe2\x12e\x9a\
8\xb9Y\x01\x03\x04\xfaq\xfaV\xdd\xa6\x93c\xa4\xc4\
\xba]\x92\xa4j\xc3;\x17\xb3\x0es\xd6\xb5\x0aH^\
1\x0e\xc4@N\xf0\xc0\x93\xd7'\x153\xc6\x92]$\
\xca>x\xf3\x83\x8fQH.@\xbaM\xb2J\xd7\x0b\
\x18\x8ewP\x85\xd7\xa9\x1e\x95^-\x07O\xd3\xae\x1a\
h\x90\xab\xc8\xc4\x95S\x81\xcf\xb0\xebZ\xc1\xf79\xc7\
n\xb4\x92\xaf\x9c\xcb\x95\xc7=\xe8\x0b\x8c\xf2\x1d\xc0e\
|\x1c\xf4#\x22\xa5X\xc6G=\xb1\x8ar\xb9-\x22\
\xe3\xee\x9e)\x03\x12H\xee\x06M\x02$\x04, d\
{\x9ak0f\x0b\xe9K\x0cd\xa1\xdd\xebH\x8a6\
\x96<\xd00V\xc7\xcb\xed\xd2\xa6\x0b\x81\x83\xf4\xa8\xb3\
\xc8'\xb9\xa97d\xfe\x14\x00\xae@\x04\x03\xd0Sr\
\xbd;S\x1c\xfc\xf8\xf6\x19\xa7m\xcb\x83\xed\xc5\x00\x0a\
\xd9<\x01\xc9\xe7\xe9O' \xa8\xfaTa@\xce9\
'\xa9\xa9\x10\x0cr2h\x025\xfb\xd8#\xa74\xc2\
NO4\xf4#{\xb1\xe9\x8f\xd2\xa0!\x89$\x01\xcd\
\x00\x7f\xff\xd9\x00\xff\xe1\x0cuhttp://\
ns.adobe.com/xap\
/1.0/\x00<?xpacket \
begin=\x22\xef\xbb\xbf\x22 id=\x22\
W5M0MpCehiHzreSz\
NTczkc9d\x22?> <x:x\
mpmeta xmlns:x=\x22\
adobe:ns:meta/\x22 \
x:xmptk=\x22XMP Cor\
e 4.4.0-Exiv2\x22> \
<rdf:RDF xmlns:r\
df=\x22http://www.w\
3.org/1999/02/22\
-rdf-syntax-ns#\x22\
> <rdf:Descripti\
on rdf:about=\x22\x22 \
xmlns:xmpMM=\x22htt\
p://ns.adobe.com\
/xap/1.0/mm/\x22 xm\
lns:stEvt=\x22http:\
//ns.adobe.com/x\
ap/1.0/sType/Res\
ourceEvent#\x22 xml\
ns:dc=\x22http://pu\
rl.org/dc/elemen\
ts/1.1/\x22 xmlns:G\
IMP=\x22http://www.\
gimp.org/xmp/\x22 x\
mlns:xmp=\x22http:/\
/ns.adobe.com/xa\
p/1.0/\x22 xmpMM:Do\
cumentID=\x22gimp:d\
ocid:gimp:7ecb2b\
17-70bd-491d-832\
d-989fde614a28\x22 \
xmpMM:InstanceID\
=\x22xmp.iid:de33ad\
c7-57d7-47b4-b14\
1-7294bbbb25e0\x22 \
xmpMM:OriginalDo\
cumentID=\x22xmp.di\
d:7c4f74b0-925e-\
4d38-bf2b-333ef5\
94b19e\x22 dc:Forma\
t=\x22image/jpeg\x22 G\
IMP:API=\x222.0\x22 GI\
MP:Platform=\x22Win\
dows\x22 GIMP:TimeS\
tamp=\x221647430949\
467688\x22 GIMP:Ver\
sion=\x222.10.30\x22 x\
mp:CreatorTool=\x22\
GIMP 2.10\x22> <xmp\
MM:History> <rdf\
:Seq> <rdf:li st\
Evt:action=\x22save\
d\x22 stEvt:changed\
=\x22/\x22 stEvt:insta\
nceID=\x22xmp.iid:c\
dc7cb84-9151-474\
6-af9f-8f1ffbbc0\
57a\x22 stEvt:softw\
areAgent=\x22Gimp 2\
.10 (Windows)\x22 s\
tEvt:when=\x222022-\
03-16T12:42:29\x22/\
> </rdf:Seq> </x\
mpMM:History> </\
rdf:Description>\
 </rdf:RDF> </x:\
xmpmeta>        \
                \
                \
                \
                \
                \
                \
                \
                \
                \
                \
                \
                \
                \
                \
                \
                \
                \
                \
                \
                \
                \
                \
                \
                \
                \
                \
                \
                \
                \
                \
                \
                \
                \
                \
                \
                \
                \
                \
                \
                \
                \
                \
                \
                \
                \
                \
                \
                \
                \
                \
                \
                \
                \
                \
                \
                \
                \
                \
                \
                \
                \
                \
                \
                \
                \
                \
                \
                \
                \
                \
                \
                \
                \
                \
                \
                \
                \
                \
                \
                \
                \
                \
                \
                \
                \
                \
                \
                \
                \
                \
                \
                \
                \
                \
                \
                \
                \
                \
                \
                \
                \
                \
                \
                \
                \
                \
                \
                \
                \
                \
                \
                \
                \
                \
                \
                \
                \
                \
                \
                \
                \
                \
                \
                \
                \
                \
                \
         <?xpack\
et end=\x22w\x22?>\xff\xe2\x02\xb0\
ICC_PROFILE\x00\x01\x01\x00\x00\
\x02\xa0lcms\x040\x00\x00mntrRG\
B XYZ \x07\xe6\x00\x03\x00\x10\x00\x0b\x00)\
\x00\x12acspMSFT\x00\x00\x00\x00\x00\x00\
\x00\x00\x00\x00\x00\x00\x00\x00\x00\x00\x00\x00\x00\x00\x00\x00\
\x00\x00\x00\x00\xf6\xd6\x00\x01\x00\x00\x00\x00\xd3-lc\
ms\x00\x00\x00\x00\x00\x00\x00\x00\x00\x00\x00\x00\x00\x00\
\x00\x00\x00\x00\x00\x00\x00\x00\x00\x00\x00\x00\x00\x00\x00\x00\
\x00\x00\x00\x00\x00\x00\x00\x00\x00\x00\x00\x00\x00\x00\x00\x00\
\x00\x0ddesc\x00\x00\x01 \x00\x00\x00@cp\
rt\x00\x00\x01`\x00\x00\x006wtpt\x00\x00\
\x01\x98\x00\x00\x00\x14chad\x00\x00\x01\xac\x00\x00\
\x00,rXYZ\x00\x00\x01\xd8\x00\x00\x00\x14bX\
YZ\x00\x00\x01\xec\x00\x00\x00\x14gXYZ\x00\x00\
\x02\x00\x00\x00\x00\x14rTRC\x00\x00\x02\x14\x00\x00\
\x00 gTRC\x00\x00\x02\x14\x00\x00\x00 bT\
RC\x00\x00\x02\x14\x00\x00\x00 chrm\x00\x00\
\x024\x00\x00\x00$dmnd\x00\x00\x02X\x00\x00\
\x00$dmdd\x00\x00\x02|\x00\x00\x00$ml\
uc\x00\x00\x00\x00\x00\x00\x00\x01\x00\x00\x00\x0cen\
US\x00\x00\x00$\x00\x00\x00\x1c\x00G\x00I\x00M\
\x00P\x00 \x00b\x00u\x00i\x00l\x00t\x00-\
\x00i\x00n\x00 \x00s\x00R\x00G\x00Bml\
uc\x00\x00\x00\x00\x00\x00\x00\x01\x00\x00\x00\x0cen\
US\x00\x00\x00\x1a\x00\x00\x00\x1c\x00P\x00u\x00b\
\x00l\x00i\x00c\x00 \x00D\x00o\x00m\x00a\
\x00i\x00n\x00\x00XYZ \x00\x00\x00\x00\x00\x00\
\xf6\xd6\x00\x01\x00\x00\x00\x00\xd3-sf32\x00\x00\
\x00\x00\x00\x01\x0cB\x00\x00\x05\xde\xff\xff\xf3%\x00\x00\
\x07\x93\x00\x00\xfd\x90\xff\xff\xfb\xa1\xff\xff\xfd\xa2\x00\x00\
\x03\xdc\x00\x00\xc0nXYZ \x00\x00\x00\x00\x00\x00\
o\xa0\x00\x008\xf5\x00\x00\x03\x90XYZ \x00\x00\
\x00\x00\x00\x00$\x9f\x00\x00\x0f\x84\x00\x00\xb6\xc4XY\
Z \x00\x00\x00\x00\x00\x00b\x97\x00\x00\xb7\x87\x00\x00\
\x18\xd9para\x00\x00\x00\x00\x00\x03\x00\x00\x00\x02\
ff\x00\x00\xf2\xa7\x00\x00\x0dY\x00\x00\x13\xd0\x00\x00\
\x0a[chrm\x00\x00\x00\x00\x00\x03\x00\x00\x00\x00\
\xa3\xd7\x00\x00T|\x00\x00L\xcd\x00\x00\x99\x9a\x00\x00\
&g\x00\x00\x0f\x5cmluc\x00\x00\x00\x00\x00\x00\
\x00\x01\x00\x00\x00\x0cenUS\x00\x00\x00\x08\x00\x00\
\x00\x1c\x00G\x00I\x00M\x00Pmluc\x00\x00\
\x00\x00\x00\x00\x00\x01\x00\x00\x00\x0cenUS\x00\x00\
\x00\x08\x00\x00\x00\x1c\x00s\x00R\x00G\x00B\xff\xdb\
\x00C\x00\x03\x02\x02\x02\x02\x02\x03\x02\x02\x02\x03\x03\x03\
\x03\x04\x06\x04\x04\x04\x04\x04\x08\x06\x06\x05\x06\x09\x08\x0a\
\x0a\x09\x08\x09\x09\x0a\x0c\x0f\x0c\x0a\x0b\x0e\x0b\x09\x09\x0d\
\x11\x0d\x0e\x0f\x10\x10\x11\x10\x0a\x0c\x12\x13\x12\x10\x13\x0f\
\x10\x10\x10\xff\xdb\x00C\x01\x03\x03\x03\x04\x03\x04\x08\x04\
\x04\x08\x10\x0b\x09\x0b\x10\x10\x10\x10\x10\x10\x10\x10\x10\x10\
\x10\x10\x10\x10\x10\x10\x10\x10\x10\x10\x10\x10\x10\x10\x10\x10\
\x10\x10\x10\x10\x10\x10\x10\x10\x10\x10\x10\x10\x10\x10\x10\x10\
\x10\x10\x10\x10\x10\x10\x10\x10\xff\xc2\x00\x11\x08\x01,\x00\
\xc8\x03\x01\x11\x00\x02\x11\x01\x03\x11\x01\xff\xc4\x00\x1c\x00\
\x00\x01\x05\x01\x01\x01\x00\x00\x00\x00\x00\x00\x00\x00\x00\x00\
\x05\x02\x03\x04\x06\x07\x01\x00\x08\xff\xc4\x00\x18\x01\x01\x01\
\x01\x01\x01\x00\x00\x00\x00\x00\x00\x00\x00\x00\x00\x00\x00\x01\
\x02\x03\x04\xff\xda\x00\x0c\x03\x01\x00\x02\x10\x03\x10\x00\x00\
\x01\xfaK\x1a@\xe1\xd1\x10\xd8\xed \x16\xb2I\x12I\
\xb1\x0a\xe2&T\x0a:0\xabOWN\xc2\xe9\x88X\
\x81\xcaP\xda\x85*\xba\xd0;j} \xe9my\x9a\
O9bg\xd0\x8a\x9cz\x10 ~\xbc(\x8d\x0f\xd4\
Ie\xd8\x83\xa8\x89iZ\xd6-\xda\xb2B \x8c\x10\
\x8f\xaa8\xe4\xaa7\x9aJ\xc2\x08\xcc\xa9\x1e\xa4\x08\x85\
\xd3p\xa3\xc7\xa9\xa8U \xf9\xc7\xafJ\xa6\xe3\x08:\
X\xf1\x1a\xb7\x8cgH\xc0\x8c<&\x93\x13\xd1\xc8p\
r\xc8\xf2\xbbI9+\xb60tL\x0e\xb7\x01\xef\xa0\
\xbaW\xd1\xb9D@\xec\xbe\x9b\xcc\xb9I\x11_\x91\xe5\
zB)<}\x14F\x9a\x91cp\xbb:\xac\x9e\x06\
\xaf\xce=\xb6a3\x8b9h\xcc\xc6\x16\x12n\xd9^\
e\xb0L=(\xb2a\x19I\xa1\xdc\xc7\xab\x82\x84\xc3\
\xb4\x91\x03QJ\xde\xb1\xee\x97\x96R\xed\x09\x1d\x90\xd9\
\x9da\xf4\x96\xa5\xae[6d\xd8Z\x0eY\x83\xe1)\
&\x0a\x1dH\xf2\xbdM\x9c\x8eV\x1d\xd3\xa5\x03\xa4\x0b\
\x11d\x82\x0b7\x89(\x87\xd1\x98z\xa0\x1d\xcd<\x90\
\xaa*\xae\x0b\xc8fI\x16qcD\xaa@\xdcp\xc4\
{o\x22\xd0]\x8eE\xba(YmT\xb8\xbfH>\
\xd3\x99\x90%-\xa8\xb8r9R3I\xb3*\x149\
J\x10G\x87+\xe6\xee\xdd3\x9b\x1a\xb2DN\x81\xf9\
\x97%\xd4\x91m8\xcd\x9b(\xa7\x0f\x0e\x92\xd1\xf9d\
HY:\xa8\x1cD\xab1\xe3\xe7.\xdb\xcf5!\xd8\
\xdc\xb3\xe3C,\xf2EY\xe1X5\x98=L\xb2\xf8\
\x22\xbc\xbe\xcd?2|Y\xe1b\x04\xa4ypn\xfb\
\xcf\xb5\x07I\xa1\xe5B[\xad\x8e\xaa2=a\xd8\xb3\
\xc8\x89WS\xa09:I\x81\x18*\x898\xab\x10!\
*\x8da~\x8bV\x83\x92Z\xc5\xcbT\xd4\x83*\x8d\
\x8d\x96\xf9\xdb\xd4\x90\xa5#\xa8\x12\xd7\xf2\x8dFs&\
\x84\x11\xc3\x83\x82F\x8a\xcb_7v\xa2\xf5\x1b\xca\xcb\
V\xa8\xb1e\xc8\xb5\xa0e\xb8\xc8\x98\x87Cj:\xce\
\xcaxU\x99\xd1\xc5u\x1dT\x8aH\xa5r\xeb\xe7^\
\xd6\x9c\x862\xbb\xe8r\x0d\xe6\xcd\x92\xe3\x99\xd4q]\
AmB@\xebmN\x93\xd2\x22\xcf\x8e\x05\x13\x8b\xc1\
\xa4\x8d/\xc9}\xb4\xed\x895\x04\x06\xb3%)&\x8d\
\x88ZH\xd6\xc2\xa0\xf2\xf6\xc2p\xa1B\xc6\x22\xc0\x9e\
YI\xe3\x8a\xda\x0e\x97\xe7.\xdan\xc91#I\xd2\
5\x9b.\xb4^kl\xc8\x9bb\xd96*\xd7ER\
$\xbc\x0d\xa4\xd2T\x8e\x13\x04\x0e\x0d\x15\xf9s.\x97\
4\xda\xe8D\xa0\x85\xda\x22E\xdb+6s\x22Z\x9e\
\xd33Us%k\xd2\xcb\xb2xB&\xc1$\x97\x0b\
\xa5\x11!\xa5\xcf\xf7~{\xdd\xbbY*\xa1\xc5\xb28\
\x8b[V$\xa2\x81\xbb\x1c\x1c]\xb3#\xcb&\xc2D\
\xc8\xb1C\xb2K&\x1e\x1a\x81\xd6\xd3\xb6\xce-wG\
!\xea\x0cZ2\x94\x95\xfbK\x14\xd0\xdc\x8d\xda\x80\xcc\
\x93\xd6\xd3\x99$,\x91\xe5+\x13\xd1\xc1\x80L\xb4\xdd\
\xdc\xfb\xa4&\x06S\x11B\xd3J\xc4\xed\x08\x94\xb2R\
5E\x8f#\xd2\xddbIy\xcc\x9c\x8cJi&D\
\xc3\xa4Q%gV\x99\xa4\xa5\xa8\xd2\x22\xbf\xa9p\xc8\
R\xfa\xcb\x0c\xa1IVbV\x99M,3\x85\xa8@\
k)\x88b\x1d\x162x\xcd\xf5\x5c\xaa\x22\xc0\xdc\x93\
\x0d\xac\x1b,y\x13!\x10+3\xa7\xc3\x91a5|\
@v\xb9\x06\xa1\xf2\xcb\x93\xd6xb9T\xdbj{\
\xa8\x89\x886\xa8:\xad\xd9>R\xb25]\x8a\x9a\x91\
\xb2\x19i\xcd\xd1\xe6E\xa9\xdc\x8bY'#\xe7\x0e\x8d\
C\xb4\x19h\x9b:Q\xe8\xa1K\xd3\xd6\x17\xce\x85\xd8\
D&S%h\x95e\xe6\x09\xc3\x81\x8c\x8c\x86\xb2&\
\x8a\x10tI\x04\xab[\x0a\xb3\xdd\x94D3\xdd4\xec\
\xa3\xd0Q\xd2$\x86\x14\xc4z\xad\xd9\x0e-YXR\
LK<(\x8e.\x1a\x06\xe8\x1e\x80Z$\x11\xa2\xa2\
\x1e\x95\xd5\xd21\x00\xeaU\x97A\x89@\xd0\xb0s+\
$\x93\x05C\xf0\xbapj\x12$\xadZ;S\xcbJ\
\xd2\xcb%Sj\xf4\xa4\x08\xa1C\x86\xad\x89\x9b\xea\xde\
\xf2\x98II0\xe5D\xcd\xb0\x22\x8e\x8c\x0e\x90\x0a}\
\xb4]\xca\xee\x9a\xee\x03j\x8e\xa4\x09I\xcbK\xc9W\
j\xc9\x98t\x22L\x92Y\x15s\xad\xc3\xf2\xdfq&\
\x8d\x0dJ\xed\x83\xd7\x1d\xdd\xafnP\xab\xe8Lf\xc3\
-)[\xd4\x0b-\x8b#\xe5\x9eH\x01(\xf0\xe9K\
\xdc\xc6\xf5\xa9\xebz\xcc\xd5q$\x1d\x1a\x87h\x09\x91\
n\xe6;\xbc\x01I\xb8\xdc\xd9\xb3lYFRR3\
)\xfb\x96\x95p\x82\xa3\xa7\xce\xf3\xa0\xad,{\xce\xc5\
&\x9b\xcaN\x1b\x18\x87+>\xd0e\xb5}\x5c\xe6Q\
\xd5U\x91\xa3I\xb3rf\xd1\x84\xe8\xe4\xb3\xac\x8d+\
\x80\x15\x8fh\x0dg\xe7\xde\xba\xd4\xf2\xdf\xb8\xe7\x91\xea\
D(\xa5\xdb\xf3\xb7KwB\xdaQ\xa8J\xd1\xf3{\
\x05u%\x1a\x8ef\x83\x95\xe71\xf2A\xe1\xb2\xae\xb8\
\xcfk\xdb>\x8b\xe1\x16(\xf0\xdc\x0e\xaf\x9f\xb7\xa8\xf4\
[J:;U\xfc\xe8\xfcV(\xb4\x9b\x8c\x96\xfc,\
I(Y\xd4R\xb4\x05\xa1\x13WFY$\x11Q2\
\xd6(\x0d\xb4^\x86Je\x0f/\x83\xc0\xb9O\xe5\xa3\
b\x5c\x92J%]D+\xc3bN\x8fSP\xb2\x04\
?C\x17%\xd8\xdc\x94]jd\x8dKbC\xf9\xad\
\x96&M#\xd2\xca\xb3\xaa\xd0\xe8\xb1B\x0e\x0eSg\
!\x88\xf5r \xa8J\x86\x11Hv\x95\x90\xac\x92\xaa\
\x1c\xb3\xacI\xe9R.\x96:4pH\xe1\xd1\xb1\xa1\
\xb8U)#/d]\xb0\xc9\x08\xa8z\xba$T=\
\xab\xd98\xbc\x160>v\xbb\x08\x10\x7f\xff\xc4\x00+\
\x10\x00\x02\x02\x02\x01\x03\x04\x02\x01\x05\x01\x01\x00\x00\x00\
\x00\x03\x04\x01\x02\x00\x05\x11\x06\x12!\x13\x14\x221\x15\
AB\x10#$%2C\x16\xff\xda\x00\x08\x01\x01\x00\
\x01\x05\x02\xe29\xf3|\xb7\x1c\xcd\xb3\xeb9\x99\xc9\x8c\
\xe3\xc3\xfb%\xb5\xc1\x03Bhw%y\xfdq\x19i\
\x8c\xb7\xdcy\x88\xf3\x96\xf1\x82\xb7\xf4\xe7\x89\x9a\xf3\x94\
\x8f$\x8f\x1fy\xfc8\xe6m\x1f\xd2\xd8\xfe\xd0\x1a\xf1\
\xb1\xd5\xc3Y\x82u\x99\xfb}\xc9\x98\x8am\xd8\x8c\xd6\
l\xd4I\xb46DlU\xa9c+\xcd\xadF\xd6-\
\xbf_\xf3\x17\xfa\x1d>6\xfa\xb4|\xb9\xca\xcc\xf7O\
\x9c\xfd\xf8\xcb\xcf\x19o\xa8\xb6u)\xff\x00\xd6\xcd\xda\
+\x03s\xd7\xc9\xd8-icb\xbfx\x8e\xb4^\x22\
\x85\x9d>\xb5t\x83\xed\xc8b'o\x5caXA\x9e\
r#>\xe7\xc4Vy\x9c\xbc\xfc\xbfQ\x1ey\xc8\x8e\
2\xde#\xe5i\x8a\xcd\xe4\xe5\x12\xa3\xdel\xa8F\x8a\
\xf5\xeb\x15e\x7fF\xf4\x0f\x01\x91\xfa\xa7\xb5M\x9d0\
\x0d2\x09\xda\x8cY\xa8j\x0bh\xf4\x96\x0c\xde`@\
1$^\xa7mi\xcf\x22\xf3\xfd\x22>\x7fy\x19\x11\
\xc6q\xe23\xf9\xda\xd3\x12\xd9\x01\xda\xe6\xbe\x91fQ\
\xe2\x86\x0c{v\x83X\xce\xe9\xa6M=k%\xfe\x9b\
N/UE\xdb9\xae\xd5\x81'!\xacB\xdd3\xcd\
\xae\x12Pt\xa9il\x1f\xfc~\xad<\xe7\xd6Zg\
\x22>v\x9f\x1c\xf6\xc7\xd4\xbc\xe0\x92_ev\xa2\xe3\
\xdb\xd3o\xa8\x93\xb2Yx\xde\x9b~\xd8\xedY0\x14\
\x96\x01i6\xe9v\x18\xde\x10R;\x9cl\xc6\x16\xb5\
Z\x80b\xbe\xd4\xc2\xa9++\x02\xe7\xaf\xf6\xa8\x1f\xf9\
\xe2{\xe2#>\xf2<\xe7\xd6\x7f\x1f\xe3\x19\xd4\xae\xd0\
uY\x9a\xea\xde\xdbi\xe1mym\x04\xc3\x98V\xaa\
\xce\xb3\xac\xbe\xbbQ[i\x22\xe4\xa3=7\xab*\xda\
\xb1\xea\xcc\xbd\xd2\xf5B\xc9\xed\xea\xda\xeaz\xae<\x01\
\xd9\x82\x1e\x04\x01\x04\x86\x81\x162\xa4\xe78\xe3>\xa2\
?\xeb\xf59\xe6kN3z\xe3\x0d\xbasU\xaaK\
\x8e^\x90C\xa2M\xc6\xa8\xba\x9b\x90\xe4\xb9U\xab\xa9\
\xf4\xe7\xe1u\xd5\xdcr:\x8d\x7f\xee\xd0\x0d\xd0P\x81\
\xef\x05\x0d\x881^\xe7,\xddJs\x04\xb2\xeb.\xb5\
b\x95\xa7\x19\x7f\x15\x89\x8bD\xfc\xadn8\xb734\
\xce8\xce\xa8\xb8\xd2l\xb6\x9fD\xb7\xb9o\xf3;\x9b\
\xa3\x05\xae\x9b\xd2:E7\x1d\x5c`\x8fQ\xd1\xa0\x01\
k\x15\xf7Jw\xce\xbbX\xba\xf6(\x86\xbfs\xecV\
\xe6\x9fL\x95\xb9\xb9\xa5\x99c\x91&\xc5`\xd4bl\
j\xf7Z\xbcgo3\x9e\x22y\xf9_\xeb~F\x0e\
\xb0\xef{\xe7\xa9\xc1\x02\xd7v7rn\xdc\xff\x00\xe2\
v\x10\x0b\xea\xb6\x04\x7fB5\xc1\xb2\x86\xac\xbdR\x1f\
\xa8\xe5\x0aA\x81\xd6\xea+\xd4\xa1i\x81zq\x95\x1d\
\xac\xcc\xd7\xb7\x01_F\xca^`ql\xe7\xcc[8\
\xf3\xf7\x9d\x9f\xdc\x99\x89\x16\xf5\x886\xc0\xe3\x90M\x85\
-4DMmz\xc0\x0a!\xd6\xed\xeaD\xc8\x0fc\
\xb0\x10'\xb5\x16\x02M\x8a~\xa9\x0c&\xa0\xc5\xad\x19\
\x1d\x0a\x00\xaev\x17\x0d\xae\xe1\xad\xe8Z\xc6\x19\xdb%\
\x81mz\x84\xf4x\xe2\xdf\xcb-\xf5^#<L\xdb\
\x1c\xa8\xdby\x89\xec6\xb6=i\xd3M\xb5\xb7\xb6\xaa\
\xd4\x13 \x05\x94;\xd5l\x9a=\xa2\xea\x0cj\xc9\x11\
\xe9H\xbbR\x9e\xbb\xda0\xb4\xfb\x87\xd8\xf7\x17!b\
\xb4\xc9HN9\x02\xb5\x9d\xbc\xd4\xb7\x0d\x89\x93z\xd7\
\x22\xd1\x93\xf7\xf7\x93\x83\x88\xce\xa79WB\xec\xc4\x14\
\xf5\x04\xc6\xa3Ob\xae\xc1\xfb7Z\xf9a\xd9\xff\x00\
;bsl-r\x97\xa7\xf6)\xe6\x99+\x8f\xa7\xba\
P\x8d\x09V\x09Z`\x06\xd0\xe9\x7fO\x9e\xce\x00j\
\x8a\xc3\xb1\xc6\x03R\xc6\x1a\xe3\x0f\x15\xb0\xf9\xc8\xacD\
NL\xe7\xd4w\xc4Ss52\xef\x8a\xb4\xc2\xc8%\
D5\xe5uZ\x83\xbf\xa7\xf5\xadYg\x84\xa8G\xa2\
\xd4\xe8Q^w\x092\xc0\xfapd\xa6\xa8\xb3a\xd2\
\x05\x7fGm{Xw\x9b\x0a\x801VYZ0\xc6\
\xbeA[\xb5~\xc9\xca\xd6{\xbb\xeb\xea\xd2\xfd\xf9i\
\xe3#\x99\xc9\xa4\xceV\x9e7\xc0\xff\x00\x03m\x22\x8b\
\x8e\xd7)4\xd4\x7f]\xbd G\xdb%F*a\xaa\
\xaek\x1c'\xe2\x82\xdf\xbc\x1e\xb9*\x03\x5c\xd7\xc0#\
\xb7#\xbd\x86]\xad\x89Q\xb4s^\xba\x96H\xca\xb6\
Ff\x94\xacD\x15fI{\xd7\xbe\x94\xa8\xf9\xbd\xa7\
\xe4/\xabM\xa69\xf8\x1b\xfc\x81\xec\xe8\x0b\x93i\xa1\
\xb0\xb2\xcc%N\x9c\xff\x00\x17g\xab\x0dI]{\x17\
\xa9\xd2\xb4\x0ew:\xd1\xfbp+\xc5BB\x0a\xa0\xbc\
\xd8\x0d/\xddN\xa3dc&\xc2\xb3\x1e\xe9\xa2Xa\
)\x86\xbe\xbd\xbb\x7f\x8e\x92\xf5\x10-N\xf8\xa4dW\
+\xe2o\x9f\xb6\xa3\x91\xee\xd3\xaa{\x04\xb7\x0c\x8dF\
u\xba\xca\xec\xcaI\xd6\xdcG\xf4j\x90(\x1d\x93,\
\xfb2\xa6\xc9\x1a%b \xd5V\x8b\xd6\x86\xfe\xd5E\
_\x7f\x07,\xf5V\xaa\xd7n\xdaj\xd8\xf8\xad\x1a#\
z\xd8\xf7\xb1Y\xa9\x0c2re\xefy\xc9\xfa\xac\xfc\
m^f\x913\x9b\xff\x00V\x9a\x9e\xa5\xee\xd8\xea\xb4\
\x8f\x19\xe7\xb5\xf3a\xeb\xe7\xd2}\xbey\x96\xcaS\xd9\
\xd93L\xc4\xd1\x9a\x22y\x8a\xfc\xe4\xb6)Z\x84\x8c\
9\xca\x05p\xecV\x82\xa0\x9d6C\x06\xa3i\x1e\x8e\
\xbc\x0eQmf\xba/@\x01X\x1b\x13\xc0\xa6;m\
\x91\xc5c\xee\xd4\x99\x89$z\xb5\x93(\xde\xbe\x86\xfc\
&\xd1M\xc2G>\xd2\x1fZ\xda\xee\xea\xca\x8ck\xaa\
\xd3)4\xb6k6\x12\x01\xaey\x16{\xd5Y-\x8c\
d\xad\xbb\xb5\xc6\xbe\xe1\xf6\x05yu\x81,r\xeb\xb5\
\xe8,\x16\x98\x9a\xac\xc1\xf6\x1a\xcd\x99v\xcc\x86\xd6#\
A\xa5J\xc2\xd6\xef\xa7\xdc\xc6[\xebb\xf0\xf5\xc2\xf5\
S%\xad\xab\x117\x9a\xbd\x02\xb3\xb6\xa0,\xdc\x08i\
\xd1CI\xbdVy0\x9a\xd1U\xca\xa6\xf8\x84c\xb4\
\xf2\xa0+\x07\x00\xbam\xc0\x1e\xbb$;\x1d@\xf0\x10\
\x85\x1a\xb3?\x93&\xd1\xfd\xa1\xfd\xd0\x22\x0b\xacD\xd3\
U\x96\xbd/z\x82\xd7\xb5\xbf\x7fY\xcf4\xd8\xd0M\
P\x89\x05\xa5\x1df\x81\x13\x16.\xe36M\xb22k\
\x9bAr7k&\xf3\x8c\xfb\xddT\x9e\xc8\xc6\xe5\xb5\
\x02\xd8\xcc\xc95\x08\xb0\x18\x1c\xa8\xe6\xb5\xb6oC\x8a\
\xa6]c!\xaf6\xe6\xeb\xb63\xc2vP\x02\x1d.\
LG\xb8\xe5\xa5+K\x86{\xb3\x9f1\xc71\xe7\x0d\
\xe2\xad[\xd0\x1d\xb5\xc2\x19\xdcV\x11\xb9\xad\xae[e\
j\x8ai\xf8\xd2Wa\xe8[\xa6\xe9\xb7\xbb:=\x7f\
L0\x1a\x8c\x9a\xa9iB\xe8J\xf3l=\xb0\x02\xa4\
9\x0d\x1ag}\xb5\xd1\x86^[_\xb5\x22\xe6]=\
N\xa0(\x97\xf2\x8d\x94E3V\x81\xb5\x82\xe3\xb7\xeb\
'\xc6V8\x83\xcc@\xe1\xdb\xa4\xcf\x22IG\xc9\xb1\
\x0ak\xa4\xf3\xa3\xd4\xb6\xb1\x05\xb2d\xde\xe1\xbb\x5cH\
\xe8v\xe0t\xb6\xb2\x86z\x881A\xb3\xb5#\xa2;\
,\xab]B5z\xba2\xeb48\x95!\x94\xd5V\
\x9a\xe4v\x09\x025\xd6\xe5\x83\xbd\xdc\xbd;H\xb8A\
\xe4V\xc8\x9e\xec\x9bDI\x22\x08&\xbd\x1dn{\x92\
j6\x16\x5c\x9a\xf3\xed\xc3[\x8c\x7f\x8b\xeau\xf6>\
\xd5s\xa4\xc5\x88\x13\xd6\xab&\xd7\xfa\xc1\xea\xb6R\xae\
?\xd3\xf7\x0c-\xdfr\x9bX\x96\xbd-r*\x9b\x03\
K\xacu\xedjch\x90\xf0\x99\x00\xae\x05oJA\
[\x92\xe3\x98\xe3\xf5\x1e\x22\xb4\xf9\xccs\x9b%\x80\xea\
\xa39P\xd8>{\xea\x1a!\xfd\xfbm\xab\x1bxq\
r\x80\x9a\xd3#\xb0ft\xd5\xa3\x8c\x0d\x85m\xa8U\
mu\xb6Z\xc6f6k\xee\x97\xa6\xb6\xe9\xba\xcb\x1a\
\xf5\xad\xb1\x1b\x95SZ\x89\x0a\xd5\xbdR\x9f\x00\x14\xb4\
\xb5\x10\xe5\xd2+\xc4\xd2\x91\x14\xcf\xa8\xe3\x98\xac\xf36\
\xb61_\x5cu\x05V\x19\xf5$C*Ot\xf0\xd9\
\xd8?\xb9\xea\xab0\xcc\x05j\xd8\x81\xd0\xb6ys}\
r2\x9b.\xc3;J\xa5\xca\x93\xbb}mb\x9dD\
\x12!\xdbf\x1eK\xda\xaa\x91L\xf2\xe2\xdb.;\xac\
\x8a\x9a\xbaOy\xac?J'\x9c\xb4\xfc\xb9\xf1\x113\
\x04\x8e)\xd9\xcc\x10\xa9\xb15\xfc\x8e\xb8\x9e\xcdm\xa5\
\x0e\xc5[\x16\xd4D\x02\xa6\xd1\xabdZb\x9a\xea\xfe\
<\xb4\x0fO\xa4%#\xa9\x81u\xd5\xd4\x81{;\xc6\
\xbdd\xa8 *\xd1\xc1\xaa6,g\xeeePI7\
*\x0f\x03\x1d\xad\x11jFL\xcf6\xfb\x88\x8c\xaf5\
\x82\xdb\xba\xb3\xdd\x15|\x0b\xb6%v\xedS\x19@/\
\x91\x9fr\xb2\xa7]P\xeal\xed;\xd3Y-\xa5\xad\
\xae\xd8-\xac\xd2\xb8\xd2Y\xc5vuE`\x85\x91{\
\xd8\xbe\xcd\x9fw\xbaWY\x14T\x0bwP0\x9aK\
\xd4\x93\x5cd\xa4\xac\x08\x5cec\xcf\xeb\x8f7\x9f\x97\
\x1cC\x8e\x051l\x1e\xb9\x90.\xe7\xf2Z\xadv\xdb\
c\xaf\xa9\xeaM\x9e\xac\xea1e\xdc\xd5\x0bh\xd2,\
\x1e\x02=V\xcb\x5c \xd5M\xee\xc6\xcen56\xda\
-M\x8d\xb5@\xabU\xb6\x83^:\x8dc\x86\xbd\xcc\
[\x18\xef\xa0\xc28\x11\xde\xea\xb7\x9b\xda\xcbN!\xab\
U\x91\xb4(\xf8\xe7\xef\xef-\xe7\x19^\xc7\x142\xef\
N_z\xb5\x85\xad\x1e\xf3\xd0\x9d^\xd8[%\x06\x19\
\xed\x8d06fm\xeb\x84u\xd6\xbc\x9a\xda\x82EU\
%)\xdc\x05\xca!z\x13\xde\x1b\x14\xe3\xa8\xbd2\x1c\
\x82\x1d\xb6\xbdY\xa7A1\xf5\xa9\xdf\xb7zz\xf6S\
\xd4\x1d\xf9\x00D\xb0<\xceMr'\xcf1\xc6\xd2Y\
\xb07;m\xa7c\x8b\x11)\xd8\x01\x7f\xc7\xeb\x5cc\
]]\x17U `\x03d6I\x122Z:uU\
\xcfE\xabkSH\x01XW\xf8W\xd4\x8a\xd7\x91\xd4\
\x84\xb5\xa3uv\xc7\x06\xe8\xfd\xfbV\xafJo\xec}\
5\x94J\x04\xf3\xcf\x22\xad\x7f\xb1\xf5[Z;#\x89\
\xc8\xcd\xfe\xd4\xda\xcd\x9b{45\x8cm\x02\xb6\xae\x0f\
\xa2\xd9\x05\xc1\xea6!\xbde\x818\xd6\xd1\xc9kG\
\xd5\x8fk\x8a\xa7U\xa2C\xaa\xf5\x19\xb5\x19^l)\
\xf9\x93\x8e\x09Nm\x03\x98\xb1Pb\xfa\xd0\x8d\xa5i\
\xd5/[U\xacUN\xec\xe9\xd4vN\x1a\x91\xdbB\
O9_\x96G\x15\xcb\xcfmz\x97Km\xce\xbf\xac\
\x96\xdb\xad]V\xe7f\xbe\xbaw;\x15\xb3`\xe3\x04\
\xda\xec\xd1\xf7\x168\x96hJ\xac\xe2\xd7e\xe5_\x84\
\xdc\xd8$\x8e\x866\xfbGu\xa6a\x1b\xd6\xb5\xadk\
Y\xc8\xf8\xd7\x8e\xec\x81W\xbb\xa9t\xdf\x94\xd25\xd3\
\xadt\xe6\xbfO\xb6\xdd\x1f\x01Y\xa0c\x8c\xac\xe7\x8e\
m\xe6v\x07\xb0\x16,iz\xc5\x93\xac\xfe\xb1\x18!\
\x91\xa1Ax)\xc0B\x95\xcd\x03Wk\xa5\xf5b\xaa\
\xad\xde\x87_E\xa3;\x83\xe9z,\x8a\xa4\xd1\xa4r\
\xf6M\xf2\xb3\xf2\x98\xce\xef\x8f>\x09\xcf\x1bD\x17\xd8\
\x0fG\xaa2\x91\xdb\x15\xce2\xb1\x196\xe3\x22s\xa8\
67\xd7\x81\x0d\x06\x98\xe1a}\xa6\xaf+}Q\xf2\
\xdc#\xb1\xa8\x86\xbbdSf\xd2\x84\xdd\xa4\xd0o\xad\
#\xb9*\x93B2\x00\x8dg\xa7\xdd\x91\xe3?\xe2\xd3\
\xe7)\x91\xc6Zx\xc9\x8f\x97\x98\x9a\xf9\xcf\xe5\xfb\xb4\
Z\xd7\xacq\x9b%\x04\xe2\xa0\xab\x9a\x039\xb2\xd3\xec\
/\xb8\xd5\x8c\xecjt\xae\xd6\xee\xf4\x8e\x9fi\x1d5\
\xd3\xfb\x0dK\x0dt\xf86\x14\xd8\xf4\xdf\xb8E\x05\x1a\
\x16^\xf7\x99\xadm\x5c\x1cx\xf1\xdb\xfd8\xcbG\x19\
\xc7\x1f\xd2\xb9i\xf3\x9crN|\xd2g\xb8\xc1\xa9D\
\xae\xa5$j}t8\xbe\xb3U \x03z\x95\x08\x16\
\x00_`\x08\x8fF\x91\x91[I\xe3\x8e2/\xcc\xdb\
\x9c\x98\xf1H\xcex\xcbNy\xe7\xee\xdc\xe5\xfcG\xfe\
d\x9e0\x1f(\xfa\xce\xee\xc1\xccq\x95\x88\xb6G\x9a\
\xd8T\xbeL\xf1\x96\xf8\xd7+\x1cH\xbc\xd2\x9f\xf6\x18\
\x8c\xff\x00\xd7\xee\xf4\x9c\x8c\xfeY9\xfb\xbf\xd5\xa7\xe1\
\xff\xc4\x00#\x11\x00\x01\x04\x02\x02\x02\x03\x01\x01\x00\x00\
\x00\x00\x00\x00\x00\x01\x00\x10\x111 0!A@q\
\x02Qa\x122\xff\xda\x00\x08\x01\x03\x01\x01?\x01\xd1\
\x13\xe3\x0f\x8c\xaf\xe4(\x0fh\xbco\x1a%\x1d\xe3\x95\
X\x06\x85\xd4*W\xbcf\x15\xaaR\xc7`\xe7A>\
\x0f\xc4v\xafD\xae\x950\xdd9B6\xc7p\xcc\xb9\
R\xe1R:\x064\xd2\x8b\x16\x0d8\x1f r\x8e\x82\
\xdf\xb8\xdb\x15+\xad\xbf\x14Z\xdb\xbcN\xf1\x99C\x00\
\xe7Pc\x80\xe5\xab\x0e\x9b\xb68N!\x17\x1a:\xc3\
\xbd!\x17\x19K\xf4\xc5\x8b\x9cB\x1c\xf0\xa8\xed6\xc5\
\xa7\xac\x82\xad\xd7\xa8\x09]4\xea\xb6\xa6\x0a\xf3\x1c*\
\xdd[-^#I\xf0)\xce]\xe0r\xf4\xbd55\
a:'G\xa5m\xef\x12\xad\x06\x18]*\xd1\xe9Z\
\xf6\xc3W\xea\xb4O\xd6\x9aV\xa7\xedR\xac\xf9*W\
\xa5\x0agP\xfdP\xe1\xab \xa5\xafPTT \xde\
\xd1\xe1pW\xb5\x1fH\x22\xa4\xb8`%Vd+\x5c\
\xbf\xb5\xca\xe0\xaeP\xca~\x90\x0a\xf8_\xe5\x1c\xa1\x82\
\x86\xf6\xa5L\xb4\xe5\xc3\xc6]/\xd0\xbf[\xb6\x80\x88\
\xfa\xd2_\xf7 PQ\x14\xa3\xe9XW\x84J\x8d\x06\
\x17\xf3\x90S\x16\xa3\xe9[[\xf2\xb8_\x22\xa7A\xca\
\x17\xf5*9G\xf5R-\xcb\x1e|\x00\x88\x9aA\xab\
\x90\xbf\xa1\xda1jT\xfd\xf8r\xd5J|3\x80j\
\xf0\xbf\xff\xc4\x00#\x11\x00\x02\x02\x01\x04\x02\x03\x01\x01\
\x00\x00\x00\x00\x00\x00\x00\x00\x01\x10\x111\x02 !0\
Aa\x12Qq@P\xff\xda\x00\x08\x01\x02\x01\x01?\
\x01\xe8_\xcdV|O\x80\x95\x0d\x1a\x91[\xd2\xeb\xd2\
\xad\x89\x15\x17\x0c\xd4\xff\x00\x8bJ\xddqSR\xba\xd4\
\xb9\xce\xc5\xdb\x91p(c\x9c\x0c\xc7z\xc8\xd0\xb7\xfb\
\x1c\xae\xcd(P\xf6\xdc=\x97\xd7\xa7\x02\x8a\x948|\
\xff\x00\x07\x8d\x99+\xf94\xe3z~\x07\xc0\xf6\xa1\xf5\
hQc\x18\xa1\xc6\xae\x0f\x03s}K\x22\x9a1\x0e\
\x1eG\xcb\xefB\xd8\xf0X\xc4\xe8\xd4\xed\xc2\x11\xece\
\xf5i\xe3o\x91\x8cs\xe7g\x8e\xb57\xb3V\xc7\x83\
\xc4\xae\xad.\xd0\xc4=\x8fg\x83\xc4\xfa\x87\xd1\xa7\x81\
\xc2\x9c\xf1\xb7T\xa1\x15\xcfFOp\x84\xe1\xe2*(\
\xc0\xc4{\x141\xf1\xd0\xb8\x97\xb1p4(b23\
\x08\xc7'\xb1oY\x8coP\x9e\xcc\x19\x87\xbd\x1e\x85\
\xf4+\x8b3\x0c\xb2\xca\x961[\x1f\x1d\x0a?c\xda\
\x96\xbe\x87\xea\x12\xa9\xa9[\x16\xd5\xc9\x9e\x0f\xd3\x07>\
%\x19(\xb8C\xc8\xe3\x08\xfd\xe9\xc9\xe9\x98\xc9\x83#\
\xb2\xcc\xc5\x97\x0cC\x1f\x19?G\xd0\xb9/\xec\xc1j\
om\x8e1\xc1\x8c\x99\xde\xe54`\xce'\xf6V\xcf\
\xd1\xc3\xe9\xc1\xc7\x83\x13\x81\xb3\xe5\xf7\xba\xfa\xf2c%\
yS\xfa]\x19?L\x19.,\xb2\xea2RY2\
=\xa8T\xccCQ\x81S/\xec\xce\x0dE\xedZ~\
\xe2\xab#w\xb9\x09\xa2\xc6`|\x95\xf4Qoz\x1b\
\xb6YV5\xe3v\x9eE\xa6\xd0\x9a\xc3\x16\xaef\xd9\
\xfa|\x0a\xa2\xb6\xdci(\xd4\xf7'G\xca\xca\xb2\xbe\
\xcc\x15C\xe4\xa6\xa1\x0fWF\x9dV6\xb7\xb2\xe7\x06\
D\xa3\x06_Bt^\xe4`\xbb4\xda\x8c`n\xa1\
\xbf\x11\xf9\xfc\x17\xf7\x16\xe8z\xac\xe4\xf9Ye\x8eW\
\xf0\xe7\xfc\x15\xd7\xff\xc4\x00B\x10\x00\x01\x03\x03\x02\x03\
\x04\x08\x04\x04\x05\x03\x04\x03\x00\x00\x01\x02\x03\x11\x00\x04\
\x12!1\x13\x22A\x05Qaq\x10\x14#2\x81\x91\
\xa1\xb1BR\xd1\xf0\x153\xc1\xf1\x06$Cb\xe1 \
cr\x164\x92\xb2%S\x82\xff\xda\x00\x08\x01\x01\x00\
\x06?\x02\xca\x8e\xb1\xad\x00:\xd7\x95\x12u4\x93\xf3\
\xaec\xbdbt\xae;\xea\xda\x00H\xdc\xd2nS)\
l\xfejO6\xfa\x01\xdfS:\xd4O\xa6MyV\
\xf4k\xff\x00#QSD\x9a\x15\xdc+ZV\xba\x1a\
\x9e\x82\x8d\x19\xd8W\xe6t\xa7$\xa3\xbe\x94\xdb\x96\xd2\
\x03r9\xba\xd1\xf6#\x88\xe6\xa9\x81\xa8\x14\xab\xe7\x93\
\xc4}\xd1\x80\xcf\xa6\x9f\xf35\xea\xe6\xe1(l\xb9\xcc\
Q\xfb\xef4\xd3\xb7W\x0e>\xe2\xc1)\xe7\xda{\xba\
~\xc5q\x10\x8cx\x83\x888\x87\xf0\xf45\x93\x8e&\
<\xabC\xc9\x1b\xcd(%\xe4\x95'p\x0e\xd5\xe1Q\
^&\xbc\xe8\x7f\xd0M'\xba\xa7\xe1^\x15\x154\xf3\
h{\x17 r\x8d\xc8\xa5\xa1\xc7\x16\xe3m#\x15J\
\xa4dc\xaf\xc2\x80\xbah\x03\xc43\x062\x04w\xd2\
\xda\xc3\xdaN\xe7\xb8\xeb\xd3\xc6\x96\xdbk\x90\x92[\x18\
\x8e\x9dh\x87\x96Bq\x18)&#O\xbd!\xaeg\
\xa4`\x7f\xf9\x1d>QL\x92\xd8\xe2\x86\x83eG\xf2\
\xf7W\x15\xe7\xf2oXn\x8a[Im\x94\xe9\xe3P\
\xdat?3G\xc3\xd0|(\x0f\x0a\x8a\x8a\x93S\xe8\
\xda\xa3\xd0u\xa2\xe3\x93\x03\xb8M]]\xda)J\x9d\
\x87\xde\xbd\x9b\x8a\xcc\xea@\xef:\xebX\x01\x0e\xa8\x18\
Q:\x93\x5cQ)aP9t\x93\x1a\xd1X\x03\x87\
\x05PD\xd2Q\xb2F\x907\xfd\xebL\xbe\x1dq\xdb\
\x8b\xb4\x04\xa99H\xd0k\xf7\xa4\x5cj\x1aO\xbc\x05\
\x16-\x92`\x0dI\xd0R\xdcR\x92'\xe5J\xb9\xe2\
\x0fv\x05%+\x8e*\xc91\xe14\x94\x8dM\x11S\
3C\xc2\xa7\xa7\xa0\xc7\xce\x80\x1e\x8d\xe8\xd0\xf2\xa0\x87\
\x14\x9ei\x1a\xf7\xc5p\xd4\xc2\x92\xe3\x87\xf0\xf7\xcc\xd1\
\xba\x84\xa5XKiI\x80\x05 \x93$\xff\x00,\xe5\
\xe3\xbdg\xcb\x0d\x01\x09\x8f\xdf}!m\x09\xfcfU\
D\xa5A\x07\xe7'\xc2\xad\x96\x8b<_,\xa5\x09K\
\x9e\xff\x00\x8f\xd6\x80S\xc4\xb8J\x95\xe2i\xabkU\
\x13\xc6A\x9d4H\x8d)V\xa1\xc5b\xd69\x05'\
ERR\xc2\x81i\x1e\xf0\x11K\xb9Z\xb4'\x16\xc1\
\x1b\x0a\x97\xd4\x90\xaa8\x0d;\xeaG\xa0'\xc6\xbc\xa8\
F\xde\x90N\xfdk^\xb5\xeb\x0fl\x0e\x82\x94\xbc\x96\
\xadAW\xdc\x8a,%\x9cnm\x93\xca\xbe\xfdN\x9f\
j\xf5e\xeb\x0b\x9d7\x81\xfd\xa9N\x8dS;E\x16\
l-V\xea\xf0\x04\x80\x9dG\x8d=\x0a@E\xb3J\
R\xb3Tk\xdd\xe3S\xa6\x80I=\xc2\xbf\xcc\x99-\
\x00\xcaQ\xd5\xb6\xf7\x9f\xe9F\xe3\x8ebR\x92B\xb4\
\xd3\xbf\xe1F\xe5\x0c\xc6f\x02\xb1\x93\x13E\xd2\xa7\x14\
\xb7t\x19t\xf0\xa6\xd1p\xe9m\xd7TR wN\
\x9eT\xd1J\x87!\xf2\xa5\x5c\xb7q\xcb!j\x9d~\
\xf4\xae:\xfd\xfeX\x9d\x85@\x1e\x82k_\xfa&=\
\x09\xb0[c\xdaj\x0eQ\x14\xed\xdfi[z\xc0}\
\xa5%)\xd0\xc4\xf5?*\xb6\xed\x0bw@\xf5\xb4\x80\
\xa4I\x02?\xb4PS)\x0d\x94$\xc0\x8e\x9a\x88\xa0\
\xc2\x97\xb0\xde\x9cu\x85\xfbG\x90P\xac\xbb\x8e\x86\xaf\
{Q\xf9\xe2\x7f%\x03\xc4\x91\xaf\xde\xb8\x89\x90\xa4\x1c\
\xbb\xf5\x14n\x14b\xef\xb4!hH\xd9:\xf7\xff\x00\
Jy\x17X\x8fYYpu>_J6\xeeL*\
q#d\xd0l\xaa\x16\x22;\xe9\x95\x85@gq\x1d\
k\x8c\x16\xa4\xa9\x5c\x9ec\xad%6\x8d\xa0\x92`\x89\
\x8aI\xb8}9H'\x1d\xbe\x14O\x10b\x0d\x08;\
\x8a\x9f@\xa9\xf4\x11\xf0\xa2\xbaX\xc3<^-\xa7q\
\xa0\xd7\xee)\xc6\xee\x81J\xf2\x86\xd3\xfa\xd2{1\xf7\
qi\xf82\xa0t\xe9NZ[\x5c\x06\xcd\xcaR\xc2\
\xd6\xe7D\x93\xae\xbd)\xa4\x95\x02\x85\xa1*B\xbb\xe7\
\xf6h\xe2\xca\xf1\xde\x02f\x7fz\xd5\x9b/\xd8\xfa\xdb\
\xab_\x0c\xdb\x15\x8ed\x9d\xbf}+\xb1\x99`)N\
\x5c{W\xdbQ\x9e\xbb})a\xe5Hl\xc7\x95-\
\xd4\xac\xad8\xf2\x85\xfe\x18\xab\x9b\x97yB`\xa8\x0d\
~_Zz\xf9\xd7\xd1\x8b\xa1(jO\xbchd=\
\xb2\xd3$R\xd6\x5c\xc1\x04\x8c\x0cm\x5cGR\x15<\
\xa7\x1d?z\xd0[\x81\xc4sj\xa5i\xd6\xb8yH\
_\xb4\xa4\xf8\xd4\xd7\x95y\xd65\x14k\x1a]\xeb\x11\
\xee\x821\xfc\xd3\xf7\xa6\xcep\xb9\xe61\xaau\xa0\xeb\
\xdc]\xa7.\xe3\xfb\x14\xdd\xc9O\x11\xc4{G2\xd8\
\x805\xa6\x1fc\x14p\xeep-\xcf\x99\x1f\x0a\xb7[\
\x0e\xa50\xe6\x1c\xfeutm\x91\x07\x8a\x90\xa5g\xb9\
\xff\x00m3\x9d\xe3\xab\x05J\x86\xd4\x07!A\xfaU\
\xd3m\xe3\xc2NII\x13\xa9\xef\xa6mbUu<\
\xc9\xd8'\xbe\x8b,\xeb?\xccR\xfa\xf8\xd3\xf7\x0f7\
\x16\xd6\xad\xc2u\xd1J\xae;X!\xe7\x11\x82O\x87\
\xecR\x1al\xa5C\xfdRz\x0f\x0a(DB\xf7\x9e\
\x94\x9c\x00!C\x22\x0e\x95\xc2R\xb3r#ZpF\
\x89\xd8\xd4+\xbe\xa3\xd15\x91\xac\x05H\x1d)\xcb\xa7\
qiY(\xad\x03\xa4R.\x1a\x95|v>?\x1a\
[*\xd58\xeez\x1f\xd8\x14\xd5\xdd\xca\x90\xf0g\x04\
\x81\xb0\x81\xdfWV\xbd\x8a\xd3|\x1e\x10$(\x84\x84\
A\x1b|i\x0f\x97\xd8Q\xc8\xcar\xf1\xde\x9a\xb1\xbe\
\xc5\x0d\xdb\xe0\xef\x11\xa1\xca\xe0\xe5J~\x95x\x84C\
\x89\x0b*\xe3\x7f\xb9F\x97f\xd3dq\x96\xa4o\xd6\
#O\x8d$\xdd\xa9.\x0bT\x0f{\xa7\xfc\xd3\xb7\x09\
\x0aqn+$\x81\xddL2S\xab\x82V\x84\xfd~\
\x14\x19\x9eV\xd3'_t\xd2P\x84\x16\xd7p\xa8\x19\
n@\xa7n\x12\xec\xa4'D\xf7w\xd2\x97\x8e\xa1:\
\x0e\xea*<\xd27;\xd4\x5c\x10\x5c\x9a\x88\xf4i\xe8\
\xd3z\xc8\xd2\x8c\xedW\x0c\xbe\xa2\x9c\x95\x01!'P\
\x0e\xbf\xbf\x1aZr)\xe1\x92@\xca'\xf7\xad\x09\xc5\
9\x18\xcc\xea<\x05\x17\x98m\xe5 .\x1cQ\xf7d\
\xff\x00j\xb7\xb9m\xe0\xe5\xc9t\xa7\x84;\xf4\xf9\xc8\
5sd[\xc1\xe0\xe2}\x93\xda\x9d\xf6\xab6X\xb9\
G\xb7m+R\xd5\xdd\xdd\xe3]\xa2\xfef=dH\
OI\xd2>\xd4\xe3\xabR\xd5\xea\xcd\x95\x8f\xcb\xb0\x8f\
\xbdz\xb0\x5c%nd\xb3\xa4\xc0\xfdk\xd6\x10\x95c\
\xcc\x84\xa3\xcb\xad%\xd7\xddC\xce-|\xb3\xdcO\xba\
)\xb6\x18m\x08\xe2\x18\x5cnL\x18\xa6\xde9q-\
\x87\xb2\xd7\xad!\xb6\x9e( O\xfe]\xdet\x80\x1c\
\xe2)\xc5{\x8a\x9d\x8f\x95!\xb2Jf\x10\x90G*\
\xbb\xbf\xad4\xab\xa8\xe2\x01\xbdb:\x0fLW\x87\xa0\
\x81O\xf6\x83\xc2!@'\xe3E|6\x97<\x88M\
\x0bU\xb4\xb5*\xe2\x1bdc\xbe\xd1\xaf\xce\xbbC\xb0\
\x9fi^\xd5\x95\x80\xdf\xfd\xd4\xa7X\xf9\xd5\xf3\xa59\
\xbe\x96\x90\xa6P\x84\xaaS*\x8c\xbc\xff\x00Z\xfe4\
\xda\xd3\xebEI\x17\x05CP@\x99\xf0\xda)%\xde\
l\x02`/\x94\xe2zS\xf6wak\xf5\x9d\xf4\xcb\
\x18\xea~\x9a\xd5\xeb\xb6\xc8-'\x5c\x92\xaf\x03\xff\x00\
\x15p\xea\x9aZF\x09m*_\xbd\xa0\x8aj\xd3\x8b\
\x9a\x1bJ\xd5\xa8\xd6\x0fJB\xd2\x88i\xb0R4\xeb\
?\xa5)V\xcbi*[\x8aNE;\x01\xfd\xa9\x94\
b\x85\xed*5\xfcA\xc9JQ\xeeH\xd6\x93p\x15\
\x0a\xf7R;\xd3\xe3A\xbe\x1eJl\x0e\x94\x80F\xe7\
\xe5GZ\xf3\xf4\x88\xf48X^&F\xb5\x1e\xef7\
\x11g\xf3|)N\xa9\xe3.\x85`\x00\xd2\x7f\xddV\
\x1d\xa3\xfcH\xb0\xa6\x96\xe2Q\x1a\xe9\xfd\x04\xcdYv\
\x8d\xa2\x01.\xaaT\xa3\xef-+\x11>^\x15\xdaE\
\xb0R\xea@h,'\xf2\xaa`\xf8\xc57g\xc3_\
\x0c+\x8d\x00t\x88\xd4\xfc)\x0d\xb1\x987)\x01\x18\
o\xe1\xfd~t\xf1N\xa05\x91\xd4\x12S\xddW\x0d\
\x94\x95q\x13\x09JH\x99\xea<\xa6\x9fE\xcd\xb2\x9b\
W\x16\x02\x94\xde<\xbf\xd6\x96\xa8\xe7\xd1\x22\x0e\xb4\xa0\
\xf1\x03\x1f\xe5\x99\xf7\xbc\xeb\x8b\x22\x00\xde\x89B\xe5\xe7\
\x14B|\x13P\xfa\xe1\xa6\x88\x9f\xd2\x90\xf3\xfe\xfb\xea\
\x86\xc2|+\x22D\x92\x00\x9a\x13;\xf7\xd6\xa4\xcf\xa3\
J\x81\xf1\xf4M.\xd9N!\x05\xe4\x18+\xda\x9c.\
(\x97\x7f\x1eG\x5c\xbc<7\xa7x\x81I\x7fa\xe4\
i\xd7\x1a\xb8_\xf9|\xc3I\x03\xc2g\xcbz\xb1\xbe\
\x17\x10\xe8_\x0dc>h\x1bG\xd6\xb1`\x06\x13s\
\xce\x94\xf8*>t\xe2P\xb5!\xc6e*3\xf8\xa7\
_\xdf\x85Z\xdd\xa5\xb0\xeb\x99HTt\xeb\xf2\x22\x9e\
\xf5W\x8bK\xc3\x11\x09\xa0\xa5-a)\xf7\x82\x86\xdd\
I\xa6\xb8\x09\xcb5B|\xba\xd2\x5c\x09\x04\xe7\xba\xb6\
\x02\x99\xb2mJK\x8f+\xde\x1a@\xa5vg\x148\
\xe2\x93#\xa1\xdfo(\xa7\xae\xdf\xc4\x84\x9e\x1b8\xa7\
a4\xd3N\x13\xc4Z\xb2\x95\x09\xd0*\x84O\xb1\xee\
\xa0\xde\x13\x07\xa5xV\x93E\x10D\x1a\xd0z\x04\xf4\
\xad{\xa9\xc7\xca\x01)F\xfe\x14\xa7\x1es\x22\xbcU\
\x1d\xfe3Ir\xeb\x22\x99\xf2'\xca\xad\x94\xf8q\x01\
\xc7\x83e8\xc2\x08\xfd\x9a}\xc7-R\x96V\x02\xf9\
R\x06\x10O\xebV\x8f\xa1N\xf3\xa3\x19\x03T\xe3\xb4\
+\xa6\xf4\xe5\x9eX\x0b\xadB\x82\xb4I\xe9'\xf7\xbd\
p\x9f@\xe2\xb4\x9c\x82\x07T\xf8Py\xa3\x8a\x13\xcb\
F\xd3\xfe\xe1\xfb\xd3me+OSJ\xb7J\xca\x88\
\x1dG}6\x04\xa7\x80\x0a1\x8d\xff\x00zU\xe5\xe9\
I\xe4\xc5\xb1\xd6O\x80\xf8\xd5\x8b\x17\x0db\xbb\x87S\
\xa0\xeb\xae\xd5\xec\x10\x16\xa5'\x11\xdc\x9f:v\xe5\xfe\
\x8a\x92|\x85f\xd98\xfb\xc7\xc6\x96\xf3\xdbtF\xf1\
K*\xc7\xc2\x9b\xe1\xac\xa7\x13*\xf1\xa8\xef\xa3\xe1P\
+\xbbJR\x08\xd0\xa4\x88\xa7\xc4\x94\x88*!#\xac\
\xe8>\xd4\xd2lYq\xe5\x5c\xb2\x97\x92[\xe6;~\
\xb5f\x86\xae\x9cM\xdd\xbb\xc5I\x9d\xc9\xfd4\x14\xd5\
\xd0t)N\xa7'\x90\x92\x93:B\x88\x9e\xe3N2\
\xa6\xdb.\x05\xea\xa5j\xa9\x07\xa7\xff\x00*\xb7\xb9e\
\x5cU \xb6\x92:\x91?\xbdi\xd4\xdbd=e\x9c\
\xf2\xfc\x99~\xd5\xf2\xa4Z\xb9\xc3\x9dg\x14\xc0>4\
['\x22\x0d-\xdc'\x14\xfb\xbd\xf4\xc3\x9cLB\x92\
PR\x7f\x15\x5cq\x0a\x96\xa7\x13\x22=\xd4xSk\
q\x1f\xea\xe2S;\xf8\xc5\x06\xd6\x90\xee*\xe5\xd3j\
t\x99s\x8a\xbc[J7\xa1\xcb\x92\xbf!\xfcD\xf4\
\xa4\xdasd\xeaq$~\x11\xdfM\xa5\xc7rP>\
\xf9\xeb\xa5\x00Er\x0d\xa8\x9a>\x8c|)H\x0e\xe1\
\xa4\x15\xf7S\x96x\x04\xcf\xba\xb9\xd4\xed\xf6\xabf\x93\
o\x9b6\xf2\xea\xccL#S\x13\xf04\xdd\xca\x18\xca\
\xcd\xe4\xa5\x0c\x1fy!_\x88\x9am\xa6R\x1bU\xbe\
\xa9d\x0e]D}i\xf7\xd4\xac[\x0a\xc5M\x83\xaa\
T\xae\xef\x85\x5c<\x8b\x87V\xc5\xc2\xb0G\xfe;\x8f\
\xbd3n\x8bg}q\xa8\x9e|\x94\xa9\xdc~\xfaP\
Pi`\x8cD\xaf\xa6\x80\x9a\xd0\xfb\xc3A\xf7\xa5#\
S\xcd)\x04\xf7U\xba\xee\x91+B\x8a@\x03j7\
\x1e\xb1\xae\x22\x1b\x8f\xbdc\x82\x97\xc9\x1bh:\x93W\
\xb7k8\xb2\xa2\xa0\xd8\xf0\xea~4\x9b\xb5\xdcqY\
BT\x94\x7f\xb6\x0f\xd6\x9d\xba\xb9_\xb1\xd5\x5c3\xd0\
\x8a7\x0e\xa9*K\x99i\x1d&\x94\x01\xe4mP\x22\
\x9c\x13\xb6\x94\xa2\xa8\x83\xb1\xadh\x1a\x8a\xee\xab\x85\xda\
\xb2\x97\x9d@\x94\xa1]cZ\xb1\xed\x82\x9e\x1e\x81\xc5\
\x84\xf3t\xab\x8b\x1b1\x01\xf6@\xc4i\xee\x99\x8d~\
5\xc3g\x89\x0c\xac\xa9d\xa8,\xa6w\xfa\xcd&\xed\
\xc1\x8a\xdc\xe5\x97{\xff\x00\x7fz]\xb9B\x8aQ\xcc\
L\xef\x14\xc5\xeb\x0b\xff\x00\xdb\x04\xb6\xeaQ\xf1\xd6\xad\
?\xc4l\x8f\xca\xdb\x88W\x86\xbbu\xa0\xefg\x1c\x11\
s\xee\xe4\x0c\xc92i\xc4%Y\xad\x98B\x8fr\xa3\
\xfbRn8\x847\x87\xbbW!\x19\x1c\x9d\x05\x91\xe5\
?\xa5q\xd7\x97\x11\xb8C\x84\xa7\xde\x83\xbf\xef\xbe\xae\
\xefC\xe5\xc7<T94\xda(\x9c\x03\x83\x81\x90\xc7\
\xbf\xad\x22\xda\xd9I/\xdc\x9eMz\x15{\xd5ob\
.9\xd6\xe6\x0e*q\x07C;QSi\xc5\xce\x0f\
(:W\xac\xbc\x82\x1d}yp\xe7\xdd\x9a]\xd2\x9c\
R\x96\xee\x9a\xed\xf0\xa4&5Z\x8f\xc2\xb2\xa9\xa9\xac\
\x8d\x16\x88\x90w\xa7{.\xdb\x82\x1dV\x88hl\x95\
\x0d\x84t\xda\xbd\xaa\x1d\x0e7!\x18\x80\x08\xf1\xa4\x5c\
Z \x02\xb08\xc8\x93\xa0\x8ejV\x18\x9c\x86yN\
\xb8\xfei\xf24\x1cY\xc9\x09X\x1an\x9f\xdc\x8f\x95\
,\x03\xec\x5c\x92\xb5(\x88\xe63\xf7\xd2\x97\xd9\xd6\xc7\
\x06\xc9F\x08\xff\x00\xf6+\xbc\x9f\xad\x0b5+[g\
xZ\x99\xd7^\xef/\xadI\x0bqW\x0e\x0e2\xb7\
\x03\xf4\xa3g\x91\x01\xf4i\xa4G\x87\xd6\xb8Hu\x0d\
8\xc2\xd6\xe7\x94\x94\xd0\xbe\xb3yD:\xb0\xa7'\xf3\
k\x11\xe1\xff\x00\x15\xeb\x8d)\x85\x22\xe6\x02\xd3\xc4\x92\
\x83\x12|+\xd9\xb8\x15\x8b\x19\x1dgs\xa8\xa6-\xae\
Y\xc5&8A\x22\x17\x94W\xf9\xe5\xc3\x0d'B4\
&\x7fqK\xb9\xbaZE\xa5\xbeP#\xca)\xc5[\
\xb0\xa0\xcb|\xa5k\xd3_\x0a\xe5#\x86\xdab<h\
\xdcL\xc2q\x153\xa7\xa5\x1f*K\xee\xa4\xe2W\x04\
\x8e\x94\xd7h%\x05\xa4\xcf\x18r\xe2u\xd3Z\xbfy\
kC\xcb\xb8\xc03\xa7\xbaL\xe9\xff\x00\xd6\xae\xadn\
?\x9b\x11\xbc\x0c\xbfb\x8bq\x9b\xcc&\x16\x9d\xfd\x9c\
\x99\xf9G\xd6\x8b\x9e\xab\xfeU\xcey\xd7}\xa0y\x1f\
\xb56\xd5\x92\x8a\x9aV\x81\x08\xd0\x12Ez\xda\x1ds\
+V\xb0y'rD}+\xf8\xc5\x8b\xd8\x17\xd0\xa7\
\x144\xde>\x9b\x1f\x9dp.\x16\xe2\x5c\xf0\x1e\xe2\xc1\
:\x09\xfd\xefF\xe5\xf8\x80\x0a\x13\xac\x1c\xbc>\xf4;\
R\xdd\x81\x8bP\xdb\xa0\xaas\x03ZR;E\xb4p\
9AA\x1bwW\xaa%\xc2\xabw2y(lN\
\xb0i\xfe\xd8R\xdbp\xab\x91\xb6I\x93\x94{\xc4|\
)\xbe\xd6\xed+\x9fd\xb5\x05\x02\xb3\x05]\xd1F\xda\
\xdb\x16YeR\xa2w\x8e\xa6\x93\xd9\xdd\x9e\xa4\xe6\xe6\
=4\x09\x9d\xe9\x9b6\x92\x0b\x8es9'\xdd\x1dh\
\x84\xab\x1c\xfb\xa9,\x07\x96\xc9\x10y;\xa8\xa4 \xa5\
\x09\xeaz\xd6U\x14\x9f\x9d\x0b7\xd9\xcd\x0eI\xf0\xa1\
n\xcd\xc3\x80Y\x0d\x81\x95G\x8d\x14[\xb2\xb5\xdc\xf1\
\x94I\x9dLw|\xe9o\xa5D:\xce9\x06\xc7\xe1\
\xdb\xceu\xa6\xfbM\x86\xf0\xc5\xae\x0a\xd5\xa4\xa9gC\
\xfd\xfc)}\x9b\x91q\x8716\xe6=\xd5G_\x9d\
:\xf0qE\xc0\xbec\x11\xf0\x14\xd7j\xf6|`\xa3\
\x8b\xed\x1d\x95\xac\x99\xab{\x9b[\xa0m.}\x9e#\
\x5cU\xdfK@KO9\x18q\x12\x89:\xeb@\xdf\
\xba\xabw\xed\xd5\x98\xcc\xc6_\xb3OX_,\xb6\xdf\
hs(\x80N\x07pi\xd6\xd5\x91dD\xcc\x84\xad\
5\x97\x11\xa0T9V\xb0\xa1\x8e\xf4\xcb]\x92=i\
\xc1\x05Jpb\x95oJ\xb9\xed7\xd2\xd5\xbbP\x0a\
3\xf7|\xa9\xdb\x0e\xc3k\x86\x8c\x8a\x5cY\xf7\xf1\xeb\
\xe4)\x17\x0a(\xe26\x8e\x19\x81\xacRon\x96w\
\x94\xb6:\x83\xb59yt\x8c\x12c\x86\xd9\xdc\x01J\
*w,\xb5$\xd1\xfc\xbd\x07\xa3Z\xf8VeP\x12\
(\xbfk\x89\x0eI&\x98\xed\xfe\xcfBq\xe6\xe2&\
D#\xbe\x99\xed\x9b2\x92\xc9I\x0bLl\x95Sa\
\xe6\xd4\xb68az\xfe)\x1f\xbf\x95/\xb2o\xeeq\
E\xd8.\xb4\xe0W\xfb\xb4\xdb\xed\xe1I\xb0\xed\x17\x9d\
eH\xf6iWD\xcc\xfd\x0e\x9f:U\xbd\xeax\xf6\
O/\x91\x19LF\xd5\xea\x0f\xb2V\xdd\xc1\xe2\x05\xa0\
\xc6\x0a\x81\xa8\xf8\x83^\xa3r\x02\x97\xfe\x83\x85\xbeQ\
=g\xfei\xe6n]B\xae\x93\xec\xdb\xc7M\xbb\xcd\
88z\xdb\x01\xce\xea\xc8\xcdC\xec(\xdb\x1bv\x14\
[<\xaeHRL~\x1d)O\xdcO(\xd6;\xfa\
W\xad`\x14ZN\xa5{\x0d\xaa\x1c\x02\xdd\xb5\xc2\x9d\
_\xe2*\xde\x00\xeb\xefR\xfb6\xca\xd8\x93)O\x10\
\x8e`:\xe9\xf5\xa5\xbbt\xf1\x01\xd5\x9fx\xfd(]\
\xb6\xe1M\xbb{'-\xcd\x0bv^[hBu\x1f\
\x9b\xe3\x5c-\xdbO\x8fQD&\x8f\xa2:\x0aR\xd7\
\xb4mG\x88\xce]\x9f\x19e\xbcBu4\xea[q\
*\xb7\xb89\x0d4\x00\xff\x00z\x17\x1d\x8fu\x9fg\
\xad\x01\xb2\x95G'HP5f\xca\x98\xf6\xa9N\xba\
\x89P\xe9\xad\x1e\xc0\xeddbx\x83\x86\xee3\x81\x9d\
\xbc6\xa3i\xdbm \x96\x15\xa5\xca\x04\x94\x88\xd0\x11\
\xd4R\xd8\xed\x1b\xaeg=\xa3J3-\xaf\x7f\xafZ\
Od\xf6\x8f\x09\xc4!<\x8a:\x80|\xfa\x8f\xdf\x8d\
\x0b+\xb6\x8bA\xac\x94\x85&#]\xf6\xdcM-/\
\xdc\xa1\xb4\xb6\x95)\x87B\xa74\xcc\xc1\x8aRn/\
E\xb1Kg\x86\xb1\x1e\xd9S\xb7\x96\xb4\xf5\x8b\xec\x96\
\xc2\xe31\x13\xb7w\xce\xa4\xb6\x9c\x01\x03U\x14\xe3\xac\
dij\xb8e.<9S&R\x15\xdek\xd6\x1c\
u.?p\xbcY\xb7B\xf6\x9f\x1e\x9d4\xa71J\
Wu\x86\xaa\x1a\xeb\xe3L\xd8^\xbb\xc6u\xd39\x95\
u\xc8~\xb4\x8b[\x05\x8e\x03E'\x95[\x9f\xe9\xb5\
\x150\xcf\x11\xd7\x94\x10y\xa2\x13P\x94\xa4\x82a}\
$\x9d\xe2\xb6\xc6\xa4\xfa1\x14B\x87,R\x98}I\
n\xd1\xd0@Q:\xcf\x85\x0bw-\x94\xe5\x93\xa8\xc5\
$\x9d\x15\xe5L\xdfYZ\xb8\xbbK\xb5C\xac\xa4L\
\xcfJ/vj\xca\x14\x90\x1dKq\x06|;\xb6\xae\
\x15\xf66\xb7\xcd\xb9\xef{\xb9o\xfaS\xfd\x97\xfc\xc9\
\xf6aj\xdc\xad=4\xe9\xd2\x93\xd9\xbd\xa02\x5cr\
*%M\xf4\x89'\xac\xd5\xb7g\xb2\x1bs$\x87\xf2\
\xfcZ\x9e\x9f\x0d)\xabk\xb0\x953\x8a\x92\xd3\xc3U\
!J\xddC\xbd?\xa5\x7f\x08\xed\x04q\xad\xdc\xe7B\
\x92\xb1\xb4\xfb\xd3I\xbb\xe09qb\xe1\x92Q\xaa\x9b\
A\xf0=j\xe7\xb3\x85\xc3A\xb7R\x16\xda\xeeF\xc9\
\xe8g\xa6\x94\x85\x5cv\x85\xa3\x8ec\xf8I&\x7fb\
\xaeM\xe3\x88d\xad\x00\xa5pv\xf1\x1d\xfbW\xaa\xf6\
5\xaf\x15\xf4\x90x\xf09@\xd3A\xd3\xc6\x8d\xad\x97\
\xf9\x87\xd5<g\x0e\xa9\x9ag\xb3\xfb=\xc5,\xb6\xa0\
\xe3\x8f\x9d\x93\x1d>t\xd7e\xf6caNh\x95\xaf\
\x1d\x06\x9di*\xba\xe7q\xb3\x08\xd2\x9dS\xc7\x90+\
\x95?\x0a\x81F\xa7\xc2\x95;\xd1\x1d:R\xd9\xba\xd1\
\x07\xefI\xb4\xbax:\xc2\xf9R\x15\xe3\xd6i\x17\xf6\
\x0a\x0e\xda+\x99m#d\xf8\xd2\xef;\x0d\x92\xa5\xa7\
\xda\xba\x89<\x91W\x1c\x04!\x8b\xe4\xc6\x0dh\x0f\xbb\
\xcd\x1di=\x8b\xda@e\x8a\xd4\x1e\x225\x89\xd4\x9d\
\xf6\xde\x8d\x9fh\xdd%\x0f\x04\x00\xd3\xc7\xff\x00\xad\x7f\
\x0a\xb9t\x18\xe5aG\xf0\x9d\xe3\xc0l)v\x9d\xa1\
h\xa5`\x83\xee\x93(\xd3\xe5E\x9b\xab$\x5cZ\xde\
\x00\xb0\xe3{\x8e\x91\xff\x00\x14\x15\xd8WN\x0cy\xd2\
\x90\xff\x00>\xbd\xe0\xedL\xb5qd\xae(\xd5KK\
'5\x0f\x18\xd1T\x96\xdf\xecW\xd6Q\xa9\x01fI\
\xeb\xd2\x94\xa7Zz\xd9)k\x22\xda\xa5j\x03\xe3I\
u\x86\xc5\xbbJ\x05\x09q\x1c\xcbp\xe9\xf5\xa6\xdb\xec\
\xdbcon\x15\x93\xd7\x07s\x1d\xe6\x85\x97a)\xd5\
7>\xd5\xd5\x1d\xe9\x18\xe4\xfd\xda%\x5c6\xfa\xf4\xa5\
^\x5c\xdb\xba\x8d9R\xad |+B\x0ab\x85j\
h\x0aQ\xa9\xa2\xd6\xbc\xc3z\x16\x97\xe8\xe30\xad\x1b\
1\xee\x0a\xe2\xd9\xb4\xab\x96\xdcIC\xad\xa8\xf8\xd1W\
b\x1fU\xbdiEN4\x93\xfc\xc4\x8f\xcb:\x1f*\
e\x9b\xc7M\xad\xd76\x0ej\x99P\x11\x1f\x7f\x9d7\
o\xdaH\xe0\xbe\x92@x~>\xe1Ib\xe1\xf0\xc9\
\xc8\xb3\x9a\x84\x06\xf4\xef\xa7.\xc2\x83\xce6\x94\x9e.\
[\xea@\x88\xee\x81\xd6\x9aB\x1b\x87Z\xcc\xba\x14\xad\
\x17\x1b\xfd\x0d\x16\xec\xdb\xf5\x94q$0\x9f\x0e\xbez\
\xd3\xabM\xcb\xac8%E\xa7\x86S\x1f\xef\xf8\x88\xa1\
x\xcfhp\xf8:'\xfc\xc0\x1ez\x1a\xfe1\xc5\xc1\
<)\xcdk\x18\xe3\xdf\xd7\xc7\xebW\x97%*\xb9\xb8\
\x93\xc1\x13\xcac\xefG\xf8\xdd\xda\x96\x97\x15&\xdd\xa5\
e\xa8\xf3:iG\x06\xfdW\xb3\x92\x9e^\x84\xf7\xd2\
;\x17\xb0\xd9^9\xc2\x96\x0eF\xb8\xf7C\x8a\xfee\
c\xbeM\x00\xe6\x9aN\x9bV\x08\x11@\xd1\xf9\xfa9\
LQ\xa9\xee\x11^\xaa\xf4\x12\xd9\x85\x08\xd8\x9d\xab\x86\
\xd3~\xb2\xcfI^\xa9\xa3\x7fl\xb1m\xdaH\x91\xcb\
\xa1\xcb^\x94\x8f\xfdC\xec.\x1ax\x96\xd4\x86\xfat\
5\xc0\xed .\xed\xf6K\xe9Y*L\xed\xfd\xa9\xa6\
\xcb<t\xb6\xcf\xfe\xe5\x95\x94\xb9\x13\xff\x00=k\x0e\
\xca\xbc\xcd\x92\x92\x1dB\xb9a]\xf1\xf3\xaf\xf3\x00a\
r\xf0\x9b\xb0\xdec\x86\x07\xeb\xf6\xa5\x22\xe0\xb2\xfd\xba\
R!\xf4\x1e\xf8\x80\xa1\xf1\xa7\x8a\xdd\x17I\x0e\xc1W\
\x17P\x8e\x88\xfa\xd2l\xee\x1a\xb9a\x97FiD\x05\
\x93\xd0\x19#\xce\x94\x9b\x06n\xae\xb2AgX\x00\xef\
\xe1\x5c\x0b\x9b\xc4Z\x91n\x99Cc\x5c\x88\xfd+\xff\
\x00\xc7\xdb;~\xe02'\xdc\xcb]i\xa6n\xcf\xb6\
\xd2\x19JyP\x9f\x13K6M \xbf\x96K r\
\xa7.\xea\x0b|%n\xee4\xebY\xb8\xa2\x09\xd6(\
\x04\x9c\x8d\x0d+M\xf6\xa8\xa85\x8d\x03;W\xac \
$\x5c7\xa8'\xbe\x94\x8e\xd3\xb6\xe08\x98\x82\x99\xc4\
\xcfZ\xc9\xbcZZJ\xb2\xc0B\xbb\xaa{Y\x87o\
\xb1\xe6\x0a\xf7HO_\xbd\x0b\xabt\x07\xec\xc2P\xf2\
\x9b1\xd0~\xfe\x95q{\xd8W\xf9BR\x9fWZ\
\xbe:t5\xea}\xa1\xc6eX\x12H\xe6AQ\xd4\
F\x9aoO=\xd9\xef\xb4\xed\xb0\xe5S\x18\xcaS\xde\
JO\xf7\xa5%\x8b\x88\xb9y\xc0\x9fWq\x12\x95m\
\xf8\xb6\xdb\xedN\xddv\x95\xa3\xb6\x80\x91\xc5K`\xc9\
\xd3B\xa4\x9f*Jl;\x5c\x02\x95\xc4\x95\x94('\
\xaaBN\x94H@Kzr\xe2\x01\xa4'\xd5\xad\xf3\
ZJ\x17\x9a\x81\x82:\xef\xdck\x85\xc8\x94:\x9dx\
z\x01\xdd\x1d\xf5\xea\xb6\xed\x06\x9a\xc3\x9dS\xcd&\xb1\
\xb3H:\xea@\xdc\xf7\xd2RyV\xa5u2h\xb6\
\x86\xe5q\xca?Z\xe2-G7\x06\xa9\x1bM\x03\xe1\
EC\xd3&\x82\x9e'\xc8\x09'\xe1J\xed\x0e\xc6(\
{\x09*\xd7]\x05]7\xda\x0d\x94^\xb7\x8b~\xc5\
\xde\x92\x084\x1f\xe3\xb2\x9fWW\x0f\x012\xa0I&\
g\xc3Z\x0f\xb2\x13\x8b\x8d\x8c\xdb:\xe9\xddIWb\
;\xd0%\xc63\xe5\x15q\xea\xce\xa1\xab\x96U\xc2\x0c\
\x8d\x06\xdf\x84\xfe\xf7\xab\x9e\xcf\xff\x00\x11\xb5\x08\xcb\x84\
\x97`\x15\xa4\xf4\x9aj\xf3\xb1oM\xc3\x7f\xcc\x22D\
+\xae\xa2\x8bm\xb2-\xf6.\xc2\xbf\xd4\x10g\xeb\x14\
\xf8u\xa5\xbe\xc3)\x07\x15\x8c\x8a\xfc\x95\xfd*\xde\xe1\
\x9b+\x80\x97\x1a\x0a\x09h%C@z\x1d\xb7\xa47\
\xda\x8d\x5c!\xccx\x98\x8ff\x98\xf8\x1aq\xcb~\xcf\
NI\x0629|\x86\xd4\xd0q\xc1\xc2H\x92\x98\x8d\
~t\x84\xe1\xc2gI\x83\xad{\x02\x9c\x8e\x82h\xde\
\xbc\xb2\xa5\x1e_!\xe1NvGcZ\xa4\xb8\x81\xfc\
\xc5t\xf1\xee\xa3y\xda\xf7\x00 F\x7f\x98\xfc\xbct\
\xa4\xba\xc9\x94\x91@V\xa6\x89\xef4\x9aR\x12\xef\x0d\
{\x85\xc6\xd5p\xc8\xb6R\xad\x1cY\xc7\x97\xc3US\
]\xa0\x87\xd8\x0b\x0d\x84\xab\x83\xf8\xbc\xc7\xc6\x9fz\xe5\
\x95)\x0f\xc6\xa8\x18\xd5\xbd\xcfg\xdc\x80\xe1L)*\
\x13\x92E9sf\xac\x5c_B4\xaf\xe2V \xb0\
\xfbk\xcf\x10L)]\xf5\xea?\xe2\x0bnb\xb0\xa4\
\xba\x81\xd7\xbe;\xab\xd6;\x06\xf8\xdc9\xff\x00mQ\
\x8f7QJ\x7f\xfcAc\xc0\xb8\x0b\xf7\x92\x98R\xfc\
\xfeu\xc4\xb7{\x8e\xa8N\x81Z\x8d\x7f\x7f*\xc3\x8d\
:\x18TE 5p\xa2\xa4o\xe2+S\xc3H:\
\xce\xf4U\xaa\xb2P\xdc\xd7\xb5:o\xf2\xa58\xdd\xd3\
*_0H\x06u\x14Q~\xd2\xd4\xdd\xc7\xb3\x18\x18\
\xe5\xeb\xfd*\xd5]\x8aZU\xe1\x94\xa4\x01\xae\xbd\x07\
y\xf1\xa1u\xfe J\xde\x13\xec\x9b#0\x93\xdf\xe1\
\x5c&R\x12\x00\xd955\x95\x1a\x06\x94-\x15\x82\xc9\
\x00\x18\xf1\xaco\xec\xe2\xd4\xbd\x83\x99\xa2\x14\x8eY<\
\xdfju\xe6\x94\x97\xd9p%\xb0\xbdF\x1e1^\xb5\
gvT\x94\xac\xb6\xfbF9$oE\xdb7\x0a\x99\
n2\x07N\xeaCF\xf9Iy\xd8\xc8\xab\xbf\xaf\xd8\
\xd3\x8cj\xd5\xc1\xe5J\x91\x1e\xe7E\x0an\xde\xf9\xa6\
\xdeY\x11\x965\x9d\xa2\x94\xd7^M'\xc2h\xa6\xe1\
\x19\x85\xef4\x95Z\xba[Kx\xf2\x8d\xa4W0\xd7\
\xc6\x96\x12\x80\x9e\xe3C'2\xa2\x1a\xf7\x81\xfa\xd3.\
8\xf0\x0d\x97\xa1j\xd3I\xdb\xf4\xa7n\x0a\x90\xfa\x12\
\xbcF+\x9c\xbc\x85)\xabK7bJg\xa1P\xde\
\x0f\x9dd\xfb\xef\x87\xbf\x96\x82\xc9\x19e\x96\xa9=~\
\xb5\xeb\x97\x17&\xdd\x94O(>\xfa\xa0Bgz\x04\
,\xaeF\x84\xd6\xb5\xad\x10:\x9a\x06*\xd9nid\
\x12J\xcc\xf5\xfd\xc5\x7f\x0f\xbf\xf6\xb6\xce\xb2\x0a\xcb\x9a\
\xc93\xadZ\xdb\xdb\xf6y]\xbb\x8de\x8a\xe0\x83\xa8\
\xde|\xc7\x95.\xef\xd4\xb86\xef\xa0\xa9\x08>\xee3\
\xb7\x9f\xfc\xd5\xdbv\xb6jqq\xcc\xd1\xe8'\xa7}\
\x14\xb0\x90\x85brB\x84QuJ\xe1\xb8\x9d\x13\xae\
\xa0Sk\xbd*\xb9i\xc8\xcf_s\xc6\xb8\x0e\xa7\x84\
\x95#0\xa3\xd0R8\x0bK\x88\x1a\xa9C\xa5)\x09\
P+N\x85=\xd4P\x95I\xef\xa8\xca\x901\x94\x89\
\x93KZ#%m\xdd\xe1N\xdb\xbc\xb6\xddu\xc0d\
\xad2\x99'\xbb\xba\x98m\x8c\x1c-\x9fo\xdeF&\
>\xb4\x8b\x8bG\x13n\xe9$6T\x99\x06zON\
\xfa\x1e\xb5r\x95a\xedR[:\x13\xddG\x05+\x82\
\x0a\x5cNK%\x22|<\xa8&f*\x05eX\xa3\
\xe7R(2\x9c3I\xcce\xf6\xabW\xbbE\xc6T\
\x83\x0d\xa5M\xaf\xf2\x8aj\xc7\xfc@\xc2\xcf\xac'\x1b\
w\x80\x95\x01I\xb6j\xe3\x8fn?\x18L\xaa<{\
\xbci\xbe\xd1\xb3s\x11\x90[\x8a*\x89\xa3\xdbV\xea\
\x0bN\x5c\xe7r\xbdz\x8a/\x92\xa4\xbd\x90\x04\x13\xb6\
\x94\x93k\x0e\x01\xbe+\x93O\x5c\xbc\xb50\xb7\x958\
\xa51:\xd2K(S\x89q\xcdT\x93\x0b\x09I\xfe\
\xd4\xd7h[\xdd)|T\x15\xbb\xd1)=\x10{\xfa\
\xd3\xbd\x9dst\xd3\xab.r\x94\xab\xdd\x9e\x9fz\xe7\
\xd6h\xc5\x01\xd4\xfa\x0a\x80\xd6\xae,\xb3\xc5DJL\
N\xda\xedK\xb8E\xfbR\x87%9\x8dJcaC\
\xd4\x94\xb0\x87Hmj\x09\x03\x98\xed\xad%\xa5/%\
$j{\xea}8\xd2\x8bv\xe5\xe8\xd1I\x02t\xab\
\x8e\xccK\xaeY\x06Nm\xa67\xef?:\xb5\xc6\xd8\
\xaa\xdc'\x08\x89\xc1GEyTvb\x94\xb5\x19i\
M\x14\xe4\xa4\xf9\xc6\xf4\xdd\x8b\xa3\x86\x12\xaet\xa8\x89\
\xf8kG\xf8\x0d\xd9}X\xa5)\x07\xf1H\x83\x15q\
f\xe21r\xdd9(\x84\xf5\x8a\xbcz\xf5\xb7\x14@\
\x96\xa3\xa2\xa0\xc4\x9f\x95/\xd6\xac\xb8\x5c<\x8ecu\
\x12{\xa9\xe7m\xaf\x08[I\x12\x84\x0c\xa4\xd2\xae\x1f\
\x0d\xda\x1d\x88\xcfx\xd3\xf4\xa4\xbdq\xa9N\xc0h(\
o\xa6\xf5\x03\xa6\xf5'\xad\x11\xdd\xbf\xa3\xc6\x91ir\
U\x82\xa7 ?\x16\x9bV\x17|5\xf0\xd5\xec\xc8\x1a\
\xabmU\xe3\xca=>U'\xa5\x1f\x13I\xe1\x0eg\
HFDH\x06|)w\xd6i\x82\xf3E%c\xc7\
s\xe7?j\xbc+\xba\x0aij\xfcd\xe8g\xa0:\
F\x83_:r\xe3\xb2\xae\x0d\xbb\xa0\x92R\xe6\xd2\x7f\
\x17\x86\xff\x00JK}\xa8\x93\x93\x8b+/\x05{7\
;\xe0\xc5\x22\xe2\xd6\xfd\x9bu4\xads:\x01\xafM\
\xe9\xd7lV\x97[Z\x8a\xd2P\xad\xa0\xc1\xd7\xa8\x8d\
j\xce\xe6\xe5\xc7\xed\xd8)\x01\xe4\xe3)%'m<\
G\xd6\xbf\x89!\xa6\xbf\x86\x02J\x9b\xca\x15\x86R|\
\xbc\xaa\xcd\xfe\xc1\x0e'\xd6\xc8\x0e\xb0\xbd\xfe\xdeuh\
\xae\xd1\xb0i:\xe4\xa1\xef\x04\xfckZ\xc0\x1d\xb7\xa2\
O\xa0\x8f@\xa9=*\x06\x82\xbc\xbd\x00Q\xf1\xa8\xa5\
\xb0\xb4f&t\xde\xae\x10\xc37\x17AOq\x10\xd6\
?\x80\xef\xff\x00\xf5\x22h \xa3\x88\xb2B\x09\xf8\xfd\
i\xdb6\xef\x5cK\xebP.(\xa4Dk\x1bR{\
3\xb6\x9di\xcbN\x0f\x14\x81\xefe\xe7\xf0\xa6.\x19\
\xba[(\xbbJCh\x0d\xc6p\x9f\xbfZ7ww\
Y\xb7\x8f\x09M\x84h#\xaf\xce\x96\x8c[m\xc6\xcc\
\xb6P!?*n\xd1\x8c\x98SC\xdef\x06s\xb8\
#\xeb_\xe78%Ce%;\x88\xebI\xe2#\xff\
\x00\x1cE\x08\xe8#Z$\xd15&\xb4\xad*}\x1b\
\xed\xaf\xa3z*\xa2N\xc3j\x91\xd2\xb1\xa5'\x87\x96\
R\x0e\xb1M\xb0\xb4e\x88:\x9di~\xb7l\xd2T\
\xa2\x12\x9du\xdf\xbe\x92\x8b\x8b\x87.\x08\xd7'u \
wO\xefzm\x17'\x82\xcb\x0b\xc9\xb0\x93\x88L\x0f\
\x0a\xc2\xd9`\xf2+\xbc\xe5IV\xe6\x04\xd1?*\x83\
\x14;\xbd\x04Tu\xf4\xcd\x115\x15\xe1\xd6\xb1\x1d*\
MM\x18\xa14)DRG~\xf4\x14R'j\xfa\
\xd6\x0b\x19\x04\xaa\x04\xd6#aZu\xfd+CG\xca\
\x88\xf1\xaf!\xe8\xf9z>>\x83\xf0\xa0j=\x02\x80\
\xef\xaf\xff\xc4\x00&\x10\x01\x00\x02\x02\x02\x02\x02\x02\x03\
\x01\x01\x01\x00\x00\x00\x00\x01\x11!\x001AQaq\
\x81\x91\xa1\xb1\xc1\xd1\xf0\xe1\xf1\x10\xff\xda\x00\x08\x01\x01\
\x00\x01?!c&j\x0f\x19O\x02\xd9\xb5\x9d\xa7/\
\x80\x93\x12\x87@I\xe3)\x86\x95\xfad\x97\xd0\xacd\
\x92\x1c\x7fy=\xdb\x00Y@\x83\x15D\x1e\x8d1\xfb\
2M\x0b\xd8\xfc;\xd6,\x05!Q\x91\xf6<\xbc\x18\
 \x0a\xe7 \xe2L\x99\xe2\x89\xc4\xe4\x22\xb4\xeb$g\
\xaa\xcb%\xff\x00\xc3\x1a\x028\xc9N\xcf\x13\x96\x07\x8c\
\x91\x1a\x89\x83%0\x9f\xb9\xca\x00<\xe4\x92*5\x91\
\xd2\x8e\xb0\x15\x1a\x001\xc4\xe0\x04\x17\xf9\xc2*\x8cu\
\x12\x1b\xe3x\x98\x02\x8e\xccE\x1e<|f\xa9\x80+\
#\x94\xf1U\x90\xcf\xaa\xc4\x85\x1f\x1b>:\xc2\x9b\x80\
Li\xd5\xebF\x14x\xd5jb\x0b\x01\xa0|\xe0\xd4\
\xa4-\x86\xb0\x1b\x98\x7f\xce.9\x7f4\xfb\xc9\x89\x91\
)I^\xbdb\x99X\x96T\xff\x00\xd3\x02=\x18\x94\
6\xe7\x10\xc9\xc66\xfeN\x05\xf8\xf2\x02\xc5\x189\xd7\
\xac5\xae\xeb'\xc0\x221\x89\xa6\xdce\x86\x18=\x98\
\x19\x1d\xf1\xfb\xc2\xaew9\x09\xf9\x07\x9a\x15\xe1\xcb\xec\
\x01\x92f\xcd\xda\xfas`\x95+\x89\xb2\xd0\x1fY2\
\x9ab\x08\x06\xca\x8aF\xba\xc9Q\xd6\xb0[<LW\
\x98\xc8.\xf8\x88%\x10\xf8W\xb7\xc6\x1b\xaa\xe0\xb4\x22\
\x81\xe9\xf4\xcerf\x00\xd8\x9e\x8c\x14J\x904]3\
\xe8\xfc\xe5\xb7\x81'\xb7\xe0\xc6\xf1\x06UeN\xdc&\
\x028b\xb1-r\xb9j\xe4VF \x9f\x80\x93?\
\xc6+\x178\x10\x97\xceP\xe4dZ>r\xdd\xb7\x9b\
Gw\xf2\xe2E\x8d\x12NJ\x13\x9a\x9f\xeb\x15.U\
\x8f\xa3y*\x96\x5c#\x09%\xe0\xf5\xd1\x96\xd5\x08\xa4\
\xadh\x1c#\xf1\xf3\x96\x18\xb4\xba\x02\x8e\xb9?\xd3\x92\
\xf7\xcc\xa9\x10G[\xfer$\x81q\xba|s\xf1\xbc\
\xa79\xaa\xc9\xc4\xf3\xfd1\xd0(b]#\x89\xe0\xf7\
\x95|b\xc5\xc7^\x0f\xde\x1d\x10\xe0@}e\x91\x02\
<\xb4\x7fX\xf9\x86\x10\xa43\xe7\x1f \x00\x09\xe4\xbf\
\x18 |\xed\xdce\x22\xe1\xc8%\xf0\x06:\xed\x89S\
\xd2\x0c\xe4O9*\x0f\x18\x07\xb1?\xcePC[r\
M<\xb1\xda\xddD\x1f\xacX\xe1\x85h\xc4\xcc\xe0\xb8\
\xd9\xcf\x148\xbeA\x95\xc1\x01\xcbdF\xcd\xbf8l\
\x5c\xadl\xb7\xcb\xe5y\xc1\xd2(\x81\x81H\xba\xb9>\
p\x913k'-\xf6\xd3\xfb\xcd\x89\xa4\x12D\x12\xdb\
\xa5O\xc4c/R\xc4RO\x0e\xfd`\xd5\xa6\xb2V\
\x88\x88\x9aJ\xf8\xeb(\x9b@l\xb8GS\x96\x98\xe7\
u\xa3\xf7\x89\xa0\x82\x93\xaeb\xca~q\xff\x00\x88\xaf\
\x84\xcd}d\x90\xa8\x91\xaaH\xf8\x1f\x9c\xe7\xf579\
8\x82\x93:\xc6\x12Mc\xcar@q\xa6@\xc7\xa6\
)\xf9^\xf07\xba\xc8\xe7\xa9/\x00JU\xe0\x09\xe3\
\xe1\x9d)\xdd\x8f\xf5\x9aW$\xd1:\x13,x\xc4L\
\x1a\x1b\x15%\xd1\x0dn\xd3\xac\x1c\xcc\x08pJ\xc7\x8a\
z\xc6\x1b-\xf4\x1d\xbe\x22\xb1\x9a(\xa2\x03\xa4\xbb\x93\
\xf1\x88\xd0\x80\x06\x10F\xeda\xef\x16\xb0A\xfc\x00\x9f\
\xbfX\x82\xa4R\x94\xab2\xf1\x879\x82\xbb4\xd4\x0e\
a\xf7\x83\x1d\xa46@\xd6\xbb\xca\x16\x02\x9f\x82}g\
%\xd8\xa5\x87\x96\x99\xbc\xf1\x09\x84o]Q\x97+L\
\xb5\x88\x0f\x068\xc8\x5c\x87`8\xb6w8\x93H\xb8\
9\x0d^)\xe4g\x12;\xc4\xccx\xc1J\xb9\xaf\x19\
\xb4\xafx\xc0'\x9ep\x0aArb\xbf#\x19 I\
W\x14j_\x12\xfa\xd4\xe4QE\xa0+w\x22-\x7f\
8\x1b\xda\x00z\x1f\x10\xc5\xc9\x8aB\xd2\x08\xdc\x9cc\
\xa1\x91\x98\xad\xcdb~\x95\x94\xfe\x91\xff\x00\xb8M\xb0\
\xcb\x90\x01\xd7n\x91\xfb\xe2\xbc\xa2I#u<I\xa7\
\xbc7\xf6K$\xa0\x81\xcd\xce\x92\x18\x8d_.+\x17\
\x0d\x8a\x0er\x899D\x87~\x1b\x8b\xeb\x01\x85\xf0\xd3\
\xfe8\xed\x04\x9b\x16\x8e~\xfe\xf0A\xa92\x84l\x83\
\x91\xac[\x0e)\xd2r\xa6\x89\x89\x1a\xa5\xe7\x1f\x14\xfa\
O\xfb\xeb\x02i.\xf8\xcb|\xf4c\x09\xcc\x8b\x92\xd9\
O\xfaqeq\xe3(KxC)\x09`\x0bw\x1d\
\xe5-\xd2\xa2\x07\x12u\x7f@o\x01\x99\x90\x8bb\xf4\
\xf1\x06\xae0Q?B\x22\x09\x12\xbfQ\xac\x8e\xed\x8b\
\x14\x03\xa0\xdcy\xde\x15E8\xc9\xb6\x9b\x99\xe4V#\
\xf8\xcc\x22\x9b\x8b+\x12\x13h)R\xc4\xd4\x04\x93x\
Q\xad\x12\xb3i\x08v\xfd\xe1DgK:1\xc59\
_|U\x01\x14,\xca\xb7\xf1\x90\x8915\xaa\xf4\xe9\
\x80\x18Z\x01\x0b\x09\xcd\xbcb\xa0\xc5C\xcd\x0b\x8a~\
\xa1\xa5kO\x98\xc8\x04Q\x86Q\xe5\xe7\xe5\x82\xf5\x92\
\x09G`\xd6&s\x109mt\xe7\x04`\x82\x9fQ\
\x9e\x03\x89\xf4\x08\x08\xc8\x06\xd6V@\xf2\xfd\x19\x00a\
\xb6\x15\xc6\xc1\xc3+\xde\x16\xb2F\x8e\xa2W\xd2\xa3\xa3\
\x1c\xc5;F\x07\x7f\x9f\xde6\xb5p6\xb3\x12\xba'\
LEX\x22\x95\xe9,\xef\xf1X\xb5\x02h\x89\x88T\
\xc0\xad\xf3\x8dl7HJ2\xc6\xa2r\x98nR!\
\xa3\xc5#\x1d\x1e\xf0\xa6Q)c'\x227\xf3\x90y\
,\x98\xac{E\xe6\x92M\x88\x9a\xb7u\xc6y\xbbT\
\xabH{\xdd{\xf1\x90\xee\x1dH[`\xacD\x97\xae\
H\xa1\x93\xb8\xd3\xdeB\xbdC\xa3\xf4\xe7\xfb\xc2w%\
9A\xfe\x8c{\x16\x8bX\xef\xb9\xc1\x11\xc9\xadF\xf5\
|bQ\x81\x1eIg,\xd8\x09{\xc13\xa16d\
$_\x8c\xa1\x93z\xc2z6b\x80\xd4\xc6NS\x01\
Wo\x18\x0c\x00\x89\xd9q\xe6g\x07$U\x12}.\
Y.&\x19\xa8[\xe2]\xc1\xa3/\x04@\xa1\x1c\x00\
=?\x18\xb1\x17\xa4\x02x\x16\xfc\xb99\x00K\xa5\x0b\
\xa4AY\x8c>\x1b\xa0\x12@q\x09\x96\xf5=\xe5\x03\
\xf6\xbaU!\xcc?~\xf0A\x04\x8c\x86\x7f\x22\xb0\xfa\
f1\xa02]\x18\xcc\xde\xe9\xba\xc4Re(\xea\x5c\
dg\xc4\xa7\xe5\xe1\xfdd\xb1\xcd\x86\x02p\xf3\xac\x92\
l\x92\x00\x935\xe1\xc8\xe0\xf0\x87'\xed\x84\xf4\xf0!\
\x1d\xcc\xae\xc0d\x88\xcf\xf8\xc7\x8d2b,\xe1\xac\x05\
\x86\xfc\xe5!\xa3x\x07\xb3x\xf2Q\xfb\xc2\x03\x0be\
)\x13\xfb\x9cXQd\xa1\xd6p\xb1x\xa3\xe7\x123\
\x8fz\x1e\x1f\xed\x8a\x95[0n\x03\xb9\xc9\xd1\x1e\xc1\
M\x11\xce\xad\x8a~\xf6\xb8/\xf0\x15\xeb\x22\xc3E\x09\
|\x9cmj/X\x0b\xa9S\x11\x08\xda\xb6\xf1\xf8\xc0\
\x93\xe5T\x84'\x88\xe7\x14y\xc7B\x8b`\x91 \x8b\
^\xf8\xcd\xa0\x08V\xae\xe0\x0f\xe38\xbd\xb9\x01\x15\xc1\
\xf5\x8a=D\x00\x00\xfc\x81s\x80t\xe3\xb2I}9\
-ep_\x9d\xdf\xceq\xf7\xe9n\xe0\x1c/\xd4d\
7\x92\xd0\x81\xd0\xa2q@\xc6EFa;\xe3\xe8e\
\xfajfO\x1f\xfb\x85\x12\xa4\x9c\x8ay\xe7\x00\x90\x87\
\xbcc\x0e&\xeb\xf6\xc9\x9b\xd7\x195\xd0_\x87\x00\xeb\
\xed\xf1J\xbd\xf7\x1ep\x1faY\x1a\xd7\xe3k\xfd\xb8\
hK:X\xa9t9GQ\xe9\xa5W\x0d\xa0Tf\
\x9f\xe1\x9d\xcc}\xc3\x84\xd4\x06\x9cJprQ\x11\xdd\
(>r\xf6\xbaY\xd9\xe0\xca\xee\xa1\x99\xc5F\xea\xe6\
\xd9)\xee\x9e\x03:\xc5<B9\x94\xe6\x19\xe6x\x80\
\x16\xe22=jw\x92Y\x96\xe0\xf4U\xde^\xe9\xba\
\x9f\xc9\xa2f\xe9\x0e\xad\x07N\xfd\x8daU\xc5nA\
\xab\xfc\xe4\xa7\xa6\x90\x067/\x09\xc6s\xddbs\xc7\
\x85\xde\x13J\x00j3\xde\x1dl\xd8\xefox\x04\xb6\
\xec\xc7\x84:@\xe4'\x06\x8c\x09K\xd5\xe1b\x0do\
\x12mJ\x97#\xc5\x02\x1b\x87\x8f\xf7\x18\x01\x11an\
\x93\x1f\x06>0o\x10\xd0\x97i\xa9\x8f\xf4`Ud\
\xc4\x92\xdf\xdc=9@>\xb9\xa4\x17 \x83B\x8c\x19\
\x85I\x22\xcdq\x02V\xe5\xeb*\x17\xccy\x12\xbeO\
\x87\x99\xac\xddz\x15\xd0$#)\xfe'\x01\x9b\xb7i\
F\x9c\x90\x5cw\xe3+\x17 ?\x0bVs\xac\x9e\x1f\
9T\x9d\xff\x00\x0f\xe7\x08[/\x12\xbf\xfb\x81'C\
h\xe5<\xb9\xc1\x0aI\xe6\xc8\xc7\xea2Sy\x7f,\
\xaf\x9d?x\xad\xb0\xc7n\xcc^C\xa6Z\x92Tq\
-\xe2\x8a\xfa\x16\x0bS\xe7\x0a\xf8\x89\xbdp\xb9\x03\xc3\
\x82\x97|x\xc9\xa9\x8e&\x97\x0c\x00\xb8\xf0\xad\xbfY\
\xc1u\x0c\xb0\xfe\x7fx\xfc\xf1\x88\x86\xdaem/\x8e\
2c\xd2\x0b5\x00|3>\xb2M\xc9,V\xc6\xac\
\x03W?\x19!+\xa8\x01\xaa\x0b!\xd9\xbb\xf8\x09 \
IQ \x83\xc9R\xe5\xdcw\x9c\xecH\x0a\xa0f\xee\
7\xe1\x85\xc5\x0a(G\x01\x8fR\xbe\xb1\x11\xcf\x0cK\
\x9e%ay\xff\x00\xb6uhr++vF\xf2g\
P;\xa2\xb2\xfcdmu>\x01\x7f\x15\x84U\x84\xd0\
\x0d\xdf\xc6\xbc\xe5\xbdY\x98\xa9@hb\x84\xa6\xb8V\
\xdb\xb8\xaf\x99\xef\x02&\x8f\xab\x12\xf11\x18z\x9e\xb2\
9MO\xfbX\x18\xa4\xb6\x1a|\xe0\x5c\xc0b\x0dc\
Q\xd2\xbcd\x8e@\x09\x1cc\xf9yr>r \xa0\
F\x00G3N\xb5\x83+\x94\xe8\x8bw\xc6.kJ\
\xc33\xd5EG\x9cE41\x06|\x8a\xf7\x19!\xa2\
b`\x9e|\x09\xbar\x1a\xa2\xc0:\x84Y \xb3\xfa\
\xca\xabX\x99\x1946\xfbF*\x8e\xd3\x9b\x12\xdc\xcc\
\xf7\xc3\x22R\x91\x10\xfc\x01\x14g\xd4y\xc2\xb2*R\
l\xe4\xf8\xfd\xe0\x9a\x8d\xa5\xed\xa6\xf7\xc6\xf1\x96\xecl\
\x8d\xdc\xb8V\xedRY[\x8c\x95\xc0U\xb5\x89K\xad\
}\xb2\xbe}uCO\xf8o \xa0R\xf9]\xe8\x88\
\xf3\x81\x0b\xc8\xce\xad\xc3\xb7\xf5\x88 Y\x1a\xd1\xcf\x99\
\xf8\x8cE1\x10y=a\x08\x92\xd8*j\xbe\xfep\
\x89\x09,\xbd\xef&\x84$D\x87\xaf\x17\x19-\x1f\xfc\
&\xb4X\xb9$\x00Q/\xc6Z5\xc6\x935\x82`\
\x98z@z\xbd\xb5\x81\xd3\x22\xc1V\x81D\x97\xd1\xce\
YB\xf8\x84\x15\x0f\xf1\x9c\xb7\xd2b\x04A\x22Rc\
\xdf\x18k\xb0\xce\x08\x8fF\x0e\x1c\x19'\x06j\xbc\x16\
\xd8)8.i6\xcfm\xc2n(\x17\xfe040\
+\x80/\x94\xce\xfd\xe0\x11\xa4\x0e\xe22\x90\xaa\xb4\x95\
\x1e|b\x5c@\x82l\x22y\xf1\x865\xc4V\x0e\x17\
\x9c\x9b\x0a4SX\xb2(\xf1\xb4\xc1\xaf,\xa1\x9c\xcc\
\xfc\x13\xeb6\xad\x09\x09N\x1f\xf4c\xbb(\x8eN@\
}\xe0V\xb2\x1dE\xcb\x8f\x1er\xae$\x85\xb2\x13\xf4\
~0\xe3\x0em\xc3j\x12.\xab d\xf1\x95\x15\x10\
\x98\x16\x02\xbep\xb8\xd2\xee\xe4\xa94j#\xf8r!\
\xd1\xf3\x90op\x8f8\xc1\x9b\x10T\x0a:\xb7\xdb\x1c\
c\xff\x00;\x95)\xf4@G\x8b\xc9\xac\xcbA\x01i\
\x09\xdau\x11\x8c\xca\xe4\x0fT9\x8d\x1f\x83\xce#p\
\x9f\x91c\xd6\xba\xdf\xac!\xbc\xbdVR\x9bm\x90\x9d\
\xbe3i\xd5PM\x07\x8f\xd9\x81\x89\xae)\xdf\xf8g\
\x95\xf6\x80t\xf8?x\xb2{\xd1$W0?.U\
\x82\x5c\x0ejV\xf8\xc7\x11tF\xd9#\x8e\x8fnX\
\xe9j`\x11\xe0\xa6\xbcbC\x01\x22\x1a\x8d\xf6\x8d\xd6\
\x8f8Jcl]\xa7\xae\xbe\xbe\x9a\x00qtT\x1e\
u\xf9\xe74\xd6'$\xfe/\x0a>\xb7\x0b\xaf\x8c<\
\xdci\xde\xeeq4P\xb8\x08\x9b\x9cY.>\xd8\x9a\
\xae\xb0\xf1\xed2\xe1\xf6\xeb\xccc\x1e\xcbX\xe7I)\
\x81sJ\x13y\xb0&\x8bG\xb7\x1b0\xbc\xcez\x8f\
s\x11\xe8$\xc2\x91\xf0\x03)k\xeex!=`\xa1\
\xc5\x1dU\x01}\xb1q\xc6=y1\x91\xca\xe1\x08@\
|\x99-\xdbPl\x92\xee\x83\xb3\x10a@HJ\x93\
\x88\xbeb\xf0H?\x96\xda}_\xe5\x92\xe5\xabSS\
\xb9\x9caa\x1d])\xc5[\xec\xc5\xda?\x80\xa7\x99\
\x8e\xd4\x15\x80\x95E\x81\xe7\x9c\x14\xb1\x09\xb2\xc2|/\
rvez%\x90\xac\x8d+\xb7\x22\x05\x11#$\x0f\
E\xaf\x9c\x1c\xd2\x17t\x98&\xc21[,\x90J\xab\
\xd1\x12\xe3\x83\xd1\x0a\xa1:|\xfe\xba\xc6\xb1\xba\x07B\
[\xff\x00s\x8a\xc1+\xf8\xc1\xa9\xec\xc9\xf8 \xe2\xab\
\x0e<\xe0\xdd@\x1a1\x04\x1cW\x9c\x81\x10#\xf2\xe4\
\xdaQ-Q\xd8I\x866p\xb9\xc2\x95\x88\x01J\xdc\
\xf9\xb8\xc4\x00\xd0/oTQ!\xf3\xe3\x00\xeev\xba\
F\xe0\xe26o\x22I\x10F\xe2\x03O\x05i\xeb#\
\xbc\x84\xb0\xcc\xc9\xb8g\x97\x0e\x02\x17\xaf\x0fX\xe0\x22\
}\xa3\x01\x09\x08p(\xf1\x8c%'\x90\xaa)\xb7p\
\xac\x8cS\xe2\x8f\x0d\xd7>\x0f8\xf9\xa0j\xcaT\xe9\
\xdb\x17?\x0c\x00\xee\x89B\xaa\xfd\xb0\xc0C\x95\xe3\x17\
c\xbd\xe8\x8f\x8c\x11\xe4\xba<\xf1\xf1\x12\xf8\xc0\xda1\
\xca\xf97\xe4\xed^q\x91\xd2i(HO\xc0\xfe0\
\x9e\xbaU\x84P\xef\x7f\x8c\x8aG \x96[\x9f\xe3\x13\
\xe9K\x0dn\xf2cq\xa2g\x1d\x5c\xe1\x92^\xf0\x81\
\x1d\xe1|M\xf9\x8b<b\xd5\x10\x17 \xc2\x93\xc3\x8a\
\xa1\xc8B\x1c\xfc\x11$\xd7=\xe5DkI\x00A?\
\xb7\x91\xe0\xc7\xdb\x1a\xf3\x84H\xe6B\xbaX\xcb\xb8\x9e\
\xa1G\x88\x0d\xfcy\xcd\xcaBpT\x13w\xe3\xcdc\
\xd1\xcc\x8c\x8c`l\xda^\xc2q+.\xa4\xafY\xd4\
\xbf\xc0\xc9\xdc#7\x90\x12\xb3l\x8f\xc3\x06PP\x86\
@\xce\x8cH\x07\xd1\x90\xaf\x10&\x91Ai%|\x99\
7\x92\xd4'$\x89\xa8X\xe5\xa9\xf5A\x1a-\xc9\x01\
bJ\xc0\xfe\xe4\x9f\x10>'a\xac+1\x1b\x85\x08\
\x03Q\x0f3\x03\xacC\xbeJ\x9a}\x93\xf7\x80\x22\x94\
?\x02|5\xfccB)U\x11\x97!\xef\x7f\xbcQ\
\x8eD\xf1\x9b\x9f\x17\x82\xb2t\xc6O39\x1b\x83\x0d\
\x9f\xf3\x81\xf2\xeb\x1ab\x82\x0f\xe99\x0b\x0a\xaaQ\x12\
\xbeE\xfc\xe1\xb7\xd5\x86 \xfb2~\xf2N\x81\x9d;\
M\xc4\x97\xfe`\xc5\xa5\xe6u1\xda\xbe1\xefIR\
\xa7T\x8e\x1b\xa7\x97\xb7:\x8eZI\xbe\xd9\x83Z\xc9\
P\x07\xa6\x89-(\x93T\x86\x18\x02:\x0a\x82\xbaB\
H2\xd2\x16\x0a\x88;D\xfdz\xc7\xa0M\xe4\x98\x11\
\xaf\x0a}o(\xd5u\x86PH\xbf(\xe0\xfa\xe9\xa5\
\xa8\xa5\x1a\xd3g\x8b\xf2\x10\xa2\xafM\x0a\x9c!\x157\
\x94\xd4\x9c\x0a\x14h\xfeP\x96\xf2o\xaeO\x10\x9a\x92\
\xa67&\xaf$s\xe5\x05\x92\xd4\x80\xff\x00\xdd\xef*\
\xa6\xce\xaavB\xecky\x00wJ\x80\xe8<~q\
(\x84\xc4\xd2@\xf9\xc1\x10\x84\x0b-\x22\x93\x12\xfa\x9c\
\x8f@\xf5\x03\xc4\xf5\x06Gr\x00\x0el\xb4u\x1f\x8c\
)\xa3x\xc1\x12\xc6\xde0Ib\xa7#\xaa\x8a$\x1c\
$>\x96'\xbcDD\x87!\x863\xc5\xfe\xbc\xe4\x17\
\xd6\xf4\x85U\xbbE|d\x84\xa9\xd8^}2~Y\
C\x83Z\xe9\xc1\xb9\xbf\x0e\x05\xb0\xf3L\x08o\xc0\x7f\
\x86$\x84\x02\xc6\xf8\xcd\xa9Sz\xc9\xe5\xbc2\xcc7\
!A\xe2g\x16\xc7k\xb9\x80\xf2[\x1a\xc33\x12\xdd\
\x84\x22xS\x9b\x8b\xca\x03_\xa7\x02W\xc9\xaf\x06\xd7\
'E\xf6F4\xb435\xe7*\xa7\xca\x00\x18\xf4\xea\
#\x11Y\xa8\x02\x85-\x8a\xb2:5\xc6L\xef\xbaA\
\x16\x8e\xd28\x0a1\x1bR1TI^\xd1\xe1\xe7)\
\x9cC\xb3\x7f\xc9\xf9\x5cw:,\x90LW\x8b\xc9\xc1\
\x90\xae<<\x8ep\xaeJ$\xb4\x88\xfd&r$9\
\x10.\xea\xfc\xe3\x81\xeb\x02\xa7\xf3f\xbc6\x1d`,\
\xe4\x11\x94\xc7\xdcG\x8ay\xce\xcdB\x90\x06[\x86\x03\
uF3y\xe2\x15\x5cO\xcf\xbcH\x8a\x83D\x1a*\
H\x09\xef\x8ch\xb1n\xb9I\xb6\x99\x13<\xb5\x9b\xae\
P]~I\x93\x90sU\x04\xb5b\x15=\xc0iG\
\x03A\xc1\xa2(%\xe0\xe0\xf9\xbc/\x93\x8f\x1c\x9aB\
\x12\x10\xc2\xc9\xf1\x9fz-\xee\xe1\x14\x90\x17\xe2\xb1\xf6\
\x1c\xd5z\xd3\xbe\x0fY6E\xc4HjZ\xda_G\
X'\x93r\x10\x07Z\xf2o\x17M\xb8TY\xe6\x1e\
\x80\xe9\x97Y+\xe5\x13H\xc4\x86\x81,[CFT\
JU\xbdm\xc6\x13\xa8\x84Z?\x87\x8c\xb4\xa2<\x9c\
\x12i\x0b\xef)\xae\x88M\x04\xcfF\xe3{\xc9\x09\xd0\
B\xfaV'T\xd0\xd1\x15\x90\x16\xc22\x0c=\xe4\x9a\
\x98%\xfb\xc8\x5c({\x9c\x84\xb2\x07\x83\xd7\x86\xfd\x00\
F*#\x8a\xd7\x10\x82B:\xea\xf1\xf16W\xd0[\
Ql/\x8ci\x06\x09\x0e\xe1oe\xf1s\xbc0\xc0\
LI\xae\x8f;O\xfec\xb5\xd6\xbc\xe9ei\xe97\
\xbd\xe3z\xbb\xa4\x96K\x1c\x9b\x81\x93\x93'\xe9Th\
\xce\xcb\x99\xd1\xadw\x81\xa9\xcc\xdf\x06\x84\xe9\xd7F\xf3\
X4\xec\x8d\xd3\xd1\x96\xf8{\x9c(UV\x8a\x16\x09\
\x06\xeaK\x9e3~\xd9\x14\xa1\x1brQ\x89\xa5\xadJ\
\xb0\x01HCa\xbc^\xd6\xb7\xdai\xe5\x14\x9f]\xe6\
\xc9\xc2\xda%5\xd1\x00\xcf\xc6@Y\x92h\xbd\xdf/\
\xf5\x18\xcc@\x0eJ\x07A\xf6\xc8 |\x19%+\x97\
\x5c\xf3\xef&T\xcd\xa1X\xb6>\xfe\xf0\xf6\xd0#D\
'\xf3\x80<5\x8cN:g\x11\xe7K\x08\x88J\x17\
\xfa\xc8\x1a0\x1a\xa2H\xcc@w\x90\xa2\xf3F\x04\x80\
\x84F\xa4\xc3\x82\xcd\xc4\xd0->c\x8a\xf9&Z9\
\x7f@\x8d\xafG^sH\xa0K\x11J\xa4\xc9:\xd1\
\xe7\x0d \xabn\xe8\x02a\xb4G\xacPW\xea_*\
\xbb\xb9\xf1\x81\x10\x80I\x16%]\x90[\xd7\x9b\x0d\x02\
\x89\xb3&O)\xb2\xa6\x0dc\x92\x854@+\x10\xee\
v\xf1\x90&U 6E\x1e_[\xbc\xdde<\xf1\
\x01\xf6'\xba'\x00[\xadr\xa5!\xceZ\x0e3\x86\
\x08\x04\x06\xedD\xc0\x1dc\x04\xce$D\xce\x9e\xd0\xb8\
\xa2\xfbSjt\xcd\xcd~\xf1\x15\x92\x90]\x05\x9d\x9c\
\xb0m\x9ceg\xdel\x8a\xbceA\xe6\xc2\xa6\x09J\
\xce\x06\x91\x91\xbf\xbf\xf3\x91Z+X\x83r:\xcfu\
s\xb1J\xc8\xd3\xc3\x06\x90,tr\x5c\xa7\x932\xa5\
\x9e;/\xdeM\xc6\x06\xf2X\x80/\x92\xf8q'\xeb\
>\x08\xd8\xf2\xad\xde\xf0\xe2E\xd0\xc5\x1f\x03\xe3\xb9d\
6\xbc\xd53\x89\xf6O\x92\xb2uv\x22B\x92\x17\xb2\
\xab\x97\x8c\x03\x1e`\x86!\xa0\x82\xb6\xfcd\xb7\xe5P\
h\x9a\x12IR\xe0\xe7q5a\x1d$)\x08\x01\x0d\
\xc4^_\xe9\xc0\xa5\x9a\x86\xa23P|\xe5\x86\xc1\xaf\
\x03\x12a8\xdf\x1d\xe4\xf5\x0e\x1bF)\x10\x98\x97\x7f\
,\x0f\xda\x9dLAr/\x90\xd6?\x11N\x8d 4\
:e\xad\x01P\x87\x22\xf4\x9e>p)\xc1;\x04\x8a\
\x8c\xb0ngJc\x91\x05q>#\xe0\xc9R\x98@\
S\xfe\xe3\x1cf\xd01\x13\x17\x9fX]\x93\x186\xe4\
\x8a\x02\xdeL:\xd6\x1eD\x064\x83i\x93\xb8\xff\x00\
\xb8R\x8f\x0c\xe8u)\xe2\xe3f\x00\xd0Z\x00*\xd7\
\xcf\xc7fn\xab\x05(\x0e\xc2\x9f\xe3\x16\x14$\x16\x85\
\xd9\x88Fc\xd6\xf0\x0f!\xb8\x08\x86D`S\xd2z\
\xc4\x13\x8dj\x01$)\xec\x14\xb1\xdej[PX\x18\
.nCRm\x81\xce8Y\x97\x94R\xde=ei\
\x12\xa5\x89\x0d\xfb^;E4\x88\x10\x06\xa6\xd0\xd9X\
\x15\xed\x8e\x12\x93\x12.c\xb9\xf5\x80\x9c)\xc5\x02\x08\
\x0a\xf9+\xaf\x19\x03\x11\x9f\x86\x09\x1bn>\xb0\x80%\
\x87T\x94\xd1\xf0q\xcfQ_\xa8D\x96Hs\x01Y\
\x04h\xf04\xdeh\xd2\xcb\x80\xff\x00\x98\x8c\x81r\x12\
}\xe6\xa0V\xb2l6\x16\xc1\x08\xd0\xe4\x03\x11\xfc\xe5\
*a\xaa\xc0x\x02\x84\x8apTL\x1e\xc1\xa1<\xeb\
\xe7\x05l6\xcd/\x87\x8c\x12r*i\xb9I\xb3{\
\xf1\x93\xd1\xa8r\x12gZ\x02\x0e\xa6^\x8c:\xc1|\
\x08\x99\x98\x95\x8dKO\x03 .lbfT\x1f\xc2\
N\xf7\x9b\xe0\xcf \x89\xbb\x82>\xaf\x06'\xec\x90\xd2\
7:j\x978\x95\xa5\x12\x09\x07\xb2\x0e\xfd2Y\xd0\
\x80{\x0d\x13I\xab\x83\x8c7\x8c\xb5\x0c\xd1F\xe0\xbd\
Td\x87\x09\x94Ogfk\x8a8%3\x08:?\
\xd1\x8b\xc32$\x5c\x7f\x03n2\x09\xdd\x91\xdd\x0e\xbd\
\xddNH\x84\x82ST\xae\xda\xde<\xf9\x04*'\x05\
\x01\x5ci\xe20\x93\x16&\xe6\x07\xd4G\x1d\xe4p\x7f\
\xebY'!\xde6+Y\x01#\xd9\xe7#\xdak7\
\x87A\xf0\x80\xb7\x10\xa6b\x04Y\x00\xd7\xb3,\xe9\x89\
\x09\xd4\xd3z\xe3\xe7&\xad\xdc\x9d\x88\x11\x0a=am\
\xb1\xb0\xbc\xfb3\xf9\xc2i\x0d\xf6G\x08\xeeg\xc4\x98\
0^\xad\xf8\xa9\xb6\xe5\xf1\xe5\x84\x02\xc9C -h\
\xa8\xef\xd6$\x01*\x00\x99\x1d\x9co\xeb\x11b*\xda\
\x90\x0a\xa6R\x9d\x1a'\x080\xa5\xcen\x03~S\x12\
\xddF\x5c\xd9\xe1\x90\xcc\x0e\x8eo+\xcc\x00\xdce,\
\xdby\x7f2\xd55\x160\xf6\xdd\xe0\x87\xa2\xd1;\x8a\
\x84e\xe4\x82\x04\x0a\xb9\xf1G\xde\x5c\xb4\x00\xa1\xbb\xd7\
\x8c=fE\x96\xcdxJb\xc4d\xed\x84H\x13F\
Nf\xb2b\xfb\xb0\x17!@VS\x8c\xb4\x81\xea\x11\
\xf2q\xc63\xa0[\x8b>v\xb04l\x22p\xd8+\
\xe3\x8c\x91\x02\xc2\x94\xbe|N\x14\x8e\x5c\xdd\xd8J%\
~\x8c-L\xd2\x92|o\x97\xbcZKQA\xf9H\
\x83YE\x1eV\x07\x82/\xfd\x18\xe8\xf8\x1bE\x88`\
{\x83\xeb\x10\xc8X\xcd\x0f\x0d\x9dq\x8f70\xa4\xa1\
\xf4\x1a\xc3\xb3\x04\xb4C$\xf5\xf0\x9d\xef,\x90\xc7\x8a\
\xa9g\xfb\xeb\x87o\x226S*\xd4l\xc2\x97$Q\
\xd1\xf5\x19EvC1\xcb/?\xf9\x8d\x04\xd1\x1a\x0c\
G\xe3\xf3\x91$\x13x7~\xef5)\x90!kl\
\x9a\xaa.\x11M\x86\x89\x8f\xbcHd\x90ChT\xca\
\xf8V\x03\xe9M0}\x10\x17n\xafY/`\x82X\
\xb7Zx\xacl[\x81@\x18\xa1H\x02\xf3\x90\xb1\x18\
\x13tG\xce\x05\xd8\xc1\xaa\xcb\xc8)\x9cKE,\x92\
\x14\x9f\x94s\xce\xe6\xcf\xb5[;\x8d\xfb\xc1l\xacP\
d>\xe2+\xf9\xc8\x07\xe62\x96L_y(\xc5\x1d\
\xb8@\xe6;\x9c\x0f\xb6\xac\x06R\x8dp\xf2\xeb\x17\x0d\
a\x1aN_5\x93\xad\xcc\x95*:8'\x1esV\
I\x86!\x81\xef\xafX\x0d1r;<\xbc\xe5\xd9\x9d\
!K\x18\xe8\x07\xf6?\xf9\x95+\x84\xc4N\x0c\xe3\xa5\
\xf8`2\xa3#=$\xba\xb5m\xd3\xdb\x8e%r\xc1\
-1j\xbck\xdeGf\xd0\x156\x22\x00\x9b\xe7\x0e\
\xd1A\x026\x8d8\xe1\xb8\x89\x9c\x92q\x1a\xfb\x02\xd3\
s\xfb\xc8\x88\x85\xe08\x07k\xce\x00K\xc3\x9e\xca<\
\xe2\x91\x04\x9f\xac\x97\xb0\x04\x13\xa3=\xc4\xac\x9c\xe5\xe0\
\xb4\x8aw?\x8c\x91\xc84\xbd\xd5\x5c\xdb\xc1\xc8\xa5)\
\x0b\x05\xaf@?\x021\xc9\x13kv}\xb1=\xfdd\
hY\xb8\x0c\xb3\xd5\xe2\x8c\x8d\x14\xa1\xea\xbd\xferA\
\xd1D \xb1\x22.!\xc9\x80Enm'\xfb\xd6\x0d\
\x1e\xd9Z$\xfc3\x91]\x81;$\x93\x85i\xc1\xa5\
V\xf2S\x0dE\xf7\x85q\x965\xd7\xc6\xf1A\x80\xd8\
\xa3\x1b}`\x04\xd6Gc\xbb\xa4\xd1:\x0e\xb2\x1cZ\
\x94\x81\x02>\x06TN\x88\xab>\xc4\x0fQ\x90\xa3:\
2\x8f\xda+\xdb\xef\x05\xa1\xbc+\x0b\x15</\xbd\xd5\
\x92\xe7L\xf6\xe2\xb19\x95\xf5\x85\x8a\xd5/\x8cL\x06\
\xe9\xf4\xc9Q\xbd\xe0\xb8\x9e\x93\x89\x8eE\xc3X\x10\x02\
\xe7`#Z\xd7\xde'\x024\xc1\x9b\x99\xb8\xf4\xfc\xe0\
b\x97\xa58\xaf\xc1\xf9\xbc\xd0l\x89\x06\x88\x8a\xd3\xce\
Y(\xa9\xb5o\x04?:\xc1\xe4\x8egf\xed\xf1\xd4\
z\xc5\xd5B\xb74I\xc5`\xc6\x03\xf2\xe4:\xff\x00\
\xae\x14\x16*\x85\x11#\x04\xfe1\x87tv\xaa\x9f\xa0\
\xb0DFE)p\x15M|F\xcc\xfd\xe4a.L\
\xcfnF\xc0\xcd\xec\xbcn\xaa\xe3\x00^P,m\xd6\
'\xbb8\x14)\xbf]\xc6E\xc95\xf4\xf2\xf3\xa4\x8a\
\xdeJ\xb9\x96\xf8\x91\x15\x12\x11\x5c\xe4L\xa8v\xd7y\
\x22-E\xe6\xc2)d\xce\xb2\xa3\xea7\x9a\xb2\xe9\xf4\
\xe0t\xf6C\xbb\x12NS\xe6\x0d\x06\x0a'v\xaf&\
G\x0baz\xb9\x9d\x98\x914\xc1\xce<~X\x86\x90\
v$x%\xbcE\xb1C\x9c\xd8\x88p\x9c\xe3R\xde\
E7\xec\x1e2^\xd3S\x80\xeblIXT\xba\xf2\
\x01\x81&\xa7Nd\xc0\x19\x86\x1b\x91\x96\x0ek\xc5\xf1\
\x95\xb4Y\x17h\xd3\xadn\xb1U\x80\xd2\xef\xf8\x86|\
\xf0S\x9c4\xa4fc\xdd\xdfYc P\x0dDa\
:F\x04Y\xc1\x03\x00\xc2\xbc\x06\x17\x96\xf0\xa5\x0c\xa6\
\xb2\xf7\xbdH\x86\xc7\x8e\xea5\xef\x1a\x5cd0A\x8b\
LRLdG${\xc4\xac\xc5Y\x18B\x1f#\x11\
!\x00+ \x10\xdd\xb8=\x00T\xb86Y\xa9\xaf\xfd\
\x17\x0a\xd7\x95T\xf6\x03\x84\xef\xc3\x229\x07)\x0c~\
H8b\xba(w4\x864\xd2\xe1\xa1\xdeD\xf6\x91\
!'\xcbS\xc5F!\xd3NX\xe0\x88\xe8e\xf6\xcd\
\xda\x80T\x08`\xb5\x06G\xa1cH\x9d[F\xff\x00\
\x09\xc2\xdb\xd7\xc8\x1eO\xc8\xd1\x19\x01\x0c\xf59\x1aP\
C\xcb\xc9\xac\x9f\x1ad\xd1\xa2\xf1\xb9*8\xf5\x91A\
\x07\xa9\xfdf\xb9\x0d\xbbb\x83\xa4\x83\x13Gq&\x1a\
#\x99^\xdc\xe0\x02\x0cq[\x18\x0c6\xa3\xb9\xe2\xa3\
\xf9\xc4\xd3\x03\x8e\xf3`L(\xc8Hx\x9c\xb0\x9d\xe4\
\xc1\xa0c\xed\xbdd\xa8A\x06\x93\x19\x11\xfe9\xc1\x8f\
Ih\x8e.A\x0a\x9e~pf\xee\x12\xc1p4'\
~\xf3{\x86\x92\xa9\xd8\x9eN\xee\xb1Y\xb8B\xc7\xc4\
\xaa\xbay\xc0}\x5c&@\x95\xd6\x96\xf3\xb7$\x96h\
jK\xf0\xd2\xb4\xe5\xfc\x05 \xb3sSO\xac\x86s\
r\x1c\xae\x04x\x86\xa7\x03\x92\xbe\x89\xd6\x82\xb69\xc0\
\xed\xa4G\xdfY\x12\x0b\xb1\xdao\x0ebz\xf3\x90\x91\
\x84\xd7G\xf3\x9b\xa1\x079b4o\x03D\xa6JS\
k\x139\x00\x93\xd8\xc5\x04\x8a\xceAQ\x11\x83?\x84\
\xc3\x93\x08\x1eqoU\x1f9#\xb5/\xac\xac\xbdT\
\x80\xd5%\x99%\x9e\xfc\x99\xb4^\xb5^0\xfd\xd6\xdb\
Nn\xda(\xbc\x91\x1c\x84=\x01\xad\xef\x12!>\x22\
\x18\x91\xab\xbf\x0eLC\xaav<\xcc\x93\xc3{\xc0*\
U\x9aB\xb8\x13\xf2bF\x22\x1fF\x16\x836'\x07\
\x996\xfc\xe4@\xe8\x9c[\xdf\xf8\xc5-\xbd\x18R\x8c\
\xbc_x\xd9\xd2\xa3\x16R\xcbQ\x8a\x08\xdb\x0b\x90\xa8\
Z\xd9\xc91\x92\x1a\xa8\xcb8 \xb9\xc81\x06&C\
\xcf\xe3\x0bC\x96\xf2@\xca\x14\xcd\x81dIei\xcf\
.B./\xfd\xf3\x80A\xd4\xbe\x8eQ\xbeh\xd6\xb2\
HA@|\xe2B\xdc7\x88\x80P\x80\xd78Q\xf7\
ir\xeb\xa9?\xceY]S\x82h\xdep\xad\x98\x96\
\xde\x19\xc4\x9fx\xbe\xf9\x5cwt\xe1\x08\xc1[\xc2c\
\x0a\xa7y\x7f$\xe2Z\xa5y\xff\xda\x00\x0c\x03\x01\x00\
\x02\x00\x03\x00\x00\x00\x10\x05\x06\x80\x83\xfb\xd3JzY\
\xf9\x88:\x862]*\x18\x0d\xd1\xca\x8e\xcf!\x9f\x0f\
\xfd0?\x97\x0e\xbd1z\x11V\x9f\xb5a\x15H\xb0\
\xf5L\x7f+A\x95&\x85\xaf\x1b\x1d3\xa7\x82=\x82\
\x19\x91K\xa9\xcf\xb0\x82<\xca\x1ff?\xae\x17\xa6+\
5\xd1Z@N\xbe\xce\x901]\xe6:\x09U\xfd\xa7\
$\x00\x87d\xe3>l\xcf\xba\xacY\x88r\x1a\x1b\x0b\
`\x9e\xf5\xd0N\x833C\xcb$\xf9\x06h\x04\x1e4\
\x8a~gr\xa8\x1c\x92!\xe0\x80HRu\xb3\xac\xaf\
\xc4f\x12\x06N\xd3\xf3\xce\xc5q\x12\xd9h\x19zo\
\xedW\xd0\xc8\x0eI\xb3\xa0}\xa5]\xf7\x1b\xa3\x9a\x0d\
\x8c\xa5\xa3\x8d\x12\x0c3G\xa7\xb4xwc\x0b\xa1q\
\x89\x10\xbb\xf58\x0e_U\xed1w\xbcm2:U\
I\xd6X.\xdbm\xb1\x15\x01%\xf7\x89?5\xeb\xa6\
/\xa2\x86\x05\xae\xf5\x96\x19\xc5\x05\xfd\xe2\xd8\xa1\x1e\x99\
+\xb4\x9d\xccs\x8b\xbf\xe9f\x00$\xe6\x88:\x08\xbd\
aC\x12@v\xf7\x85\xa0pU@XG\x224|\
\x97:\xb1\xc9\xc01\xfd\xb4J;JHW\xb68\x9b\
\xfc\xe7\x06U\x07Y\x03v\x07\xcfU\x0b\x1c\x90\xf3d\
\xd2\x13\x5ck\xd1\x89\x01I\x91\x88(}\xa1\xf1\xa7\xf0\
f\x94\x19\xab\xf7:\xf6\xea(\x95\xb8s\x8e\x00/\x1a\
'w\x97\xbb\xd5\x09\x9f\xf6\xf4.?\xee\xf2\xbf 9\
g\xff\x00\xf8s\xe3U\xa7\xcc\xff\x00\xac\xf8\xbf\xff\xc4\
\x00!\x11\x00\x03\x01\x01\x00\x03\x01\x01\x01\x01\x01\x01\x00\
\x00\x00\x00\x00\x01\x11!1\x10AQa q0\x81\
\xb1\xff\xda\x00\x08\x01\x03\x01\x01?\x10\xa7\x0d8=$\
\x10\xf3D\xc1\xa9\x82O\xc2=\x88\xf61\x0f\xcbs\xf9\
|\x13=\xf8gC\xf1OD\xe7\xa1\xa6\xba\x22EO\
\x10\xfe\x14\x8at_F\xd1\xecN\x8f\xc2\xf2\xb4Ce\
\xad-\x83Fz\xf0\xe8\x9cZ6\xdf\x0a\xe0\xb3F\xdb\
\xf1J3\xd0\xb9\xfc\xf4\xe1\xc1\x07\x08\xa3^!:\xce\
\xbc\x1b?e\x81\x10\xd6=\xc1\xf4\x83\xe0\xfc\xb1\xf8l\
xz:#CU\xe0\xa9\xdd\x13\xc2\xf8D\xfa@\xa2\
h\x99!4\x95>\x11\x1b\xe1\x06!\x0b\xc2\xa4:t\
Z\x1b\x17h\xf3M\x85\x98_'\xa8,z-c[\
\x82\xe8\x9bN\x08\x7f\xa7\xa3\xd1|!\xa1\x8c\xc0J\x13\
\xf4\x87\x06'\xf4\xbb\xe1=\x1d\xaa?a(\xa8\xb2\x8d\
\xe8\x95\xd6<\xe1\xd3\xd7\xf0\xbc1\xfc9\x83\xe8\xf5\x84\
h\xb7\xa5\x9a\xca\xba\xc5\x8a\x9dC\x10?\x86\xb1pz\
\xff\x00\x04\x92\xe1k\x14c\x7f\x0fB8%\x05\xe1\x9d\
\xd1\x1cC\xc3\x0bD\xbd\x0dzbMt\xe2\x8d\xc6\x8e\
\xb6\xd8\xc9\x18Q{9\x85\x82T-\x09\x98L8t\
\xe0\x86z:\x85\xf4\x8b\xecop\x9e\x8b\x10m\x8d\x9a\
\x829\x09\xf4\xe3\x06\xd3pKI\x15\x1b\x16)\xe1\xb6\
\xf0\xd7<!\x89\x8c\xee\x09\x0f\x04\xab\x87E\xd3n\x8d\
W\xa5\xa8ni[Xz\xa4\x98'h\x98\xad\x12\x8c\
Z\x9bfPo\x85\x10\xc4\x87\xe1\x1d\x0d\x0f\xb4K\xa4\
\x5c,\x1cPK\xd8Q3\x8a6j\x98\xb0,BV\
\x8b0\xb3\x05\x83i\xf8\xe0\xb4\xe1\xfe\x8cO\x06\x87\x88\
z\x1chXq\x09\xae\x97D^\x84\x9fF\xd3\xe1\xb6\
\x1e\xc6\xe3\xc3\xd1\xed\x0d\x94n\x8b\xc4\xa7\xb2\xd3\x1b\x15\
\xe8\x9b\xa6\xe9\x9d=\xd1\xbc\x18\xb5\x8d\xfaB\xed;\xac\
\x95\xa4\x22L\xb1\x1f\xa5!\x042\x96\x8d\xa3\xb0\xa1\x9c\
\x13\x8bJ\xd1\xec\x947\xa2\xfa?\xa2\xa8zHJ\x05\
\x1b\x1b\xd2+\xf64\xbc~\x8e\x0c\x820\xce\xc4\xea\xa2\
]\xa6\x06\xa35\x174\xfd\x1e\xb1\x1d\xc2\xf0+\x18\xf5\
\x1di!\xa0\x95cbp\xac\xbe\x10\xb84\xd1\xb2\x8b\
1\x0d\xd4\x98\x98=c~\xd9(\xf1\x0fGCT\xb9\
\x04\x1e$B\x1b\x8bF\x8b\x05\xc1\xf2\x91\x0fg\xbf;\
zd\xd8\xfa\x13\xd1f\x1d'\xa14\xb0Ntg\xe1\
\xce\x8d|=\x1dbP\x9dbQ\xbfH\xe0-\xfe\x19\
\xf4-V4t\xf4~\x1f\xa7]\x1a?\xd2\x12\xe8\x9f\
\xa2z\x1a\xa3t<\xe1`\xd4U\x8da\xeb\xf8^\x0b\
T86L\xbeR\x1b&\x0fE\x83\xfc\x13\x8d\x1e\xe0\
\x9f\x02QV#oN\xc7\xac\xfd\x1a\xcf\xe3jX?\
\x19=\x09\x1f\xe0\xd2b\xf8-\xe8\xa48\xc6\xbe\x14\x9a\
Z\xc6\xfa\x16\xeb\x1b\xf4s\x0e(&\xe7\xf2\x8e\xf8_\
~\x93(\xf9Ni\x8fP\x97\x86\x93`\xdaCf%\
\xe5\xaau\x10\xb1\x0b\x15b\x1b\xf2\xc4\xdf\xa1\xafk\xa2\
\xd7P\xa5\xce\x9b\xecu\x7f\x82\xfc\xe1\x97\x07\x8a\x85\xca\
?\xc3\xa2\x1f\xe8\xdd\xc2G\x06\xf4o\xd0\x9e\xd8\xb4\xeb\
\x12?>\x85\x86\xf5\x0d]\x0e5E\xaa1\xb7\x86/\
\xc3\xaa\x87\xa6A\xf7\x08g\xe8\xdd\x14\x82M\xef\xa2Q\
;\xacj\xef\xa1\xfc\x0b\x14=\xf9|\xf0\x9c\x1aR\x85\
\x8a\x8e\xad\x1cX?\xce\x18\xbc&}!N\x90\x9f\x19\
\xaco\xa3zz\xacQ\xf4\xaf\x02p?\xe1\xfc\xf0\x9c\
t\x7fE\x5c\xe0\xe3\xc0\xd3Kx$_\x87\xff\x00\x0c\
4\x8cT\xc4\xf5\x8er\x9a\x94*\xb9\xa4\x8a\x86\x9e\x99\
\xe8\x1a\x8bE\xe5\x8bFP\xd2\xd25\x81z\xbd\x12z\
\x5c\x13\xba\x8e\x9c_\x83k\xd1\x8d\xe1\x1f\xc1&p\x8e\
\xb16\xddC\xe8\xa4\x8b\x83s\x87\x05\xe1?\x0fE\x87\
O\x80\xd9\x0a5\xa2Mpk\xfe\x95>\xf4\xfd\x09&\
\xf0i<\x12hqt\x8b\xe8\x8c\x7fC\xdd\xf0\x82\xdf\
\x1e\xc9\xe1s\xc2O\xd0\x97\xa2\xb0c\xf1(\xfb\xd38\
)\x93\x5c\x1d\x06\xdaA#\x08\xfe\x09=\x08\x1cl\x86\
\x98\xdcQ\x0dN\x8d&\x94\x8f\xdf\x86Q\x09\xc1\x0fP\
\x9a\xc5\xa4\xe9\x09\xd7\xa7J\xb8\x1c<\xd4.\x03\x85\x11\
\xb1\xca_\xc1\xa8\xf4\xe9\xfe\x0d\x9f\x04K\xc0S\x8e\x8c\
\xde\xbf,bW\xa5%S%\xd45\x1a2:6\x14\
q\xe0\xd18X\x22\xce\xf4\xcb\x84\x22\xfa$\x8a\x0d]\
fLD'^\x8e_-\xf8\x9d\x0d\xb4\x0a\xbc\x11=\
DA\xa7\xc3\x08\xc8 \xd3\x13\xc6-\xdf\x18/\xbe*\
\xc4\x8d2\x5cb\x89DD\xb5\xd2\xdd\xfe:!c\x11\
%\xda&k\xc0\xa9\xd6#\xd0\xb0Y\x8cq\xacb\xcc\
c\x5c!,\xd1\xc7\xc1\xfexe-\x13I\x8e+\xd8\
\xfb\x9f\xca7\xc1R \x91\xe8N\xa1f\x89\xd5xO\
lx\xb0\xc7\xf8G\xff\x00Fq\x8a\x14\x87\x0aRy\
_F\xf9\xfcO\x0b\xd8\xf524\x86\xbcO\xf0\xd4\xce\
\x10\xfa$\x9a\xc6$\x9a\xd5\x13\xf6\x9f\xfe\x09\xfeES\
\xe8\x8aL \xfc\xa5?\x86\x8f\xdf\x0c\x7f\xb83\xe0\xa3\
\xd6\x84\x96\x81z\x02\xbe\x05\x0bth\xfe\x8f]\x15;\
\xe3\x9ew\xfb\xf5\x0a4&<DV\xb1\x8e0\x8fh\
Q\xb1\xbf\x1cW\xc4\xa4\xf1\xcf\xf8-\xf2~\x17\x82\xd1\
\xbfB\xd7\xe1!\x8c\xf4/\xf8\xfb\xf1\xff\xc4\x00 \x11\
\x01\x01\x01\x01\x01\x01\x01\x01\x01\x01\x01\x01\x01\x00\x00\x00\
\x01\x00\x11!1A\x10Qa q\x81\xa1\xff\xda\x00\
\x08\x01\x02\x01\x01?\x10\xff\x00of\xdf\xcfo\xbb0\
W\x0b1\x9f\xd5\x9b\xd8\xec\xc3<\xbe\xd9\x1f\xd9-\xfd\
\xcf\xc6\x17\x8b{\x1d_<\x0f[\x87\x09G\xb6}\x9b\
\xe7o!\xc9\xff\x00.\x1d\x9f?\x06\xde\xff\x00\xc3>\
E\xc4\x8fV>\xad\xb1\x19\xf6C\xe4\x0bp\xf2=\xec\
\xbb\xc7\xf3,\xdb\xcb\xd9l\xfc\xd8?:\xd9\xb7\xfeX\
\x1b<\xf2\x1f\x97\x86\xb3\xe7'\xb2\x97\x92J=\xb3\xe4\
c\xfa=\xba\xbeY\xdd\xb6,\xef\xef\xdb{uo\x19\
!x@\xbea&\xce\xae\xce>A\xf6\xdc\xed\xd7\xfc\
\x1es\xf1~^K\xb7\xd9\x96 \xd6\x10\xc5\xc1\x0e\xf2\
@\xdf\xe2.K\xf1\x7f\x891\x93\xdc.\x8eJ\xdb\xc9\
\xec~s\x7f3\xfe\x0fr/D\xd9\xc9o-\x1eK\
\xbc\x93/0\x97\x1bn3\xbe\xc3\x0bxH-\xcb2\
\xdb>\xfe\xbf\xdf\xcf\x91\xe6\xd8\x1ba;tr\xe1\x9e\
\xf4\x97\xb7V\xd1\xfcn\x10\xfeY\x8c\x97\x97\x8c\x9f\xf2\
z\xd9\x8c\xf0\xbd\xbe\xcf\x97\xf9\x13\xc9\xa7W\x89\x1d\xed\
\xd3:2\xeb'{x\xb0\x10\x817\xb8\xc8\xec\x7f\xb2\
\x8b\xb6\x90r\xfb7\xb1\xcf\xd7\xdb\xfc\x9f\xecyc\xfc\
\x95\xf1\x87\x09\xea4\xf2\xe8\xcfM\xbdvp9$\xda\
\x9f\xfd\x8eI\xc8\xf2\xe1\xd9\xe5\xb7\xdf\xdd\xd8\xf6\xf9v\
6\x0c\xec\x9a\xed\x9f'\x9c\x8c\xf4\xb7K\xc2\x05rA\
\xc9y\xd9\xc3\x84s\xb1\xc2\xc7\xb66\x7f\xb1\xdb\xef\xeb\
\x1c\xb7\xf3\x03\xb2\x9b\x96\x13%\x86\x96\xbc\xb9\x88>\x93\
\xff\x00\xed\xc8\x9c\xea#\xa5\xc5\x9e\xf6\xd0e\x84\xf0\x9f\
%\x86\x7f\x18\x228e\x9c\xb3\xec\x98\xden\x81\xb4\xf6\
Y\xe5\xc6\xc8'\x03\xae6Y\x93\xc2\x16~\x13\xdf\xc6\
\xc2Ko%\xe4u\xfc>\x5c\xf6\xddr\xfe\x96\x87'\
\xae_D\x01\x96\xeb{\xec\xbe\xc3\xb1k\x91\x85\x968\
D\xb3\xc7'~Gd\xbc\xbbv\xe1\x0e\xfb`\xc1\xb9\
=\xab\xf9\x1e\xc1\x1bm\xecG\x87c\xc0\xb8\xef\xe1\xec\
\x9c\x97/\xf6\x19\x8eJ\xa4\xdb\xb2\xd2\x13-\xf2\xd1\x1d\
ny\x0f;(\xf3o\xb72\x1c7\x909>K\x0e\
\xc3\xc9\xd7\xf3;fG\xb3>\xe40FI/\x18\x19\
\x91\xe46r\x1c\xb7#\xde\xc9\xbeK\xc1=\x8f\x1c\x9c\
NY\xf1}\xc8d\xf1\xc6\xdf\x93\x13z\xce\x12\xd6H\
K\x02\x1c\xdb\x99\x18{uL<g\xaf/\xf0\xb3\xb0\
\xed\x8b=6\xf3\xb0wb\x17Yu\x83;{f~\
n_\xc4\x13w\xb0\xdb\xe1=\xe4\x1e-\xc25\xd91\
\xc8Du\x01\x97\xcb\xd7Pqm\xe7%\xdc\x87\x04\xde\
\xf2\xcc\x7fX;\x0dd\x09\x1ei,mg\xce\xdfr\
o\x0f\xe0\x87\xf0*0\xee\xb2\x0a\xec\xc22?\xa5\xee\
\xa8om\xb7\xbf\xbf\xcbe\xea\xe2l>\xac\xc7\xb2+\
\x1d1\xbcr^\xe4\xf6\x00\xed\x9c\xd8\x19p\xc8\xf3\x19\
\xd1\xc2\x03\xd4\x8f\x13\xd7,\x0e\x13g\x7fvK\xde7\
\x9dK:\xb4\xf6\xea\xc8\xcd\x86\x8e\xbbw\xd2Plk\
\xc8\xfb,\x8f\xf6X\xf2\x07\xb3\xf0\x8f\xc5\xb2%\xbb\x1f\
\x99\x9f\x88Le\x5c\xd8~]\xce\x96;\xf8g4\xb4\
vq\x9fV\xe8\x97\xa0\x86\xf5\xb5,j\xc9<\x9f\xf6\
=\xb7wn\x8f\xc6S\xcb\xe41\xcfa\xce\xbd!\xf9\
:\xf1\xf2@\xed5;\x06\x97\xd3g\xa8\x09\x1a\xe7\xe2\
\xc7\xc9'\x17\x07`\xce\xb2\xf4\xfe\xd9\x86\xc7\xf99\x0f\
?C\xb7\xb1\xfd\x22\x90\xb8\xc8?>BtX;+\
\xe5\xb8\xdb7\x92\x8eX\x9f\xee\xcb\xe8\xc0O\xf6\xc1\xc9\
\xfa\x98\xbd\x8b\xf9\xf8y\xfa>\xb2\xe5\xbc\xbe\xb7NP\
?\xd5\xfc#\x1e\x92\xafv~\x182s\xec<\xe4\xe7\
\xf2\xc3\xe97\xe4j`OX\xf6\x03\xa9\x9a\xd6xr\
\xfb\xf8\xbf\x9f\xf9x\x83H>\xc8\xf6\x17\xcf\x97\xad\x9e\
\xf7\xec.\xd8\xe4\xde\xf2z\xe3\xec\x9c\xcb\x5c\xe3\xd9\xd0\
\xeb\x1a\x86\x17s\x14\x8c\xd9\xf7\xbf\x86\x7f\xe0\xf2{\x1e\
B\xf8\x81^\xbeN>K\xdclW\xf6O\x93\xf0$\
\xdfm\x03\x06W'\x1f\x96\x01z\xf2\xfb\xc9\xefYc\
\xfd\x96\x0f\xbf\xab\xdf\xc0\xf1\x00\xa1\xbf\xe18\xee\x93\xc7\
\x08P\xcf\x17\xd0\xb0\xec\xb7\x0c7\x8eJt\xdf\xc6\xcb\
\xa7\xb6\xb3\xdb\xc6@\xf1\x18\xf6\xea\xe4\xc4\x03\xe1\x0cs\
\xf7\xd6m\x1d\x97\xaco!\x92\x9e2\x1f\xf9nzC\
\xb9t%\x9d\x9e\xa2C\xb3\xd7-~\xc3\xbc\x97\x97\xdc\
\x88h\x1f\x0e|\xbe\x90\xe7\xfb\xfa=\xfcX\xebi\xe5\
\xaf\xb6\xbccG\xf6'\xd4\xa2p\xe9%\xcb_\xec\xab\
\xecr39\xf9\xb9\xed\xfdd\x9d<\x80pm\x03\xb0\
x%\xde\xc7\x93\xe4^\xc0\xd5\xef{\xf8\x80\x10\xcb\x86\
\xfc\x87\xbc\x92t\xbdc\xfc\xcb\xe2Qb=\x9e\x13\xd3\
\x97\xfb\x18u\x87'\xab\xb6\x9e\xb0\x9c\xfe\xc7&;y\
\xc9\xe7od\xf8fX\x7f\xc6E\xea\xc3\xc9\xd3H\x1d\
\x90\x8d{(\x9b\xb2B\xcf\xe7\xb6sR\xef\xe7\xcf\xcf\
\xb0\xe5\xe4\x95\xfas\xf1\xece\xa4\xe4c\x8c\x19\xec\xa3\
\xe5\xd1\xb2|I\xbdg\x1fa\xcf\xb2xJ\xbf\xafa\
\xfcd\xf3:\xe1\xe5\x93\xff\x00\x03\x5c\xb1{\x0cv \
\xfd\x84^\xfb\x22\xa7\xd5\x1d\xf1\xb1\x82\x022\xce\xdf\xe5\
\xe3\xf8~\xbf\xf2\xf5\x83/\x1d \xa4L\xfb\x1c\x05\xe0\
I\x14..\x1eB\x1d\x98\xf8J>K\x05\xb2\xed\xef\
\xe9\xf8{>\xfe\x8e\xc1\xd8\xbdu\x87\xe9k\xdb\x0b\xe1\
n\x17\x9d\xb6\xf7\x9f\xa3\xf2\x7f\x9f\x81e\xbf\xf4\xc4{\
\x16_\xe49l\xdf!\xfc/\xb0'\xd9\xfd\xfb}\x9f\
\xc6^_\xff\xc4\x00%\x10\x01\x01\x01\x00\x03\x00\x02\x01\
\x04\x03\x01\x01\x00\x00\x00\x00\x01\x11!\x001AQa\
q\x81\x91\xa1\xb1\xc1\xd1\xf0\xe1\xf1\xff\xda\x00\x08\x01\x01\
\x00\x01?\x10b\x8d\x0b\xc5\xbf\xeb\x92\x08\x09A[W\
\xfa\xceD\x98\xd4\x0c\x0f\x8c\xe5\x1e&\x8b\xd3\xff\x00\xc7\
\x86\x17%\xe5x}\xf5\xbf|[\xd8\x09;h\xf7\xc2\
\xfe\xfc\xd9\xb0\x0c\xc4\xd0\xe0k\x22\x97\xb4\xd7\xf0\xd9\xbf\
\x5c\xab \x09\x0a\x0a\x97+\xfa<~q&\xb7\x22|\
\xd0\xe2{M'\xa0(\x0f\xe0\xfb\xe0\x94\xa7\x0f\xb3\xfe\
\xfd\xb81\x03w\xe0\x0d\xcf\xdf~\xb9!D_\xd1\xf1\
\xfc\x9c`\xab@\xfe\xb7\xfb\xe3d\x0cp\xeeY\xc9\xcc\
v\x8e&[\xbfO$\xff\x00\xde\x02.!\xb8\xa1\x07\
\xf1\xb7\x8a\xbf\x1a\x9e\xc1\x0f\xf1\xc6\x19\x0b\xae\xfe\x7f|\
\xe5\xb8k\xadO\x1f\xaec\x85ZWa\x90<\xe4\xf6\
\x8a\x06\xe7\xcb\xfb\xf0I\x8b+\xd2u\x0f\x82\xbf\xc7\x0a\
hk>\xcb\xc2\xe6&\x02\x07\xcc\xfd\xb8\xf9$!\xf7\
\x19\xc7\xd4\x00?j\xf2\xc0\x10\xbc\x14u}\x1c\x006\
\xabH\x9d \xa3\xbf\xbe\xf8\xa6\xb0\xc24l\x8d\x02U\
PN\x08\xddG\x04\x02\x14D\xe4\xd6\xfc\xd0_ T\
\x07\x1dnF\x8c*$\x5c\xd2\xb4 R(\x10\xa6\x01\
\x05\xab|\xdcA-Tf\x10\x0a8\x12\xce(\xb5\x08\
\xde\xa26|i\xd1\xbc0\xd0uB\x1c\xba\xea\xbf\x9f\
\xae\x0d\xb1uPhd\x8f\xf7\xf4\xa6>\xa3\x0d\x02!\
R4\xbdZ\xc3\x90\xd0\x90\x17\xd8\xff\x00\xf7\x88\xd0]\
Q\xf0\xf9x\xa6A\xd7\xa1\xb6|l\xe2\x02@\xaf\xcc\
\x19\xfag\x1d\x08+\xfa\x07\x828\xd6\xab\xe1\xf1\xc2%\
\x0d\xb0\xe6R^\x0a^\x82\x0c\xd6\x97\xfa\xe5l\xc1\x0d\
\xe8\xce\xbfn:eM\xf6\xce\xaf\xeeqH\xda\xaa_\
\x0f\xfas\xf4Q\x12\xbb\x87\x0d\x08 U\xd4u?<\
`\xfd\xbd\xe4:3\xf19\xbe]\xfa\x89\x08*)\x19\
\xe3\xf6\x98\x0d\xdf\x04\x04\x95s\x19\xab\x1d\xe1\xb6\x09_\
q?\xa1\x08`\xdb\xc6\x04\x91 \xd0\xa1\xa0\xe8\xaa\xea\
\xf0\x81X\xdfL\x06\x02\xa3\xa6\x87\x13\xd6\x1a\x15\x00=\
\xfe\xc8\xb9@\xac\x15\x1d\x80\x01\x12*\x99\xf6:\xe1\x9e\
\x83\xe3a\xb8Z\xa7]\xab\xef\x09\xa2\x01\xd6 \x1a\xc4\
\xce\x9f\x14\xbc\xac\x09\x8fQ\x80y\x83\x9b\x9c/\xc0+\
 \x15*\xc8\x15z\x03\xc3\x82\xf7\x17\xe4_\xfc\xe1\x22\
\xca\xbd\x85\xff\x00\xceBC3\xf8\xbf\xf9\xc9\xb4\xfd_\
\x8f\xf78@\xad !\x9e>\x7f<\xb9\xc8\x04N\xce\
\x8d\xfe\xf8\x8d\x8a(.\xd9w\x90u\x8e\xfd\xac\xa1\xc8\
(w\xd3\xb7n}p0\xb6\xbfK\xc4\x1c\x88\x14\xea\
\x99\xc3\x18@\xbb,\xc5<\xe5\xd6\xa5t\x89\xff\x00\x8f\
\xe4\xe1#\xdbBc\xd0/\xc9\x87C\xc3z\xd1({\
\x14\x89\x82\xab\xe4\xf2\x1fe\xf9\xefQ\xa3\xb8@\xef\x8a\
\x8e\x0bb\x11\x22@\xe0_\xb6<J\xf4d\x1f\x1d\x85\
\x96\xa4\x08/\xa8|\xc9\xc3N\xca\x0e\x84\xaa\xd6\x15\xe1\
\x0e\x88\xb4WU\x86\xb9C\xf3\x19x\xbe\x82\xab\x8a\xe3\
\x08\x15\x22\x1c\xc8>\x0a\x07\xaab\xa2\xe5tU\x84\xf2\
\xd9\x0b\x80\xbecB\xa2\xc3\xf5\xe6t\xa9.2K\xed\
eu\xc2\x0d\x09E;J\x95\x5c\x9d\xc3\x82]\xf1\x08\
\xa7\x0b(\xe32\xa0,\x01k\xfc\x7f<K\xa7B\xbd\
Iw\xf8\xe1]#\xe8\x8c\xb9\xc4a\xae\xd6\xfc\xdf\xf3\
8\x03\x95j\xf5\xf3\x7f\xaf\xdf\x9dH\x03E\xf7\xdf\xf5\
\xce\xca\x08\x84\x1f\xf5\x93\xf9\xe3d\xc0\x0c\xe8T\xe3j\
@\xbf\xaf\xd7\x0c\xef\x94C`\xf7\xfc\xf0\x06\xcc+\xe4\
\xba?\x8f\xe3\x95TG\x85\x19\x9f\x8f\xf3\xc2\xf2\xb3\x81\
R\x8f\x8e\x85O\x8fg\x13\x9dI\xc8\x08\xde\x91@h\
\xd0\x83\xc1\x18`=GVw\x06\xba\xce\x0c\xd39\xa3\
'\xa7IcF{\xce\x88'\xba\x0d\x80\x1a^\xd5\xe8\
\x15R\xaaB\x91\xd3\x0c\x07H\xd1\x838_\xb3|\xe8\
\x0d-$\x08s{\xa9_\x87\x0d@\x86G\x155X\
\xe58A\xda\x98\x88\xd2^\x82C8pf\x8e@\xac\
\x1d5:\x8c=9\x9f\xabpk\xe0\xa7\xb7\xe8\x87\x19\
:\x8d\x11\xc5E!\x03\xec}\x8f\x15\x9d<D\xd2\x8e\
\xee\x7f`\x87\x1e\x85\xa8\xcfAl:%w\xae\x151\
\x12\x05.\xa0\xdd\x9c\x81\x84:l'\xfa\xe4\x12\x16\x87\
}\xbcaU\x15\xa8\x0d\x1d\xfc\x1f\xd7\x17\x9e\x99~\xec\
\xff\x00O\x07l\x84_8y=J\x07\xe3\xbb\xca\x09\
()\xf2\xbc\xb8\x84\xd1\xebY\xfcg&P\x86R\xa3\
=\xf0\xf7\x8a~b\x02\x15\x0f\xaa\xc5\xf3W\x05\xe3\xe6\
a\xe0\xd8\xe6\xd0\x05\x01\xad`\x87*XwZ\x8f\xa6\
q\xa9\xed1\xc8\xf5\x88\x05\x0d\xd5\xba,\x98\xcd\x0e\x08\
\x07\xaa\x8a\x8a\xa2\xa8B\x99\xb6xq\xdb\xd1F\xc2\x91\
\x0c\x19\xf23\x94\xb8/\xc2G\xda \x09QaW\xa6\
3e\xb3\xb0#\x18\x0e\x8cN\xf8\x9d\xd4\x1e\x03[\x0a\
tc\xf2)\xc9\x05r\xea\xe2\x90\xed.|&\xe0L\
\xb0\xab\x13C\x1aU\x1aNl\x12\xacD0\x8ct/\
\xc7\xe0\xe0\x81\x96\x12\x03\x04\x00\xad\x06\xbaG\xde\x10\xe8\
\xf7PzE)?A\xe8\xcb@\xa8\xa6\xe3R\x0d\x01\
V\xb3\xb7\x97;\x00%\x85\x81\x10\x10\xc7\xe3\xa9\xc6:\
\x93&\x0d\xad\xbct\x82U_\x03\x19\xcb\xfa\x8a\x19\xd6\
\xceSl\x02\x1fO~\x7f\xf7\x8eL\xd2C\xd0\xbe\xf2\
\x05j\x9a\x90\x97g+X\xa9\x14lW\x8fd?c\
m\xfe8\x13_I\xef\xb4\xcf\xdb\xf98\xc0#r\xa0\
\x05\xf8\x05R\x9a\x14\xa4\x01p\x84\x81K\x01\x10\xbd\xfe\
B\x0c3\x02\x12\xdc\x8d\xade\x0b#\x97\x93\x04\xbb\x04\
\xdaH\xc9z\x09\xc1q\x0c\xd5\x82\x1c\xdc\x07\xf4Ug\
\x1dw\x00)\xa8\x1a\x89\x07\xb9W\xa8m\x1b\x100\xeb\
\xbd\xa0\x94\x12\x8e%OF\x95\xa4\x126\xc2\xea\xec\x1f\
\x22\xccTY\x1a\x94pa\xdf\x05d\x85\xe2\x5c\xb8*\
P7\xd6r\x94\xb2X\xb9\x13>\x02\xb5\x8f\x8eM?\
Y\xa5O\x1c\x05\xfc\x03\xd7|S\x93\x94\x1dI\xd8B\
d\xfa=\xf0\xda\x09\x8bI\xc1\x82>]6\x1cp\xe3\
x\x94\x9b\xd1j\xfd\x7f1Z\xdc|\xd3\x1a\x02\x0d\xb2\
\xb3\xe8\x06d\x81\xa1iS\xf4\xf3\x89\xf4\xc8\x8ec?\
\x7f\xf5\xc5\xeaY4\xef\xaa\xfe\xd7\x87R\x94~\x5c\xce\
6\x0e\x00\xd6\x19\xfe\x1ds\xda\x0a\x97\xd0g\xf9\xe1F\
\x8a\x09\x9d\xe0\x7f\x9e7\xa8\x94\xc8_\x0f\xc7\x19]\x92\
\xf6\xc3\x7f\x97\x83V\xa7.\x0aC\xa4\x16\x22\xae\xa9'\
\x84Q*\x83P\x10]5\x17\x87G$R\xf3\xf5\xf5\
\x0d}qu|E\x88\xb1\x84\x1b\xed\x0b\x8e\x16\xfb\x9c\
=\xa6\x01A<\xb8P\xe3&\xe8i\x1aRD\xce\xe0\
\x1dl\x91\xd2\xefEZ\xed\x16\x8a\xf8\x1cN0\x82\x87\
\x93F\x0b\x8b\x18}\xb4\xf6\x8a\x12\xb2\x1e\x13\xbe\xb5E\
\xe2K\x80\x82\x02\x92Q\xd3\xe8\xee\xeb\x96M\xcc&B\
Q\x22?T;i\x1eL\xf1\xfb0\xf4\xe3(\x95\xb9\
f\xe6\x8a\x13\xec?C)\xc3`u\x97\xa82\xa1\x95\
\xd5]L+\x9bS\x8aQM\x0c \xb2\xfb/\x112\
h\x0a\xa5V$\xca\xec\xfc\xb8}\x141Z\xd1B\xbd\
W\xac\x9dr\xfd\x08\xc1\xeeO~=\xe5+\xa6\x0f\x0d\
\xdeYmc}\xff\x00\xce7KA\xbc\x1f\xeb\x8c\xc3\
T\x01\xe5\xe8?~+\x10\xc9\x8f\xfd<!\xe4oY\
\xf2~)\xc9\x8ag\xf2\x19\xfb\x07%E^\x86\xf8]\
U\x89B\xbb\xcf\x96iDN\x99Z\x8ac\x13(\x92\
\xa5\x80\xb1A\xb6\x04\xed/G,\xe4\xce\xc81J\x9e\
\xc2\x0aB\x1c\x11[k2]-H\xf8!;\xe5\xb8\
\x14(\xec\x96\x88\xac\x9d\x14j(\x18H\x93+\x05-\
tF\xa1\xde\xc9@\xd1\x8a\x95\x07w\x09q\x8ay\xc8\
\xb03\xe9\x08\x81\xa5M\x04f2\xa5\x80D)\x1dn\
\xdb8!]\x00\xcd\x0f\x95\xa9#'K\xc4\xc0O\x07\
et!\x8b\x85\x9f\x17\x86\x1f*d\x10\x12B\xbf&\
|\xde\x06\xba\x0b\xe1\x155\x89\xf2\xce&\xb4\xa4\xb4\x93\
z\x9dA\xebx3J\xe9\x07\xb1\x14H\x94:E\xe1\
q\xaa\x82\xba.\xc0\x04V\xf6{8+NV\x88\x0f\
\xc1\x93\xeb_\x8e:\xd3(\x0d\x86\xe5\xe8\xe3\xe6\xaa\x0f\
\xa2{\xfdp\xf2\x22\x00t'.\x14\xc0\x1fU\x9f\xf7\
\xdf\x1fJ\x03\xba^0\x8b\xea\xecj\xbf\xd1\xc7HY\
\x18K\x17\xfe\xef\x8d\xf5\x97\x16\x8a\x8f\x08t\xd9\xdc\xd1\
\xdd\xeaX.\xd6\x0c\xbe\x84-\xc4\x0f\xf7\x80\xaf\x10a\
i\x14\xea\x86\xf75f \xb5|H2\xdb\x85kk\
`\xaet]D\xf4\x05&\x00\xd5y\x19\xaa\x02\x05\xdd\
\x0a\x00aS\x9aho\x80\x90&\xeen\x86\xb4\xc9\xa0\
\xa0\x04\xb8\x18\x05\x01EU\x00:\x0aH\x88\xae\xc2\xe3\
'@N?\x9a\x1c%\xe0\xd42\x00v\x9ep5\x8a\
\x102\x0bHM\xc2\xfe\xbc\x84%\xb4&\xd2e\x022\
kP\xe0A\x22\x9aR#\xa6\xf3v\xaep\xe08R\
\xe2\x1f@\x01\xd9\xb5\xe3\xacS\x06\xa8\x87\x00\xa35F\
\xee\xa7\x12r\x0c\x13\xd9,\x95\xec\x1a\x9d2q7\xc5\
z\x22\xfa\x00\xeaI\x9dr&78f\x858\x8e\x1c\
B\x85\xda\x8a\x14\xb3\xfe\xf8\xe1\xdb\xect\xd5\xc5\xbf\xcf\
\xed\xc4 B\xa9\xf8\xaf\xf8\xfe\xf8\xedcE}\xe2x\
\xd1e+/\xff\x00xU\x12!L\xd2\xf0\x95V\x91\
\xb6\x7f\xbe;\xb8;$\xf7\x86-p*\x9a\x96\x00\xce\
\x02\x82\x90\xc22\x89\xbd\xbeF\x955\x08M\xda\xa4\xec\
\xae/\x89\xc4Y\xf7SE\xfaV.#\xad\xe6\xcc\xba\
1\xac\xa1\x12\x82\xd4Ch\x13\x04\xc90.V\x18\xa7\
\xe1\x15\x0d\xb0\x05\xc2\x9cE\x96\xc1^\xb8\xea7m\x98\
!H\x07\xc8\x90Gh\x18^`$A\x99\x0au0\
\xda\xf5\x1c\xc82R\x8b\x06-E\x19\x9c.-V[\
\x13\x88/cd4\xdeN\xc1\xc4\x0eQ@\xa5J\xac\
/\x13E\x14\x891\x11sD\x98oQ\xef\xcc(\x00\
\x90\x02\x90\x07CHc\xc4m]\x88\xa96\x82T\x0c\
&rc\xa8\x1a% \x01v\x90\x1b)y\x08o\xd1\
\xb1\x00\xa3\x0f\x9e\x8d90\x85A\x08W\xbbP[\xf6\
\xaf{\xc4\x95\x08)\xca\xe7\xe7\x8c\xd0hU|rX\
t\x16\xcf\xfb\xae\x12d\xe9\xbd\xab\xce\x93\xdc\x0aj\xf6\
\xf2\x05\x09C]\xb3\x17\x8a4\x82)\x00\x0e\x8fu\x7f\
\x8e\x1a\x8c&\x9f\x98\x1a\x00G\xd8M[\xbePbn\
K\xd24\x00\x8f\x89\xc5\xc8\xd1i\xd7\xc6[o\x22\xf0\
\x96\x1bv\xa4`J\x85z\xe84F4\xcf\x18\x1aH\
=6!\xbc\xb1\x83Ip4M\x91\xf6\x1by\x18q\
\x10\x10\x8e\x83\x10\xc3\xfa\xc2\x89\x82\x93c\x0a\x0d\xa4\xeb\
\xd0\x1c\xb4\xb0\xa5h\xb6\x05\x0a\x88\xa4\xa0NQ\x81D\
T8\x10@\x05\xa9U/\x0cg\xe4\x9a\x00\xdd\x11t\
C\xc9z\xa2\xb70FCHa\x017^\xb8\x15\xd6\
Y\xf4\xc6\xaa\x01\xc1\x0fO47\x00\x04j\xedQ\xbd\
\x95\x93\xd6\x1d/\x88L\x96\xcf!\x80\xee\xbc`F\xad\
\x9d\x84;\x08,t\xa7\x1c\x0d\xdaq\x84\xc9\xe7\xe6\x9f\
\x17\x80\xd0@\x10\x81\x00\xaf\xd3\xc3\xf38\xb6#\x85\x87\
\xd7o\x97\x8cB\xa9wz\xd7\xefx\x956\xba\xad[\
\x81\xfc\xf3\xc8\x82\x07\xcb>y\x9c\x81?\xa9\x9f\xfb\xc9\
\xee\xde\xa2\x0f\xfc^w\xda\xa8\xb6\xfab\x85\x93O\x5c\
e\xe8$\xa7$\x02B[H:\x8f-|T\x0bl\
\x12 QV)\x07#\xa6\x03\x10\xc5\xf1\x5c2\xb8\x17\
\x93\xb6_*\xeb\x94\x00\xa2\x83V\x82bn  \x08\
\x86(\xa1\x16\xb9\x1b]FI\x82\xc0\xd5Y0\xa0\xee\
\xafB$\xc5\xc0z\xb1\x94\x95\xc1\x85_I\x0c[\x1d\
\xd3#\xa5\x22\xed\xc3\x9e\x04$\xd0\xbaS\x03\xdfV\xda\
t\x09\xd6\x91(\xec\x15P\xf2;O\xc8\x02\x80gN\
\xa1\x97^\xb88\xc6\x88\x09U\x11\xba~\xf8\xb5\x16*\
\xe0(~\xa7\xdd\xe5:\x1cL&\x9a\x14\x81z\xa02\
\xf0D\xa0\xcb\xabJ\xdaLOT\xdd\x9c\xac\xc2*\xa0\
\x09I\x14\xf1\x80\xeb\xcd\x8ezB\x85\x06\xb4\xf7~\x0f\
\xbeP\xea\x81\x1a\xf0\xfd\xde\x07\xd7\x17%\x9f\x8e\x1ba\
h\x0d\x8b\xff\x00\x9c\x96J.\xafA\xef\xf9\xe2(\xe8\
\x14=I\xfe\xb8\x08Q\xa4\x96\xd7\xde\x00 \x16'\xc3\
\xef\xf6:\xfc\xf3\x1bY,\x04o\xbf\xd4\xe9\xdf+\x1b\
\x8e%\xad\x80\x0a7GFbAh\x00A|ri\
\x1f\x1c`\x81\x0d\x96\x1a\xa1+%-c@\xdd= \
8\xb54bL\x9c\x1c].\xcc\x02\xf4\x9b\x81\x01\x02\
\x80\x1e\x0a\x19\x02\x87\xea\xd8\x96<\xfd\xad\xf0\xf8x\x22\
\xbd\x07\xdb\x8c\x9ap\xf1\x83u\x15\x01`\x13xq-\
0`\x95\xd3\xa1\x1d\xd8S\x95'\xa2;\xc4;\x89\x8f\
\xbf\xc7:\xcc\xb3\x155Z\xa4\x09\xde\x5c\xbc\x17/.\
+\xa8m\xc8\x0f\x1d\x1b\xcc\x9aO\xbc\x91Aa\xb7\xa8\
Z\x9c\x10\xe8i1.\x04|\x9ck\xc5\x0b\x9c\xe0\xc2\
\x9d\x94\x09\xd5\xbeq\xf0\xe2\xf0\x16>\x9a\xcc'M\x8c\
\xe14'\xc1\x0azh\x17\xeb\x98 \x0f\x81{o\xb0\
x\x02\xe2e\x16\x97Y\x9b\xf9\xe08\xad\xee\xb0\xe34\
\x9e\x99\xd9\xce\xc5B\x06H\x7f\xeeqC\xaa\xd5<\xf7\
\xf9\xe1\x12\xd0\xa7\xba\xdf\xd09G:\x11\xa2\xe0\xeb\xde\
\xb8\xa2\x0e\xa5\xd9I\x17\xa5\xe9\xeb\x88\xbaSq%\x02\
\x8a\xf61:b\xdb\xfcF\x1c%\xa0\x0c\x16\x07\x0e\x5c\
\x01\xf31@EOP\xae\x8a\xaa\x88{\xca\x84\x11\x1e\
\x15\x04\xb8\x90s\x8c$\xbf\x86A\xcd\x82\x95i\x89G\
<\x8a\x93xp\xf6\x15\xe2D\x85/x:V \x8d\
\x1e\xe0\x0c\xa8hC\x01IJ\x1d:?\x85\xf5\x95]\
\x0a\xe0\x8e\x820\x8c\x92p\xca!\xf0@Q\xe5A\xef\
,\xfc\xf0\x1d\xecp\xd8,\x08\xf9\xe6O8hPT\
\x010\x04f\xa7_n\x11P`$Z\x80\x80\x8c\x95\
\xed\xc6\xda\x08\xc0\x06\xca\xa0:T\xee\xa7\x00\x91\x0c\x97\
\x86\xa3\x0c\xa8f\xb8\x84\x1e\xdd\xcaQ\xe9#\xb2\x0e\x9d\
r\xfaS\x94\x8dk\xf0\x81\xe7\x9d\xde^\x85\x00\xb9\x01\
Ji%\xb0\xed:(-\x90\x1d4\xbeN\xff\x00\x8e\
 ]\xc9LE\xb6\xe8\xa9\xf0\x9e\xf3:\x94*\xafG\
_\xe2\xf1\x817\xb8\xfd\xbe<$2 \xfb]?\x9e\
{j\x83'\xd7\xfd\xf37\x7f5'\xf4]\xe5\x0f\xa6\
\x05\x08'\xc0F\x8a\x88\xc13\xa2b\x9e@ \xd6\xa2\
\x01\x14\xe6\x0b\x9c\xc0F\xac\xa8+\x87_\x02\xd6l*\
9\x05\x1a\x8d\x14\xa0\xe2`MI\x06\xc2\xc3Z\x08\xd9\
0\x80@C\xfep\xb1\xfa\x05\x00\xe1\x9d%\xfd\xb1\xea\
\xc2d2\x5cLt\x14\xc7m.\xd1\xb4\xd7\xc3\xc7\xac\
E\x89$\xec\xf4\xebw\x95\xbd\xc1>\x14\xd0*\x8e\xd8\
\xd3\x8eo\xf6\x22I\x91G\xc2\x80\xf4vE\xacA\x07\
\xf0T\x0bo\x8e\x18q\xae-\xcc\x03X@:\xfd\x82\
\x88\xac\xe5\x95A\x8b\x0e\xb2\x85\xa3jqf\xa1\xab@\
\xd8\x99\xbd\xcd+\xe0\xd2\x84G\x0e\xb8.\xba\xa5\x9eo\
\x06\xc2\xb9\x02\xaa\xa6Q\x01\x1bG\x0d\x09#\x01\x81\xbe\
\xa9\x0b\xfb\xbdY0\x03\x05\x83\xbb\xf3\xd7;\x10\xa8B\
5\xc5\xefx\xec\x8e\xa9Z\xa0\xef+4\xb0z\xf7\xc4\
\x91\x1a\xab\x82u\xfe\x7fn0\x08-\x0b\xb1\xcf\xd89\
\x04\x9d\x0d\x07c\xe9P~S\x9d\xbc\xaf\x80\xa2\x0b\x12\
\xd1\x8c\x1e\x8b\xc5\xda\xe7\x12P\x98$c\xb1\x0a\xc1\xe8\
\xd1\xa9\xdelGvR\xcf+\x9e:,\x8d\x89\x1d\x83\
J\xa5\x0c\xe0H)C\xd02\xdf\x05L\xb2+\xe0\xa0\
'\xee\x19#dp\xe8\x95Z\xdd2\xf5\xc2\x00\xfb\x08\
\xd9\xec)\x89\xe3\xb1\xa7\x8f\xe0\x22k-hO\x96v\
\xee\xf0LSS\x90R\xb2\xcd\x8b*\x99r.\xa9e\
\xd4V\x82-\x08\x14\xac\xe1R\xe4\x9c\x85\xe2\xd5P\x04\
\x09\xb7\x80#H w\x1aa\x08\x8a\x8dN|\xbf\x86\
\xdc\xb9R\x0a\xa2G\xcf\x17f\x84\xa0\xdf\xd2>5\xd1\
iAw\x86+\xb1`\xb2\x1c\x91U\xe1?\x80\x04\x0e\
\xbaA\x12\xb3\xc7\xd9\xd2(\x95&\xdf\xb1\x85\xc8\xd1\xe4\
X\x22\x00!{|\xd5\xbe\xcf\xae\x0dQ\x83lZ\xf0\
h\x12\x1c\x8a;,\xdcO\x9e<eDM\xb1\xff\x00\
\x07\x00\xe2&\xfc=\x7f\x9enQ\x9e\xf27\xf8\xcf\xd3\
\x95\x8f\xf8nH\x9a\x80QLk\x94\xc2\xe7\xa6+\x14\
{F:pBuI2\xc2\x01\xfd\x95)\x04\xcdR\
b\xd2#!\x90\xb7O$\x9b\x1c\xfaC\xe6\xd1\x08\xfc\
\x02\xa5\xad\x01\x00D\x09\xb3\x94\x02\xfe\x17\x95%0*\
bh\x0a\xc8\xaa\xe2\x10\xf1\x08\xac^\xafbh\x11p\
\xe1-\xea\xc7\x03_\x9c\x22\x16C\xbew\xd4{\xcbR\
\x12\x84\x03\xd5;\x9c\xd6~z\xd0T\x15zs#7\
9mU\xf9\x5c\x05Eo\xd9l\xe4\x02bg\x8d\xc0\
l\xa3r\xa4m9\x8a2\x89C:\xa8\x07Z\x82\xb9\
\xc8\xe3\xb1\x89\xb13J\xb4Z\x17x\xb2\x92n\xb0\x87\
DZv\xee\xd9\xc5u8\xed\xa4\x1c\x22`\xc8]\xa8\
\xda\xaaT\xda\x90B\x89v\x1dp}\x80Q\x94\xb9 \
Mq\x0e\x83\x84\xbfP\xb5\xdd 2VV\x16\xf0\x9d\
\xb6!\x01J\xe8d\xfc\x8e\x1a(Q\x1e\xbe\xbf\x1c\x89\
\x81T\xe6n^$\x1a\xa0\x04\xfd^\x13\x13\xdf\x15g\
\xf4\x1c!r\x93A\x22_\xc7\xbc\x06\x9b5\x89:-\
\x11\xf0\xbd\xee\xa7\xad\xacU\x09\xd8\xa1|}\x14\xa4\xcd\
\xb4b\xee\xe8YR\x1a \x01\x88@\xee\x12w\xae\x81\
u\xd1+r\x82\xa4T\xb6\x82>\xab8\x9do\xc2\x90\
PT\x0aR\xdf$\x9b\xff\x00\xa6a]\xc0\x0f\x94\x0b\
\x9av\xc4F\xca\x05P \x1d1\x86\xbe\xe9{\x22\x16\
\xad\x16vy\xdbh\xd3\xc0\x1c\x80\x08\x0c\xd6\xb7\x82\x83\
S\x16\x01\xa1\x84eU\x9bM\xe2~\x9a\xe0\x064J\
i\xa0\x1c\x033\x22k\xd8\x15\x8c\x04^\xe4\x12\xad\xad\
\xcf\x1a\x164\x04\x00\xa1\xefxe\xb3\xael\xed!P\
\xc1\x89\xc7\x95]\xf2\x89P\x04)c\xe1\x0f~\x0bU\
\xe2\x1d\xc5\x92\xd0oi\x96\xa5\xe7F\x1d\x81\x8a\xb6\xdc\
\x8f\xa7[\xafg\xaa\x15z\x14F\xbe\xbfUzv\x99\
\x12\x81\xc5a\xbd\xe7\xefH[\xfb\xc2\xea\xa7\x83\xc6F\
\xd5O\xc6y\xc5qL\x07\xd8NI\x99\x00:\xb7\xdf\
\xd4\x9f\xa7\x07\xfeB\x00n\x88\x0aZ\xafE\xe1\xbfk\
\xd0c\xd8\x94\xb9\x81\xe8\xf0\xce\x97.\xe4\xcb\xa1\x05@\
\x88\xaebZ\xd7I\x0e\xdd\x1aT@(`o\x0c\x01\
\x16\x89\x00\xf9h3\x83nT.\x96\xb1\xaa4\x881\
x\x05\x85}\x93\x10\xc3\xde\x97B\x9c\xa5\x1e\xb1'\xea\
r\xd1\xb5\x0d\x83\xe0\x9b@@\x9a\x91E\xee\xad\xc4f\
e\x81\x81;\x0aha\xe0g\x0b\x90\xc4\x00\x80\xc2\x13\
]\xc9X\xcf\x10.Q\x005'\xb0\xf0\xe1\xba!f\
\xeb\xf4\x90\xf1\xab\xef\x0d\xb3R\xc1\x10qC\x0e\x84\x8a\
\x07\x0f#{\x00\x08\xdc\x00pQ qb\xd7\x89U\
e\xc2\xb4\x14\xeb\x90r\xd2\xd4\x09Y\x00\x15\xe8@\xcb\
0\xd9pZ7\xd5\x1c\x11\xb3gl\xe3\xaf\x81BP\
\x88\x11\xdcUJ\x81\x02\x84\xed8\xee\xa0\xab\xda\x1e\xf0\
y\xcd\xb6 \x00B@\x16]\xf1G\x82\x16\xd5t\x05\
@\xcc\x9d\xad_8\xf6l\x84\xac\xca\xef\x18FA\xaf\
\xef\xbf\xdf!t\x85\xafT\x13\xf5\xd3\xf7\xe0*\xa9p\
!\x1e\xa0\x07\xa1Yx\xb9Y\xeb\x18\x96\x9e]\x97\x02\
\x93\x87P\xad\xe5\xaa5k\x11\x811\x1c\x5coH\xb5\
\x04\x08Y\xa6F\xb9\xc7X\xce\xb9\x5c\xb6f\x8c\xd8\xde\
\x07]\xe3D#\x9a1e\x8fXOKZ\x15I\xa9\
8\xa1e\xf0\xe6\xdd\xff\x00m\xd2\x05Q,\xad\xda\xf2\
\xcf\xbdR\xea]V\xd4#\xe9k\x81\x1cS\x94\x08\x9a\
;\x15\xb1+:sL`\xce\x89F\x16:\xe0\x01\x92\
70\x07\xd5\x01\x13\xa1\xe3=\xad\xcd\xd1\x02\xc3\x01h\
`<\x9d\x00\x08:\xe0\x96\x1e\xc2/\x97\x80\x81tE\
\x04\xbd\xda\xa5\x1a\x04E\x85\x8a1\xdc\xd8VD<\x00\
\x08Bn2A\xad5 \xd4\x0c\xa9\xc5L\x085\xce\
\xfa\x80\xe1\x8f\xca\xf3\x04\x96\x05(N\xb0\x90\xc9\xb9\xcd\
p\x13+\x13xI\x05)\xf7\xcd\xe2\xb6\xad\x8a\x1a\x98\
:<{\xbc\x81\xcc\x82\x11\xf9\xfc\xf1\x8b\xea\xbf\x00\xdf\
\xf3\xcc\x06\x1c\xfd\xab\xc25\x12\xc6\x09L\xfd87\x87\
pP\x96\xef\xc0\x7f\x1c\xaa\xd3\x00\xe0]\x02\x02ag\
\xbd\xe6l\x80s\xd1i\x12\xb10\xe3\xaeUNN1\
\xc0\x12\x2268\xef\x1ab%-4k\x10r\x96\xdd\
\xd2\xea\x088m\x09\x08\x9d%\x0a\x18\xf0O\x10\x0e\xa8\
\x88\xb4!\xa8\x8aH\xb0)\xd0\x81\x1a\x98-\x83\xc6\xcd\
2F\xa7)\xccjrp\xa1\x11\x82\xb7WBp\x1a\
\x84$\xb24\x18b\x0c\x9c<\x12\xa0\x03\xa1o6=\
6\xcdFI3R\x08\xa1\xc0\x9e\xa6\xb6aD:G\
\x06\xa1\x06\x93\x94\xc0\x08\xe0\xe8\x12\x1f\x22\xcc \x86B\
\xcaNdR \x05\x16\xad\x1auD\x92\x82\x83\xfb\x15\
\xda=b\x1aYdCa\xfb\x1a\xc5\x19\xe4\x12\xa0\x9e\
\xac\x1dx/\x0bo\xebR\x14\xc4\x8a\x84v\x9ekN\
{!P\xd1p\x03\xda\xa8\xe4*\x9b\x0b\x08\x01V6\
A\xb8\xee'd\xd8\xaa\xb6\xe9\x9f\xc3\xfex\xbe\xb1\x16\
\xb5[\xff\x00~9c\x18~\x1b\xf1\xc3\xa9\x01\xa7\xf6\
\xfb\xff\x00\xce-\xb5J!\x82\xd7\xf1y\x8bcTR\
\xcdh\xe8\xea\x87~+\xa1\xa7kH%\x15\x1d&\x0a\
\xf0\xbd\x92\x0e\x00!\x90\xec#/\xc2i<J,\x9d\
\x80\x05La/\x0d:\x04\x99\xacQ\x96\x0a\x9d#\xab\
\xbd\xca4\x06\x90*H\x1d\x8b\x02\xad\xd8\x00\x01Y\xc0\
m\x01xq\xcd<)\x93\xb1\x18\x9f3\xc9\xc5\xfdb\
\xc8\xea\x99Xw\xe4>*i\xa1\x04\xa1\xacF\x88\xf0\
\xc0\x16\xa4X\x11Y\x04\xe2\x85\xaf\x0b\xa5\x03\xdf\xd9)\
X[hU\x0f\x22l\x95\x87`\x91\x00(\xf3\xa1[\
\x16\x12P\xc0\x0a\xe8w\x15\x5cD\x94\xbe'\x8b\x03\x83\
\x85\xb7\xb6\x16\x1f\xa8\x87\xd5\x86\x0bEH\x5c\xe22\xe0\
\x18\xfe\xa7\xd7$;\xf2\xde\x18{\xe1\x08\xb3^ Y\
Z\xc7\x99\x92*#\xb4*\x0e_\x92g\x02\x10\xa9,\
\x92\xabZ\xb3{w/%\xaa\xc0\xb5C&?|o\
(\x05\x09\xdd\x7f\xd3\xc5\xf7\x11\xd9\xd1\xef\x16\xb7ap\
\x0f\xe9\x7f\xbeP\xd1J\xc6\x99\xd7\x12p\x02\xa0\x03\x0b\
\x0a\x9d\x09\xed\x8aJSa\x0e\x86\x98aP\xa7\x90\x85\
) RT\xa3\x01\xd0\x8d\x87o\x16\x0dj\xd5\xc9R\
\x89A\xc1\x14\xc9\x80\xa9\x05\x94\x80\x1bL\x0b\x1d&3\
}\x80\xeeR\x84\x15(\xaf\x11iC\xc0Ho\x22P\
\xd0\xe2\xb4!O\x95`@\x89t\xca(\x13\xed`\xed\
\xcc\xe2wE\x0b\x058Z\x970\xa3\xb8\x85\x01E8\
46\x96\x1c\x02\xa0\x80A\xd07\xc4\xe2S\xaa`\x9b\
\xc0P1\x10\xd3\x8c\x7f\xa2xGuC\xb8\xca\x85\x8a\
Y\xfe\xa6\xf5@\xf6\x96K\xf42t\x91\x10\xa8PT\
*\xa3\xc6\xac\xdbPe:\x08e\x00\x84\xe3\xb9\xc1\xca\
(\x1b\x85\x83\xa4\xec\x14l\x97\xef\xc2AJ\x90v\xc4\
\xb2\x0e\xf3\xbc\xc9\x02\xb0\xa3\xae\x81\x06C\x8cS\x85\x82\
%>\xda\xea\xc3-\x1e\x13\x00\x8aC>\x8e\x15@\xb7\
_;\xe2t\xc0(\xf5\xfc~\x9c\xc7 \x13@\xb0\xfd\
\x1cVa\xca{C\xb7\x8b\x095\xca\xc1\x84\xe9\x048\
.\xc4>\x15\x81&\x12\xc2>\xe12\x0fW+\xe4\x16\
\x04\xe2\xc9\xbc\x02\x0dR\x0eN\x8c\x22\x9a\x03$\x0f\x1b\
C\xb7NI!4|\x82q\xa7\x5c\x0c\xe1\x82\x10l\
\xd1\xf0-\xab\x0a\x08\xde\x12\x5c\x87\xc5P\x22cE\x19\
m\xf0a.\xe0\x88\xe0\xef\xc3\xb6\xbe\xe2\x85K\x80M\
E\x0a\xd6\xebD+\x5cn\x9a\x18\xad\x15-u\x13\xa1\
j\x05\x14V\xb1\x085<j\x83\xf6\xb4+\xbd\xa7\x0f\
P\x03\xd9 \x1fFS\x97\xab\x1aW\xb0\xd6\xc35\x1e\
\x82\xfb\xc2\x01\xa15\xc0\xf0\xc8\x0c\x05P\x16\xc8\x82\xe7\
<\x93\x00\x81\x18*/ ja\xdb\xeb\x82Y\xa2\x98\
6\xd7\x9a\x08\x8b\xb8\xd0\x04\xc7O\x07\x89\xdfE\xf2\x88\
\xc9\x02\xbb\xfa^;\x0e\x18\x10\x8a\x02m\xe8ih\xf5\
\xc0.\x9d=^\xbf\xae\x09*\xa1\x0fg\x0dD\xc2\xcf\
\x06\xbc7\x8f\x93r\x1f\xfb\xcaJJ\xd6\xcf\xfbs\xf4\
\xe0\x05\xd1\x10\xa6_\xa6\x7f|\x04rh\x08\x03D\xa0\
\x81\xaf\x92\x9a\xc9\x08\x15(\x91U\xad\x85\x8f\x11r\xe9\
\xc20{\x1cV\xd7N\x225tH9H\x16\x84\x0c\
\x5c\x14\x0b\x8f\x19B)\xd8\x8c\x80\x88Y\xc4At\xc5\
\xa5\x10\x80\xd0\xd0^\xdcbp]\x0dq\x88V;\x14\
\x1cm\x22C=$\xa0\xdf)U8*\xf5\xac\x80\xa8\
\xe2\x90\x08\x1519\xd2\x00{\x0ciY\x04 Ug\
\x14\x05\x00 \x80\xc9b\x18\xe8\xccC\x02d\x0d!I\
Cfh\xc5\x0a\xcbt\xc8Hp*U\x14\xb8x\x14\
:}Q00dRg\xd3\x83\xbe\x97\xa4H\xa5F\
\xdd/\x16\xf8\xce\x89\x09\x22\x85\x07\xa0\xbcl\xac\xab\x9e\
\x94}`\xef\x8a\xfa\xf02\x0a\x9a\x03YWzl\xf7\
\xcetu\xa0\x84u\xf3\xd5o(\x82\xd7\xb8\x00`~\
\xfc9+ \xf0\xfc\x1f\xbf\x22\x0e\xbd\xb3\xef\xb0\xe1\x05\
&\xbcv\xc4~\xf5\xeb\x82\x06Z%\xab\xf3\xff\x00|\
\xf0Q\x1a\x22\xd5-o\xe0_\xdf\x8c\xe8\xd5\x00\xdb6\
(\x90{\xef/\xd6\x22>\xb5\x95i\x8e\x91\x00\xce.\
{\x19\xe8\x09kV\x9e\xa3\x05nl\xfd\x901*\x85\
Vz7{\x97\x14\xa4\xde\x93\xe0\x10v\xed\xe80\xba\
\xe0\xa1'\x0b\xd0\x0c:\xd2\xc8\xa6\xabCB\xa1&\x1e\
'\x87\x1bA\x841X\x01\xa8\x8cW.E\x80\x9cm\
\x94\xd1\x9a\xcdL\xb0\x97L\x1cJ@!t\xdc\xc0\x0d\
\x8dI\xaa\x0a\x97 \x88#;\x1fHsES\x02\x18\
\xf5 h!\xcc\x80\xb9\xa0\xd0E\x00\x83\x95+.\xb4\
\xd2WF\x0fE\x04\xe6\xd2n#\x80I\x91\x8a\x80\x14\
\xd3\x84\x07\x96\xc7p\x13\xd9|\xb1\xca\xa5aQ\xa7\xb8\
\x11\xb2\xc3\xb5\x9c\xecv\x02\x80\x98tk\xf8\xbcZX\
\x0c\x06m\xe8\x10B\xe5\xfc\x9c\x88\x15\x00R\x0d\xbc\x0d\
\xcd\x12:\xac\xa7\xe0\xaf\x00\xe4 \x0fy\xc2#\xd5a\
\x1d\xd7>48\x98*\xd6vvq\x83#E\x03\xf9\
\xeap\x9c\xf2\xde\x85\xb2\xa0\xd0\x969\x18\x93\xda\x13\x8c\
\xd1\x93^\x9aO\xbb\xcf\x03't\x16Y\xac\xe9p\xd2\
\xf1\x93\xbba\x02\xad\x83\xa8@\x0dF\xe5P\x89-U\
\xbe\xc0\x03\x16<l\x06\x86HQO}\x15\xd5r\xcf\
OY\x15\xa7%\xb3\x02\x8e\x18m\x97K\x95!=\x01\
\x0aO\x18\x0811=Z\xbc\x81EFq\x0e%\xd5\
AP\xc0\xa0%\xed\xae0\x00K\x84\x16\xa4B\xc3Q\
\x1c8\xa9\xca\x02\xbd\x88\xe0+\xd6\xa4\xeb\x8f!\x9a\xfe\
\x81T\x00\xfc\x97\xe82^\xb0$H\xd5%X\xc6\x1c\
\x8e\x18\xd5N\x01\xd8\x0a\x84bY8\x9dE#\x08\x88\
\xe9\x17\xa6;\xc4\xa7#B\x12\x03\xf1\xe7\x86\xf1\x07\xe5\
\xcc\x83\xe0A\x93\xea\x9d\xef;a\xc3\xb9X630\
4\xb5\xe0\xc1e9T\x1f\xe5\xca\x9bP\x80\xf9Z\xff\
\x00o\x13%\xe2\xfc\xe7\xf8\xfe\xf8b\x88\xd4=\xd7\xfa\
y\x10H\x92\xbe\x0f\x9f\xc7\xf7\xc4\xdc\xda\x94\x02\xba:\
\x1c\x07\xfc\xf2~_\xd1\x87\xb8P\xacb\xcd\xe5+\xc0\
\x10\xc8\xc9EJ9`\x07\x9a\x06H3\x0c+A\xc0\
\x11\x178\xa5\x00\x858\x87\xa9K\xb34|\xb9\x80T\
N@\x94\x88z\x01Y\xc1D\xee//\x14P\x1a0\
\xf5Z\xe1\xd3\xa3$mcO\xc0x\xc6[\xd8z\x0a\
\xa8\x98\x80\xb0\xa7\x88\x14V\x0a\x13N\x92)P\x85p\
Fe\x89M\x9bDh5@^\xb0hj\xe6\x86\xd5\
\xc2\xe59:0Z) la\x91d\x8c\xe3j\x94\
\xc3\xf9*\xbd\xd7U\xc0;\x1bH\x92((\x812A\
\xd6\x99\x94B\x81\x5c\x19\x80\x06\xbd\xa4\xe5f(\xd7J\
\xdc+\xae\xbe\x8e\xb8;\xae\x1d=\x8c\xa6\x97}\x1c!\
I\xed\xf6(@\x81\xd1\x9c\x1a\x96EN!\xc0\x12\xa1\
Z8ER\xd2\xd0(&\xa8\xe1\xf98\x1a\x02\x1f\xc1\
\x0f\xeb\x94\x17u\x01\xf7\xa7\xe7xI\xd0\xd1U1?\
\xa9\xc2i\x13/\xe8\xf5\xfe~\xf8\xcf\xe0\x01\xca*a\
\xd0\x99\xc5\x22\xf8\x14\x05\xc9\xe5\x92\x8a-\x8b0\x12\x91\
\x99\xdc\xd5\x14>C\x1b\xca,0\xc3!\x15\xc4\x85\xed\
\xd78\xaa\xb6\xce\xf4\x1c\x06\x91%n\xb7\x81\x19\xbd\x9a\
\x10\x22\x03\x13\xd2\xa7|R\x94B\x94e\xc0\x80\xb5\xf6\
\x11\x13\x8d\x999\x1d\xd0\xd1\xa1Wb\x89`\xa3S\xf4\
\xcaE~\x19R\xbe\x02\x0e\x01\x8ft\x94(#-\xb9\
\x17\x84\x83\xa8\x1d>\x1c\x0a\x90\x83\x84w\x87\xfa\xda~\
\xd8B ?\x97\xe6\xef\x03\xb9\xa1$\xa1#\x22\xa8[\
ug\x13\x7f\x81\xb1\xbe\x00\x0c4\xbe\x0f\x9ee\x06l\
\x80\x01\x0e)\xd1\x99/A\xc0H\xa2vB\xc8\x0dC\
\xc3^\x0cl\x0b\xc5\xa6-\x1b\x8d@jp\xfa\xf8\x00\
\xe1H\xee?i\xdaW\xb2\x14!!\xa9\x14\xd6\xa7@\
@\x9e:\xa9\xf2\x9f\x22\x14\xd3N\xc8!\xf1@\x04\x08\
~\xfcoD;\x1a\xbd\x01\xf5\xca\x00\x82\xadv\xf0\xec\
D%LR\xc9\xfa\x7f\x5c\xc2 \x10_\xa7\xbf\xe5\xe2\
k\x146\x02\xa0/I\xb9\x0a\xd2P\xd8Zt@+\
#\xd8\x18\x06\xaf\x08\x8bd/Y@p\x07B\xfd9\
z\xa6\x82\xc1u\x97W\x15G\xc7-\xfemTI\x0a\
\xd6.\xc1\x9e\xf2H\xc2\x83\x22\x06\x10B\x00\xba\xb9o\
\x1a\x9b\x93\x22\xb34\x1b}\xd3\x8d\x94C\xd5#G\xc6\
\x83\xe7\xa9\xc9\xd7\x14\x9e\xa5h\xa5D\x8d\xfa\xe0\x9f\x84\
B\xc4:\x01\xa2\x19\xf8t\x92\xb9\xbc`\xb0\xf7\xa0\xb4\
H\xa5\x07\x89S\x8ez7\xf1\xf1\xff\x00g\x0b0\xdb\
U\x14[\xbf\x19\x07\xe7\xeb\x8d\xfd\xd11\xe3he\xef\
\xff\x009\x22\x9c\xf4\xd1\xe2\x98\x08\xf7\xc1#D#d\
\x91\xb0\x10\x84`\x03\xed\xc5\x8c\x1c\x03e\xb2\x80\xb6%\
m\x04-#\xa0(t1\xf1x`R\xa8\xca\xa5#\
\xb7P\x96\x84f\x88\xc8\x10\x83i\xb0\xd6\xa27\x80\xc7\
r*\xd9+\xeb\xbcQ\x01\xac\xf4\xfc\xbf\xbf\x1e\xd0,\
\xbd\x17\xa3\x86Q\x0d\x07\xc2\xe5\xf3\xaf\xe7\x9e\x00\x18x\
\x8f\xeb\xff\x00\xbc\xd55c\xfa\x05\xf0\x07\xe7\x8f\xbc]\
\xb0C9\x96C\xc4\x80\x87\xfd\xc7\xe4\x0a\x94\x82\xe0\xce\
\xc5D\xee.\xe3\xb5EC\xd5\x08aI\xeb*\xba\xac\
1\x00\xc6v=qO\xd1\x85\xa0jBL\xe2\x0e\x07\
\xb0\x90\x15\x84t\xe3|\x00Ay\xc2\xa0\x80\x14\xb1\xd8\
@H\x1cp\xaa\xa4\xa3\x00\xccQ\xc8\xab\xf0\xe3MR\
4\xba.\xfd\x8f'\x05\xc8\xde\x1b\xc7\xc6\xeb~\xb8\xa8\
\xee]\x17\x10\x84{\x9d\xf8\xf0k\xd4\x96\x87t\xcf\xdb\
\x8ft\x9b\x13 \x84\xf5\x11\xf2)\x9d\xc1\x18\xf2\xa0\x9c\
5\xe9\xef\xaf\x15\x1f\xc9\xa0\xc3\xe0\xc2(\x05x\x8b\xe3\
\xab\x1c\x05\x15\xf1\xb9\xf3\xdf\x13\x04\x95\x1a\x11\x11\x88\x0a\
\x0d\xc3')\x0d\xfd\xcb\xe4\xd3Uf\x19\xe7\x0e\x94{\
\xc8Le:\x07m\x15<;Kh\x81\x02\xb0\xf9o\
!)u0\x02\xb7\x98\xb2\x91x\xb85\xe0\xb1\xf6\xac\
\xfd\xb8\xa2\xcc\x89\x9f\x07_\xf7\xcf\x09\x8d\xaaU\xe7@\
\x8d'\xc0\xce\x0c+b\xb5E\x10\x0d&T\xba\xce|\
\x91\xe1NY[N\xa1\x8b\xc5\x94\xa5\x090\x93\x04M\
\x0d\x15#\x0d\xc5-uS!\xe8G\xd7\xbb\xc3\xb7\x9b\
`6\xc4d\xd4G\x08\xe6.,aL\x01$\x842\
\xb4\xf4\xf0\xb1\xc3*\x10n\x94\x0aEn\xe1G\xa1\xfd\
\xb1\xdbD;k\x07\x1c\xc2\xa5\x84\x96\xe2\xa8DI\x1e\
\x9c\xac\x98\x0b \x89{\x03\x00f\x22\x99\x97\x84\x1a0\
\x92\x8e\x0a\x83\x14p`\x8c\x0a\xb10FM\xbf\xa9\xcd\
YG\xb6\xbd\x5c&\xea<\xf1\x08W\x82\xf5\xfeN\x22\
\xa0\x06\x8f\x99\xfc\xbf\xfb\xcc'\x93\x85\x08_\xc0\x1cF\
\x9d\x19\xca\x82\x0a\xc6V\xae;\xe5BW\x11iR\x81\
t\x10\xb5\xb4\xacX\x13\xa9+B\x8e\x84\x9cw\x16\xa6\
0U\xf9\xef\x8e\xa8(\x8f\x8f\xbf\xe7\x8d\xe4\x9a\xb9\x0e\
\xf8(\xae\xab\xa1\x00\x8f\xe4\xf1\x02)\x17\xd1\x1e'B\
\x8eGBA\x8b\x97\xe5\xdeNV \x89\xc3$\xc9\xb9\
\xb5\xe1\x09\x07\x80\xa1\xe9lZ\x9a\x09\x1cF\xca41\
\xdf\x92\xa9\xdc\x00\x22\xfe\x10O\xdfp\x04\x91\xaa;\x8b\
\xc2\x93\x93\xe1D \xe4+au\xf2\x84\x05\xf9oe\
\xb0\xfb\x03N\x1dY\xaf\xa9\xf3\x11\x145Q\x89\xcd:\
\xdf\x10\x82<\x09A\xf3\xd6\x12\xbdP\x94\x85S\xa5\xb1\
U\xa5\x87\x07\x9d\xfc\x0aK\x96\x91\x09\xa5\x9b`\xb2P\
j*\xe4\xea\x81)\xd1$$\x0c\x19\x08T&:X\
\x9d\xf4r\x0aN\x94&\x9d\xf9\xb97\xf6\xce)\x99]\
\x90\x0fo\x9c\x9bX\xa0p~?\xef\x8e\x11\x8a\x99\xf9\
i\x9ct\x22\xaag\xce~\xff\x00\xc7\x07\xe9\xa0z\x22\
\xcb\xf0\x09/x\x06\xf9\xaa\xb1!\x8a\x8f\x00h{R\
\x04@\xed+\xff\x00\x90\xe2Ab\x00\xf7\xa1\xfa\xe4\x0a\
@\xb1\xb7|\xe4laO\xcbo\xf7\xc0;lcP\
#\x8f\xef\xc9\xef\xab\xe4s.\xa2\x0d\xa3\xa0<\x12\xa8\
4\x82\x0dd1`[\xae\x19\xb6\x8b\xfc\x89!_\x89\
\xaf8\xad\x7f\x8c\x87mQ\x84$\x17G&b\x81*\
\xa4j@k\xc9UD\x91\x1dA\xc2pL\xecN\xaf\
#T \x82\xd0\xca\xce\x80\xb1\xe2?X?\xeco,\
\xbb:\xc0\x0b\xe5\x14M\x81\xed\x91\xe8\x06-\xe3D\x02\
\xa5\x00\xaa\x84\xce\x98\x80\x89\x13\x97\x00\xc2.\xa1Tj\
\x0dn\x807\xaa\xa2\x22/o\x9f\xfc\xe0\x00\x04\xa3\xa8\
\x99S\xd9\xfd\xf1\xce*@\xe8P\x0e,\x08\xc3\xee{\
\xfe3\x87\xaaK^\xbd\xbf\x83\x7fn+\xcc%\xf3\xae\
)\xdb\x85k\xd7\xf9\x13\x8a\x86\xae\x8a\xad?Y\x1f\xaa\
r\x85\x10(\xed\x1d\xfd\xef\x1dLUf\xc6\xff\x00<\
Hj\xabG\x94\x93\xf3\xdf*\x1c\x8b~\xa1\x7f\xdf\x09\
6cz_\x0e\x04\xbc%\xfe\xcf~d\xe3\x9c\x88@\
p\x9e\x9a\x88E\x8e/\x05\x94\x01h >\x8a$p\
\x5c\xd7\xd8Af\xad\x86\xa8\xba\xab\xb2p\xa4dz\xd9\
P\x80@\x01\x1b\xe8\x88\x18\xe0A\x9c\x00\x1e-\x0e-\
:\xb2\xd4\x5cn\x95#\xa1i\x91kn\xca\x09\x03\xac\
\xb0\x0a\xb9X\xc0k\xf45\xd8E\x1a)\xd4\xd4\xe0\xa7\
\xa9\xf8a\x83\xa5\xd6\x1d$\x8e:\xbaO\x80h\xa3\x1b\
;\xf9\xdbV\x1e\x80\x80t\xa3\x7f\x13W\xa8\xc0`\x04\
\xd3\xb8\xfe\x93\xf9\xef\xc2l\x0a)#\xd7\xfe\xf3\x82\x0d\
\xd0k\xec\x7f\xf9\xc7O@`^\xcf\xf6\xe4\xc5\x82\xaa\
\x82\xfd\x7f\xdf<\xd21K\xbeq\x05I;\xef\xeap\
\xa1\x86\x92\x0d\x9b\x9f\x80\xe5\xf5\xc2$\xfa\xce\x12LD\
>\xdd\xce>\x10E\xf9i\xc8_\xe2\xfdGk\xfa\xce\
YJ@t|\xb3\xf6\xe3\xe2\xa2)j\xfc\xff\x00\xbe\
\xb9\x15Zn\xe2\xec\xaf\xae\xf0\xfc\x0b[\xf8\xc1\x07H\
\x88\xeer\x1c\xb9!55\x90B\xc2\x03\xaeR\xe6\x04\
\x13`)\xd0;\x03xX\xfe\xd2\x22\x09(j[\xaf\
3\x80L\x22\xc0\x17\x00\xaa\xc1\x0e\x83yM(\xe2\x22\
\xaa\x1b\xb4R#\x18pB\xcch\x84\xbf\x1f\x7f\xaf\x00\
\xa8\xaeO\x9f\xf6o!\x18\xd0\xec\xa3\xfa\xfeO\x8eJ\
\x99G\xf6\xff\x00\x8e2\x9f\x00<\xfb~\x9c\xdf\xd1T\
<z\xfeC\x97\x85\xad\x87\xd2\x87\xe78\x05VJ\xfb\
\xb6\xcf\xd08Tp\xb7\x1aj\xfe\xaf)@\x81\x03\xe7\
\xfdN.\xb4_$\x87!5\x11)\xdf\xaf\xeb\xc0\xe4\
\xb6\x8b\x08\x99\xc6p\x94\x08>yxR\x01\xe8\x7f\x89\
\xc0\x1b\x14\x9bgv~\xfcQHW\xae\xf3\x88.\xf4\
\xb7\xb5\xf5\xcc\xbc\xed\xf6\xde\xbf\x1c(\x0c\xc2R\x9c\x18\
 \xb0\x8c5{\xe8\xe0h/\xad\x8e\x0b\xf0l\xfc\xbe\
xeha\xe1\x11>:\xfe^+\x9c\x90\xca\xd5\xbd\
\xd1\xdb\xc4\x1f)\x09\x0f\x1cvc\x08R\x00\x92nt\
qt\x0c$J:\x7f\xc7\x11\xc5\x1e\xa2\xba\xfe\xdf\xef\
\x86\xe9\x1c\xc37\xff\x00\x5cI\xd4b\x1d\x1b\xc78z\
\xfb\xf7\xfc\xf1\x04 \xa9\x87}\xf3Ay?L\xff\x00\
<\xea!\xd8\x07-\xb4\xba\xb8\x9f\x99\x07\xd7\x5c\xabw\
:\xf2\xee\xff\x00\x1c\xb4Q\x18>8`\xa8\x80\xbc1\
\xaf{}\xc1x\xd6\xa8\xbf,\x7f\xd7?\xff\xd9\
\x00\x006\xbe\
\xff\
\xd8\xff\xe0\x00\x10JFIF\x00\x01\x01\x02\x00\x1c\x00\
\x1c\x00\x00\xff\xe1\x12\xa6Exif\x00\x00II*\
\x00\x08\x00\x00\x00\x07\x00\x12\x01\x03\x00\x01\x00\x00\x00\x01\
\x00\x00\x00\x1a\x01\x05\x00\x01\x00\x00\x00b\x00\x00\x00\x1b\
\x01\x05\x00\x01\x00\x00\x00j\x00\x00\x00(\x01\x03\x00\x01\
\x00\x00\x00\x03\x00\x00\x001\x01\x02\x00\x0d\x00\x00\x00r\
\x00\x00\x002\x01\x02\x00\x14\x00\x00\x00\x80\x00\x00\x00i\
\x87\x04\x00\x01\x00\x00\x00\x94\x00\x00\x00\xa6\x00\x00\x007\
\x02\x00\x00\x14\x00\x00\x007\x02\x00\x00\x14\x00\x00\x00G\
IMP 2.10.30\x00\x00202\
2:03:16 12:44:42\
\x00\x01\x00\x01\xa0\x03\x00\x01\x00\x00\x00\x01\x00\x00\x00\x00\
\x00\x00\x00\x09\x00\xfe\x00\x04\x00\x01\x00\x00\x00\x01\x00\x00\
\x00\x00\x01\x04\x00\x01\x00\x00\x00\xdd\x00\x00\x00\x01\x01\x04\
\x00\x01\x00\x00\x00\x00\x01\x00\x00\x02\x01\x03\x00\x03\x00\x00\
\x00\x18\x01\x00\x00\x03\x01\x03\x00\x01\x00\x00\x00\x06\x00\x00\
\x00\x06\x01\x03\x00\x01\x00\x00\x00\x06\x00\x00\x00\x15\x01\x03\
\x00\x01\x00\x00\x00\x03\x00\x00\x00\x01\x02\x04\x00\x01\x00\x00\
\x00\x1e\x01\x00\x00\x02\x02\x04\x00\x01\x00\x00\x00\x7f\x11\x00\
\x00\x00\x00\x00\x00\x08\x00\x08\x00\x08\x00\xff\xd8\xff\xe0\x00\
\x10JFIF\x00\x01\x01\x00\x00\x01\x00\x01\x00\x00\xff\
\xdb\x00C\x00\x08\x06\x06\x07\x06\x05\x08\x07\x07\x07\x09\x09\
\x08\x0a\x0c\x14\x0d\x0c\x0b\x0b\x0c\x19\x12\x13\x0f\x14\x1d\x1a\
\x1f\x1e\x1d\x1a\x1c\x1c $.' \x22,#\x1c\x1c\
(7),01444\x1f'9=82<\
.342\xff\xdb\x00C\x01\x09\x09\x09\x0c\x0b\x0c\x18\
\x0d\x0d\x182!\x1c!222222222\
2222222222222222\
2222222222222222\
222222222\xff\xc0\x00\x11\x08\x01\x00\
\x00\xdd\x03\x01\x22\x00\x02\x11\x01\x03\x11\x01\xff\xc4\x00\x1f\
\x00\x00\x01\x05\x01\x01\x01\x01\x01\x01\x00\x00\x00\x00\x00\x00\
\x00\x00\x01\x02\x03\x04\x05\x06\x07\x08\x09\x0a\x0b\xff\xc4\x00\
\xb5\x10\x00\x02\x01\x03\x03\x02\x04\x03\x05\x05\x04\x04\x00\x00\
\x01}\x01\x02\x03\x00\x04\x11\x05\x12!1A\x06\x13Q\
a\x07\x22q\x142\x81\x91\xa1\x08#B\xb1\xc1\x15R\
\xd1\xf0$3br\x82\x09\x0a\x16\x17\x18\x19\x1a%&\
'()*456789:CDEFG\
HIJSTUVWXYZcdefg\
hijstuvwxyz\x83\x84\x85\x86\x87\
\x88\x89\x8a\x92\x93\x94\x95\x96\x97\x98\x99\x9a\xa2\xa3\xa4\xa5\
\xa6\xa7\xa8\xa9\xaa\xb2\xb3\xb4\xb5\xb6\xb7\xb8\xb9\xba\xc2\xc3\
\xc4\xc5\xc6\xc7\xc8\xc9\xca\xd2\xd3\xd4\xd5\xd6\xd7\xd8\xd9\xda\
\xe1\xe2\xe3\xe4\xe5\xe6\xe7\xe8\xe9\xea\xf1\xf2\xf3\xf4\xf5\xf6\
\xf7\xf8\xf9\xfa\xff\xc4\x00\x1f\x01\x00\x03\x01\x01\x01\x01\x01\
\x01\x01\x01\x01\x00\x00\x00\x00\x00\x00\x01\x02\x03\x04\x05\x06\
\x07\x08\x09\x0a\x0b\xff\xc4\x00\xb5\x11\x00\x02\x01\x02\x04\x04\
\x03\x04\x07\x05\x04\x04\x00\x01\x02w\x00\x01\x02\x03\x11\x04\
\x05!1\x06\x12AQ\x07aq\x13\x222\x81\x08\x14\
B\x91\xa1\xb1\xc1\x09#3R\xf0\x15br\xd1\x0a\x16\
$4\xe1%\xf1\x17\x18\x19\x1a&'()*56\
789:CDEFGHIJSTUV\
WXYZcdefghijstuv\
wxyz\x82\x83\x84\x85\x86\x87\x88\x89\x8a\x92\x93\x94\
\x95\x96\x97\x98\x99\x9a\xa2\xa3\xa4\xa5\xa6\xa7\xa8\xa9\xaa\xb2\
\xb3\xb4\xb5\xb6\xb7\xb8\xb9\xba\xc2\xc3\xc4\xc5\xc6\xc7\xc8\xc9\
\xca\xd2\xd3\xd4\xd5\xd6\xd7\xd8\xd9\xda\xe2\xe3\xe4\xe5\xe6\xe7\
\xe8\xe9\xea\xf2\xf3\xf4\xf5\xf6\xf7\xf8\xf9\xfa\xff\xda\x00\x0c\
\x03\x01\x00\x02\x11\x03\x11\x00?\x00\xf4\xca(\xa2\x80\x0a\
(\xa2\x80\x0a(\xa2\x80\x0a(\xa2\x80\x0a(\xa3\xa0\xc9\
\xe9@\x05\x15\x9e\x9a\xee\x91%\xe1\xb3MR\xcd\xaeG\
\x1eP\x99w~Y\xac\xef\x11x\xdbC\xf0\xbb\xa4z\
\x8d\xd6&q\xb8E\x1f-\x8fZ\x00\xe8h\xaf'\xd5\
>8i\xd0\x95\x1am\x84\x93\xf3\xf34\x9f(\xac\xab\
\xef\x8ew2Y\xbaYi\xa9\x15\xc1\x18\x0e\xe7!}\
\xf1@\x1e\xdb\x9a+\xe6\xc1\xf1o\xc5\xe1\xcb}\xbdO\
\xb1N?*\xdd\xd1\xbe7jV\xd1yz\xad\x9a]\
\x1c\xe7\xccO\x94\xfd1@\x1e\xedEp\x9e\x1d\xf8\xaf\
\xe1\xfdm\xbc\xab\x89?\xb3\xe6=\x04\xe4\x00\x7f\x1e\x95\
\xdc\xa3\xac\x88\x1d\x19Y\x18d2\x9c\x83@\x0e\xa2\x8a\
(\x00\xa2\x8a(\x00\xa2\x8a(\x00\xa2\x8a(\x00\xa2\x8a\
(\x00\xa2\x8a(\x00\xa2\x8a(\x00\xa2\x8a(\x00\xa2\x8a\
\xc9\xf1.\xb5\x06\x81\xe1\xfb\xadBy\x02lB\x13\xd4\
\xb7`(\x02\x9f\x89\xbcm\xa3xV\x12o\xaeU\xae\
\x08\xca[\xa1\xcb\xb7\xe1\xd8W\x83x\xb3\xe26\xb5\xe2\
i\x9a1q%\xad\x96~X\x22b\xa0\x8f\xf6\xb1\xd6\
\xb9k\xdb\xdb\x8dF\xf2[\xbb\xb9ZY\xe5b\xcc\xec\
rI\xaa\xf4\x00R\xb33\xb1fb\xc4\xf7'4\x94\
P\x01E\x14P\x01E\x14P\x01^\xa3\xf0\xbb\xe2\x0d\
\xa7\x87\xa1\x9fM\xd6ne[F!\xa0b\x0b\x08\xcf\
q\xec+\xcb\xa8\xa0\x0f\xae\xf4\x8d\x7fJ\xd7bi4\
\xcb\xe8nU~\xf6\xc6\x04\xaf\xd4v\xad\x1a\xf9[\xc1\
~+\xb9\xf0\x96\xb6\xb7p\x9c\xc3&\x16x\xcfF_\
\xf2k\xe9\xfd7Q\xb6\xd5\xb4\xe8/\xec\xe4\x12A:\
\x07R\x0fL\xf64\x01j\x8a(\xa0\x02\x8a(\xa0\x02\
\x8a(\xa0\x02\x8a(\xa0\x02\x8a(\xa0\x02\x8a(\xa0\x02\
\x8a(\xa0\x02\xbc\x13\xe3f\xadw/\x89`\xd2\xcc\xb8\
\xb5\x86\x05\x91P\x7fy\x89\xc9?\x90\xaf{\xaf\x95<\
s\xa9K\xaa\xf8\xd7V\xb8\x98\x9c\xad\xc3D\xa3\xd1P\
\xed\x1f\xcb?\x8d\x00s\xd4QE\x00\x14QE\x00\x14\
QE\x00\x14QE\x00\x14QE\x00\x15\xec_\x04u\
\xf8!k\xdd\x1a\xe6r\xaf!\x12@\xac\xdf/\xb8\x03\
\xb7\xff\x00^\xbcv\xa7\xb3\xbb\x9a\xc2\xf2+\xa8\x1c\xac\
\xb10e \xd0\x07\xd8\xb4U\x0d\x12\xf5\xf5\x1d\x0a\xc2\
\xf6P\x04\x93\xdb\xa3\xb0\x1e\xa4sW\xe8\x00\xa2\x8a(\
\x00\xa2\x8a(\x00\xa2\x8a(\x00\xa2\x8a(\x00\xa2\x8a(\
\x00\xa2\x8a(\x00=\x0e:\xe0\xd7\xc8\xde$Y\x17\xc4\
\xfa\xa8\x95J\xb9\xbb\x94\x90F:\xb95\xf5\xcd|\xdf\
\xf1\x82\x14\x8b\xc7\xf3\xecP\xbb\xe1\x8d\x9b\x03\xa9\xe7\xfc\
(\x03\x83\xa2\x8a(\x00\xa2\x8a(\x00\xa2\x8a(\x00\xa2\
\x8a(\x00\xa2\x8a(\x00\xa2\x8a(\x03\xeaO\x87\xda\xd5\
\xbe\xb9\xe0\xcb\x19`\x05M\xba\x0by\x14\xf6e\x00\x7f\
\x85u\x15\xc8|1\x8a\xc2/\x01i\xe3O,\xca\xdb\
\x9aVa\x82d$\xee\xfc\xba~\x15\xd7\xd0\x01E\x14\
P\x01E\x14P\x01E\x14P\x01E\x14P\x01E\x14\
P\x01E\x14P\x01_=\xfch\xd3\xee\xa0\xf1\x92\xde\
I\x11\x16\xf3\xc0\xa27\xcf\x04\x8c\xe4W\xd0\x95\xe3\xff\
\x00\x1d\x9c\x0bm%1\xc9\x0es\xf8\xd0\x07\x89\xd1E\
\x14\x00QE\x14\x00QE\x14\x00QE\x14\x00QE\
\x14\x00S\xe2(&C \xca\x06\x1b\x87\xb7ze\x14\
\x01\xf5\xd7\x87V\xdd|7\xa6\x8bD\x09\x01\xb6\x8c\xa2\
\x8e\xd9Q\xfdkJ\xb8\xef\x85\xda\x91\xd4\xbe\x1fi\xcc\
\xcd\x99 \xdf\x03\xfe\x0cq\xff\x00\x8e\x91]\x8d\x00\x14\
QE\x00\x14QE\x00\x14QE\x00\x14QE\x00\x14\
QE\x00\x14QE\x00\x15\xf3\xef\xc6\xadJ[\x9f\x18\
Ge\xbb\xf76\xd6\xeb\x85\xff\x00h\x92O\xf4\xaf\xa0\
\xab\xe7/\x8cq\xb2x\xfeRF\x03\xdb\xc6\xc3\xdcr\
?\xa5\x00p\x14QE\x00\x14QE\x00\x14QE\x00\
\x14QE\x00\x14QE\x00\x14QE\x00}\x01\xf0@\
0\xf0}\xd9?t\xdd\x9c~K^\x99\x5c\x17\xc1\xdb\
o#\xe1\xe4\x12\x7f\xcf\xc5\xc4\xb2~\x00\xed\xff\x00\xd9\
k\xbd\xa0\x02\x8a(\xa0\x02\x8a(\xa0\x02\x8a(\xa0\x02\
\x8a(\xa0\x02\x8a(\xa0\x02\x8a(\xa0\x02\xbcs\xe3\x96\
\x8cYl5\x88\xd3\xa00\xc8\xc3\xd8\xe4\x7f:\xf6:\
\xc2\xf1\x8e\x8c\xba\xff\x00\x85o\xac\x08\x05\xd97\xc6}\
\x18t\xa0\x0f\x94(\xa7I\x1b\xc5+\xc7\x22\x95t%\
YOPGQM\xa0\x02\x8a(\xa0\x02\x8a(\xa0\x02\
\x8a(\xa0\x02\x8a(\xa0\x02\x9d\x1cm,\xa9\x1a\x0c\xb3\
\x90\xa0z\x93M\xae\xe7\xe1_\x86\xff\x00\xb7\xfcV\xb2\
H?\xd1\xac\xc0\x96C\xef\xd8~\x86\x80=\xef\xc2\x9a\
w\xf6O\x854\xbb\x1d\x9b\x0cv\xeaY}\x19\xbec\
\xfa\x93[\x14~\x18\xf6\xa2\x80\x0a(\xa2\x80\x0a(\xa2\
\x80\x0a(\xa2\x80\x0a(\xa2\x80\x0a(\xa2\x80\x0a(\xa2\
\x80\x0a(\xa2\x80<\x8f\xc6\x7f\x08\xa4\xd4\xf5k\x9dS\
J\xb8\x8e4\x91L\x92D\xfca\x87\x5c}k\xc4\xa6\
\x89\xa1\x99\xe2\x7f\xbc\x8cT\xfdE}\x92z\x10FE\
|\xcb\xf1GI\x83G\xf1\xd5\xdcV\xd1\x88\xe1\x99V\
eQ\xd0g\x83\xfa\x83@\x1cm\x14Q@\x05\x14Q\
@\x05\x14Q@\x05\x14Q@\x1aZ\x16\x85\x7f\xe2\x1d\
N;\x1b\x08\x1eI\x1c\xe0\xb0RB\x0fR{W\xd1\
\xbe\x02\xf0Jx3L\x9a&\x98Mup\xc1\xa5a\
\xd0c\xa0\x15\x1f\xc2\xebH\xad\xbe\x1fi\x92$(\x92\
L\xac\xee\xc1p[\xe68'\xf0\xc5v4\x00QE\
\x14\x00QE\x14\x00QE\x14\x00QE\x14\x00QE\
\x14\x00QE\x14\x00QE\x14\x00QE\x14\x00W\xcf\
\xdf\x1b\xe3+\xe3[w\xec\xd6)\xf9\x87z\xfa\x06\xbc\
#\xe3\xa2c\xc4Zl\x9f\xde\xb6#\xf2o\xfe\xbd\x00\
yU\x14Q@\x05\x14Q@\x05\x14Q@\x05>$\
2J\x88:\xb3\x00)\x95gO\x19\xd4m\x863\xfb\
\xd5\xfet\x01\xf5\x96\x81`4\xbf\x0e\xe9\x96\x1d\xed\xed\
c\x8c\xfdB\x8c\xfe\xb5\xa3E\x14\x00QE\x14\x00Q\
E\x14\x00QE\x14\x00QE\x14\x00QE\x14\x00Q\
E\x14\x00QE\x14\x00QE\x14\x00W\x89|y\x8c\
\x0b\xfd\x15\xfb\xb4R\x8f\xc8\xaf\xf8\xd7\xb63\x04R\xcc\
@U\x19$\xf6\x15\xf3\xcf\xc6\x0f\x11\xdb\xeb\x9e \xb5\
\xb7\xb4%\xa0\xb3\x8d\x80\x93\x1c31\x19\xc7\xa8\xe0P\
\x07\x9dQE\x14\x00QE\x14\x00QE\x14\x00U\x9d\
=\xc4z\x85\xbb\xb7A\x22\x93\xf9\xd5j(\x03\xec\xa8\
\xe4I\xa2Icetp\x0a\xb2\x9c\x82)\xd5\xe0\xbf\
\x0a\xbck\x7f\xa7\xcc\xdaU\xc4s\xdc\xe9\xca\xa5\xc9P\
[\xc8\x1d\xcf\xb0\xafw\x86h\xee I\xa1\x91d\x8a\
E\x0c\x8e\xa7 \x83@\x0f\xa2\x8a(\x00\xa2\x8a(\x00\
\xa2\x8a(\x00\xa2\x8a(\x00\xa2\x8a(\x00\xa2\x8a(\x00\
\xa2\x8a(\x00\xa0\x90\x01$\xe0\x0e\xa4\xd5\x1dWX\xd3\
\xf4KF\xb9\xd4.R\x08\xd4g\xe6<\x9f\xa5xo\
\x8d\xbe,\xde\xeb~e\x8e\x8c\xcfibx.8y\
\x07\xd7\xa8\xfd(\x03\xa2\xf8\x97\xf1.\x18\xa1\x9bC\xd1\
\xa4\xdf#\x0d\xb3\xce\xa7\x85\xf6\x15\xda\xbf\xc3]\x1f\xc7\
\x7f\x0ft\x99\x8a\x085\x14\xb6\x1b.c\x18'\xd9\xbd\
k\xe5\xce\xf5\xf6G\xc2[\x83s\xf0\xebL\x90\x9c\xfc\
\xb8\xfd\x05\x00|\xad\xe2\xaf\x08j\xde\x10\xd4\x9e\xcfR\
\x80\x81\xb8\x84\x94\x0f\x95\xc7\xb7\xf8V\x05}\xcd\xe2O\
\x0ci^*\xd2\xe4\xb0\xd5-\x96X\xdb\xee\xb7FC\
\xea\x0fj\xf9{\xe2\x17\xc2\x8dO\xc1\xb3\xbd\xcd\xb0{\
\xbd,\x9f\x96P>d\x1e\x8d@\x1euE\x14P\x01\
E\x14P\x01[>\x1a\xf0\xbe\xa7\xe2\xadR;\x1d6\
\x12\xee\xc7\x0c\xe4|\xaa=MX\xf0\x8f\x83\xb5O\x18\
\xea\x8bg\xa7\xc4v\x83\xfb\xc9\x98|\xa8+\xebo\x04\
\xf8\x1bK\xf0N\x90\x96\x96Q\xee\x9c\x8f\xde\xce\xdc\xb3\
\x9e\xf4\x01\x85\xa3|=\xd3\xbc\x13\xe0\x0dF\xd6\xddD\
\xb7\xd2\xda?\x9fpG\xcc\xed\xb4\xf4\xf4\x1e\xd5\xf3\xd7\
\x83\xbe!\xea\x9e\x12\x9f\xec\xee\xedq\xa7\x93\xf3@\xe7\
;}\xd7\xd2\xbe\xc3\xbc\x89g\xb3\x9a&\xfb\xae\x84\x1f\
\xca\xbe\x0d\xbc]\xb7\xb3\xaf\xa4\x8c?Z\x00\xfa\xaf\xc3\
\x9e+\xd2|Qh'\xd3\xee\x14\xb8\x1f<,~d\
?J\xdb\xaf\x8f,o\xee\xf4\xcb\xb4\xba\xb2\xb8\x92\x09\
\xd3\xee\xbcm\x83^\xc3\xe1\x1f\x8c\xc8\xeb\x1d\x9f\x88\xd7\
\x0d\xd0]\xa0\xc7\xfd\xf4\x05\x00{\x15\x15^\xca\xfe\xd3\
Q\xb7Y\xec\xee#\x9e6\x19\x0c\x8d\x9a\xb1@\x05\x14\
Q@\x05\x14Q@\x05\x14U[\xcdJ\xc7N\x89\xa4\
\xbc\xbb\x86\x04Q\x92]\xb1\x8a\x00\xb5Ey\xe6\xb1\xf1\
\x8b\xc3\xbav\xe4\xb3\xf3/\xa5\x1d\xd7\x84\xfc\xfb\xd7\x9d\
\xeb\x7f\x19<E\xa8\x96\x8e\xc4\xc3a\x09\xe8cL\xbf\
\xe6s@\x1e\xf5\xa8\xea\xfa~\x91\x01\x9a\xfe\xee(\x10\
\x7fy\xb9?\x85y\x7f\x89\xfe5A\x00{\x7f\x0f\xc0\
$\x93\xa7\xda%\x19\x03\xe8?\xfdu\xe3\x17\x97\xf7\x9a\
\x84\xed5\xe5\xd4\xd7\x12\xb7W\x95\xcb\x1f\xd6\xab\xd0\x06\
\x86\xad\xad\xeaZ\xe5\xd1\xb9\xd4\xaf%\xb8\x90\xff\x00|\
\xf0>\x83\xa0\xac\xfa(\xa0\x02\xbe\xb9\xf8%r'\xf8\
sf\x83\xfeY\x1d\xa7\xf2\x15\xf25}I\xfb>9\
\x7f\x01\xca\x09\xce.\x08\x1f\xad\x00z\xddCuk\x05\
\xed\xb4\x96\xf71$\xb0\xc80\xc8\xe3 \x8a\x9a\x8a\x00\
\xf9\xd7\xe2o\xc1\x19m|\xddc\xc3\x11\x99\x22\x1f4\
\xb6y\xe4\x0e\xe5O\xf4\xaf\x0d\x96\x19 \x95\xa2\x95\x19\
$S\x86V\x18\x22\xbe\xfc \x11\x83\xd2\xbc\x8f\xe2\xa7\
\xc2\xbd\x1f\x5c\xb4\x93T\xb4\x9e\x1d;Q\x8dI\xe7\x01\
%\xc78#\xd7\xe9@\x1f.WM\xe0\xdf\x03\xea\xbe\
5\xd5\x12\xd2\xc16E\x9f\xde\x5c8\xf9P\x7f_\xa5\
V\xf0\xe7\x87\xa3\xd6\xfcM\x16\x93q\x7f\x0d\xa2\x196\
\xbc\xcex\xc0<\xe3\xdf\xd2\xbe\xc4\xf0\x9f\x87t\x9f\x0d\
\xe8\xb1Y\xe9*\x86 \xa32\x02\x09s\xeaM\x007\
\xc2>\x10\xd3<\x1d\xa3E\xa7\xe9\xf1\xf2\xa3\xf7\x92\xb7\
\xde\x91\xbb\x93]\x05\x14P\x03d\x19\x8d\x87\xa8\xaf\x85\
|Eo\xf6O\x13j\xd6\xdd<\x9b\xc9\xa3\xfc\x9c\x8a\
\xfb\xac\xf45\xf1?\xc4+V\xb4\xf8\x83\xaf\xa3\x7f\x1d\
\xfc\xd2\x0f\xa3;\x1f\xeb@\x1c\xcd\x14Q@\x17\xf4\xdd\
kS\xd1\xe5\xf34\xeb\xe9\xed\x9b9\xfd\xdb\x90\x0f\xe1\
^\x85\xa1\xfck\xd6,\xc2\xc5\xabA\x15\xf4c\xfeZ\
\x05\xda\xff\x00\xa6\x05yu\x14\x01\xf4\x9e\x91\xf1c\xc3\
:\x98U\x96v\xb4\x90\xff\x00\x0c\xa3\x8c\xfdx\xae\xc2\
\xd3P\xb3\xbf\x8cIiu\x0c\xe9\xea\x8e\x0d|yV\
-o\xef,e\x12Z]Mn\xe3\xf8\xa2\x90\xa9\xfd\
(\x03\xecJ+\xe7\x0d\x17\xe2\xe7\x89\xf4\xb6T\xb8\xb8\
\x8e\xfa\x01\xd5gL\xb6=\x98c\xf5\xcdz^\x91\xf1\
\x8f\xc3\xb7\xb6\xa5\xf5\x0f2\xcaa\x80P\x0d\xc0\xfd(\
\x03\x84\xf1\x17\xc6mgPw\x87ID\xb0\xb6\xe8\x18\
\x0d\xd2\x1f\xc4\xf4\xfc\xab\xcf/u+\xddJS-\xed\
\xd4\xd7\x0eNs#\x93Uh\xa0\x02\x8a(\xa0\x02\x8a\
(\xa0\x02\x8a(\xa0\x02\xbe\x90\xfd\x9c\xae\xfc\xcd\x0fS\
\xb5\xcf\x11H\xad\xf9\xe6\xbeo\xafj\xfd\x9euI,\
\xf5mR\xdfr\x98^%\x92D\xc7\xcc0@\xdc\x0f\
\xa0\xdd\xc8\xf7\xf6\xa0\x0f\xa5h\xa4\x040\x04\x1c\x83\xd2\
\xb8\xaf\x89~6\xff\x00\x847\xc3R\xdcA\x13Ky\
'\xc9\x18\x03\x84\xcf\xf1\x13\xda\x80*\xfcD\xf8\xa3\xa7\
x&\xc9\xa2\x8fm\xce\xa6\xe3\x11\xc0\x0f\x00\xfa\xb7\xb0\
\xaf\x98|O\xe3]w\xc5\xb7M.\xa9z\xee\x84\xe4\
B\x87lc\xf0\xac\x9dKR\xbb\xd5\xef\xe5\xbd\xbe\x99\
\xa6\x9eV\xdc\xcc\xc6\xaaP\x01]\xcf\x83>)\xf8\x83\
\xc2\x17\x11\xaa\x5c5\xdd\x88#}\xbc\xc4\x9f\x97\xd8\xf6\
\xae\x1a\x8a\x00\xfb{\xc2>2\xd2\xfcc\xa5\xa5\xe6\x9f\
(\xce>x\x89\xf9\x90\xd7C_\x17\xfc7\xd4\xfcA\
a\xe2\xebD\xf0\xf6^\xe2V\x01\xa1'\x08\xe3\xfd\xaf\
\xf1\xaf\xb1\xec\xaeM\xcc?\xbcP\x93'\xcb\x22\x03\x9c\
\x1f\xf0\xa0\x0b'\xa5|\x85\xf1\xae\x05\x83\xe2v\xa2\xa8\
8eF?R3_]M*A\x0bK!\xc2\xa8\
\xc95\xf2\x9f\xc7Ki\x13\xc6\xc9y(\x0an\xa1\x0e\
\x13\x1c\xa8\x00`\x13\xeb@\x1e_E\x14P\x01E\x14\
P\x01E\x14P\x01E\x14P\x01E\x14P\x01E\x14\
P\x01E\x14P\x01E\x14P\x01^\xad\xfb>\xca\x89\
\xf1\x0ex\xa4\xe5g\xd3\xe5\x8f\x1e\xbf:\x1f\xe8k\xca\
k\xd1>\x08\xcd\xe5|R\xd3A8\x0e\x92\xa9\xff\x00\
\xbe\x09\xfe\x94\x01\xf5U\xb5\xc7\xd9\x04\xd6\xd3\x93\xfb\x95\
.\x87\xfb\xc9\xff\x00\xd6\xff\x00\x0a\xad6\x89k\xad\xe9\
\x17\x10jp\xac\xabv2\xe0\x8f\xba;c\xe9V\xf5\
;\x03}\x0ayn\x12Ua\x86=\xd7<\x8f\xc4U\
\xe4]\xa8\x17\xd0b\x80>=\xf8\x97\xf0\xe2\xf7\xc0\xfa\
\xa1\x91\x14\xcb\xa5\xce\xc7\xc9\x98\x0f\xba\x7f\xba}\x0dp\
u\xf7v\xb7\xa2\xd8\xf8\x83J\x9fN\xd4!Y`\x95\
pA\x19\xc1\xecE|Y\xe2\xed&\xdfD\xf1E\xf6\
\x9fk)\x92\x18d\xc2\x921\x8fj\x00\xc4\xa2\x8a\xef\
\xbe\x10h\x1av\xbf\xe3\x8bx5\x16\x068\xbfx\xb1\
\x11\x91!\x1c\xe3\xf4\xa0\x0fe\xf8%\xe0\x0f\xec\x0d\x15\
u\x9dB-\xb7\xf7j\x19U\x97\x98\xd3\xb7\xe3\xfe5\
\xe9\x97#\xec\xb7\xd1\x5c\xaf\x09!\x11\xc8>\xbd\x0d_\
UT@\xaa\x00P0\x00\xaa\xfa\x85\xb3\xdeYI\x0c\
n\x11\xd8|\xaeFv\x9fZ\x00\x81\xff\x00\xd3\xef|\
\xa1\xcd\xbc\x07\xe7?\xdeoO\xc2\xbeu\xfd\xa2\xc7\xfc\
U\xd6\x1f\xf5\xee\x7f\xa5}+mn\x96\xb6\xeb\x12t\
\x03\x92z\x93\xdc\xd7\xcd?\xb4S\x03\xe2\xfb\x10;[\
\x9f\xe9@\x1e7E\x14P\x01E\x14P\x01E\x14P\
\x01E\x14P\x01E\x14P\x01E\x14P\x01E\x14P\
\x01E\x14P\x01]w\xc3\x1b\x86\xb7\xf8\x8d\xa2\xb2\xf5\
i\xc2~`\x8a\xe4ks\xc1\xd7?c\xf1\x8e\x93>\
q\xb2\xe5?S\x8f\xeb@\x1fq\x8e\x94S!m\xf0\
\xa3z\xa8?\xa5>\x80+j7\x0bi\xa7\x5c\xdc;\
mX\xe2f'\xd3\x02\xbe\x1a\xd7\xef\x1bP\xd7\xef\xee\
\x99\xb7\x19'c\x9fQ\x9c\x0f\xd2\xbe\xbd\xf8\xa7\xac\x7f\
a\xfc:\xd5\xee\xf1\x961\xacA}w\xb0_\xeb\x9a\
\xf8\xc6\x80\x0a\xe9\xfe\x1fk?\xd8^8\xd2\xefK\x84\
\x8cL\xab#\x1e\xcaH\xcds\x14\x0e\x0d\x00}\xfc\xa4\
2\x82:\x1aZ\xc2\xf0n\xac5\xbf\x08iz\x86\xed\
\xcd5\xba\x17?\xedc\x9f\xd6\xb7h\x00\xaf\x95\xbe>\
\xdcy\xbe<\x11\xe7\xfdT@~`W\xd55\xf27\
\xc7\x07\xdd\xf1>\xfc\x03\x90#\x8c~\x94\x01\xe74Q\
E\x00\x14QE\x00\x14QE\x00\x14QE\x00\x14Q\
E\x00\x14QE\x00\x14QE\x00\x14QE\x00\x15w\
H\x90C\xadX\xcaz%\xc4l\x7f\x06\x15J\x95I\
V\x0c\x0e\x08\xe4\x1a\x00\xfb\xd7O\x94O\xa7[\xc8:\
4j\x7fJ\xb3Y~\x1cq'\x87l\x18w\x85k\
R\x80<k\xf6\x8a\xd4\xbc\x8f\x08Yi\xe3 \xdc\xdd\
\x06\xfa\x85\x04\xff\x002+\xe6Z\xf6\xaf\xda+R\xf3\
\xbcE\xa7\xd8\xab\x1d\xb0\xc4\xce\xc0\xfa\x9c\x7f\xf5\xeb\xc5\
h\x00\xa2\x8a(\x03\xea\x9f\x80z\xc0\xbf\xf0 \xb4g\
,\xf6\x92\x14\xc7\xf7GQ\xfa\x11^\xad_6~\xce\
\xba\xb9\x83_\xbf\xd2\xd9\x8e\xd9\xe3\x12\x22\x81\xdcu\xfd\
\x00\xaf\xa4\xe8\x01\x0fC_\x18|P\xbe\x17\xff\x00\x11\
\xb5\xa7\x07>]\xcb\xc3\xff\x00|\xb1\x1f\xd2\xbe\xces\
\xb5\x09\xf4\xaf\x86|W?\xda\xbca\xad\xdc\x0e\x92\xdf\
\xce\xff\x00\x9c\x8ch\x03\x22\x8a(\xa0\x02\x8a(\xa0\x02\
\x8a(\xa0\x02\x8a(\xa0\x0f\xff\xd9\x00\xff\xe1\x0cuh\
ttp://ns.adobe.c\
om/xap/1.0/\x00<?xp\
acket begin=\x22\xef\xbb\xbf\
\x22 id=\x22W5M0MpCehi\
HzreSzNTczkc9d\x22?\
> <x:xmpmeta xml\
ns:x=\x22adobe:ns:m\
eta/\x22 x:xmptk=\x22X\
MP Core 4.4.0-Ex\
iv2\x22> <rdf:RDF x\
mlns:rdf=\x22http:/\
/www.w3.org/1999\
/02/22-rdf-synta\
x-ns#\x22> <rdf:Des\
cription rdf:abo\
ut=\x22\x22 xmlns:xmpM\
M=\x22http://ns.ado\
be.com/xap/1.0/m\
m/\x22 xmlns:stEvt=\
\x22http://ns.adobe\
.com/xap/1.0/sTy\
pe/ResourceEvent\
#\x22 xmlns:dc=\x22htt\
p://purl.org/dc/\
elements/1.1/\x22 x\
mlns:GIMP=\x22http:\
//www.gimp.org/x\
mp/\x22 xmlns:xmp=\x22\
http://ns.adobe.\
com/xap/1.0/\x22 xm\
pMM:DocumentID=\x22\
gimp:docid:gimp:\
5157e3f7-0adb-4e\
3f-a9e1-3785ad6c\
3705\x22 xmpMM:Inst\
anceID=\x22xmp.iid:\
0b8f5884-ae9f-4e\
5f-86a5-3e26f819\
078b\x22 xmpMM:Orig\
inalDocumentID=\x22\
xmp.did:e04fb475\
-30a7-4c52-97c6-\
1b5de6dc008d\x22 dc\
:Format=\x22image/j\
peg\x22 GIMP:API=\x222\
.0\x22 GIMP:Platfor\
m=\x22Windows\x22 GIMP\
:TimeStamp=\x221647\
431083169248\x22 GI\
MP:Version=\x222.10\
.30\x22 xmp:Creator\
Tool=\x22GIMP 2.10\x22\
> <xmpMM:History\
> <rdf:Seq> <rdf\
:li stEvt:action\
=\x22saved\x22 stEvt:c\
hanged=\x22/\x22 stEvt\
:instanceID=\x22xmp\
.iid:115d5f07-50\
9c-4531-af34-e44\
7883a22f1\x22 stEvt\
:softwareAgent=\x22\
Gimp 2.10 (Windo\
ws)\x22 stEvt:when=\
\x222022-03-16T12:4\
4:43\x22/> </rdf:Se\
q> </xmpMM:Histo\
ry> </rdf:Descri\
ption> </rdf:RDF\
> </x:xmpmeta>  \
                \
                \
                \
                \
                \
                \
                \
                \
                \
                \
                \
                \
                \
                \
                \
                \
                \
                \
                \
                \
                \
                \
                \
                \
                \
                \
                \
                \
                \
                \
                \
                \
                \
                \
                \
                \
                \
                \
                \
                \
                \
                \
                \
                \
                \
                \
                \
                \
                \
                \
                \
                \
                \
                \
                \
                \
                \
                \
                \
                \
                \
                \
                \
                \
                \
                \
                \
                \
                \
                \
                \
                \
                \
                \
                \
                \
                \
                \
                \
                \
                \
                \
                \
                \
                \
                \
                \
                \
                \
                \
                \
                \
                \
                \
                \
                \
                \
                \
                \
                \
                \
                \
                \
                \
                \
                \
                \
                \
                \
                \
                \
                \
                \
                \
                \
                \
                \
                \
                \
                \
                \
                \
                \
                \
                \
                \
                \
               <\
?xpacket end=\x22w\x22\
?>\xff\xe2\x02\xb0ICC_PROFIL\
E\x00\x01\x01\x00\x00\x02\xa0lcms\x040\x00\x00\
mntrRGB XYZ \x07\xe6\x00\x03\
\x00\x10\x00\x0b\x00)\x00\x12acspMSFT\
\x00\x00\x00\x00\x00\x00\x00\x00\x00\x00\x00\x00\x00\x00\x00\x00\
\x00\x00\x00\x00\x00\x00\x00\x00\x00\x00\xf6\xd6\x00\x01\x00\x00\
\x00\x00\xd3-lcms\x00\x00\x00\x00\x00\x00\x00\x00\
\x00\x00\x00\x00\x00\x00\x00\x00\x00\x00\x00\x00\x00\x00\x00\x00\
\x00\x00\x00\x00\x00\x00\x00\x00\x00\x00\x00\x00\x00\x00\x00\x00\
\x00\x00\x00\x00\x00\x00\x00\x0ddesc\x00\x00\x01 \
\x00\x00\x00@cprt\x00\x00\x01`\x00\x00\x006\
wtpt\x00\x00\x01\x98\x00\x00\x00\x14chad\
\x00\x00\x01\xac\x00\x00\x00,rXYZ\x00\x00\x01\xd8\
\x00\x00\x00\x14bXYZ\x00\x00\x01\xec\x00\x00\x00\x14\
gXYZ\x00\x00\x02\x00\x00\x00\x00\x14rTRC\
\x00\x00\x02\x14\x00\x00\x00 gTRC\x00\x00\x02\x14\
\x00\x00\x00 bTRC\x00\x00\x02\x14\x00\x00\x00 \
chrm\x00\x00\x024\x00\x00\x00$dmnd\
\x00\x00\x02X\x00\x00\x00$dmdd\x00\x00\x02|\
\x00\x00\x00$mluc\x00\x00\x00\x00\x00\x00\x00\x01\
\x00\x00\x00\x0cenUS\x00\x00\x00$\x00\x00\x00\x1c\
\x00G\x00I\x00M\x00P\x00 \x00b\x00u\x00i\
\x00l\x00t\x00-\x00i\x00n\x00 \x00s\x00R\
\x00G\x00Bmluc\x00\x00\x00\x00\x00\x00\x00\x01\
\x00\x00\x00\x0cenUS\x00\x00\x00\x1a\x00\x00\x00\x1c\
\x00P\x00u\x00b\x00l\x00i\x00c\x00 \x00D\
\x00o\x00m\x00a\x00i\x00n\x00\x00XYZ \
\x00\x00\x00\x00\x00\x00\xf6\xd6\x00\x01\x00\x00\x00\x00\xd3-\
sf32\x00\x00\x00\x00\x00\x01\x0cB\x00\x00\x05\xde\
\xff\xff\xf3%\x00\x00\x07\x93\x00\x00\xfd\x90\xff\xff\xfb\xa1\
\xff\xff\xfd\xa2\x00\x00\x03\xdc\x00\x00\xc0nXYZ \
\x00\x00\x00\x00\x00\x00o\xa0\x00\x008\xf5\x00\x00\x03\x90\
XYZ \x00\x00\x00\x00\x00\x00$\x9f\x00\x00\x0f\x84\
\x00\x00\xb6\xc4XYZ \x00\x00\x00\x00\x00\x00b\x97\
\x00\x00\xb7\x87\x00\x00\x18\xd9para\x00\x00\x00\x00\
\x00\x03\x00\x00\x00\x02ff\x00\x00\xf2\xa7\x00\x00\x0dY\
\x00\x00\x13\xd0\x00\x00\x0a[chrm\x00\x00\x00\x00\
\x00\x03\x00\x00\x00\x00\xa3\xd7\x00\x00T|\x00\x00L\xcd\
\x00\x00\x99\x9a\x00\x00&g\x00\x00\x0f\x5cmluc\
\x00\x00\x00\x00\x00\x00\x00\x01\x00\x00\x00\x0cenUS\
\x00\x00\x00\x08\x00\x00\x00\x1c\x00G\x00I\x00M\x00P\
mluc\x00\x00\x00\x00\x00\x00\x00\x01\x00\x00\x00\x0c\
enUS\x00\x00\x00\x08\x00\x00\x00\x1c\x00s\x00R\
\x00G\x00B\xff\xdb\x00C\x00\x03\x02\x02\x03\x02\x02\x03\
\x03\x03\x03\x04\x03\x03\x04\x05\x08\x05\x05\x04\x04\x05\x0a\x07\
\x07\x06\x08\x0c\x0a\x0c\x0c\x0b\x0a\x0b\x0b\x0d\x0e\x12\x10\x0d\
\x0e\x11\x0e\x0b\x0b\x10\x16\x10\x11\x13\x14\x15\x15\x15\x0c\x0f\
\x17\x18\x16\x14\x18\x12\x14\x15\x14\xff\xdb\x00C\x01\x03\x04\
\x04\x05\x04\x05\x09\x05\x05\x09\x14\x0d\x0b\x0d\x14\x14\x14\x14\
\x14\x14\x14\x14\x14\x14\x14\x14\x14\x14\x14\x14\x14\x14\x14\x14\
\x14\x14\x14\x14\x14\x14\x14\x14\x14\x14\x14\x14\x14\x14\x14\x14\
\x14\x14\x14\x14\x14\x14\x14\x14\x14\x14\x14\x14\x14\x14\xff\xc2\
\x00\x11\x08\x00\xe1\x00\xc3\x03\x01\x11\x00\x02\x11\x01\x03\x11\
\x01\xff\xc4\x00\x1d\x00\x01\x00\x02\x02\x03\x01\x01\x00\x00\x00\
\x00\x00\x00\x00\x00\x00\x00\x07\x08\x06\x09\x01\x04\x05\x03\x02\
\xff\xc4\x00\x14\x01\x01\x00\x00\x00\x00\x00\x00\x00\x00\x00\x00\
\x00\x00\x00\x00\x00\x00\xff\xda\x00\x0c\x03\x01\x00\x02\x10\x03\
\x10\x00\x00\x01\x99@\x00\x00\x00\x07 \xe0\x00\x00\x00\x00\
\x00\x00\x03\x1e1\x03\x060\xc3\x10;\xc4\x9aOg\xaa\
\x00\x00\x00\x00\x00\x02\xbe\x15\xe4\xf8\x00\x003\x82\xce\x99\
\xd8\x00\x00\x00\x00\x028)\xb0\x00\x00\x01\xed\x97\x84\xf5\
\x00\x00\x00\x00\x00\xab$*\x00\x00\x00\x09\xfc\xb2 \x00\
\x00\x00\x00S\x02>\x00\x00\x00\x06p]\x80\x00\x00\x00\
\x00*\xe1\x09\x00\x00\x00\x03\xdf/\x91\xc0\x00\x00\x00\x00\
\xaee{\x00\x00\x00\x04\x8c\x5c\xa0\x00\x00\x00\x00!\xa2\
\xaa\x00\x00\x00\x03\xdd/\x98\x00\x00\x00\x00\x15\xac\x80\xc0\
\x00\x00\x01\xf76\x10r\x00\x00\x00\x00+\xa1^\x80\x00\
\x00\x01\x92\x17\xb4\xe0\x00\x00\x00\x00`%-\x00\x00\x00\
\x04\xdaZ0\x00\x00\x00\x00\x054#\xa0\x00\x00\x1d\xb2\
\xeb\x19x\x00\x00\x00\x00\x03\xe6P\xf3\xc3\x00\x00\x0b\xae\
g \x00\x00\x00\x00\x00)\x99\x1d\x80\x00;f\xc0\xcf\
\xd0\x00\x00\x00\x00\x00\x0a\x84E\x80\x00\x0c\x9c\xbd \x00\
\x00\x00\x00\x00\x05O!\xf0\x00\x07\xb6^\xb3\xb4\x00\x00\
\x00\x00\x00\x1e9R\xc8\xec\x00\x00,\x01?\x1e\x90\x00\
\x00\x00\x00\x18\xe1P\xcb\xd0T\xb2\x1a\x00\x02\xcd\x92\xc1\
J\x8b:J\xa0\x00\x00\x00\xea\x10a^N\x99\xb1s\
:*\xe1U\x0f\xc0-qiH\xe8\xd7\x88$bp\
$\xf3\xb6\x0080B\x22!\xd3\xca\x00\xbf\x84\xb0\x08\
|\xa4\xa5\xa4,\xb013Z\xe0\x03\xb2HD\xacJ\
\xc4\x12CG\x86\x00\x00\xbc\x84\xe0|\xca\xaeVbG\
.\x89\x96\x9d\x13W \x00\x00\x00\x00\x00-\xa1h\x0a\
~V\xb0\x0c\xe0\xd8\x89\xf85\x94y\xc0\x00\x00\x00\x00\
\x01f\x0b:be\x09<\xc0]Bl95\xbax\
\x00\x00\x00\x00\x00\x01`\xcb\x8ev\x8a\xcaTS&6\
Zu\xce\xc1\xac\x93\xc2\x00\x00\x00\x00\x00\x09\x94\xbd\xe0\
\xa6\x85v96bdG\xc8\xd5\xd9\xd4\x00\x00\x00\x00\
\x00\x09\x1c\xd8h5\xdaG\xa0\xbc\x84\xe0t\x0d]\x00\
\x00\x00\x00\x00\x00\xca\x0d\x96\x1dCX'P\x16@\xb8\
\x86 kh\x00\x00\x00\x00\x00\x07\xb6l\xdc\xc6\x0dj\
\x9c\x02^/\xb1\x1f\x1a\xed8\x00\x00\x0f\xff\xc4\x00+\
\x10\x00\x01\x03\x03\x02\x05\x04\x02\x03\x01\x00\x00\x00\x00\x00\
\x00\x04\x03\x05\x06\x01\x02\x07\x000\x10\x12\x13\x14 \x11\
\x151@56\x17!$3\xff\xda\x00\x08\x01\x01\x00\
\x01\x05\x02\xdc\xf4\xad~\xab\xb4\x81\xbd\x8e\xd1rC!\
\x157,W\xa9\xfc\x94\xf7\xcc\x5c\x91\xd0\xd5\xdb\xa6.\
\xed\x8a3\xe5E(\xa3c\xa0\xaf\x02\xfd\x09FJ\xaa\
W\xac\xba\x84\xab\xe5\x1a\x96\x97\x19\xacNT\x94\x9cm\
\xe9\xc4\x92\x8c-[,\xce\xcb\xb285\x9fk\xabv\
\xeeS>\xd2\x1ev\xb1\x94\x92\xebV\xdd\x9fW\xd6]\
\xb5\x09]!\xa5;\xb9PD\x91w\xda`\x1d\x02\xde\
wr\xc0\x8a\xd5M\xac\x7fj\x17\xca\xb7r\x9d\xfc\xac\
;LF\xfbs\xce\xeeYV\xee\xf3i\x0as/K\
yi\xb9\x96E\xbb\x9fj6-M\x7f\xad}k\xb9\
9l\xf7H\xde\xd6.h\xa9\x0e\x9b\xbf:\x94\xc4J\
gr\xd8\x14E\x8dZ&\xd1VF\x0d\xe5,\xa2\xa9\
=\xb7{K\xbf\x9cM\x80&v\xdf\xa1\x90m\xe5\x97\
y\x08=\xc6\x17m\x94J\xdf\xa1\x92\xad\xe5\x94\xf9F\
)\xeb#\xfa9J\x9e\x92O&B\xec\x01\xe0R\x92\
4}\xf7wDY\x9b\xe6\xc3:{\xa7\x9cS\xdc\xa2\
lm\xee#:\x8d\xba\xf6\xfe\x1c|i\x1c\x9c\xa9!\
@\x00$\x8e)5\xc7\x05\xc6\xaf\xf1\xc7\x98\xd3\xba\xd6\
T\x1f\xa9\x0ch{1\x8c\x98\xde@\x09\xe6\x9bE\x16\
\x88(\xbf\xe5\x04\xec\xa1f.z\xfa\x81\xdf\xcf\x10\xbe\
\xca)l\xe7\x15sj\xfb.N\xfe\x18\xeb\x1a\xf2\xeb\
\xe3Y\x11>\xac3\x83\x0c\xe9\xc9\x8e\x8d\x99-\xa8\xdd\
\x0ab\x07Y\xe1uim\xae3\x86f\xdd:\xe5B\
V\xd1\xee\x85\xba+\xc7\x17+U\xa1|&\x98\xe8I\
5\x8e\xac\xc5\xb2\x9d\x8f1\xad\x02\xe3-O\xad\x17\xf0\
@\x95E\xbd\xbf!\xbd\x03\xa6\xbc\xa6\x19\x1aA\xe9\xbc\
\x94\x9e2\xa2\x97U\xc5\xec\xf7{\xbc\xb0\xfa\xfdX\x96\
\x94R\xd4\xac\x98\xe5\xcb\xa8\xa1\x87\x92\xe0\xbck#\xba\
\xc7\xaf\x8eI\xc2\x94\x05\xa3\x92\xa2\xe1\xfd\x0c,uS\
\x03Y^d\xb9\x04\xf1\x86\x1a\xe2\x1c\x84e\xba\xd6\x16\
\xaf\x22NHv\xae;\xf8V\xb6\xa8\xb5\xcb\x5c\xaaS\
8H\xd2\xb0\x1c\x9bHh7\x86*\x87\xfbH\x0b\x7f\
\x9c\xa1\xa9\xd6\xbeA\xf9\xed\xfc.\xad,\x91\xd4k*\
N\xb3Z#P\x0dFj\x85$\x14\xf8 {\x09\xb2\
\xbf\xd5\x1fn\xe6{\xdf\xc4\xaat\xe6\x5c3I\xfdg\
\xcdR\xbe\x95\x8e\xb8\xd1\xd9\x8fJ\xff\x00\xc8\xb5z\xe5\
o\xe3\xb5zs.\x19\x00\xde\xfea\xc3\x10\xb8\xf7q\
m\x1e\xb7n\x17\xd0\x8b\xadQ\xe4Z-~\xd8R\xd7\
\xeeJ\xe1\x85\x5c\xbaN\xda\x97\xab\xd1\x8b}\x06?\xcd\
S\xe2S\xfa\xef\x1cU\xfb\xa6\xa7\xff\x00\xa7l\x7f\xff\
\xc4\x00\x14\x11\x01\x00\x00\x00\x00\x00\x00\x00\x00\x00\x00\x00\
\x00\x00\x00\x00\x90\xff\xda\x00\x08\x01\x03\x01\x01?\x015\
\x7f\xff\xc4\x00\x14\x11\x01\x00\x00\x00\x00\x00\x00\x00\x00\x00\
\x00\x00\x00\x00\x00\x00\x90\xff\xda\x00\x08\x01\x02\x01\x01?\
\x015\x7f\xff\xc4\x00C\x10\x00\x01\x02\x02\x04\x07\x0b\x0a\
\x05\x05\x01\x00\x00\x00\x00\x00\x01\x02\x03\x04\x11\x00\x05\x12\
!\x10\x1301AQq \x222@BRSa\
\x81\x91\xa1\x14\x15#br\xb1\xb2\xc1\xd1\xe13Cs\
t\x92$T\x82\xa2\xc2\xd2\xff\xda\x00\x08\x01\x01\x00\x06\
?\x02\xcaf\xe2\xb3\x8c\x89KGB\x05\xea=\x946\
\xddv\x1e]+Y\xfb\xa7E\x08H\x14\xd8\xd0\xa7U\
}\x09\xc65~\x8c^j\x17]\x8f~\xd1\xe6\xac\xa4\
\x0e\xc1B\xa6\xe3\x5cry\xd2\xf1\xb6<if\xb3\x87\
\x0bG=\x81\x22;(\x22!\x1d\x0e\xb4n\xeb\x07Q\
\xe2+\x85\xaaeu\xc6(\xff\x00\xcf\xd6\x8aq\xd5\x97\
\x1cU\xe5J7\x9d\xdb\xa1\x946\xebN\xc8\xa9\xb7(\
\xe2\xac\x06\x22\x1b;\xe6\xadN\xedyr\x86\xcf\xf5q\
\x00\xa5\xbfWZ\xb2ME\xb0w\xe8\xd1\xce\x1a\xa9\x0f\
\x16\x84\x94%\xe4Z\x09:2\xccC'<;{\xe3\
\xd6\xab\xe5\xdd,\x9f\x9a\x1eT\xdbT\xd4\xc7Q\xceF\
Z\xb0\xf6\x92?\xd4d\xe0\x1cya\xb6\xed\x11h\xfb\
$\x0c\xb43\xe8M\x95\xbc\xde\xfc\xeb\x96N\x0d\xa8\x97\
C,)\xc1mgVZ\x06&\xcf\xa1\x09(\xb5\xd7\
\x93\x84\x0f\xa2\xde{\x13\xe7J\xec\xb3\x09\xe7=\xf2\xc9\
\xc1D\xf4o$\x9d\x93\xbe\x9dYZ\xbd\xbe@mJ\
\xf1\xc9\xb6=a@\x9dWej\xf8\x9eD\x94\xd9\xdb\
\x9f'W\xb3)\xda}3\xd9;\xe9<\xacP\x02n\
21\xc9\xec\xcf\xe1\x93r=C\xd1\xc3\xa6I\xf6\x8f\
\xdb-~j?\x89anA\x9d\xfa\x16\x910\x13\x91\
KL4\xa7\x9c9\x92\x81:CC-6^\xe1\xbb\
\xed\x1c\xba\xdbW\x01i)4\x8b\x83\x9d\xa0\xcb\x85 \
\xeb\x1a2\x10\xee\xb0\xcc\xa2\x1ei*[\xaa\xbdFb\
r\xd9\xc4c\xba\xec\x1f\xf4\x1b\xb6XO\x09\xd5\x84\x0e\
\xd3@\x84\xf0R,\x8e\x22\xe9\xe76\x83\xe1\xbb\xab?\
p\x8f\x7f\x12G\x5c:}\xe7w\x05\x12\xe7\xe1\xb4\xf2\
V\xa9j\x9d\x10\xfb\x0e\x07YX\x9aT\x9e \xec[\
\xe7x\x81\x9b\x9cuS\xcb+\x16l\x08\x84\x854\xa4\
^\x8b2\xb8\x03\x905\xb4\x5c\xc5T\xeb\x89H\x87<\
#>X\xd5\xf3\xa2b!\x1dK\xcd\x1d#F\xdc\xb6\
6)\xc9\x1eKI\xe1+e-\xbcl2\x9f\xc3d\
fM \x99\x8ce/2\xe3\x09\xb8\xec\xd1EDC\
Z\x8a\xab\xf9\xfc\xa6\xf6\xfdwM\xd6U\xb3rk\x84\
\xd4:\xb9]j\xa4D\x85\xcd\xa9\x0a\xf1\xa6:\x11\xd2\
\xd9\xd2\x9d\x0a\xda(\x96\xa2e\x05\x17\xa9Gx\xad\x87\
&]\x88u\x0c\xb69K2\xa2\x9a\xaa\x91m_\xdc\
:.\xec\x14S\xd1\x0e\xa9\xe7U\x9dK3\xc1U\x1c\
\xfe\x84P\xa5@)&\xe2\x0d\x17\x1dS&G:\xe1\
\x7f\xf3\xf4\xa1J\x81J\x92dA\xd1\x85\xaa\xd2\xb6n\
\xfe\x130\xca\x19\xbde}0V\x80tv\xbb\x888\
CV\xfc\xaa\x18~S\xba6\x1a\x04\xc4[\x82s\xd7\
\x16\x93\xde(\x17\x0e\xf3o\xa4\xe9mS\xdc\x95(\x84\
\xa4i4 \xc5\x87\xd69,o\xbchSW\xc3\xa6\
\x1ct\x8e\xef\x95\xdd\x9a\x98\xc8\xb8\x85\xbe\xaf\x5c\xee \
\x89\xd0T\x9e\xe5a\x5cC!0\xd5\x8c\xbf\x10\x0b\x97\
\xedQP\x91l\x96\x9f\x1a5\xec\xa3u\x95j\xdc\xe2\
8M0\xaeGY\xeb\xc3[\x22S&\x15\xc9\x7f\x13\
\xb9\xb4\xcb\x8aiZ\xd0e@\x0b\xe2)\x1c\xd7\xd3k\
\xc7=\x02ca\xd7\x0a\xaez7\xc9\xa2\x5cn:\x1c\
\xa1Y\x8e0\x0a)\x15l8Bzg\xaf=\xd4\x9c\
\x5cS\x8fz\xa4\xdd\xdd\xbb\x08\xe8\xdeX\xf9\xfc\xf0)\
kPJ\x13y'E\x1c\x84\xa9s\x0b\x8cY\xff\x00\
\x9f\xad\x0b\xd1/\xb8\xfb\xbc\xe7\x15:%*p\xc6B\
\xf4/\x1fq\xa0\x88\x83_\xb6\xda\xb8H=x\x1fl\
\xe6R\x08\xf0\xe21\xcc\x19b\xf1\xe0\xec$}\xb0y\
\xa6\x1a\xdb0\xc9\xbd\xc5f\xc6\xfd\xb7\x10\x9el\xbe!\
\xc5Y\xc5\xe8X\xd2\x0d/\x16V\x9b\x94\x9dF\x96@\
\x9a\xd7\xbdH\xa4S=\x1b\xaaGq\xe2\x15\xc4:\xbf\
1\xb6\xcfq?Z\x08e\x19<Uar\xd5\xaf\xb4\
R\xcc\x831m\x0fB\xe8\xd1\xd4z\xa8\xec$Se\
\xa7\xdb2)8|\xe7\x12\x89E\xc4'x\x0f!\x1f\
z!\xdc\xc9^\xf1\x7f#C\x10\xa1)\xdc\x80t'\
\xefJ\xcb\xf7.|G\x88D\xa4\xf2\xe1\xcc\xbb\xc5\x12\
\xff\x00-\x22\xce\x08\x17Ki\xf2\xb2\xbb!zl\xe0\
\xab\xfc\xa5\xbck\x18\xe4\x85$\xed\xa5\xd9\xa9a\xc14\
\xcc\x1c\x15\x81\xd7\x10\xe7\xc4x\x83\x137)\xb5\x8f\x0c\
0p\xba\x19f\xd7\xf2?l\x13\x17\x1a@\xc5\xf4\xac\
\xa5FZ\x0c\xaf\xc0\xad\x94y\xdez\xca\xbcx\x85Y\
\xa2nK\xc3\x0df\xe6\x80\xe6,\x7f\x88\x97\xcb\x0e \
\x99\xaa\x19\xc2\x8e\xc3~\x07\xdc9\x92\x82|8\x8dZ\
\xb1\x9f\xca\x10;\xcc\xb0:\xef1%Tu\xdez\x8a\
\xb0\xc6A\x1c\xce\xb7\x8c\x1bA\xfb\xf8`\xad\x959\x1f\
%r[l\xf1\x1a\xbf\xf7\x0d\xfcC\x05c\xfa\x0a\xf7\
n!=\x95\xfc8+_\xd1\xc8\xff\x00\xff\xc4\x00)\
\x10\x01\x00\x01\x02\x04\x05\x04\x03\x01\x01\x00\x00\x00\x00\x00\
\x00\x01\x11\x00!1AQa\x100q\x81\xa1 @\
\x91\xc1\xb1\xe1\xf0\xd1\xf1\xff\xda\x00\x08\x01\x01\x00\x01?\
!\xe6\x18\x04\xf4)\x13\x12=\xa4\x85\xdb\xfc,oC\
8\xb8Q:>\xea\x1a\xd0Q\xf9n\x85\xab)x#\
\x8e\x8aU\x96\x98\xe8\x85\x82\x82m\x11v\x8e\xe8\xed\x15\
.\x17\x0e\xf8&\xf4\xaf\x92\xe0\x8d\x01\x93\xecD\xc6\xa6\
\xfb\xf1\xfbS\x04\x8b\xa1=n\xc9\x828\x98\x226o\
B\xc8\xab\xb7\x8e\xd9s\xfbJ\xe2a\xd8\x9bo\xca\x80\
\xb2]\xe1\x98\xb6hg\x13\x19\xd9\xe3\x9d\x0do\xf3\xa3\
\xf6r\xc7\xc6,\x7fYn\xff\x00\xdekG\x1c\x88\xf8\
\x07\xcb7\x11\x8b\x00\xbeA*\x22\xdc\xd3B\xbaY\xd4\
\x0b\xbcA\xdb\x97\x92p0Jc\xbe\x1d\xe9\xc5\xb4m\
\xcd+M\x98p\x9c\xc7\xc7,\xd6b\x9c\x01J\xf0\xf7\
\x8ep\xc9\x13\x83\x9d\xb9f\x96\x82-\x9c\x10\xf8\x9a\xb6\
L\xe4u9\xae\x92\xd8\x19+\x0f\xae[\x81\x8a\x1ek\
b'\xc0\x8elhb\x8d$\x0f\xbeX\xae\x08\xad\xa1\
\xf0\x1a\x92\xd4\xcf7\x05|B\xfa^_\x1c\xbb\xaf\xd3\
\xc6'\x1e%\xf3\xce@ \x95d\xd6\xa4\x86\x15\xfa\x03\
\xa4a\xc9\xce\xedhh\xb7B\x86\xe4\xa7b\x0e\xdc\xf9\
\x9e\x84G$\x86\xaf\xc5\x01#Q\xf1\x1c\x89\xc3I,\
\x05,\xb6\x1e\xc7\x06\xc1\x13\xd6\xdb\x1f\xac\xc0\x1f\x9a;\
 A\xb0A\xf8\xf6?\xca$>\xbdqH\x9b\xfe>\
\xc8Tf_[*\x02 \x96\x02|T\xbb\xa4VO\
a\x0b\xcb)\xdf u\xa8\x00=W\x16\xd8\x0cw\x9e\
D9\x16\x9c\xf7\x85\xfc\x8a\xeb\xb1uh2vy\xcf\
'$\xdet\xdfm\xaa\xf7\x92\xee\xdf\xdb\xbd\x0d\x06\xdc\
B\xc2VM\xb1(\x92M\xe0v\x0e\x9e\x964\xb9=\
\x0e\xfa\x03M\xa8\xe1Dp\xc8!\xf7F\xba\xf3\x16\x99\
\x94\xbb6\xd8\xc3\xc1\xd1\xe5\xdc\x8a\xc9\xc5d\xa7\xacG\
\xf3\x9d9\xef\x99\xc3\xc0'$\x1b\xd6\x82\xf8\xc1H\x9a\
5,\xf8\x1d~\xf4\x22\xf6\x0f\x0a1\x13\x88\x8b\xae;\
\x18\x1a\xe9\xf2\xa0\x04\x16)qp\x7f\x89\xa5<#s\
\x00\xab\x1f\x98\xab\xe5\xd6\x9f\xf0N\xe5`S\x22\x9f\x1e\
\x9b\xa8\x01x\x0e\xf4fU\xdf\xea\xad;\x7f\x8b\xc0\xf3\
N\xb5\x16X\xe8e\xe8\xcb\x02\xba!\xc7\x0b\x12a\x1c\
\x01\xe2q\xa4\xfd8\xee\x1c\x95\x98\xd0\xe6Z\x0aM\x1f\
K.*\x04\x0a7\xb1\xe9\xdf\x96\xd5\xe2\xa1N\x7f\xc4\
G\x95$\xf8\xcd\xff\x00&\x80\xf2J;\xe1d\xac\x22\
\xcc\xba\xeea<\xd3\x93s%\x9f\xa6\x0f]\xd7\x9f2\
\xf0\x03\x92I\xc0*\x01\xc9M\x99v\xe9\xbb\xf1N\x89\
g\x1fBp6\xa2\xcb\xb1K\x07\xcaT\xd4R\xd6Z\
A\xf7\xc3\x15\x97\xf7^\xc5K\xd0W\x8f%\xd1\xb7\xaf\
^\x09b!\xa3\xb1\x1f\xd9\xf4K\x94Y\x9f\xa8b]\
\xa2i^%Fg\xf4W\x9a\x5c\xba\xbb\x18\xb5pF\
\xe4\x11\x8aa\xec6\xca\x1cH?Z\xbf\x82-\x99O\
\xf0.\xd4W\x0b\x8b\xf6\xbf\x0a\xfb!\xa9\x0dG^1\
\xfb\xf6k\x87F\xc7\xe2\x997\x1a\xe6\x1a\xfeC\xbe\xd4\
\xac\xd0\xc2_S\xae/\x8fc\x99\xd6\xb8\xba\x86\xab\xca\
\x1bcdc\x13\xb7\xe7\x83a,\xb60\x98\xdc\x9e\x10\
\xec\x8eVf\x04\xed0\xd4C\xd8\x8a\x1e\x8b\x14bQ\
\x92\x95\xcd*/\xc1^\xc0\x10A\xd4\xaf\x14C\x98\xa3\
\x9e\x07\xf7>\x0cH\x85\xc4\xca\x81\xf1$:\x03\xb3'\
\x07\x0b\xa2\xa8\xf3\x0f\x92O\xb0H\x8c&\xf4\x97\x1b\xb3\
8\xf6H\x0b|\xbb\xf1\x8bD\x0d\xa5\x81\xe5\xe0X\xb9\
\xfd\x97\xb1\xff\x00\x13A\xfbp\x06\xe2/\x9b\x13H\xdc\
\xcd\xf3vx\xcf\xf6\x1c\xad\x88Ot\x1c\x18~\x81n\
A\xe5\xf6X0\xb84\xe3\xc7\xfbz\xb8y\xcf\xc9N\
<\x8f\xff\xda\x00\x0c\x03\x01\x00\x02\x00\x03\x00\x00\x00\x10\
\x92I$\x92H$\x92I$\x92I$\x80\x00$\x12\
I$\x92I$\x80I$\x92I$\x92I$\x82I\
$\x92\x09$\x92I$\x90I$\x92I$\x92I$\
\x90\x09$\x92I$\x92I$\x92I$\x92I$\x12\
I$\x92I$\x92I$\x12I$\x92I$\x92I\
$\x92I$\x92I$\x92I$\x92I$\x92I$\
\x92I$\x92\x09$\x92I$\x92I$\x92I$\x92\
I$\x90I$\x92I$\x92I$\x92H$\x92H\
$\x92I$\x92I$\x92I\x04\x92I$\x92I$\
\x92I\x04\x92I$\x92I$\x12I \x12I$\x92\
I$\x12I$\x92I$\x92I$\x80I$\x90\x09\
$\x92I$\x12\x08$\x82\x09\x00\x12H\x00\x12A \
\x90A$\x92A$\x92I \x90I$\x92I$\x92\
I\x00\x12A\x04\x92I$\x92I$\x12I\x00\x92I\
$\x92I$\x02H\x00\x02I$\x92I$\x92I$\
\x82I$\x92I$\x92\x01$\x10I$\x92I$\x92\
\x01\x04\x82\x09$\x92I$\x92I\x00\x90@$\x92I\
\xff\xc4\x00\x14\x11\x01\x00\x00\x00\x00\x00\x00\x00\x00\x00\x00\
\x00\x00\x00\x00\x00\x90\xff\xda\x00\x08\x01\x03\x01\x01?\x10\
5\x7f\xff\xc4\x00\x14\x11\x01\x00\x00\x00\x00\x00\x00\x00\x00\
\x00\x00\x00\x00\x00\x00\x00\x90\xff\xda\x00\x08\x01\x02\x01\x01\
?\x105\x7f\xff\xc4\x00&\x10\x01\x00\x01\x03\x02\x06\x03\
\x01\x01\x01\x00\x00\x00\x00\x00\x00\x01\x11\x00!1AQ\
\x100aq\x81\x91 @\xa1\xb1\xc1\xf0\xff\xda\x00\x08\
\x01\x01\x00\x01?\x10\xe6\x09!\xee\x8dd\x0e\xe2>\xa4\
v\x15\xcb\xcb>L\x06\xa9Pmh\x09\x05\xb9\xddl\
Bq5\x1e\x12\x10\xb4\xb1\xa71=&\x83\x9a\xb2\xa7\
n\xbac\xba\xd4\x7f\x04\xe9\xc9\x80\xf4\x02\x82\x9f\x04<\
\xa2\xcdd\xdd\xa7ZH\xc9\x0e\xef\xd2\x0fd\xa7:d\
\xc2\x81Sr\x12\xce\xe2I\x7f\xa1\xe8\xea\xd0\x09rc\
$\x8e\x8eq&,a\xa6?4\xccj\xaf\xce\x1e\xcd\
*\x9a\x0f1\x22n&\x98\xa8l\xf6\x94\xb0\x92\x82\xb5\
\x94\x96H\xd9y\xc7\xd0?\x12\x5c\xb0\xdcC\xa8:r\
\xb2\xbby\x0d\xb6\xfc-\xe9\xd2\x97?\x943\xa8\xa4Q\
\x85\x1c\xe3\xe8\xd4-\xc4&\xec\x1f\x9e\xdc\xbb\x9c\xb1j\
\x02\x17`1\xb0\x8e\xb7s,\x1ae\x80\x97Ug\xca\
O.\xf8\xa1\xcc\xf4t\x12\xcfZSQ\x09d\xe6\xda\
7@\xc7{\xe4\xd8m\xcb\x02\x0f&\x01$\xb4`\x17\
D:V\xbb+f\x9d9\xae8\xcf\x11\xc9FI\xba\
b-\xcb\x9e6\x1c\x97\xeea\x89\x0d\xa4\xd2\xa6o\x9e\
k\x94\xcb\x09\xbaV\xc7,\x1a\xb5F\x10\xf21\xe6\x98\
,ZF4\x1f$sS \x22V*cp>\xde\
X\x0d\x22\x0e\xe0\xa6s*\xf8?\xc76j\x15\xa3\x00\
\x0f#\xeb\xcb6\xd3\x1br\xfc3\xc5\x22Ye\xe5\x9e\
l\xcf\x5c\xb0\x91%\xdeH\xd6\x07-{L[\x14\xb5\
\xea[\xd1\xb78b\x11N\x03d|P\xda\x93\xf42\
\xb82\x9c\xa7@y*\xd8\xe1\x1f\x08\xd3\xae(w#\
\xa8\xa3\x90\x96^}\xde\xd7\x01\xa5\x7f\x9a\x16)\xaf\xc4\
x\x16T\xd1Z\xf3\xc87\xd2\x7f#\x85\xac\x96\x02\xd2\
\xcb\xf4U,\x87]3\xbe\xe7\xe6\xe0\x89\x94\x90\xfd\xc8\
TW\xb6\xb41z\x1fF\xddG\x93\xf9\xc1Ha\x92\
p\xf3\xf9N~\x8eM;\xb2\x1f\xe0|\xd5H\x9d\x03\
\xcc5@\xc1\xad\x17,M?\xcc\x9a\x8d\xcf\xa0Z\xac\
\x94\x13n\xb9Gbi\xad\xaa\xd2Ap*\x96 \xb2\
D<\x86\x86'\x0eH\xd4\x09\x02\x19\xca\xc4'\x0dQ\
~\xa1\xb79\xbd\xcep\xd3N\x11z\x12\xd8\x9bX\x1b\
\xd0\xa9^&\xb2\xd3\xa5\xbc\xb2s\x8a2\xad]\xd0\x85\
\xb9\xb2\x10D\x1aA\x0d\x97\xb9\x10\xbb [x\x89~\
\x00\xa0\x09\x5c\x05>\x88\xb0&\xaa\x98\xc5\x1eu\xda\xa2\
Qy\xc1\x01\x03B\xdaL~\x04\xef\x82\xc3\xbd\xca\xfd\
C\x00g\xc9\xb6\xdd\xe1Bi\x13;O\x8eQ^\xf8\
S:.{\x13Mg_:\xe7\x85\xef\x1e\xdb\xa3\xd8\
\xb5V\xd7\xc0`\x08\x02\xc0\x140\x8d\x1b\xa6/\xa2f\
\x92\x83E,B\x0d\x91\x18\x8a\x12\xa0E\x81\x97]\xc2\
\xea\xbc:S\x8f\xa2\xae\xa1\x0b\x88\x88\x8e8\xbb$\xa3\
\xad\xc9\xf6H[\x22b\x0c\x00\x04\x00@\x14]J\x8e\
\xca~*\xc9\xa1\x86K46\x85\x1d\x19$\x87\xa5\xcb\
X3QiQ!W\xa4\xa3\xc0j\xd0\x14ik{\
5\xaaji\xf0\x16!\x09>\xea\x80;\xb5a\x10^\
'd[\xdcR\x8e]\xc9\x02(\xceFw\xf5\xa7\xe9\
\xd9\x10\x7f\x07\x81\xf0\xcc\xb0n\x83\xfc8\x87$\x18\xe6\
\x10\x06lC\x14\x19\x08\xa2\x8a \x09\x06\x04\xb6@\x95\
h\x17\x13V\x0du\x18wPA\xc3\xaa\xbbfw\xe8\
)\xcf\xc09d\x5c\xa8\xddD\xd6-\xfe5\x9b\x08\x1e\
)o\x86>N\x8c=\xa1\x8d\xea~\x9e\xd2&.d\
\x91!\x0a6\xe9@:0\xc3\xb4\xab\xb6)\xc0\xa9\x0c\
}\x11\x82\xf5\x09\xf9\x89\xd7$\xd9\x0f\xf2\xe0\xed\x120\
BU\x5c\x14h,?e\x0c\xb6\x83\xa1t\xb0\xc1Q\
8\xb2\x1aJ\xc8\xac+\x02\x03B\x98\xab\x03n\xa4\xd2\
\xbbd \xb4M$Q\x90\xe9\x18\x8b\xe0H\xe8\xbc.\
\x052\xec\x07\xfbO\xcey,\x0f{\x18Ef\x8cu\
\x84\x06qP\x15\xb0R0\xd4\x95\xb7\x0f)\xf4\x8d\x8b\
\xf1\x06\x97\xa9\x1fpb!\x1e\x82\xe5)Z.\x06\x12\
\x0d\xa5H\x8c\x12#M\x06{}\x0a3\x06\x02Sc\
t\x11 &C\xb7\x12L\x16\xc4\xb1\xf4&\xe2\x09T\
\x04\x90\xe8\x8a\x0e\xf1H8y\xa1\x82\xdb@\x81\xd8\xe5\
Py\x1c\x14\xb0\xc4e\x82\xdd\xc6\xb2\xe6bo\xa4\xc0\
\xa1\x05\x91\x1e$\xc4TLcbL\x046\x83zx\
\x15\x95AAs\x82\x22mC8Qp,\xf2T\xc8\
\xd1\x01\x19\x007\x1a\x11\xf4\x18\x8d`\x96\xff\x00\xc3\x8d\
:\x02\xba\xa2I\xd0Q\xb1\xd2w<,\xe5\x1d\x81\xa5\
\x1b\x0c\xe1x!A2\x0c\x13\xa0\x93\xa0\xd0$\x00\x00\
a\x1d(\x1a46\x04\x0cd\x90\x93\x09#f\x81\xf0\
\x04\xd1>\x90ov\xfa\x16BE\xb9i\xec\xe32E\
y\xc3n7\x00\xf6\xe1_\x22'\x0a0\x8e\x94\xa1\xe6\
\xbc(</\x83\x82\x15\x95z(\x1a(\xd5\xdb\xfd\x8f\
\xa1\x17\xab\xaa\xc5\xd6\xfd\x85\x18\xa7\x14\x83c\x84\x02o\
B\xae\xe5\xc7\x06)\x10Zog\x9e\x09x/8\x84\
?\xca~\x86\x0a\xc3f C\xf1PAW\xaf\xbep\
3\xc1|U\xc1\xcf\x9c\xa4\xf0\xfd\xe2\x90K\xb1\x09\x08\
k\xe0K\x81N\x83\x9c\x9f\x82\x94\xe7\xe8\xaa\xfc\xf5\xff\
\x00cud\xef\xf2\xbf\x7f'~G\xff\xd9\
\x00\x00\xa4}\
\xff\
\xd8\xff\xe0\x00\x10JFIF\x00\x01\x01\x01\x01,\x01\
,\x00\x00\xff\xe1(\x80Exif\x00\x00II*\
\x00\x08\x00\x00\x00\x09\x00\x0f\x01\x02\x00\x06\x00\x00\x00z\
\x00\x00\x00\x10\x01\x02\x00\x0e\x00\x00\x00\x80\x00\x00\x00\x12\
\x01\x03\x00\x01\x00\x00\x00\x01\x00\x00\x00\x1a\x01\x05\x00\x01\
\x00\x00\x00\x8e\x00\x00\x00\x1b\x01\x05\x00\x01\x00\x00\x00\x96\
\x00\x00\x00(\x01\x03\x00\x01\x00\x00\x00\x02\x00\x00\x001\
\x01\x02\x00\x0d\x00\x00\x00\x9e\x00\x00\x002\x01\x02\x00\x14\
\x00\x00\x00\xac\x00\x00\x00i\x87\x04\x00\x01\x00\x00\x00\xc0\
\x00\x00\x00F\x01\x00\x00Canon\x00Can\
on EOS 50D\x00,\x01\x00\x00\x01\
\x00\x00\x00,\x01\x00\x00\x01\x00\x00\x00GIMP \
2.10.30\x00\x002022:03\
:16 12:41:47\x00\x07\x00\x9a\
\x82\x05\x00\x01\x00\x00\x00\x1a\x01\x00\x00\x9d\x82\x05\x00\x01\
\x00\x00\x00\x22\x01\x00\x00'\x88\x03\x00\x01\x00\x00\x00\xc8\
\x00\x00\x00\x03\x90\x02\x00\x14\x00\x00\x00*\x01\x00\x00\x09\
\x92\x03\x00\x01\x00\x00\x00\x10\x00\x00\x00\x0a\x92\x05\x00\x01\
\x00\x00\x00>\x01\x00\x00\x01\xa0\x03\x00\x01\x00\x00\x00\x01\
\x00\x00\x00\x00\x00\x00\x00\x01\x00\x00\x00\x01\x00\x00\x00\x16\
\x00\x00\x00\x01\x00\x00\x002014:01:3\
1 13:54:45\x00<\x00\x00\x00\x01\
\x00\x00\x00\x09\x00\xfe\x00\x04\x00\x01\x00\x00\x00\x01\x00\x00\
\x00\x00\x01\x04\x00\x01\x00\x00\x00\xaa\x00\x00\x00\x01\x01\x04\
\x00\x01\x00\x00\x00\x00\x01\x00\x00\x02\x01\x03\x00\x03\x00\x00\
\x00\xb8\x01\x00\x00\x03\x01\x03\x00\x01\x00\x00\x00\x06\x00\x00\
\x00\x06\x01\x03\x00\x01\x00\x00\x00\x06\x00\x00\x00\x15\x01\x03\
\x00\x01\x00\x00\x00\x03\x00\x00\x00\x01\x02\x04\x00\x01\x00\x00\
\x00\xbe\x01\x00\x00\x02\x02\x04\x00\x01\x00\x00\x00\xba&\x00\
\x00\x00\x00\x00\x00\x08\x00\x08\x00\x08\x00\xff\xd8\xff\xe0\x00\
\x10JFIF\x00\x01\x01\x00\x00\x01\x00\x01\x00\x00\xff\
\xdb\x00C\x00\x08\x06\x06\x07\x06\x05\x08\x07\x07\x07\x09\x09\
\x08\x0a\x0c\x14\x0d\x0c\x0b\x0b\x0c\x19\x12\x13\x0f\x14\x1d\x1a\
\x1f\x1e\x1d\x1a\x1c\x1c $.' \x22,#\x1c\x1c\
(7),01444\x1f'9=82<\
.342\xff\xdb\x00C\x01\x09\x09\x09\x0c\x0b\x0c\x18\
\x0d\x0d\x182!\x1c!222222222\
2222222222222222\
2222222222222222\
222222222\xff\xc0\x00\x11\x08\x01\x00\
\x00\xaa\x03\x01\x22\x00\x02\x11\x01\x03\x11\x01\xff\xc4\x00\x1f\
\x00\x00\x01\x05\x01\x01\x01\x01\x01\x01\x00\x00\x00\x00\x00\x00\
\x00\x00\x01\x02\x03\x04\x05\x06\x07\x08\x09\x0a\x0b\xff\xc4\x00\
\xb5\x10\x00\x02\x01\x03\x03\x02\x04\x03\x05\x05\x04\x04\x00\x00\
\x01}\x01\x02\x03\x00\x04\x11\x05\x12!1A\x06\x13Q\
a\x07\x22q\x142\x81\x91\xa1\x08#B\xb1\xc1\x15R\
\xd1\xf0$3br\x82\x09\x0a\x16\x17\x18\x19\x1a%&\
'()*456789:CDEFG\
HIJSTUVWXYZcdefg\
hijstuvwxyz\x83\x84\x85\x86\x87\
\x88\x89\x8a\x92\x93\x94\x95\x96\x97\x98\x99\x9a\xa2\xa3\xa4\xa5\
\xa6\xa7\xa8\xa9\xaa\xb2\xb3\xb4\xb5\xb6\xb7\xb8\xb9\xba\xc2\xc3\
\xc4\xc5\xc6\xc7\xc8\xc9\xca\xd2\xd3\xd4\xd5\xd6\xd7\xd8\xd9\xda\
\xe1\xe2\xe3\xe4\xe5\xe6\xe7\xe8\xe9\xea\xf1\xf2\xf3\xf4\xf5\xf6\
\xf7\xf8\xf9\xfa\xff\xc4\x00\x1f\x01\x00\x03\x01\x01\x01\x01\x01\
\x01\x01\x01\x01\x00\x00\x00\x00\x00\x00\x01\x02\x03\x04\x05\x06\
\x07\x08\x09\x0a\x0b\xff\xc4\x00\xb5\x11\x00\x02\x01\x02\x04\x04\
\x03\x04\x07\x05\x04\x04\x00\x01\x02w\x00\x01\x02\x03\x11\x04\
\x05!1\x06\x12AQ\x07aq\x13\x222\x81\x08\x14\
B\x91\xa1\xb1\xc1\x09#3R\xf0\x15br\xd1\x0a\x16\
$4\xe1%\xf1\x17\x18\x19\x1a&'()*56\
789:CDEFGHIJSTUV\
WXYZcdefghijstuv\
wxyz\x82\x83\x84\x85\x86\x87\x88\x89\x8a\x92\x93\x94\
\x95\x96\x97\x98\x99\x9a\xa2\xa3\xa4\xa5\xa6\xa7\xa8\xa9\xaa\xb2\
\xb3\xb4\xb5\xb6\xb7\xb8\xb9\xba\xc2\xc3\xc4\xc5\xc6\xc7\xc8\xc9\
\xca\xd2\xd3\xd4\xd5\xd6\xd7\xd8\xd9\xda\xe2\xe3\xe4\xe5\xe6\xe7\
\xe8\xe9\xea\xf2\xf3\xf4\xf5\xf6\xf7\xf8\xf9\xfa\xff\xda\x00\x0c\
\x03\x01\x00\x02\x11\x03\x11\x00?\x00\xf6\xa49@O~\
)@\x1dH\xe9\xfc\xa9p\x03*\x81\x91\xd6\x9d\x8ex\
\x1ct\xa40o\x95\xbf\x0c\xd4lI\x00\x03\x8e\xf8\xa9\
\x1b\x8ez\x9c\xd3Xme\x1d\xc9\xa0@\x06\x0e=i\
\x1f \x1fQ\xda\x9d\xbb\xf7\x80\x01\x92F(a\xf3\x81\
\xd4\x8a\x00n\xcf\x9b$\xf1R\x1c\x08\xc1=:b\x9b\
\xd5\xf1\xda\x96F\x01H'\x00P\x03G\x0f\xec\xc3\x8a\
\x5c\x95\xf9{\xd3U\xfem\xdd\x87\x02\x93\xcd]\xe1K\
a\xba\xf3\xc5\x00H8RG\xd35P\xb2\x19\x9a\x19\
bb1\xb8dd7\xb7\xd6\xa5\xfbB\x09\x04E\x80\
c\xd0\x1a{\xb2\x06\x03#w\xf0\xfd(\x03\x9d\xbb\x8d\
dI\x16\xd6Qf\xc8\xa4\xe1\xa2\xc8\x1c\xf0F=\xce\
it\xc8.\xdba\x96\xee#p\x1c\x99<\xbc\xe0)\
\xf6=zf\xb6\x05\xed\x9bL\xe8%\x8c\xba\x83\x90\x0f\
5\x13\x18|\xb7\x108]\xc9\x8f\x90\x0c\x82{\xe6\x98\
\x1c\xcd\xfa\x5cC\xaa\xc6\xf3k\x8fmp\x09\x08\x92F\
<\xb7Q\xe9\xf5\xc5tq\xcbos-\xb9yr\xed\
\x13\x1c)\xf9Xq\x93\xfc\xbf:'\xd3\x96\xe6\xd0n\
\xc3\xbe\xdcna\x92*\xad\x86\x81\x14\x05\xd8<\x81\x88\
\xcew\x9e9\xe8=\xa9\x81~;K[yQc+\
\x10\x07\x00\x03\xd6\xad0&U\xe7\x828\x06\xaa\xfd\x9f\
\xf7\xaa\x1f\x91\x9c\xe4\xf2\x07jpI\x8d\xc7\xce\x8b\xf2\
\xae\x13\x0d\xd7\xf0\xedH\x09@\x91T\xf2\x0e\x0f$\xd4\
\xaa\xa7a8\xe4\x9a\x8a\x09\x19\xc0\x0d\x16\xd0x<\xe7\
\x15)\x90\x88wm \xd2\x18\xe1\x80\xb8\xec)s\xee\
)\x00\xf9@\xf6\xcd\x01\x8e;P\x02\x83\xc1>\x94\xd5\
l\x8c\x0av\x06XS\x14\x00\x9e\xc2\x80\x15NO\x1d\
\xf8\xa77 \x11\xd6\x84\xec1\x82(-\x8d\xc7\xf2\xa0\
\x08\xd8\xecN\xe3\x8as6\x08c\x93\xc0\xa8\x95\xc4\x87\
\xe5=\xff\x00\xae)g2\xac\x91\xecPS\x8d\xc74\
\x08~U_\x96\x00\x9fz\x8aw \x90\xc9\xb9x\xe4\
sLi!g\x02U\xc1\xcfz\x19\xbc\xb4\xfd\xd5\xca\
d0\x07q\xf7\xe9L\x01 \x8d\xd4:1S\xfd\xdc\
\xf5\xfa\xd5[\x8b\x87\x86\xd9M\xe4\x06F\x04\xfc\xc8\xb9\
\xc0\xf5\xe3\xda\x9butbT\x96kY\x1d\x13\x92\xd1\
\x9c\xd4Iy\x1b\xda\xee\xb3\xba\xc0b\x00Y\x8f c\
\xfa\x8a\x00\x9d\xf34K<a.c\x002\x83\xc3\x01\
\xf5\xacy$\xbc\xbb\x92\xe5m%\x92\x0b\xb8Pl\x86\
b6\xb6A?\xd7\xf4\xabS=\xb0\x94lw\xb5\xbb\
\x03\x1b\x1b\x85'\xdf\x1fZ\x82\xe6\xf6S!\xb7\xd5m\
\xcc;\xb6\x84\xb8\x80\x1e=\xc9\xedLdZ5\xe6\x8d\
mm%\xb5\xed\xacVw6\xab\xfb\xc1:\x80O8\
\xc8o\xe2\xfa\x8a\xa0\xba\xb6\xdb\xc9\xd7Gg\xbc\x810\
\xcc\x8aAq\x9e\xcb\x9e\xa0s\xf9\xd5\x8bM3SK\
\xb9\xee\xd2\xea\xd3P\x0b\x11HRA\x86\x19=\x09\xac\
\xd9<3\xa9\xdb\xcf.\xa1\xa5H\x91^\xc8\xd8\x91\x03\
\x8f-T\xe7!\x7f\xc2\x98\x1ddww\x125\xb8\x88\
\xe6\x17]\xd2\x1d\xbc\x81\xdb\xf4\xab\xd33<j\x11V\
TV\xcb\x02y\xf6\xfdk\x05\x85\xed\xa6\x90>\xd3$\
\xcd9\x1c\x18S\x85Q\xea3\xe9P\xe9\xba\x85\x8d\xb4\
\x00\xa1\x9c\xb4\x80H\x11\xc6\x0a\xfdM+\x01\xbfn\xee\
\x0c\x9f;\xbb\x17\xfb\xaeyZ\xbc\x92\xa0b\x87!\x81\
\xc6H\xfeU\x9b\x1d\xdcZ\x84\x02X\x81\x0c\x0b\x05n\
\x9c\xe6\xa4\xf3f \x89\x07\x98\xcb\xce@\xc0\xcd 4\
\xc2\xaf8\xe9\xd7\xebMa\x98\xce?\x0a\xa1ou\xb7\
\xf7`\xef`y\xf9\xc6s\xf8U\xe4\x04F\x14\xf5\xa4\
\x03\x98\xfc\xbf/\x1d\xa9\x01\x18\xefOA\xf2c\xb0\xea\
j\x22\x0ex\xcd\x02\x1eF\x09\xc5\x0a\xb9\xc8\x03\xa1\xa6\
\x12\xd8<\xf3\x9a\x99\x17h\x19=:\xd01\xb9\x0a\x09\
\xf4\xa6\xe7\xe4\xc8\xc1jv\xd0w\x1c\xf1\xda\x90`\xa8\
\xc63\x8cP\x04A\xf2\x08\xf2\xfej\x0aHW\xe5~\
O@h\xde\xab\xf22\x91\xcf>\xf4\x19\x11 \xde\x1c\
\xae\xe3\x81\xedLA\xbb\xe7\xf2\xddF\xe2p\xb9\xef\xf4\
\xaaw\x89e\x92n`\xda\x8cy\x90v\xc7\xd2\x9br\
\xec\xcb\x99\x227\x11\xe7\x86\x88\xe0\xaf\xf9\xe6\xb3\x16\xee\
Hn#K+\xc4\x91d'0]eYH\x19\xe0\
\x9f\xcb\x14!\x8e\x9a\xd6x%It\xed@2\x0c!\
\x82g\xc8?CM\xbb\x8e\xc6\xe2\xe7n\xa3h\xd6\xf2\
\x09\x01\xf3c'n@\xc09\xe9YZ\x9c\xf6\xb7L\
\x9f\xda\xf6sX\xce\x1f\x89!\x19\x0c=I\xefM\x13\
\xddD\xf2}\x9a\xf6=N\xc9\xce\xc6\x88\x9f\x98\x01\xe8\
;\xf1\xe9T\x06\x9d\xdc2\xa4sE2\xa5\xed\x99\xc3\
\xab\x97\x0a\xeas\xd8\xfdj\x1bMT\xc5,vm(\
2\x90\x7f\xd1\xae\x07\xef=\xbe\xb5\x95\xa7\xdc\xdb\xde\xc3\
r\xe5.V\xd0\x9d\x99s\xf3\xa3\xf3\xcf\xe1\xebSY\
\xc2'\xbb2\x5c\xc6\xb7\xf1D\xa4}\xa5xu \xe7\
\x19\xea;P\x05\xfbd\x86[\x99\x0d\xf5\xb4\x9a|\x8c\
v\xe1\x18\x81 \x00\xf3\x8e\x87\xbd>\xebG\x0f\xba}\
.\xf8(q\xbcFO\x04\xf1\xcdC\xfd\xb1\x1c))\
H\xcd\xd5\xb0BBHr\xe0\x81\xc8\xfeu\x81s\xe2\
-\x19\x95\x90%\xc5\xb4\xdb\x18\x05\xcf\x05\xb9\xe9\xea\x07\
\xf5\xa0\x0d\x1b-K\xc40\xdc5\xbbG\x1d\xcf\x96\x87\
v\xd9\x01\x0b\xc9\x1c\xd6\xad\x9e\xa5\x0b\x22\xc7yd\xb1\
\xef\x00n+\xc7L\x80I\xfa\x1a\xf3\xfb]C\xce\x86\
@\x97\xab\xe7g*7\x11\xbd\x81\x07\x1f\x8f5\xbf\xa6\
^G$\x11}\xbd\x9c\xc8\xc3\xcct\x8f\x1bS\x07\x83\
\xfa\xd3\xb0\x1dl6\xbaT\xf3\x9b\x88%,\xe5\xb2B\
>\x00\xe3\x18\xc5\x5c\xb9\x868\x97&GS\xd7<s\
Xv\xba\x86\x93\x09\x13%\xab\x81\x93\x86\x19\xedZw\
3X\xdfm2\xb3\x88\xd0d\xc7\x93\x83\x9e\x99\xc7Z\
B'\x87N\x88\x85\x9e7\xda}p9\xadh\xc0'\
\x1b\xb2\x7f\x95d*[\xa5\x91\x22[\x85L`(<\
\xfa\xfeucM\xdd\x82DR\xa2\x9e\xees\x9a\x91\x9a\
\x0aF\xf6\xc9\xfc)\x85\xb9\xefJ\xe3j\x83\xde\xa4\x18\
\xc0\xff\x00\x1a@&\x14)#\xbd!;\xc3c\xb5<\
\xa8\xc0>\x94\xc4\xe00\xef@\x08\xf9%\x0f\xb7 S\
YS\xcb\xf9\xb2\xb8>\xb5$\xac\xa8\x87\x91\xd3\x8a\x82\
v\xcc[X\x02\x08\xe0\xd0 \x0f\xb0e\xd7p-\xd4\
VU\xfb][\x115\x84Ks\x1e0\xf0\xfb\x9a\xb1\
q\x1d\xe4v\xf1\x8b{\x84\x0e>b\x92r\x1b\xda\xb3\
g\x1eQ\xb7\x90\xcc\xf6\xd7n\x01\x11\xf3\xe5\xb3c\xbe\
?\x1ahev\xd4\xec\xa2p\x96\xf7_a\xba@Y\
\xa1\x94|\xa4\x9e\xc6\xab\xeaW\xb6W\x96\xf0\xff\x00j\
D\x11\x9c\xfe\xe6\xea\xd5\xf2\xa0\xfdi\xda\x9c\xd6\x13\x5c\
I\x0e\xafi\x18uU\xfd\xf4C=r\x05d\x88!\
\xb1\xf9\xf4\xcdJ+\xa8\xca\x966\xd7<\xae{\x11\x9e\
3T\x05\x88/f\x8b|)qo\xa9\xd8\xaa\xe1R\
F\x01\xd4w8>\xd5\x9d\x10\xd2b\xbfk\xdb\x0f2\
\xda\xec\xe3\xcb\xb7r|\xa2z\x1e\x7f\x0a\xac\x17O\xd5\
X\xc4\xf1\xcde~\x18\x95T\xe5\x7f z\x1c\xfe\x95\
V\xd9\xee\xe3Q\xa4\xeaH\x12\x07\xc1\x8c\xb3\x03\x9eH\
\x07\xdb\xe9N\xc3:{}jx.\xfc\xcb\x8bXR\
\xd8\xe5\xa5\x92.C\x0f\x7f\xc4\xfe\x94\xddF\xfex\xee\
\xa1\xbd\xd3[|O\x81\xb0pq\x91\x93\x8f\xe2\xfeu\
\x93aeql\x16%\xbe\x86y\xccx\xf2A\xe0\x83\
\x9e3\x9c\x1c\xe3\xbdk\x0d\x1e\x1b\x96\x82M2o*\
X\x14\x07\x83<)\xc7c\xd8\xd0!\xad\xad\xad\xd8\x0b\
\x04qG3\x92\x8e\x19@\xdc1\xd4\x9f\xe1\xe9\x5c\xb9\
\x90\xd9j\xf1\xdc\xbe\x9a\xef\x0aH_p\x1b\xa3\xdcq\
\xce\x7f\xa7\xf2\xad\xddz\x03\xf6\xa8\xff\x00\xb4m]X\
\x0d\x9fh\x85H8\xce\x07#\xa8\xe9U4\xe3=\xb1\
\xb9D\xbeYQd\x00n''\x1e\xa3\xf1\x1f\x91\xa6\
\x07Om6\x9fyb\x93\x0d1\x01\x00\x82\x9eO\xdd\
~\xbc\xd4\xcd\x1d\xa2\x853[\xc4\x8e\xaaF\xd0\xa3,\
:\xe3\x15\x81\x0f\x9a\xf14\xb77i\x0bd\x86E\x07\
\xdc\x83\x9f\xf3\xd6\xb4\xf4\xeb\xe3\x1d\xb2\x01f\xcd<\x99\
\xc3\xc8\x0f\x1d=~\xb4\x84[\xb7\xbc\x8b\x18\xfe\xcf\x01\
\x14`\x0d\xbc\x9c\xf5\xfeue5M\xf7\xd0\xc75\xbc\
j\x19I\xf9H'<`{t\xa8n\xdav\x0c\xb2\
\x5c'\xca>x\xa3\x1c\x9ezU8L\xb1\xde,P\
\xf9p\x229\xc9b\x09\xe9\xdb\x14\x86o\xb4\xd3\x0bW\
\x10\xdb\x06pr\x15\x8d\x5c\xb2\x92c\x0a\x89\xe2T~\
~\xe9\xe0Vm\xcc\xb3\xc5\xb2X\xe1g\xf3\x06Y\x9c\
\xe3h\x03\xd2\xb44\xe8\xddb;\xe4\xdeA\xeb\x9f\xd2\
\x93\x11m>p3\xebF\xc0?\x8b\xf4\xa7p\xac1\
\xd0\x1a]\x83=MH\x09\x1ep3\xd0\xd2?\xcai\
\xc4\xe1\x14\xe3\x8a\x0a\x93\xb5\x8f\xe3@\x10\xbe\xf2\xbb\x95\
A\xc8\x1c{S$\x90(\xe1K&\x09$u\x15,\
\x92\x84\x1b\x94eS\xa8\x15Y\x9dQ\x99\xc0%X\xe1\
\x97\xd2\x98\x10I\x86\x88\xee\x19\x89\xb0A'\xee\xd6S\
\xdb;\x89\x92\xeaO\xb4X\x80\x1e)\x97\x1b\xa3\xff\x00\
\x1a\xb5y\xe7[G\xe7\xd9\xcc\x5c\xf0\xdeS\x90A\x1f\
\xce\xb1\xe6\xb8\x97N\xb776\xbf\xf1\xed\xc7\x99\x07\x5c\
\x1fO\xce\x9a\x19N[+\xa8/\xa6\x9a\xd2\xe2+\xf8\
\x93\xac,FN@\xc95\x99sm\xa7j\x8a\xd1\xc4\
\xebc8\xf9d\xc3eA\xdd\xd4{g\x1f\x85n\xdc\
47\x84\x5c[\x06\xb5\xba=S\xa0a\x8c\x91\xfe}\
k\x16\xe6\xe6\xd3Q\x88E=\xbf\x93zp\x9f \xc0\
l\x00F}\x0fo\xc6\xad\x01\x98o\xe6\xb2\x89m\xa6\
\x85C}\xf4\x9fn\xd6a\xd39\xf7\xc8=\xebV\xdf\
\xec\xda\x9e\x8b\x15\x8b\xc6\xc9$+\xbdH\x8f\xfdg=\
z\xe7\x1cV\x5c\xd7\x02\xe6\xdd\xed.\x93y\x89C\xa4\
\xdbyBN01\xd4U\xfd\x02X\xbf\xb2\x85\xa12\
5\xdcs\x1f-\xc9\xc1=\xc0\xfc\xa8\x02\xbd\xa0X\xdd\
\xadnI\x13\xa3n\xb6\x9dT\x8e\x01\xe4\x1f\xd6\xb5`\
\xbc\x8e\x15Q.\xf4\x9aC\x9f5\x00\x0d\xe9\x93\xea8\
\xaa\xfa\x8a'\xd8WQ\x89\xb14\xcc\xa1\xe3\x07\xee\x90\
{zg\x02\x95e{\xbbH\x04\x92)\xb9`R`\
~c\x90~_\xf2(\x02\xfd\xdc\xfa\xa2^4K4\
o\x10\x94\x8c0\xfb\xe3\x19\x1c\xf6\xeb\x5c\xcc\xe8\x0bL\
\xcbo\x22\xe5\xb6\xb6[\x01\xb9\xff\x00\xeb\x9a\xe9\x8d\xcc\
p\xda\x05\xcb2*\x92\xd3\x1e\xa5\xb1\xdb\xb7\xff\x00\xaa\
\xb9\xcb\xc7\xbb\xbb\xbe\x0d)X\xa1\x92@\x81\x80\xc9R\
0s\x8f^\x82\x84\x06\xdd\xa5\xc6\x9f\x1e\x9d\x03\xda\xda\
\x03<\xa7\x97\x91K\x00s\x81W\x963s4Ks\
zrc'\xca\x8f\x92\x09\xea=\xaa{{kx\xf4\
\xa8mbT\xd8\xcaIr\x06s\xdc\xfbT\x9a|\x10\
\xc3)\x16h$e\x04\xb4\xcf\xd7=\xf1\xf9R\x11v\
+\x10a\xde\x9f\xe8\xc9\x9eI\xe5\xdcp95\x9e\xe1\
\xa2\xd4<\xab[pB\xf3\xe6I\x92[\x07\xf2\xefW\
~\xd4\x03\x00\x99\xb8\x94\x0c\xefn\x11z\xf5\xa8e\xce\
\x03\xbd\xf1g\x90\x80\xab\x18\xe3'\xf9\xd2\x02A+]\
J\xdfm\x9blHp\x00\x5cs[\x96S\xac\xd0\x83\
\x1a\xb0\x1crGZ\xc1\xb0i\x7f~\xae\x85\x98\xb6\xd4\
/\xd0\xe3\x8c\xfdksN\xf3\xf0\xc6I\x15\x80\xc0\x0a\
\xb8\xe3\xf2\xa4\xc0\xba\xc4\x00@\xeb\xd6\x90\x00Fs\xd6\
\x87\x18e4\x9b[\xb7\xf2\xa9\x01\xe1\x81\xcf\xa1\xe4\x1a\
F$\xb0_ni\x02\xe5\x80\xec)\xc7\x01\xb7\xe3\xb6\
(\x02\xb5\xc1-\x0b\x18\xf2\x1e\xa0\x22P#\x94\x90\xa3\
\x18+\x8c\xe2\xa7\xb8\x8d\xc4\x86er\x00\x1c\xa0\xfe*\
\xace\xdb\x22\xb6O\x96\xd9\x0c=8\xa6\x06e\xe6m\
\x1dn\xa0\xf9\xe3\xdf\xbaQ\xe8\x07'\x15\x15\xfd\xfd\xbe\
\x9f}\x1b\x14-\x04\xe1s\x801\xcez\xd5\xbb\x86\x8e\
\x0f\xb4\xc96d\xb7o\xba\xa1x\x1c\x01\xfc\xff\x00\x9d\
e\xc2m\x04Ma4y\x05\xc8\x0c\xdd\x87l\x1e\xc7\
\xb5R\x02+\xcb;3t'8\xdb.^)\x019\
\x07\xfb\xb9\xfa\xd60\xf0\x85\xcb]\xdc\x13u\x07\x9e\x01\
\x93\x05\x89m\xc7\x93\xc7\xe1\xc5mX\xcd\xf6\xb0\xfa5\
\xd4b%9\xf2\x898?.?\xaf\xf2\xaa\xf2\xcd:\
LnP7\xda``\xad\xc7%q\x83\xd7\x8e\x051\
\x98K\x0c\x8a\xb3\xday\xa2e\xcf\x95\x13\x11\xc9'\x18\
'\xd2\xb4$\xb5\x9aKH\x9a #\x9a\xdc\xa8a\x9d\
\xb9\x03\x1b\xb3\x8f~jMn?\xb3\xba\xdd[8\x01\
\xf6\xb1A\xfd\xee\xff\x00\xce\xa6[\xa0\xb7M\xe6Dv\
K\x01\xf3NrC0\xeb\xfc\xa9\x81GR\xb7K\xdc\
:\x86ex\x96U@03\xdf\x8f\xc2\x99$h,\
\xca&\xe5\x99\x8e\xdc\x03\xc8=\xcf\xe4\x7fJ\xb1$R\
y\x16\xc9\x0b\x10\xa8\xa4\xbc\x87\x9c\xa8\xe7\x07\xf0\x15^\
0fb\xe7\xe5\xde\xa5\xd0\x93\x8c\xf1\x8f\xca\x9a\x02(\
\xd6K\xb9\x19d`\xa8K\x01\x92@_\xa7\xbf_\xca\
\xa0\xd2\xcaE\xa9Be\x07\x11\xf3\x12\x1ery\x1f\x8f\
J\x93R\x9a8a\xf2\xad\x9cF\x8as\xbc6r\xc7\
\xb9\xf6\xe4\xd6h\x9e\x03u\x11G\x92Yc\x18\xf9W\
\x18\x07\x9e;\x02\x7f\xa5\x00v\x0ds\xe6\xdal\x8a!\
\x8c\xee\x92G\xf7\xe7\xfa\xd2\xc5x'\x8db\x88\x88\xa2\
`w2\x8f\x98\xb7\xb5P\x9ak\xa2\x96\xe6@\xb9\x08\
\x98L}\xde\x07_\xc2\xb4\x92\xe2\xd9e\xc9t\x11\xc1\
\x8d\xb8\xe3\xcc?\xe1\xcf\xf2\xa4#J\xd7My\xa2q\
;4P\x93\x9d\xa0rF;\xd4\x96\xf6j\x81\xa0\xb1\
1\xa2\xa7\xccd\xc6\xe2MCm\xab$\xe7\xce\xba+\
\x0c-\xf2\x04=I\xff\x00<S\xfc\xcb\x9f\xb6\xf96\
\xea\x16\xd7o\xccq\xd3\xbfZ\x90.1X-\xf7\x86\
\xf3\xa5Q\xc0\xc8\xcf\xe1O\xd1\x96\xe8[+N6\x9c\
\xfd\xd0\xb8\xcf\xd6\xabF \x8b\xe4\xdae\x90a\xb0\x07\
S\xd8\x0a\xd2\xd3\xa5\x96H\x99\xa7B\x8cz'u\xf6\
4\x98\x16\xdb%\xfat\xa6\x16\x97'\x18\xc5JH\xda\
\x0f\xafZiF$\x9a\x90\x1f\xd0g\xa578 \x0e\
\x99\xa08\xc9\xc8\xed\x91J7d5\x00A&\xf5e\
\xe8Fy\xfaU'\xb5\x8fd\xb6\x8a\xa0#e\xb2\x0e\
\x0e}j{\xd7\x12\x09\x22\xdeA\x07\xf2\xfcj\xbd\xc0\
\xcc\x11\xed\xdd\x96\x026r~`;\x9ah\x0c\xd4f\
\x9a\xd2]5\xf7\x09\x90\x1cJ\xcd\xf7\xff\x00\xcej\x0b\
\xdbX\xaf [\xabr<\xc4\x19a\x8ex\xa9b\x92\
=\xe97\x98Lv\xe5\xa3\x98\x13\x93\xd7\x83Q\xcaa\
\x87S\x82;@\xb8`C1\xe7$\xf3\xcdP\x11I\
f\xb7\x9a<W\xf1\xa9YUJ\x9c\xb7\x5cq\x9f~\
\xf5R\xe1\x96\xf6\xd6+\x96S\xe6\xa3\xa8\x99\x0e\x09 \
\x1e\xa7\xdb\x1d\xaa\xde\x89o:\xde]\xd8I\xe6\xaa\xe4\
\xb1br\xb9\xdd\xd0\x0e\xdcc\xf3\xaa\xed\x01\x1a\x85\xe4\
\x11\xba\xa4r\xab*\x85\x5c\x8c\xe3?\xd2\x98\x10}\x9e\
\x09\x96X\xf7e\xe0\x97<\xf3\xc6=\xfe\x82\xa8Ks\
(\xba\x0cdB\xc2\x1c \xce\x079\xe0\x0f\xc6\xb5q\
\x05\xb2\xbb/\xfa\xd6\x88r\xdf\xde'\x1f\xc8Vd\xa0\
<\x8a\xd1\x22\x83\x14k\x8c\xafn\xff\x00\xd7\xf2\xa6\x05\
\xdd>w0,-\x93\x19\x8c\x96\xdc:\x03\xdb\xf1$\
VD\xdf\xbb\xd4d\x05wD\x06\xc58\xc0\x1c\x0f\xc3\
\x8eiZW\x80\x04\x0c\xc2\x16q\x8c\x8ez\x13\x8fz\
m\xf4\x97\x12YIm\x18L\x0e\x8c\xdd\xc9\xce\x00\xfc\
\xe9\x81\xcekBkk\xd8\xe1\x96`\xa5\x17|\x88\xdd\
23\xc6@\xad\x9f\x0d\xd9\x98\xedV\xfab\x02\xa7\x01\
[\xb9\xceq\xfe}k\x95\xb7\x86\xf2\xf3Z\x95\xe6\x81\
\xe4o8\xa1/\xe9\x82\x0ek\xb8\xb6x\xccmn\xb9\
Xa\x5c\x95#\x9c\xf5\xcd!\x9a\xaa\xd1]3\x04V\
k\x99\xc8\xc1\xf6\x1d\xff\x00*\xbfsebe@X\
\xacV\xc9\x86n\xdcv\x1f\x8dc\xdb\xdc6\xc9'\x80\
.\xe0\x9bbP:\xfa\xd6\xab]\x05x!`\xbbX\
\xaf\x98\x0f8<\x93\xcd\x0cF\x8d\x95\xb5\x9c\xd6\x86\xe6\
Tg]\xc5\xb2\xfc\xf4\xf4\x1f\x85>\xd8\xfd\xae\xe4\xb8\
B-\xd9\x01Q\xd0\x0e\xdc\xd3c\x9f\xe5\xcf\x90v1\
\xc2'\x03\xe5\xc7ZD\x92Y\xe3\x19\x8cC\x08Rz\
\xe3\xe9R\x03!\xbby/\xe5\xb4\x81\x0a\xb2\xff\x00\xcb\
B8>\xff\x00\xadkX8}\xc5c\xcf\xcc\xc1\xa4\
\x07\x86l\xd6\x0b\xabKq\x9b\x861[\xc6\xbc\x04<\
\xb9\x1e\xff\x00\x85uV\xa9\x1aZ\xa1T\xf2\xd7\x1fw\
\xd2\x93\x02Q\xc1\xe7\xa58n\xc50\x92i\xfb\xaa@\
\x8c\xa8\xc6?\x8a\xa4,0\x00\xa6 \xf9\x03\x1e\xa2\x95\
z\x83\xe9\xda\x801\xf5\x19\x8d\xbb\x89\xc8`3\x87\x8f\
\x19\xeaz\xd3f\x92g\xbf\x10\xa8\x02#\x11\xc0\xef\xd4\
s\xfa\x8a\xbc\xcc\xb2\x93\xceC\x0c\x8e;\xfbUH\xa5\
\x22\x1f1\x871|\xacH\xcbu\xa6\x80\xc8\xfb4Q\
\xea\xf3@\xa4\x95\xbc\x5cm'v\x18\x0e\xb5I\xadd\
\x8a\xd1\xbc\xa9<\xd7\xb4%\x9aL\x81\xb7\x04p\x7f\x0a\
\xd5\x89\x043]\x86\x0a\xc4\xfe\xfa)\x07\xd3\xa15Q\
\x1f\xec\xf1\xa4\x89\x00Xo\x13\xf7\x91\xe7?1\xf5?\
\x95P\x12\xdaj\xb0\xfd\xaa\xda\xef\xcc_.T\x0b+\
\xfa?\xf9\x02\xa2\xd6n%I\x22XU\x99\x04\xc0o\
U\xcf'\xaf\xe9U\xf4\x8d!&[\x9bwp\x1a6\
m\x98\x1e\xbc\xe7\xe9L\x98=\x95\xa4\x90\xc8\x9c\x05V\
W\xeb\x83\x9cg\xda\x98\x0c\x9a\xd2I\xaf&Q\xb9\x90\
\x11\x82z\x03\x9e\x9f\xa5W\x8c\xb4\x17\xf2D\xe3\x8d\xbe\
Xb\x00\x03+\xeb\xdf\xadYK\x99\x0d\x9c\x9f:\x86\
\x9f\x18r@\xdc9\xcf\xf3\x15\x99,\x8f}\xa8\x08\x5c\
\x9bp\xec\x10\xe3\xfa\x13\xf8S\x02}Yb\x8a4\x0e\
\x80\xc5\x961\x9c\xe3q\x1cqYj\x8ds\x9f)L\
b%\x08\xc4\x0e\xbd\x0fOaZ\x1a\xdc\x8al\xa3\xb7\
\xda]\xed@9\x07\xef\xfa~\xb8?\x85?\xc3\xf6\x0f\
z\xe6\xe9\x98+H6\xfa\xf08$~T\x5c\x0d{\
\x0b\x1b&\xb2\x8aU\xb5Dp\xc1\x11\x89\xc1c\xd0\x9f\
~j\xae\xa5e\x1cw\x89k\x0f\x0c\xe4\x19\x089'\
\xeb\xfa\xd7Aoo\x11_4\xa81\xc4\xb8@:\xfd\
\x7f:\xe6\xbc\xe3w\xa8\xbd\xaa+\x13)\xc0\xc0\xe8\xbd\
\xc94\x90\x0b\xa5\xb2Y\xb4\x93\x13\xb8\x05\xdb\x1e\xec\xff\
\x00\x9c\x01V\xfe\xce\xe1\x1a\x06\x8d\x95ea;?R\
\x06zU\x87\x16\xf6Sy\xaf\x83\x15\xaa\x8cg\xa1n\
\xd5\x02\xf9\x92\xa1\x8e\xe1\xcb\xcd+\xac\xae\x14\xfd\xd4\xec\
(`]\x84^K\x06\x1a\x16V\xdb\xb5x\xe8\xb5<\
\x10Mq\x19\x99\x95\x8a\xc6>X\xf3\xf7\xfa\xf5\xf4\xa9\
$\x94\xc4Q\xf3\xfc[B\xe7\xd8T\xa8Z%U]\
\xc3\xd5O\xf5\xa4\x06U\xd5\xa2\xeaKo,\xac!\xf2\
Ae\x8fv\x00\xff\x00\x1a\xeal\xc0\x16i\x8c\xe0\xa8\
\xc05\xce\xdcY\xc3\xa9j\x0b$\xce\xdb\x156\xa2\xa3\
\xe3\x0d\x9c\xf4\xf7\x18\xae\x8e\xde6\x8a\x14V\xc7\x03\x03\
\x15,\x07\x03\xc1\x1d\xe92=O\xe7@a\xbc\x9ax\
U\xc0\xa4\x01\xb7\x19\x04\xd1\xd1[\x03\x1d\x854n)\
\x9e\xe4P\x018\xf4\xef@\x14%\x81\xcc\xa0y\x9bN\
r09\x1f\xe7\x15WP\x22\xce).voG\x1b\
\x1b\x07\x18\xe7\xfc\x9a\xd0\x931L\xa5\x81$\x8cd\x0e\
j\x95\xc4\x85g0\xdc9H\xdf$6x\x07\xd2\x9a\
\x031l\xfe\xc7a\xe6HK\xcb\x14\x81\x98\x96\xea\xa4\
\xf1\x8f\xce\xb3\xe0\x82\xf2\xde\xed\xe1,d\xb5\x91\xb7.\
H<\x1c\x9c\x0f\x7f\xf0\xad%\x9eIK\xc8\x83\xcc1\
9\x8aL\x91\x86\x1dG\xf3\xa8\xd1\xa5\x8e\xf4\xc2!\x0d\
\x86\xdf\x0b\x82v\xe7\xb8\xf7\xaa\x01\xd3+,P\xdfB\
]\x0cl\x0b\xaf\x19e\xe8x\xa7\xdc\xcd\xbaG\x96k\
p\x22\x912\x09<\xf4\xa6^\xb9{\x19g\x89\x09\x95\
\xf2\x1a2;\xd6b\x19\x8b\xdb\xdbN\xc8\xdej\x96\xdf\
\xb7 \x0fOA\xd6\x80#\xbe\xb1\xfe\xce\xb0\x8cAt\
\x8d\x13\x02DlrI\xeb\x91\xf9b\xb0\xe62\xdd\xc5\
%\xca3Ba\xff\x00W\x12\x8f\x97\x7f\x04\xff\x00\x9f\
Z\xeao\x0d\x81x\x8a\x19ge\x04\x85\xc7\x1c\x0e\xc7\
\xf2\xac\xbb\xd0c\x83\xcc\x94#\xc8\xa9\xbdb\x1c\x049\
\xfd[\x9ah\x0a\x97M\x0ci\x18wg)\xb5\xe5\x0a\
\xfb\xb9#\xa6:\x0cc\xa7\xd2\xba\x0bI\xed\xac\xb4\xdf\
6\x22UX\xec\x8bp\xe7\x1d\xf3^z\xda\xb5\xcd\xbb\
\xb5\x9b\xba\xf9\xb2?\x99!\xfe\xe8\x03\xa7\xbdki\x12\
\xcb\xf6e\x96\xeaV\xc6\xe2\x14\x9f\xe2\x1e\xa0zb\x98\
\x1d\x8d\xd5\xdb*\x8bkI\xbel\x06f\xc8\xe9\xfe\x1d\
j\x1d>#i\xa5\xbc\xcc\x08\x9aW\x11\xa1nN3\
\x8a\xca\xfbL)woc,\xb1\x93\xb4o#\x92\x99\
\x1e\xde\xfcV\xdd\xe2\x99\xa1\x86\xe4*\xc7o\x01!<\
\xc1\x83\xbb\xa7\x1e\xb4\x80\x8e\xe9|\xfb\xf8\xb4\xdc|\x9b\
7\xcc\xecx?O\xc8\xd4\x88\xa4\xdaH\xea\xe5\xfc\xd2\
6\x98\xff\x00\x85s\xc0\xff\x00\xeb\xd5x\xc8\x82\xd6c\
<\x9f\xe9\xb2u\xdb\xc9E\x1c\x82il!f\x93\xec\
\xd6\x93\x91\x02G\xb5\xdf\xd4\xf2h\x03B\x19Z\xe6\xe2\
/,\x07H\x07'\xb9|\x7f\xf5\xea\xf5\xbeQ2\xc8\
\x0b\xbbs\xcf_Z\x8fM\x8a(b\x05FA\x01\x8e\
@\x1f1\xef\xf5\xab1\x82\xe1\xb3\xdb'\x02\xa4\x0c\xb9\
R\x18\xb5\xcbX\xfc\xe2\x18\xb9f\x888\xc2\xf1\x8eG\
\xf9\xeb]A \x8c\xf6\x1d+\x92l\xbd\xf4\xab\x1e\xd6\
\xbd\x0d\xf2n\x1c\xc6\x87\x19<\x8e{WMk\x03\xa5\
\xba$\xae\x5c\x8e\xac{\xd2`H\xa0\x02I\xfb\xd8\xe2\
\x8d\xc0pH\xa7\x90\x09\xf7\x14\xdf\x97\xd2\x90\x0a\x08\xd8\
@\xe4\x0e\xf4\x83\x82\x0f\xa9\xe9\xe9HA\xc3\x0e\xd4\xe8\
\xd7\xd7\x83\xd6\x80*\xbb\xe6b\xae\xa7p\xe8\xdd\xaa\x84\
\xa6;\xbf\xbf\x87D;X\x1e\xcd\xda\xad\xdcO\x1bI\
 \x03\xf7\x91\x8c\x85=\xf8\xa8\x01DU\x94F\x11e\
\x1f\xbc+\xdb\xebM\x01D\xc7\xe4N\x864\xf9\x03e\
\xd0\x0e\x99\xef\xefU\xd9\x97\xcf]\x9b\x8b\x92\x0c\x04\x0c\
\x0e9\x22\xad3\xbc\x93y\xc8\xbbfC\xb7\x1bs\x95\
\xa8.\x81v\x8a&t\x0e\x8f\xb9\x0bq\x8c\xf0\x7f\x1e\
j\x90\x15\xa6\xbbh\xafM\xd4\xd9\xf2f\xf9\x0ac\x01\
\x00\xc6\x0f\xeaj\x19]#\xb6\x98\xa0QnP*\x93\
\xcf\xca\x08\xe7\xf0\xab0\xda\xc8\x93\x08\xa6=\xbeh\xcc\
\x99\x18\xef\xc7\xad%\xb5\x94rY<P\x0d\xf0\x96 \
\xc3!\xf9\x94\xf3\x9f\xaf\x18\xfc\xa8\x02\xa91<^B\
\x5cA\xfe\xa8\xaa\x8d\xd8\xc0\xfa\xe3\xda\xb9\x8dr\xea(\
-\xd6\xd5\x19\x9ad\xfb\xd2\x9c\xfc\xa0\x1c\x9czb\xba\
\x1b\xcbh\xe3\xbbY`\xd3\x1d\x9e,)2d\xe3\xd3\
\x15\xc9\xea\xab+\xcby\xa7\x80\x88d;\xeeg\x1c\x93\
\x9eH\xe7\xbd4\x06%\xa2<\xba\x97\x9d4\xc5c\xdf\
\xf31_\xbc1\xeb\xf8WO\x0d\xe4+\x1cw\x17!\
#X\x8f\x0a\xc3\x93\xcf\xca1\xfa\xfe5\x8b\xa9\xea\xc0\
X\xdaC\x05\xbc\x82\xd9\x1c/)\xf7\xb3\xc7a\xfe\x7f\
\x1a\x82vY\x85\xd7\x96\xbbdT\x19\xc7<\xfe>\xd4\
\xc6ni\xd0\xcd\xab\xdd#\x99T\xb4\xbbY\xc9\x19*\
\xa0g\x9fl\x9a\xecV\xfd\x05\xb0\x18\xf3\x162\x12\x1c\
\xf3\xbd\xfb\x9cW'\xa1\x5c\xa6\x93\x0ce\x94\xef\x99\x99\
Ac\x8d\xa8F?\x1c\xe3\x8a\xdc\xba\xb7\x9e\xcax&\
\x05\xa4\x8e2\x150?\x88\xf3\x9e:`\xd2b!\xe4\
\xbb]\xe5\x9aP\xbb\x15\x7f\xbd#g\x8c{\x1a\xdd\xb6\
\x81\xec`\x8a-\xf8\xdd\xf3\xc9\x9e\xa3\xeb\xf9\xd6|\x0a\
]\xe0\xb4_-\x9e#\xb9\xa5a\x9ex\xc9\xfa\xd6\xdc\
Q\xa5\xc9t\xce\x11\xb0\xeeOS\xedC\x02\xdd\xbcG\
v\xe5\xff\x00U\xc1T\x1f\xce\xac\xaa\xf9q;0\x00\
v\x15\x1a.\x04Q\xa6\xd5\xc0\xc0Q\xe9Q\xc8\xea\xcf\
\xb2\xe0\x91\x0a\xf2I\xfb\xa7\xb0\x1f\xadH\x0c\x8f\xec\xf6\
\xfa\x842M&\xe9\xa4]\xa8\xb8\xe4\x0fS\xf9\x8a\xd9\
/\xc7\x1d\xb8\xacu\xb6U\xbc\x8aY\xe6\x92Fs\xfb\
\xb4\x03\x01G^q\xf4\xef[\x1c\x0a@4\x03\x9f\x98\
\x9ax\xe9\xc3\x01M\xf7n\x05 +\x8a@*\xf2A\
?\x95)'nE \xf9T\x13\x8aa%\x97\xdb4\
\x01\x0c\xb1\x87`\xe3\x96\x1c}j\xbc\xb0+\xb0D\xdd\
\x83\x90\xde\xf5}\xa2\x0aU\xbb\x8e\x95L\xecw\xdf\xe5\
\x95v8\xc1>\x9d\xe8\x03:\xe62\x8e\xb0\xdb;m\
\xce\xe6\x03\xdf\xde\xa3\x91m\xe6\x01\xdd\x18\x95\xe3c\xf5\
l\xff\x00Z\xba\xe65\x0e\x8f\x94\x97;\xb2~\x95Q\
'\x8aX#\xfbB\x80O\xfa\xb9\x00%X\xf6&\xa8\
\x08e\x95G\x96\x86\xdd\xe5\xdb\xf7\x99?\xd6Fz\xe3\
\x1d\xf8\xc5d\xdc\xfd\x96+\xb0\xf3\xdd<r\xa82p\
\x08`O8>\xb5\xa9r\x91\xc0~\xd3\xe6\xf9\x88W\
2\x95<\xae=\x0fnj\xb4\xf8\x9c4\xb0\xea14\
\x85\xb7\xe2u\x1b\x94c\xa7\xe5M\x01\x05\xdc\xca\x96Q\
K>\xa7q*;}\xd8\xd3\x05\xbd\x07J\xe6\xb5\x18\
 \x89\xcd\xde\xa2\xbe\x5cE\xbc\xc4\x841f\x91\x818\
'\xdb\xa7\x15\xd5\xcc\xda\x9bX,s\xdf\xd8\xc7\xb7\xe7\
,1\x90;b\xb1\x12\xce\xce\xe5\xa6\xf2\x9eK\xfb\xc1\
\x9f\x98\x02\x10{\x9c\xf1\xd4\x9ah\x0eJ\xed\xa6\xbb\x11\
l\x10F\xdc\x94\x88\x83\x84S\xd0\xb7\xa9\xadk;\x08\
\x05\x9cw\x9eV!\x8b\x19\x9b\xaf\x98\xc0\xf3\xc7\xd4U\
\x1d\x1fO\xb8\xbe\xd4f\x81\xa5\x0dl\xb23M)\xe0\
*\x83\xd35\xd2^Ef\xf1\xbby\x814\xb8\x08[\
t\x07\xef\x91\x9c\xf4\xa6\x06-\xcc\xb7\x17\x97\x11\xcc\xd1\
3\x80\xc5\x95\xb1\x80\xa7\xf8\x7f\x0f\xf1\xae\x92\xd6\x17\x83\
JH\x9d\xf7\x5c\xc8\xd9\x0ax\xf2\xc9\xfe/\xc6\xb2\xda\
\xfaDt\xbah\xb7\x12\xa4\xc7\x13\x83\xf2\x8cpH\xfc\
\xcdW\x8a\xe6\xe8\xdfy\xe2`\xf3HARN\x0e=\
q\xf9\xf5\xa0\x0e\xa5\xace\x86\x18\xad\x22;\xdeL\x19\
\x18u\xcfA\x8a\xd3\xd3$u/\x19\x8d|\xb8W\xe6\
|rO~}\xeb6\xf2\xff\x00\xc9\xf2!\x05\x8d\xc3\
.\xc9\x08\xfe\x16\xfe\xe85\xb5o\x10{o-\x03\xaa\
\xe7\x8c\xf1\xba\xa5\x81f\x16\x22W\x94\x8e_\x01I\xf4\
\xaaw\x8e\xef+@\xdb\x16\xdc\x10\x5c\x9c\xe5\xb9\xe0{\
V\x9a&6\xab(\xf9W9\xac\xcb\xc6\x11]Fe\
\x08\xc2C\xb4)\x1d\x7f\xcf_\xc2\x90\x0b\xa4,\x97z\
\x9c\xb7\xae6\x05\xf9\x166\x19\xda\x00\x1d\x0f\xd6\xb7I\
\xf9\xf8\x1c\x0e\xa6\xb0\xf45\x9e\x1b\xdb\xa5\xb8\x95d\x94\
\xf2Bd*\x0c\x9c\x01\xf8s[\xaa\x09L\x1e\xa6\x93\
\xdc\x05a\x90GZ\x87k{~U.z\x81@E\
\xc0\xe6\x90\x0a\xcaH\xc1\xfa\xd2\x92\x02\xe2\x90\x92_\x1d\
\xa9\x18m\x02\x80\x06;\x97\x1d:\xd6}\xc0\x90F?\
y\xb5\xff\x00\x85\xf6\xf4\xf6\xab\xfc\x13\x81\xdf\x93QO\
\xe5\xec\x05\xfe\xee\xe01\xef\x9cP\x06}\xc4L\x90\x13\
<~zl%\x8fz\x82\x0cym\x1d\xb7\x95,\x08\
\xd81?\x04f\xae\xdeI2\xc4\xb2E.\xd5\x07\x00\
\x11\x90}\xaa\xbd\xdc\x90B\x04\xb2\xda\xbeO\x05\xa3\x1c\
\x8e3\xdb\xe9T\x05\x0b\x9f\xb2\xc3\xb8\x935\x9c\x84\xed\
\xe9\xb8\x1erF*\x95\xc2\x99]6Z\xd9]\xaa(\
\xe5~C\xb8\xf0\x09\x07\xebW\xa3s{p\xaf\x15\xdc\
mn\xbf?\x934x<\xfb\xd5{\xdd6\x0b\x88\xe4\
\x92[\x0b\x85i8\xcc\x12q\x9cc\xb509\xd9%\
\xbbB\xd1>\x8f\x96.1\x8c\x9e\x00\xe0\x1e{\xd40\
\xbd\xfd\xe4\xaa/\x0a\xd9i\xc4\x90\xd1\x22\xfc\xcf\x8e\xa3\
\x8e\xbc\xd6\x92\xd9;\xc8\x90\xc7&\xa8\xbeZ\xee\x19@\
\x0f~I\xefU\xdaxlf\x89\xbc\xa5\xb4\xdc\x98y\
fm\xf2\xb6{\xa8\xe9\x9c\xfaS\x02\xad\x9d\x93\xbb\x5c\
-\xb3}\x9a\xc52]N\x03\xca2\x09\xc7~\xd5\xa1\
\x15\xb2K\x1c7\xb3)\x8a\xc2\xdf\xe5\x81q\x86s\x92\
{\xfd\x7fJ\xcc\x9d-\xe4\xb8\xb6\xb9+\xf6kuf\
>c\x9d\xd2M\x8e:v\x07\x8e+\xaa\x8e\xd5\xd1Z\
\xf2\xe4\xefB\x09\x82\xd9:\x1c\xfbP\xd8\x18\xf7>M\
\xbb\x5cj\x0f\x19\xf3\xa4R\x22G\xef\x9e\x07\xb6\x06k\
\x1a\x18b\xb4\x86;\xbd\xc5\xee\x8edE\x0a3\x18\xdd\
\x83\x91\xf9WW\x7flcC6\xa0\x04\xd7D~\xea\
(\xd7\x84\x07\xbf\xe1X\x7ff\xb7\x8a5\x08<\xcb\xb9\
\x99\x84\xa4\xb6<\xa1\xc1\xfcO\xff\x00^\x9a\x03[N\
\xb32y%\xd63q)\xcc\x8d\x8e\x13<\x01\x9fZ\
\xeb\xbc\xb0\xab\x0f\x1f/@3Y\x9aj\xda\xc2\xc9\x14\
N\x1d\x9co\xdc=I\xcf\xf5\xadfU\x0d\xd3\xe5N\
1P\xc0\xa3\xac]\xdc[\xdbn\xb5(\xb2\x97\x0a\x81\
\xf9\x07\xda\xb1\xaf\xaf\xe0\xb5KG\xbbC=\xfb\x92\xb0\
\xc7\x18\xce\xd2{\x9c\xf4\xab\xde!\xbb\x95-\x8d\xa5\xb9\
X\xe7\x98\xed\x85\xb8b\xbe\xa4\x0a\xe5\xa0\xb1m:\xfa\
\x1bLH\xda\x93\x95Un\xa5P\x92K1=\xf0\x0f\
\xe2i\xa4\x07}\xa5A\x0c\x16\x81\xc6\x0c\xcf\xf3\xcax\
\xc9oz\xba\xaes\x93\xc6y\xc5Go\x08\x82\x18\xd0\
d\x93\xd4\x9e\xa6\xa6\x0a\x0bd\x8e\xb5\x00\x22\xfd\xd1\x8e\
(\xc2\x8fZR\xe0\x03\x8e\xc6\x8cP\x03X|\xc0\x93\
\xde\x97\x00\xbf'\xa8\xa5#+\xc7OZ\x8e=\xce\xe4\
\x93\x8d\xbc`w\xa0\x09\x14\x058'\xa0\xa6\x93\xf2\x90\
@\xdb\x9e}i\xe5r\xd9\xf4\xa6\xa8\x0b\xc9\xef@\x14\
%\xb6\x9e2\xc2\x1d\xaf\x11\xff\x00\x96M\xd0\x7f\x9fJ\
\xa8\xb0:\xc9\x99.\x1e\xd7v\x15c\xea\xa7\x1e\x95{\
P@\xc1\x18\x19s\xb8ca=}\xfd\xaa\x85\xe4z\
\x980\xac/\x04\x90\x81\xb9\x94\xa9\x0e\xd8\xc7\x03\xb0\xa6\
\x80\x88\xa9\x91\x8f\xee-\xee\xd5\x81\x0ex\x0d\x8fNk\
2\xf6KKb\xc8\xe2\xf2\xd8\x1e9'`>\xbe\xfc\
\xfaV\xa3\xdb[K,\xee\xf0Ko+\xa0_0g\
\x1d;b\xaa-\xb6\xa9\x15\x91U\xbc\xb5\xba\x09\xf7\x04\
\xaaT\xfb\xe79\xa6\x80\xe4\x9e\xe6\x185%\x8c\xeb\xb2\
\xce\xd3\xeeVER\xc5s\x8c\x15\x03\xf1\xa8\xa3\xb2\x9e\
=E\xa2\x87O\x9a\xf4\x0e#\x92e+\xe5\x80\xbc\x7f\
!W\xd5u\xe5\xb871A\xa7$\x8av\x0e\x80\xfd\
G\x1e\xbf\xce\xb4-\x8f\x88\xd6\x02\xb7\xf7\xf6\xd1\x0d\xd8\
\x13G\xf3\x1c\x0fj\xab\x81\x9be\xa2\xae\x9b\x0c7\xda\
\xc9{\x8b\xb9\xa4,\xb0\x05\x07\x9czv\xe9]E\x9a\
J\x15\xaen\x94\xfd\xa1\xc6b\x07\xee\xc2\x9f\xca\xa9\xfd\
\xb3L\xb0\xf2|\xb57\x93\x15|\xc8\xc7 0\x1f\xa5\
B\x97\x0d\xab\xd9\x0b\xd9\xa5\x01-\xdb\x06\x05l\xee_\
C\x8e\xf4\x01%\xf4\xec\x5c\x9bI34_\xf1\xf13\
\xe4\x82:\x103\xfd)\x96\xba;I\x1c\xd1[\x15h\
\x9d\x97t\x84c\x03\x9c\x81V\xe2\xb3\x8eh\xd1-\x12\
H\xe2u\xcbd{d~U\xaf\x1a\xca\xb1C\x0d\xa0\
\x0d\x80\x0b\x96\xef\xd6\x95\xc0\x86!\x1d\x83E\x1c\x11*\
\x8e\x06\xe0:\x01Vg\xbb\x8e\x0bF\x9e@T\x0eJ\
\xfdi#\xf2\x96s\x81\x99\x11\xbb\x8e\x07\xads\xfe#\
\xdd4\x12I\x1a\x19\x1b\xcc\x05QX\x8c\xfb\x9f\xcf\xb5\
\x00c\xc9\xac$7\xd7>|M\xfd\xa1+\x93\x02\x10\
@ \x807\x93\xe9\xc1\xfc\xab\xa4\xd2\xb4\xe2\xb7\xcft\
n\xfc\xcb\x89\x91^@\xdc\xed=8\xf4\xe3?\x9d`\
\x7fc\x9dZ\x18\x19f\xff\x00N\x0d\xbaY\xba\x84O\
C\x9f\xa5u\xfa8Idi-\x90y\x1dL\xa4\x1d\
\xd2\xb6:\xfd(l\x0d\x85RB\xf6\x00S\x98\x93\xf4\
\xa4\x91\xf1\x80(=\x00\xeb\x9e\xb5\x004u#\xf3\xa9\
C\x90\x07\x1f\xa5Br\x5czf\x8f/<\x97\xc7\xe1\
@\x0e \x94\x08;\x8aU\x1bO\x1d)I\x0az\xd4\
a\xc9>\x9e\x94\x01#s\x8eq\xde\x98\xdc\xaf~\xb4\
\x9c\x97\xc6{S\xb9g\x18\xe8(\x01\x1d\xbeN\x9d1\
\x9a\xe7\x0d\xad\x8d\xc5\xef\xda\xde\xea{Yc,\xbe[\
>\xdc7~\x0f_\xe5]/\x03$\xf4\xe9T\xef-\
 \xbd\xf9.\x22\xca\x8e\x87\xa5\x08\x0c\x09o\xf5M:\
[x-\x96\x1dB6\xdc\x00G\x0a\xdc`\xf2O\xb1\
\xab\xd3K-\xcd\xb4Q^\xe9\xd9i\x07\xccP\xe7g\
\xe3\xebY\xf7\xfe\x11\xb0\xba\xfd\xe5\xad\xcc\xb6\x93\xa9\xf9\
%\x85\xf9_aW`\xb4\x9bI\xb1\x8a\x08\xef\xde}\
\xac2\xd3\x0d\xccF~nG\xb6j\x80\xc1\xfb\x1e\x86\
\x97Q\xa4\xabu\x04\x93\xb6\xd0\xae\xa4\x8c\x9e1\xcdY\
\x87E\xd2\x123\x01g\xca\x92\x98\x12\x96r\x09\xdb\x92\
s\xf8V\xbd\xca]Ox\xcb-\xbd\xbc\xf6\xeb\x18<\
\x0c1<\xf4\xcd\x06\x08\x14\xe6\x1bq\x10_\x9d\x9bh\
$\x81\xd0\x0f~\x05\x00R\x8fJ\x869V\x18D\x99\
(\xcb\xb0\x80\x17\x9f\xa7z}\xae\x99mc\x13.A\
\x96d\xda\xc1N\x01\xc1\xed\xee+`\x5c\x16V\xf9H\
b~P\x078\xf7\x15U\xad\x16\x00\xb2\xdd\xce\x80p\
\x0f\xf0\xf3\xd3\xaf\xf4\xa2\xe06+O4$`*D\
\x8b\xb8\x10\xd9\xe7<\xf2*\xc1\xba\x1bJ[n\x0e\x98\
\x04\xe3#\xde\xb3\x22\xbf[\x95\xf2`x\x96\xd4\x82\xa5\
\xd9\xb1\xf2\x82FA\xef\xd8\xd6\x10\xd5\xee\xed\xf5K\xc8\
t;O:9\x18;M+\x90\xa7\xd7\x1d\x87zv\
\x11\xb7\x7f\xaaEoi*\x88\x92\xe6P\xd8TG\x00\
\x17\xc8\xc6I=sTl\xeeg\xb2\xff\x00CR\xb2\
\xeaWl\x19\x95\xdbp\x84u=k*\xda[x5\
\x0b\xabu\x8f\x13H\x1ao\xb5\xdd\xae\x11I\x19 \xe7\
\xaf^*\xce\x9f8[\xfb\xd6\xb0+<%P\xc9r\
\xeaNX\xe49\x07\xa61N\xc3*E\x0d\xfe\xa5\xaf\
\x9d%\x18\xbe\x96\xa4\xad\xc4\x80\x9f\x98\x8eN\x0ex\xc1\
\xe3\xb5w\xdaV\x9c\xfaU\x89\x83\xcfyB\xe1Sp\
\xc0U\x1d\x00\xa84\x17\xb0\x92\xd5M\x89\x0e\x83\xab*\
\xe3$\xf5<\xd6\xbe\xe5\xda\xc4\xfeU-\x80\xd4\x199\
?\x858\x8d\xb8\xcf\xa5\x22\x9e\x84\x8f\xc2\x85&F,\
z\x0a\x90\x02pI\xed\xc74\xd2\xe7'\x02\x9a\xed\x9c\
\x0e\xa4\x9cR\xed?\xdd\xa0\x09\x0e3\x8cf\x9a\x09\xd8\
N\x06i\x01*\xb9\xc7&\x9d\x0a6\xdc\xbf\xd7\x14\x00\
\x83\xfd^OSNR@\x07\x14\xd6\x1e\xbf\xde\xe2\x9d\
\xd9\xb3\xcd\x00!S \x03\xb5\x12\xaa:\x1d\xdc\x8c`\
\x8fZUo\x9f\x03\xb50\xff\x00\xac#\x14\x01\x8fw\
\x8bK\x85\x8d,\x8a\xc21\xb6D\x5c\xe3#\x9c\xfaT\
\x17\x11Y^\xa43[M\x0e\xec\x07Wf8 ~\
5\xbey\x93\x07\xa8\xed\x5cn\xady\xac\xc7\xe2\x11m\
\x1e\x86\xb7\x16\x1cn\x98.~S\xd4\xf4\xfd)\xa06\
\xde\xc9&U\xfd\xf3y\xa9\x83\xfb\xb7'\x83\xdb\x075\
#\x5c\xda[\xb7\x94]7\x0coS\xc7\x00g\x8a\xc2\
\xbd\xbd\xd0\xb4\x8d]'\xd4g6\xb7\x17 \x84%\xc8\
\x05Gc\xe8*\x1d2m\x1fW\xbf\x9c\xc7-\xc4\x99\
v\x18,U\x15y\xc3/\xa8#\xd2\x98\x8b\x1a\xe7\x89\
$\xb4\xb8\x8a++\x09e\x90\x82\xa1\x94\x03\xcb}\xdf\
\xe5YV\xb7\xc2\xe2\xd6I\xafe\x96\xfeq6\xd3\x04\
c\xe5\x85\xc7\x1c\x9e\xc3\x8f\xd6\xaf\xea\x82\xebW\xbc\x8e\
=4y\x10C\xb9$\xbb~\xeaG;O\xe1\xd6\xb1\
\xec\xdfE\xd2\xb5\x0b\x9b=&\x1b\x8b\xe9\x00\x06m\xa7\
\x08\x08<\xb3\x13\xd7\xa51\x96b\x84\xea\x8e\x9a\x96\xaa\
\x05\xbc6\xa8\xea\xb0/\xcb\x9fL\x0c\xf3F\x8e\xef\xa8\
\xa3[In\xb6\xd6v\xd1\xb4j\xf26\xd5en\x01\
?\xed\x0d\xb5\x9f\xafh\xcdz\xf3jz\x83\xbc(\xf1\
\x97\x86\x08\xfe\xf2\x0e\x02\x8c\x0es\xc8\x1f\x8d]\x9c\x1d\
J\xca\xcdu7kH_\x1fe\xb3'-9\x039\
a\xef\xef\xfdi\x81!\xf0\xb4\x9a\x8e\x9f\x1d\xaaM\xb2\
\xda9\x9d\x8c\xef\xcb\xb68\x19=+KA\xb3\x9aK\
\xbb\xfbX\x82\xae\x8e\xa8\xa9\x1a\x95\x04\xc9\xc7\xccA\xe0\
\x8e\xa3\xd6\xa9\xc5\x99\x91f\xd4\x22\x92\x1bkf\xdb\x15\
\x8eH*@\xc8#\xd7#\x8a\xea\xf4\xf8\xdeH\x92w\
V\x882\x8d\xb0\xf6\x8f\xff\x00\xafI\xb0!\xd1\xb4\xb4\
\xb3\xb7E\x89e\xb7\x8dw\x15\x84\xbeq\xcfz\xd8\xc8\
\x0f\xb5G\xe3B\x8c\x1c\x92wR\x8c\x02\x0e*\x00s\
p*1\xc0#\xaf?\x9d#\x92\xea\xd4\x01\xb9\xb3\xe9\
\xc5\x00.\xd1\xbc\xb1\xec1N\x05q\xce*5\x1b\x9c\
\x97\xfa\x01Js\x9e\xb4\x00\xf7\x03w\xde\xc57y\xdd\
\x808\x141\xc8\x0d\xdc\x9aq\xc0l\xff\x00\x08\xeb@\
\x0c\xe5\xdc\x8e\xd4\xbbN\xd2=M\x22\xbe\x1d}\x0b\x11\
J\xc4\xf9\xbe\xc2\x80\x1e\xab\x82[\xbe)\xb8\x1b\x8bg\
\x9fJ9*;\x13J\x17\x9f\xa0\xa0\x06\x93\xbaBG\
nM8r\xe4\x1e\x98\xa6\xaf\xfa\xd6\xf4\xe8)\xc4\x00\
rz\x81@\x1c\xe7\x8a4yu;f\x928-\xa6\
u\x8f\x08\xb2E\x96\x19#8l\xf7\x02\xa0\x8a\xde\xe7\
\xfbZ/\xb4YE\x0d\xa4CdN\x84\xf3\x8e0G\
`y?\x95u\x5c\x1cg\xd38\xa6\x81\xbd\x0bq\xd6\
\x9a\x03\x99\x92\xd6\xefY\xbaur\xd6\xba:.\xdf%\
F\xd7\x97\xeb\xe8+.{a\x1f\x99aikma\
h\xdedw\x13H~v\x5cu\x07\xfe\x05\xf9\xd7p\
\x8a\xb8Q\x8es\x8ej\x0b\xab\x0by\xdc\x99aY2\
A!\xc6@\xc7\xb5\x17\x03\x8f\xb4\x8e\xc2\xee\xd5\xa2\xb3\
\x86[\xbb\xd9\x22\x11I3g\x09\x82\x07$\xf7\x00\xf4\
\xf6\xad\xbf\xb0\xbc:\xed\x91\x8e\xc0L\xa6-\xaft\xef\
\xfe\xabo@\x06;\xe6\xb6a\xb5\x8a\x05H\xe1\x8dQ\
G8Q\x8a\x9f\xa3\x0cph\xb8\x14c\xd3\xed\x92\xe6\
I\x117;\xb6\xe6f\xe4\xd5\xc6\x00\x11\xce:\x1a#\
P\xb23\x0f\xa5+.Q}I\xe7\xe9H\x03\x8f3\
<\xe3\xa5&\x0b>I\xc0\xa5\xdc6\x03K\xbfh\xe9\
\x8e(\x01\xa5v\xabc9=\xa9\x19\x84Q\x8c\xf5\xa0\
\x9c\x9c\x93\xc51\xc1g\x19\x1e\xa2\x80\x1d#l\xe4\x03\
\xc9\xebHT\x13\x9c\x9as\xe0\xb0S\xda\xa12rq\
\x8cP\x07\xff\xd9\xff\xe1\x0cuhttp://\
ns.adobe.com/xap\
/1.0/\x00<?xpacket \
begin=\x22\xef\xbb\xbf\x22 id=\x22\
W5M0MpCehiHzreSz\
NTczkc9d\x22?> <x:x\
mpmeta xmlns:x=\x22\
adobe:ns:meta/\x22 \
x:xmptk=\x22XMP Cor\
e 4.4.0-Exiv2\x22> \
<rdf:RDF xmlns:r\
df=\x22http://www.w\
3.org/1999/02/22\
-rdf-syntax-ns#\x22\
> <rdf:Descripti\
on rdf:about=\x22\x22 \
xmlns:xmpMM=\x22htt\
p://ns.adobe.com\
/xap/1.0/mm/\x22 xm\
lns:stEvt=\x22http:\
//ns.adobe.com/x\
ap/1.0/sType/Res\
ourceEvent#\x22 xml\
ns:dc=\x22http://pu\
rl.org/dc/elemen\
ts/1.1/\x22 xmlns:G\
IMP=\x22http://www.\
gimp.org/xmp/\x22 x\
mlns:xmp=\x22http:/\
/ns.adobe.com/xa\
p/1.0/\x22 xmpMM:Do\
cumentID=\x22gimp:d\
ocid:gimp:8f5be2\
58-77f9-4939-b1d\
7-3ecaea02ab35\x22 \
xmpMM:InstanceID\
=\x22xmp.iid:906292\
3e-5104-4164-aa8\
3-55e048e250f1\x22 \
xmpMM:OriginalDo\
cumentID=\x22xmp.di\
d:6b175e77-7881-\
4b6b-91dd-76c5e1\
1c19d0\x22 dc:Forma\
t=\x22image/jpeg\x22 G\
IMP:API=\x222.0\x22 GI\
MP:Platform=\x22Win\
dows\x22 GIMP:TimeS\
tamp=\x221647430908\
653303\x22 GIMP:Ver\
sion=\x222.10.30\x22 x\
mp:CreatorTool=\x22\
GIMP 2.10\x22> <xmp\
MM:History> <rdf\
:Seq> <rdf:li st\
Evt:action=\x22save\
d\x22 stEvt:changed\
=\x22/\x22 stEvt:insta\
nceID=\x22xmp.iid:a\
f4ce967-406c-4ff\
8-be89-ed6441c49\
d6e\x22 stEvt:softw\
areAgent=\x22Gimp 2\
.10 (Windows)\x22 s\
tEvt:when=\x222022-\
03-16T12:41:48\x22/\
> </rdf:Seq> </x\
mpMM:History> </\
rdf:Description>\
 </rdf:RDF> </x:\
xmpmeta>        \
                \
                \
                \
                \
                \
                \
                \
                \
                \
                \
                \
                \
                \
                \
                \
                \
                \
                \
                \
                \
                \
                \
                \
                \
                \
                \
                \
                \
                \
                \
                \
                \
                \
                \
                \
                \
                \
                \
                \
                \
                \
                \
                \
                \
                \
                \
                \
                \
                \
                \
                \
                \
                \
                \
                \
                \
                \
                \
                \
                \
                \
                \
                \
                \
                \
                \
                \
                \
                \
                \
                \
                \
                \
                \
                \
                \
                \
                \
                \
                \
                \
                \
                \
                \
                \
                \
                \
                \
                \
                \
                \
                \
                \
                \
                \
                \
                \
                \
                \
                \
                \
                \
                \
                \
                \
                \
                \
                \
                \
                \
                \
                \
                \
                \
                \
                \
                \
                \
                \
                \
                \
                \
                \
                \
                \
                \
                \
         <?xpack\
et end=\x22w\x22?>\xff\xe2\x02\xb0\
ICC_PROFILE\x00\x01\x01\x00\x00\
\x02\xa0lcms\x040\x00\x00mntrRG\
B XYZ \x07\xe6\x00\x03\x00\x10\x00\x0b\x00)\
\x00\x12acspMSFT\x00\x00\x00\x00\x00\x00\
\x00\x00\x00\x00\x00\x00\x00\x00\x00\x00\x00\x00\x00\x00\x00\x00\
\x00\x00\x00\x00\xf6\xd6\x00\x01\x00\x00\x00\x00\xd3-lc\
ms\x00\x00\x00\x00\x00\x00\x00\x00\x00\x00\x00\x00\x00\x00\
\x00\x00\x00\x00\x00\x00\x00\x00\x00\x00\x00\x00\x00\x00\x00\x00\
\x00\x00\x00\x00\x00\x00\x00\x00\x00\x00\x00\x00\x00\x00\x00\x00\
\x00\x0ddesc\x00\x00\x01 \x00\x00\x00@cp\
rt\x00\x00\x01`\x00\x00\x006wtpt\x00\x00\
\x01\x98\x00\x00\x00\x14chad\x00\x00\x01\xac\x00\x00\
\x00,rXYZ\x00\x00\x01\xd8\x00\x00\x00\x14bX\
YZ\x00\x00\x01\xec\x00\x00\x00\x14gXYZ\x00\x00\
\x02\x00\x00\x00\x00\x14rTRC\x00\x00\x02\x14\x00\x00\
\x00 gTRC\x00\x00\x02\x14\x00\x00\x00 bT\
RC\x00\x00\x02\x14\x00\x00\x00 chrm\x00\x00\
\x024\x00\x00\x00$dmnd\x00\x00\x02X\x00\x00\
\x00$dmdd\x00\x00\x02|\x00\x00\x00$ml\
uc\x00\x00\x00\x00\x00\x00\x00\x01\x00\x00\x00\x0cen\
US\x00\x00\x00$\x00\x00\x00\x1c\x00G\x00I\x00M\
\x00P\x00 \x00b\x00u\x00i\x00l\x00t\x00-\
\x00i\x00n\x00 \x00s\x00R\x00G\x00Bml\
uc\x00\x00\x00\x00\x00\x00\x00\x01\x00\x00\x00\x0cen\
US\x00\x00\x00\x1a\x00\x00\x00\x1c\x00P\x00u\x00b\
\x00l\x00i\x00c\x00 \x00D\x00o\x00m\x00a\
\x00i\x00n\x00\x00XYZ \x00\x00\x00\x00\x00\x00\
\xf6\xd6\x00\x01\x00\x00\x00\x00\xd3-sf32\x00\x00\
\x00\x00\x00\x01\x0cB\x00\x00\x05\xde\xff\xff\xf3%\x00\x00\
\x07\x93\x00\x00\xfd\x90\xff\xff\xfb\xa1\xff\xff\xfd\xa2\x00\x00\
\x03\xdc\x00\x00\xc0nXYZ \x00\x00\x00\x00\x00\x00\
o\xa0\x00\x008\xf5\x00\x00\x03\x90XYZ \x00\x00\
\x00\x00\x00\x00$\x9f\x00\x00\x0f\x84\x00\x00\xb6\xc4XY\
Z \x00\x00\x00\x00\x00\x00b\x97\x00\x00\xb7\x87\x00\x00\
\x18\xd9para\x00\x00\x00\x00\x00\x03\x00\x00\x00\x02\
ff\x00\x00\xf2\xa7\x00\x00\x0dY\x00\x00\x13\xd0\x00\x00\
\x0a[chrm\x00\x00\x00\x00\x00\x03\x00\x00\x00\x00\
\xa3\xd7\x00\x00T|\x00\x00L\xcd\x00\x00\x99\x9a\x00\x00\
&g\x00\x00\x0f\x5cmluc\x00\x00\x00\x00\x00\x00\
\x00\x01\x00\x00\x00\x0cenUS\x00\x00\x00\x08\x00\x00\
\x00\x1c\x00G\x00I\x00M\x00Pmluc\x00\x00\
\x00\x00\x00\x00\x00\x01\x00\x00\x00\x0cenUS\x00\x00\
\x00\x08\x00\x00\x00\x1c\x00s\x00R\x00G\x00B\xff\xdb\
\x00C\x00\x03\x02\x02\x02\x02\x02\x03\x02\x02\x02\x03\x03\x03\
\x03\x04\x06\x04\x04\x04\x04\x04\x08\x06\x06\x05\x06\x09\x08\x0a\
\x0a\x09\x08\x09\x09\x0a\x0c\x0f\x0c\x0a\x0b\x0e\x0b\x09\x09\x0d\
\x11\x0d\x0e\x0f\x10\x10\x11\x10\x0a\x0c\x12\x13\x12\x10\x13\x0f\
\x10\x10\x10\xff\xdb\x00C\x01\x03\x03\x03\x04\x03\x04\x08\x04\
\x04\x08\x10\x0b\x09\x0b\x10\x10\x10\x10\x10\x10\x10\x10\x10\x10\
\x10\x10\x10\x10\x10\x10\x10\x10\x10\x10\x10\x10\x10\x10\x10\x10\
\x10\x10\x10\x10\x10\x10\x10\x10\x10\x10\x10\x10\x10\x10\x10\x10\
\x10\x10\x10\x10\x10\x10\x10\x10\xff\xc2\x00\x11\x08\x01,\x00\
\xc8\x03\x01\x11\x00\x02\x11\x01\x03\x11\x01\xff\xc4\x00\x1c\x00\
\x00\x02\x03\x01\x01\x01\x01\x00\x00\x00\x00\x00\x00\x00\x00\x00\
\x04\x05\x02\x03\x06\x01\x00\x07\x08\xff\xc4\x00\x17\x01\x01\x01\
\x01\x01\x00\x00\x00\x00\x00\x00\x00\x00\x00\x00\x00\x00\x00\x01\
\x02\x03\xff\xda\x00\x0c\x03\x01\x00\x02\x10\x03\x10\x00\x00\x01\
\xfd\x1d\x9b\xe2\xc4\xe1Y:\x8cp\xbe\xab\x89\x1c:\x01\
I\xb4Kk\x04\x06]T\x96\x05\xc4k\xb2\xdd\x12+\
']\x8eTRQ\xc3\xa5\xa5\x04\xab\x91\xd2\x14=\x08\
H\xc8\xec\xef#\xa5\xb4\x22\x0b<v:t\x89++\
\x97\xc4\xac\x89 2\xba\xe8*\xaf\xa1\x16\xd4>\x0d\x92\
\xfa\xaaS\xceY(\xe2\xca;UD\xc9\xa7-\xa1,\
+*\xae@\xb4\x15\xb0A\xad\xc8\xda\x08\xf8s#\x8c\
\xa6\x85\x04Kq\xc8\x95\x92Z\xe3\xc5\x855\x14\xe2\xd5\
dE\x16\x8e\x0f\x5cJ\x16\xaa\x89\x10\x9b=)\xb0\xc6\
A\x95\xf6ED\xec\x8a\xf0\x91\x08\x85@\xea@\xf0\xa3\
U-\x1db\xc5SN!\x84\x98\xed\xde\x9aL\x9bH\
|\x0f+\x14:X\xc5%\xd6L\x84r\xa8:\x01n\
oW\xa6n\xb8v\xcb\xa9\x86Jm\xc6\xd4\xebk\x98\
\xf2\x19\xc9t\xb5\x1al\xb9\x16\x9c\xa8\x95'\xaa2\xe7\
4\xa4\x8dgm\x12\xc8\xab4\x1c \xc2\xea\xbe\xcc\xd2\
HM[)P\xd6A\x97A\x94\xa4\x9d\xb5\xa5\xa5`\
\x0a\xb2\xa9\xa4\x94\x83T\x1aWU\x8d\x06L\x8a\xaa\xc3\
\xc7\xd9;J@WY\x99\xd8}\x85\x87-\xe4\x9d\x07\
\xaa\xed\x04\xcfj\xe6\xb6\xf4d\xf4u\x02\x07\xd9\xa1\x8a\
\xe3+\xaaB>\x8b\x06\xf0\x10\xef#a\xfe'\xab\xc4\
\xa2\xaa\xa6\x82P\xa9u/\xd39h\x15\x9b\xd3\xe8\x19\
\x99\xbbZ\xc8\xce\x12h$\xba$}\x98\xef,\xee\x84\
J\xe7-\x16%Ku\x9d\x88P\x940\x87UV\x81\
\x99\xedPj\x8b4\xf8\x05\xa7!\x91\x9c\xad\x04hd\
&!\x1c&\xad#O\x89TJ\xbcD^SH\xf5\
F\xaf&wT\x13\xda\x1b\x90\xfax[C\x1a\xac\xcb\
K\xf3tRN/\x02]W9\xe2e\x95H\x01]\
$\xb4\x0d\xc1V6BT\xda\x11\x11\x05\xd26g\x95\
\xcc8\x86\xf9\x8d\xe2\xa0\xd8\xb64\x98p\x91\x12\x14\xb6\
\x96U\x14\xbbJ\x08\xd2\xfa\x88\xa2\xb4\xb9e\xf4\xcc\xaa\
\xd3\xea\x92\x1f\x1d\x87\x11i\x182W\xf9\x96\xc7\x88\x1d\
\x15\xe8\xba\x80\xd2\xa00= [Y\x9bMA\x17\xe7\
9\xbb+4\x16:\xc8\xf8s\x14\xa2\xa6\xb4X\x9a\x1c\
\xb8UV\xc0t\x0d/\xa4Z\x0bM\xa0\xe8\xcel\xb6\
\xb9\x00\xd0\xfa-\xc5\xd1X9\xa1\x93\x92\xbc\x92R\xd1\
M1t\xb2z8H\x1e\x91\xd4)^\x82\x89t\xd0\
d\x9fCa.\x94\x8bm\xdds\x97X\x8bfX\xbc\
\x87a\x19-\xa6\xb9\xba\x1c\xc8\x92<\x0dK*\x9b\x13\
\xdb]R\x14f\xf4\xf5\x04\x0f+\x84\xdce\x94\xa6\x08\
,\xa6\x0c\x10\xac\xd0\xabE\x81\xb1\x12U \x10S?\
\xa5\x95\x9e\xd1\xecD\xa4\xc5\xec:\xde\x9b<\xce\xca\x0d\
\xac\xe6U\xda\xceBU\x8eKkQ\x81q\xe2$J\
\xe8:[@\xd04\xd12\x96\xbcE\x0b\x9d\xd36\xae\
,\xd1e\xa3\xc9]\x18r5\x11h\x90k\x9b\xa1\xcc\
\xe1\xd2\x04(S?\xb4\x12\x9b`\x0dU\x01\x98\xad\x5c\
\x8c\xbb\xbb\x90\x9a\xdf\xe30\xa5U\xb0\xc9\xa4\x17\x0a\xcd\
F\x1e<@\xe1\x11F\x92EZ\xa2P\x04\xcai5\
a-*\xc1\xd4\xb8\xdf\xe6\x0e7\x86\x90\xf6N\xc2\x8b\
t\x19\x19\x1c8H\x16\x96\x02iEQR\x80\x8a)\
\x16\x98]U\x90X\xf15\x19J\x9dF\xa72\xfc\xd1\
\x81\xabK\x84\xea\x11\x22t<QC\xd2\x9a\xf5\x80\xa8\
\xb54MX\x9di-\x9b\x08]Z8\x7f\x99\xe5{\
\x93\x18V\x83[\xb6\xe6\xf5r$VX\x0dCX\xae\
\xd8X4\xabt_AX*\xe7\x8d0\xa6\x97V\xb3\
&\x11\xb5\xc4>\x5c\xee\x82\xc6\xdf\x09\x1c;]=\x02\
R\xca\x88>\x83\x22\xd5G\xa2\x8a\x81e4\x8b\xd36\
\xackw\xcd\xa3\xccEj\xba{\x93\xf8\xecH\xf1\xe2\
'\x81h:\x12\xc0m\x10\xcdmQ\xe1Q\xb8\xcc\xaa\
\xb3z\xad\xa3\x7f\xccDf70;\xbf[\xe2q\x94\
\xce\x10<r\xa7\x02\xd2\x9d\x06\x01\xa2\x93-\xaa\xb2\xdc\
\xd6\x8fr\xddg0\xac\xd5\xadr\xd7f\x5c|\xff\x00\
v\xd8\xfa_1\x11Y\xe2UT]U\x92\x854\x0e\
\xa4\x17?Iw\x17\xca\xd4|vA\xed:\x1dI\x13\
#\xb6%~\xbb\xcd\xa9\xcb\x84\x22%\xa5\x01Eg\x00\
\xeb/\xa1\xe8t\xbf<\xddW\x0e\xec\xafP\x9c\xd6\x90\
\xfaK\x05\xb5\x9d\xd5\xac\xd2\xe1\xaa\xc3\xa7\x0f\x1d\xa9G\
J\xcf\x15\x99\xfd0\xfbifN\x9aUM\xe4\xba\xa9\
\x8bJ\xec\x11s\x9aZ.\xce\xbe\xb5\x89a|VV\
\x5cRt\x91#\xa0\xa8\x92\xd5\xf4U\x85\x11\x82Ai\
-%\xd1m\x5c^}+\x8dfW\x1e\xa9E\x015\
\x08\x89\x22u\x18\xedf*VB-\x09\xacF\x8b\xea\
\xa2\xb5s\x00\x0e\xf3t\xf9<K\x0abG\x0eTK\
\xe2\xb2d\xaa\x88\xe9\x86\xd0{\x19\xd9B\xe7-\x19\x06\
\xd5\xe4\x18>\x8d\x973\x18\xf5x\xa8\xf4H\x9dx\xe9\
LZv\xab\x8e\x94\x02W\xc5\xf5ww5\x08\xadl\
@k\x8a\xf6Gq:\x81\xd3\x84\x88\xc4\xea'\x0b#\
\x87k\x91\x03\xa5\x82\xca\x0e\x8d\x8c\xf5\x0a\xba\x8c\x89B\
H\x93:z\xab*\x8f\x16\xd5\xa51\xe3\xc5\xa4\xaa\x82\
\xf2\x11YeD\xe9\xc9&\xb0\xb2g\x16\x07b'\x8f\
Ug\xff\xc4\x00)\x10\x00\x02\x02\x02\x01\x04\x01\x04\x03\
\x01\x01\x01\x00\x00\x00\x00\x02\x03\x01\x04\x00\x05\x11\x12\x13\
\x14!1\x06\x10\x222\x15AB#3$\xff\xda\x00\
\x08\x01\x01\x00\x01\x05\x02\x19\xf5\xc6\x7f\x9es\xdc\x96\x14\
\xf1\x1c`G\xa2\xf7\x9f1\xcf9\xfdu(\x98\xf0I\
\x15u\xec\x8e\xcd\xa8\xd9\xc5=:\xf6\x15\x19\xe3!\xf8\
\xba\xa2\x06q=_\x9c\x10\xfeS\xfd\xe7\x1d1>\xb3\
\xfa\xc1\x8c\x89\xf6_\xb4\xce\x0f\xe3\x1f\xa4G\xa1\xce\xae\
\xac1\x89\xc3BNN\x8dx\x92\xee\x13\x9f\xa5\x14\x15\
:\xb7U\x1d\x1dm\x97u\xb4^\xaec\xa7\xab\x9e\xa2\
\x9c\xf9\xcec\x9er3\xe3=\x0c\xff\x00\xb9\xf9\x99\x8c\
\xff\x00\xb72\xfe\x8c\xe1\x8b\x919\x97\xd9\xda1\x05K\
\xcf\xd9\xe5\xb7\xda\xa0\xda\xd6\xd6\xc9]\xb4Z\xc9lA\
\xa5\xbd\xd1\xe3\x9c\xed\xc7TG\xb1\x1e\x0er>c\xe7\
\x8eg\xe2\x0b\x8c\x9c?\x93\x93\x1c\x92\x83\xc1\x08\x19c\
\xe0\x85\xa9\xe4\x98\xf4\xd8/\x12u\xe4\xa7W\xab{\xea\
\x0b\xbbz\x8e\xd57V\xb6\x15\xc4\xd0\x15\x1a\xeeD\xc4\
\xaf$\xf0,\x09\x97<\x9f\xf6Q\xc6s\xf9G\xed\x93\
\xfa\xb3\xab\xa61\xca\x139\x87\x0e\x1d\x8e\x8c\x8bT\xc8\
\x8c\xb6H\x9f>\x9d\x8bv\xae0C\xc1\xb4\x99`\xea\
N\xf0\x06\xa2\xb3\xb5\xda}\x1d{\x17S\xb3\xef\xf7\xb6\
\xb1\x95\xf6*`~+)\xb5\xda4~\x99?\x13\x91\
\x9f\x19?\xb1\xcc\xe4\x91\xccv\x84\xb0\xcf\xb1\x84l\xc7\
\xb6\x9b\x95Q\x22\xa2\xf2RrP\xeaq\xe7&\x8d\x98\
\xfeI.k57\x17\xb4\xd6)GR6\xa9]}\
\xb1\x80\xa2\xdd\x17\xe3\xa1`\x15\x22\xb5\x90T!p_\
\xaf?\x8e\x00\xfa.3\xd4\x11G\xe3\xdd\x0c)\x01S\
\x0d\xc1\x8e\xf1\x22Y\x7fh\x95\xf6\xf4\xad\xc6\xbe\xce\xbe\
\xb5R\xadb\x95\x11gtn!N\xb9\xbe\xa1\xdc\xbd\
~\x83\xac\x13\x1f\xd4\x87\xeb\x84\x93\xb1\xd7\x869\xd4m\
\xe5u\xd1<\x18Gxbg?\xdc\x0cFs\x91\xf1\
\x18c#?\x87\x17\xac\x96\xb2W\xdbb\xdfqm\x11\
M\xca\x01h\xb4\xfb\x18\xa4\x8f\xe2\xc3Y\xb5\xa8\xf2\xd9\
\xdcn\xb1\x85\xb0\xa0\xd0\xdd\x9aE\x9a\x02\xfa~\xca<\
\x0d\x1ae\x95h(V\xddid\xde\xacf\x0eH\x1d\
Kq,\xeb\xce\x9erc\xd4G\xe7\xf3\x9c\xc4K\xca\
y\xbb\xb0\x8a\xd2\xd3\xbb^m\xd2\xd5\xedZ\xca\xbb\xcd\
`\xca\xb5\xcf-\x836t\xa5\x8eTW\xee\x9b\xd3j\
\xad\xeaQq\x15\x18\xa9e\xda\xf6 \xe8\x81\x8d\xdb\xa2\
]4\x80X\xc0\x996\xade-\xe9\x04\xdb\xee\xb7\xa7\
#\x04\xb9\xce'\x99/Q\x1f\x91\xc7\x13`\xc8\xd4\xd7\
\xf9qw`/\xb8\xd0\xdb\xd6T\xb466\xd5\x01\x05\
a\x0c\xd3Y]\x97\x1eS\xb0\xf0\x1d\x83\xf4\xef\x1b\x0a\
j\x19X\xf6\x17\x1a\xea\xb1\xdc\xae\xd1\xf2Y\xdc\x88\x95\
\x9a\xd8n\xa5\x08\xa0\x0c\x98\xe7\x98\xfdf#\x81?\x88\
\x1c(\x85C#\xa4%\xeb\x98[+8\xef\x94\xf9\x0c\
\xadf\xa46U\xb41\xee\xd5\xb3\xd1d\xd5Ve&\
\xc0h\x04\x82\xefE\xfa\xaa\x8c\xd6w\xff\x00\x915\xb2\
\x93\xaay,\x15\x10\xc0\xd9R\x0e\xdaEf\xe5K\xe5\
\xb1\xf1\xf3\x9e\xfax\xfcH\xf8\x8eJ\x08\x98K\xcbj\
\x0b\x99m\x07es\xb05-\xf7\xff\x00\x8b\xb4\xe9+\
8\xf5X{\x0e\xd3\xee\xabyb\xbb!$\x1d\x98t\
B-\xf4l\x1d\xf4\xf4\x0a\x10N\x14\xe4~ n3\
\x05\xb5\x0cO\x8c\xd5\xd9\x14/\xbc<d{\x98,/\
Q3\x03\x92\x05\xde!\x84\xe3\xa4\xa9\xd9\xd8\xdc\x9a\x17\
,\x9a\x9b\x16\xb5\x15\x1e[-R\xe8\xb1ka5\xa1\
5\xec\xda\xad\xff\x00f\x10\xc2!G\xdc\xba\xb0\x86T\
\xbd\xd2\xa69\xa9r\xa6l\x9a(\x04\x00\x08\xbc\xd4\x15\
\xd3\x8a]\xb7\xdd\x08\xe9\x0f|Ld\xc4cc\xba\x1e\
\xc7\x00\xa0\xb0\xbbqV\xb1V\x94\xd2\xbb\xd9\xb0\xe4\x8a\
X\x9eo\xd2\xa8\xd2\x8b\x9d\xd1\xb3F\xd7rl\xac{\
\xcdwB\x14F\xbe\xd6\xa5\xec\x8c\xa6\x7f\xf5]\x95\xa0\
kZ\xee\xe3\x9f`,@-d\xbb\x13\xdf\x8e9\x9f\
\xb7<d\xcc\xc49p\xf0\xbf\x0d \xb2\xc5\xdaN\xc2\
\x97Ix\xc3\xb0\xa6\xa6y\xcaWWL$\xa9\xb8[\
>'P\xd8Y\x1fn\xe6\xc9\xb6T\x15\x16v,)\
B\x08E%:\xd8\xd0\x8f!:\xca\xed_r<\xa7\
6\xbdf\x83y\xc0\xf8\xf8\xfbO\x18S\x1d\x22l'\
Xk\x16\x08T\xf7\xc3\xb9Y\xba\x8bM[\xadAS\
}\x84\x1d\x83|~b\xbe\x04-\xf3\x0f*\xfd\x8d\xa6\
\xcd\xb7\x9f\xa5H\xd5\x8e:&\xa1\xc0*V\x9bF\x12\
\x04\xa5\xcaP7\x0d%4\x95a\xa7\xc7NG\xcf\xbc\
\x11\xe0m\xcfB\x97\xc3e\xfc9k\xb4\xe3\xd7\x1d\x89\
ax\xf5\x7f\x92\xd9W\x870\xde\x04\x832#\x04w\
k[\xae`m\x99\x02_\xd2\xb3l\xcbPi\xc2)\
7\xc2\xa6+t\x1a\xdcQZ ;)\xcb\x915\xd1\
\xa6k\x1b\x07\xe8\xbe3\x9c\xe7\x88p\xce)L\x06\xa9\
^\x1dj\xa2B\xd4/\xceB.1\xb5f\xdf\xf28\
\xb5\xf1F\xc5pTW|V\xcd\xbf\xff\x00-\x8a\xcb\
[lP\x86!7J\x06\xac'\xaek\x87z\x04U\
\x18\xba\x8b\x0c\xa4\xa5\x8e>\x07Z\xbdC\x92\xe8<\xfe\
\x87\xd0\xfc\xe3\xcayyzk\x17\x00,%\xd2l\x9e\
RBQv\xe5IC:\xa5\x97-4\xba\xa8)\x1e\
F\xc9\xef\xb0\xbd-Ah @\xdb\xbasf\xc2\x14\
I\xa6\xff\x00\xfa\x9db\x22cg\xa6~q\xe4\x04U\
\x96\x13\x85\xfa\x8c\xf3\x1cq\xf6x\xf5`\xa4:n\x81\
\xb9\xb6Ak]jvj\xd84E\xda\xb0\xfb\x16+\
Mz\xf7\x9dm\xcc\xab1O\xb6\xd76\xaa\xd8\xa7\xa6\
\xbd6YX*\x95R\xf3\xfb\xd9XH\xea4 q\
Dv\x1e\x9e\xa0\x0d\xc0\xa7\xb1G\x8f\x12}\xe7\xf5\x1c\
\xf1\xef\x87\x0c\xc8\x99\x94\xa9\x87&\xa8>IN\xe0\xc8\
\x85\xd86\x1c\x09\xae\xa5\xca\xa2\x149\xb0)E\x7f\xe4\
]\x03\xadc\x98\xa63\xc6\xae\x9e\x90\xaf\xd8te\xa4\
\xa5\xedW\x91e5T\x09\x80\xe4\xf2\xdc-\x8f\xd6\xf9\
G0<g\x19\x1e\xa3\x18q\x03\xcfk\x0e\x987\x15\
\xf8\x99u\x09X\xb1\x11i\xe0\x030#6\x1d\x0e\x13\
\xd9Y\x94\xbb\x5c\xae\xfb\xd5\xdb|Y1}\xadI\xb6\
\x8d[\x92\xb5B\xc1\x9d\x0b\x8fJ\xe6qQ\x1c\xda\xa9\
\xe5\x9a\xfa`H\xb3\x8eb=d{\xc7\x04\x10=R\
\xd5\xcfNOOSaQ$@\xc0Z\x1d]\xa5N\
\xf4\xe5\xa7X\x1d}\xc4\x07\x93n\xbdZOc\xdc\x0b\
\xd2\x09\xb4\xec7\xb6\xf4\x02\xdb4\xb8\x8bR\x06e\xc8\
\x86\x1b\x7f\x0b]\xe3\x0a\xab0G\x11\xf6\xf5\xccG\x19\
hH\xc7\x82\x93vL\xa81\xf2\xf8l\xa7\xd3-\xcd\
w\x13\xb5\xd6T\xf1\xa5+Z\x0f\xa6\xf5a\x17\x82\xac\
\x0c6\xbck\xea\xebo)\x8b\x18$J\x8ck\x12\x02\
`\x12r\xc3o\x01\x8e\xbak@D\x8a\xe3\xde\x14\xcc\
d}\xa6c&zD$c%dFd\xe0\x17I\
I\xd9\xef\xcaiy\xb6\x1blmI\xda\xb0\xc3I*\
\xab\x04\x22\x13A\x95\x1a\xd5\xd3\x15\xea\xa3\x5c\x00@(\
Z\x96\x85\xcdd\x08H\xe5\xb5\x09=@,\xbd9\x1f\
\x8e\x17\xc7\xc4~\xd8\x03\xe9\x92\xc8\xcf\xfdb\xcd\x95\xf6\
\x05\xe6\xb5\x18\xa1\xc1\xe4Pa*\xbd\x0e\xe5\xb0\xd5\xa0\
\xf6\xbc?[\xf4\xf5\x01\x8ck+6X\xc7c\xcaM\
\x9af\x0de\xeb\x9c\xc7:\x17'\x91\x13\x05|\xc6\xbe\
\x0a\x96\x1b_\xees\xe78\xc8\xf5\x1c\xfb`\x91I\x81\
\xb1\xce\xff\x00\x9c&Y\xd0\xff\x00\x0e\x0b\xb8\xe8\xafx\
\xae\x84\x96\xc3e\x18\xa4t\xc5joj\x01\x1eP\xb0\
k\xd8t\xf4_\xb5K\xa9\xb6u\xaa\x998\x8e\x97m\
lZZ\xac\xdaM\x1az\x88\x13\x5c\x973\xceNL\
\xfb\x91\xfb|\xe4\x88\xc3\x1e\xd7\xc3\x1b\x14BlyO\
\xcbH\xa6fB\x8a\xad\x89\x0e\x10kZ\x92\x80e\xb5\
W\xb0\xf3\x95\x15\xf0\x9ah\xb8\xedUq\xbaU\xe1d\
\x1cu\x1e\xe6\xdfEpLV\x1dr\x8ck\xf1\xccq\
\x11\x13>\xe7\x9eg\x9c\xe3\x89(\xc6(NX\xe88\
9\xb0\xf3\x85\xd1\xab'\x17\x157\xdd\xb6\x02;\xdbf\
\xd2\x93\xa8\xb4\xd2\xd6\xdb\xbd\x15\xcc\xaf\xc5\xe3#\xab\xdb\
\xf2\x99B\xac\xbd\xb5\xc9\x00\x0eh%qg\xbc#]\
\xf7\xb6a\xff\x00\x94z\x19\xc8\xe3\x99\xf8\x22\xf53\xf8\
\xcf9\xd3\x96\x1d n\xb9Q2K\xbf\x0f\xf2uv\
YpV\xa5\xd5\x9d%z\xd0?O\xd7\xc7k\xdfx\
\xad\xddJ2Ug\xbd\xaeD\xb6z\xc0\x85U\x85a\
\xb0\xbc\xd2e\xb4\x1dw\xd4\xefC\x22\x22#\x9e\xa9\x9f\
y\xceG\xc0\xfb<\xe63\x9fnI\x13,\xde\xd5\xb6\
\xdda[\x07\xc7af\xd14|\x8e\x9d<O\x99\xe2\
\xcb\xca\xe5\xc2\xd3\xcb&\xb5u\xb0\xaa\xaf\x93\x12X(\
-\xda\x8a\xe9\xbdD.\xd6\xf3+$tf\x170\x8b\
\xd4~1\xc7\xa8\x8c\xe38\xfb\xfb\xe4\xe0\xc8|\xa6T\
\x0d\xa5\xadI\x8e\xbdG\xdahm\x02\x17\xb0y--\
\x9b9\xe3\x1bs\xa9i\x15.,cv(C\xb6\x0f\
N\xba\x1cgy\xf5\xe7\xf9,\xd1\xe8\x9e\xfd\xaak&\
\xbc\x0cg\xf5\x13\xccs\xc6\x14\xc6Is%\xf1\xf1\x03\
\x1cg=8C\x076)\xea\xad\x8d\x1d\x0e\xa7T=\
6\x0a\xa2\xbc\x84\xc0\xcb:\xe0\xe4\xc0\xd0\x8aK=\x80\
\xb9\x9b{\xbd8\xf1\xd8\xc2cgH\xc2\xa3,\xd6\xd7\
Q\xb2\xbb*\x82\x8c\x8ep\xa6g\x0b\xd6G\xe4S\x91\
\x9e\xe4\xff\x00\xd7>\xbad\xa4\xf8,\xbb(\xa7\x1d4\
\xad\xa2\xad\x13H\xaa\x9a\x90\xce\xfa#6\x9fSv\xac\
\xa2\xca<b\xf2~\xa0\x9b6\x91F\xf5\x9dW\x16\x7f\
\x84\xec3]^\xd5\xdd\x1e\xbe\x9c)S03\x93\xf6\
\x88\xe9\x88\x9c\x19\x92)\x8e&=d\xe4O9\xf3%\
\xef>\xa1\xd8k\xf5\x02\x96U\xdbk\x1c\xb2^\xbe\x8e\
\xb6\x04\xaf\xbd\x966\x15\xb5\xb5~\x9f-\xa1Y\xbe\xed\
S\x8a\x88\x22\x1b\xaaun\x9e\xaa\xa2\xf1\x01\x8c\xe29\
\x99\xfbs\xd0\x103\xc4\xc6D\xc0\xc1\x16{\xe2g\xda\
\xe3\x8c\xe3\xdb?k\x15\xab\xd9\x17\xd4\xaa\xb4S\xd1k\
\x91sM]n\xad\xe5wM:\xfdf\x9e\xde\xb5\x1b\
\x8bUi\xd2\x1a\xfa\xda\xbaz\xd1\xab\xad\xadP\xb6\x22\
y\x8ez\xa4\xbd\xfb\xea\x8f\xda}\xe78S9#\x93\
\x11\x9c\x0fG19%\x11\x9e\xf3\xfd\xcf\xc4\xfb\xc3\xa3\
Y\xac\x9djAh\xa6\xba\xean\xb1\x89j4\xb7\x1a\
e\xaf\xaa\xcab\xa0\xaf\x5cc\x81\x9e`\xb8\xe3\x222\
f#=@\xab\x9c\xe3\x82\x9f\xfc\xfes\x99\x93\x0fk\
\x18\xfb\x7fs\xfb\xce\x7fg>\x8e=\x0f\xc9\xc7%\xfe\
g?\xce\x1f\xed3=3\x9f1\xf3\x81\xfa\xf3\xf8\x7f\
\xff\xc4\x00$\x11\x00\x02\x01\x03\x04\x02\x03\x01\x01\x00\x00\
\x00\x00\x00\x00\x00\x00\x01\x11!1@\x10 0qP\
Q\x22Aa\x02`\xff\xda\x00\x08\x01\x03\x01\x01?\x01\
\xc1\x7f\xb9S\x8a\xe8*\xe3\xf6TD<>\xf5\x9fd\
z\xd9L\x0e\xb7@\xa4\x9d#\x9a\xa5\x0a\xea\xf4\x84C\
; \x8eh\xf4O\xb3\xa1\xfe\x8d\x08\x81\x0dl\x5c\xb2\
\x8a\x97\xdd\x1c\xf6\xd7\xad.=\x12\xd1\xc6\xc5\x81r\xfb\
o\x8fa\xf8\x9f\xdc\xc9\xd8\xb7\xac+\x0f\x22|\x0cb\
-\x8b\x82\xde\x01\x11\x98\xff\x00\xc8\xac\x07\xc2\xbc\x93\xc0\
\xb7\x02\xa75\x18\xd9-\x96\xc3\xae\xb5>EY\x1b\xad\
\xcbS\xb2\x8c\x82\xbc6\xe5_\xd4\x0d\xc9M\x92v\x5c\
\xeb\x06vCgZ_X\x8ez\xb3\xb2\x85\x0b\x8e>\
\x88\xf6^\xc7X3\x1aJ\xbci\x13r}\x0e>\xf4\
\x9c9\xd1\xd7O\x8a$n|\x17\xff\xc4\x00%\x11\x00\
\x02\x02\x02\x02\x01\x05\x01\x00\x03\x00\x00\x00\x00\x00\x00\x00\
\x01\x10\x11!1 0Q\x02@Aaq\x122P\
\x81\xff\xda\x00\x08\x01\x02\x01\x01?\x01\xed\xd1e!P\
\xe8\xb2\xfd\xad\x9a.\xc7\x98\xae\xfa\x9f\xe4\xc1E{5\
;7\xb1%\x15f\xbd\x8e\x1c#\x0c\xc8\xec\xb7\xa1\x14\
UEv\xe4\xd9\xad\x18\x8f\xc3(N\xcaC^\x0c\x99\
/\xb5/\x05\xf9?8e\x09\x9f\x86JfL\xf5l\
\xfd3\xf0a\x99F\xf4S\xe0\xecV[2f\x1a\xe8\
\xa8\xb6\xb6a\xea\x143q\xb8\xae/\xaa\x8c8b\xc9\
C2%\xc5\xc3\xea\xfc\x135\x1a6l\xd4>,}\
6W\x83r\xd0\xb1\x15\xec6%b\xf0X\x9d\x8e\x17\
\x0a\x8d\x17/\xa1\x0c\xac\x5ck\xa7f\xa6\xba\x10\x99t\
j>89\xb2\xcb\xea\xa8\xd8\xd0\xb3\xd8\xe1\xf4\xa5\x09\
\xcd\x89\xc6\x04\xf9\xbe\xaa54!\xe0b>\xc6\xe2\xe3\
g\xab\xa9\x89\xc2\x1c7;\xe3\xf0>\x85\xd4\xf8\xbfc\
|\x9f\x07\xda\xa1K\xc8\x8b\xeb\x5c4_4\xa1\xf7(\
\xa3\x22\x875\xc5e\x95\xec\x1a.\x1eG\xc7\xd5\xd7\x92\
\x8c\x99\x10\xfcJ\x18\xe5\x0f]\x7f\x90\x8cp\xd4<\x0e\
\x11C\xea\xcc\xe6[\xa2\xfcO\xa9\xcf\xa4l}5\xe0\
\xc4~\x98\xe1\xac\x08\xf8\x1cQ_\x03}H\xa8_F\
L\x9f\xa5\xf8\x12\x87)\x17\x81\xeb\xae\x8c\xc7\xfd0`\
\xb1\xee\x1c\x22\xca=]i&S\xf82\xb7\x18\x1f\x0a\
\x12\xfe\x8f\xa4k\x07\xab\xd5\xf1\xdc\xac\xbe\x19bB\xf4\
\xf9\x8a>\x90\xd7j34$\x96\xe3\xfcO\xd2\xd9\xfd\
X\xde{\xd1\xa3#\xb3K0\x9d\x0f\xec\xdf\xb3\xcf\x93\
F\x11\xb8\xf9,n\xfd\x9d\xc5\x9f\xd3\xff\x00I\xff\xc4\
\x00<\x10\x00\x02\x01\x02\x04\x04\x03\x06\x05\x03\x04\x02\x02\
\x03\x00\x00\x01\x02\x03\x00\x11\x04\x12!1\x13\x22AQ\
\x05aq\x10\x14#2\x81\xa1B\x91\xb1\xc1\xf03R\
b $\xe1\xf1C\xd1\x06\x15Dr\xa2\xff\xda\x00\x08\
\x01\x01\x00\x06?\x02\xbd[\xd9n\xbe\xcbW\xa5\x03V\
\x15\xa5\x0bV\x95q\xd6\x8e\x1d\xb7\xb5\xecE\x14\xc1\x98\
\xe3\x94\xb7\xca\xeb\xa3\x13\xff\x00U\xc2\xc4px*\x0d\
\x9dd\xdc\x13\xb7\xd2\xd4\x9f\xee\xd2\x1b\x8c\xac\xe55Z\
\xc9.>,^\x1c\x9b\x02>aS+\xbf\x11\x1d\x85\
\xd4\xec<\xa8p\xce^\x9e\xb4\xba\x9bkG\xafj\xd6\
\xb5\xe9\xec\xcb\xde\xbe\xb5a\xd6\xb4\xe9Dv\xa3\xec\xb7\
\xfa>\x95\xa7J\xbf\xf6\xd5\xca\x0b\xa9\xb8\xf5\xa2\xf1\xc5\
\xf2\x9b\xe5\x06\xc2\xf5\xc2\x01xyk\xfd\x8a\x98X\xfe\
1}\x0dq$\x95Y\x99\xaf!\xcb\xb9\xa4\xbd\xf3\x03\
~RE\xa9cR\xc0\xa7\x96\xf4~%\xedYo\xe7\
Z}j\xf5\x7fo\xde\x8fz\xcdW\xb7\x97\xb0kW\
R\x0f\xad\x0e:\x95\xce\xd6\x14@l\xc8\x7f\x0f[V\
h\xa7\xd2\xf6\xc8\xd4\x1aX\x1f\x86>w\x1f(\xdf_\
\xb5{\xe2\xe3\x82&k\xa2\x05\xfc=/\xf4\xab\xe2\x09\
hX\xe6i\x10ma\xd7\xef\x5c\x95\xc4\x87\x9dWs\
\x5c(\x99\x08Qw^\xbeU\xc4h\xca\x1a\xcct\xb5\
f\xb6\xfd(Q\xac\xb4oF\xfe\xcb\xd5\xfb\xd6\xf6\xad\
\xeb\x95v\xac\x92\x0c\xa4Vd\x935\x03\x88\xc3=\xae\
v\xd7\xebK6\x17\x15g:\x84;\x1a8l^\x18\
\xa3m\x9b\xa7\xe7SO\x1f\xc6\x81\xd3T\xea*\x16\xf0\
LH\x8f;\xd9\xb0\xael\xbe\xb5\x14\x18\xb7\x82x\xa5\
\x7f\x965\xd0\x9d4k\xec(\xbe\x07\x16\xd6\x91n\xe8\
Z\xe1[\xb0\x1d:\xe9Y\x22\x06I\x1bR\x0f\xa6\xff\
\x00jI\x0cl3\x0d\xefAe\xe7\x1b\x83L\xf1\xcb\
\x9a\xfd(\xad\xfe]>\xb5o\xadi\xfe\x8b\xfb9>\
\x97\xab\xb8\xa1&c\xa5]y\xbc\x8d\x0e.\x1d\xb5\xdc\
\xefL\x04\xa6\x02.M\xcdg\xc3\xcc'\xc3\xda\xff\x00\
\xe4-\xfa\xd0\x8c\xe6\x82U\x8f>c\xf8F\xf4\x9f\xfd\
\x94*\xd0Hr\xe7]\xbf>\x94g\xf0\x89\xd5\xd1\xbf\
\x0bu\xf2\x14\xb2\xf8\x8e\x00C9$\x89\x08\xb5Ye\
\x9d\xb8\xaenX\xdc\x1e\xff\x00J\xe3a\x9f1\xdf\xe2\
k\xafz\x8ex\xb1\x11:\x92U\xb4\xe9m\xa8_\x0f\
\x97R\x11Pt\xf3\xfc\xa8A\x88\x97\xe2Z\xcc\xb6\xd3\
\xce\xb9_ Q\xfd\xb5\xc3\x03\x10@\xfcB\xda\xd0{\
\x93\xebW\x15\xa7\xb2\xd5\xbd[\xf2\xab\x86\xe9]\x85i\
\xbbU\xdd\x86[\x81\x7f:\xf8EX\x8a#\x1b\x06A\
\xf2\x9c\xeb\xfb\xd4\xa3\xc2\xbcIOh\xc9\xbdp\xbcK\
\x06\x132\xe8N\xbe\xb4\xeb\x86\xc6\xc5\x22H\xf6H\xde\
\xe6\xfeU\x16\x17\x10d\xc3b;)\xe4o?\xb5<\
\x98\xcbM\x87\xb7.^o\xce\x9f\x0d\x22\x05\x08}7\
\xae.\x17\xc4\xca\x0dr\xa6\xe7m*\x06|t9M\
\xb4^\x83\xb9\xa0\xb8\xc5\xc9\xcb\x98u\xdbz\x1c\x15@\
o\xb6]oZ\xc6\x84V`\xaaV\x80\x07\xa9\xb7\xb2\
\xc2\x9a\xb5\xeb@P\xad\x06\xd5\xafm\xab5\xf2\xe6\xda\
\x99\x82\xf1\xd4\x0f\x94oE\xb0\xb8\x96\xc1N\x8b\xb1\xbe\
[zmQ\xbc\xd88\xe6\x85\xd4gd9\xb2\xd4\xcd\
\x86\xc5\xcd\x85\x7f\xf2\xdb^\x94\xd1x\x92\xfb\xd6\x1a1\
~\x22o\xd7\xb6\xd4D\xf9\xc4R\x9f\x82\xd7\xd5l~\
\xd5\xc3e\x5cn\x1e\xcc\xa5\x80\xa5\x7f\x0f\xb0\xb7+\xa3\
\x1d\xa9\xc67\x02\xc8\xda\xaa\xb5\xbc\xf7\xb8\xa8\xc6\x0e|\
\xb1e\x0bf\xefs\xd6\x92\x5c\x14\x8ax\xdc\xb2s|\
\xbf\xc1D\xc9\xc4\x90)*\x1c\xedkj>\xf4\xaf\xee\
\xb6\xcc3\xe8(q-d\xe7\xb5\x16\x8dH]6\xd2\
\xf4x\x18y\x1f\xfc\xcf\xfc\xfbI\xa0:\xd1\x1d\xa8f\
\xac\xca~\x94\x01\xf9\x88\xaf\x89\x17\x17\x0fj\xe2\xf8n\
+#\xb9\xcd\x91\xcd4\x1e+\x83x\xd2\xf6\xe2\x8dF\
\xf4q\x1e\x0f\x8b\x5cT{,]t\xa3\x1e/\x0a\xf8\
lE\x8e\xb6\xcaoj\x11\x87\x1e \x98\x9d\x08\x1b(\
\xecEp\x1a\x0e\x1cL\xb9\xca\xc9^\xf5\x85_\x83m\
xk\xa1>c\xf9\xd6\x9eU\x86\x1c\xea3\x1b\xfc\x9b\
\xd1\x9f\x11\x0ba\xde\xcc\xa40\xb07\x1d~\xf5\x16\x1e\
L,2\xb2\x02n\xc2\xfa\xf5\xfd\xa8\x18\xf0X|\xd7\
\xe6\xb0\xb5<\xc6\x15Dc\xc4\xb7\xf9Q\x1c\x01\x90\x0c\
\x87\xccTC\xdd\x8a\xe6o\x9a\xd6\x16\xb5\x1b\x5c\xd3'\
\xba4a./o\xd2\x85\xba\xd5\xfd\x9aW\xd6\x88\xe9\
\xbd\x06\x8d\xbc\xbc\xaa\xd8\x8c9\x0b\x97\xe7\x1d\xeb:*\
\xcb\x87\xbec\x7f\x9a\xd4$\x86s\x0c\xb6\xd2\xdaT\xb7\
\x8b\xde\xb0\xe4\x1c\xea\x5c\xb6\x94\xb1`g\x96\x19G-\
\xa5\xb8[\xd2'\x8a6x\x15\xf9X\xf3)Z\xf7\xef\
\x0a\x1c5\xd0:)\xd2\xf7\xde\xa4\x8b\x1f\x04\x91+X\
\x06\xcb\xaav7\xac=\x8f\x16\x0bj\xe0o\xde\xf4\xb2\
B\x0e\x1aPl\xd6\x17G\xbf\x7f\xb5G\x166\x14\x96\
6\xb6\xb9s)\xfaW&\x0f,\xce\xe5\x80\x08zv\
\xa1#E\xc2-\xcaKGcC\x8d!\x99\xda\xd7\x1b\
\xd6X0\x96\xcd\xf8\x99t\x02\x97\x8e\xed3\x06\x16\xca\
v\xa5\x9d\xb2\xc4-\xcdz\x1c\x1b2\x1d\x09\xf3\xafJ\
#\xdb\xa5\x13\xbfJ\xce\xa35\x17U\xce\xad\xba\xdb\xed\
\x5c_\x0d\x91\x83@y\xa2\xfdi\x16d1>\x5c\x97\
\x1d\x07z\xcf\x85\xc6q\xe2\x16\xb3#QLG\x0e\x09\
Q\xbf\xaaW\xa7\xefP\xf8{p\xf1\x1f\x1b.y>\
]\xa8\xa6\x1eN$\x00Z\xec=4\xfew\xa5\xc6J\
F'\x0b\x88\xf9\xae6$S\xcc\x1b\x8d\x17H\xedf\
\x02\xdd\xa8\x9cRp\xb2\xd9\xb4\xd0\xed\xa5D\x989\x8b\
\xc7\x1a\xe8N\xa6\xe7\x7f\xb5[\x0f\x0a\xe6\xbd\xd7;j\
+/\x88bC\x1d\xc4K\xd4\xdb\xa9\xac\xd8L#\xbf\
0\x037\xa5\x18\xf1Rg\xe2\x0f\x92?Z3\xbf\x0e\
\x1b\x92\xd66\xbfj0\xb6YZM\xef\xb1\xab\xb0\xc9\
\xad\xf2\xdb\xda*\xe2\x8fj2\xae\xddh:1\xb5\xee\
z\xd1\x93\x08CJ\x80\xf2w\xa9&C\xc1\xc5\x1b\x0b\
f\xfcT\x07\x89\xe0\xa3\xc8\xc3&q\xf8~\xb5\xef>\
\x1b\xae\x1f\xb9k\x9f\xff\x00c\xf4\xae\x1c\xb9p\xe6>\
H\xff\x00\xc8\xeb\xbd,8\xc6h\x9a\xe2<\xc7\xe6\xfa\
v\xafq\xc4JL\xa1yo\xb3\x0aeI-\x03>\
L\x8c\x9b5)\x8a|\xca\x175\xc6\x99\xef\xd0}\xa9\
\xe7\x08\xa5\xc4j\xad\xa7ZYL\xb9b\x04\xa9E;\
\xd6L)!\xb3\xb8~\xfe\xb5\x9f\x13\xf1u\xcc\xbe\xbf\
\xcbS4\xd9p\xc8y\xb4\xa1\x16\x1e<\xd7\xfcU\xc5\
\x93\x12\x84\x83\xaa\xfd)8\x0f\xd0\xa8\x1b\xebY\xb1\x13\
\xacv\xb5\x805\xebW\xeck\xce\xb5\xebV\x14Ql\
W\xa5\x17\x1f\xd3\xfcC\xb5+a\x9b+&\xc5t\xa6\
\x9e\x04~:\xee+\xdd|A\x96B@W\xebL`\
\x9822\x16To\xed\xd8^\xb3\xe1\xd8\x19\xd9>]\
\xacA\xd6\x95\x16\x11$\xca\x14\xabno\xa6\x94Ao\
\x8b\x1a\xe8/\xa9\xee*\x12\x8c#s\xa1;\xfdj\x18\
2\xe6\xf7v`\x09o\x98P\x8a6\x11\xc4\x83Kn\
\xff\x00\xcbQ\xcf.\x5c\xb9\xb4\x1fjILyU\xff\
\x00\xf2uj,\xf0\xe7\x90j\x01\x1by\xd3M\x88{\
\x92n\x17\xca\xb9\xd8E\x87\xfe\xd1\xbd\x16\xc0\xe1K\x9d\
\xaf\x5c~UU\x5c\x9c\xbfz\x1cL\xc4\xb1\xbd\xad\xec\
>\xb5~\xf5\xeb@\x1d\x8fZ?\xd8\xc3Z`\xe5\x8a\
\x9f\xd0\xd4x\x85o\x80\xbb\xaf\xafZ\xe2\x08\xee\xa6\xd7\
\xd7N\xb41`\x17\x8d\xd8,\xc0\x0f\xbd.)\xb1k\
\x1a\xcd\xb7-\xf9{R\xb4s\xc8]\xd8\x15l\xb7\x19\
4\xafy\x1f\xfe2\xf0\x8d\xfd7\xa4\xf1(\xdb\x96\xf9\
\x1f&\xba\xdf\xff\x00U:\xc6\xba\xac\x9f\x90\xfe\x1f\xb5\
e\xc9\xceN[n/\xdf\xefEN\xd1\xe5Q\xa5\xc2\
\xdbs\xf9SX\xa9\x8fFg\xfc\xb5?\x9dB\xf0\xc4\
J\xaa\xf2\x0by\xff\x00\xcdqg9\x98\x91`\x05\xff\
\x00:\xbc\xa0\xc8\xd7\x0c\x8b\xfd\xb5\x9b\x14s\x91{\x8b\
\xd7\xbb\xe1\xdf,]J\x8e\xb5\x97=\xdb\xcfZ\xe2g\
\xcb\x1f\xf8\xb6\xfa\xd1\x03oe\xab\xd2\x8a\x83c\xb5p\
]\xaem\xbd4n\xdf+i~\xbaW\x03\x16K\xb3\
\x8c\x9f-{\x8b\xa2\xdc\x92)\xbc9\xa1\x22&l\x9c\
\xdew\xa1\xe1\xac\xe3-\xee\x97\xbe\x9eu$\x12i,\
?\xd3\xcdR\xe1\xe5\xbb\xc6\xdb\xd8\xd3\xe1\xa7\xba9p\
\xcbW\x8d\x95R\x15\xce\xff\x00N\xff\x00Z\xd4hN\
k\xdf]4\xfd\xeb*-\xa4u\xcd+_aLq\
x\x9d\x1bC\xa7\xe4<\xe9\xa2\xc2\x86\xbeC~\x9f\x95\
9\x97.T\x19\xc9\xee|\xa8\xe3\x9e\xd7\xb6\x88:\x0a\
\xe3b\x99R94POQI\x0e\x11yOJ\xbc\
\x8c316\xafw\x826X\xe3\xfcEl\x1b\xd2\xbc\
\xaa\xc3\xb5iD\xd6\x95{\x91\xc3miq\x18b\x7f\
\xc9m\xa5G6\x19\xf3\xaa\xb8\xbe\x9f\xce\xf5\xc7\x88\x12\
\xb7\xb9\xe6\xd2\x93\x10%\x06H\xcf?-\xech\xa17\
\x9e\x1e`\xa4\xeaG\x99\xa8\xe5iI\xcc\xf6v\xde\xf6\
\xa2r\x079\xb2\xdc\xeb\xa7\xa5ea\xb9\xbe\xd6\xefR\
a\xa5\x0ay9\xc8\xe84\xae\x14\xbc\x81\x06Q\xad\xc7\
\x97\xeb_\x0c\x0dY\x95w\xbf\xad\x18Uy\x80\xd8\x8b\
Y\xbc\xa8\xe1?\xa6\xeey\xbb\xd4q\xab]#P\xcc\
zm\xb5>$H2\xa1\xb8\xd3\xbd#J\xe1\xad\xb5\
\xb6\x15\xc3\x88\xd9\x18_5\xf7\xb5\x08\xe5 \x9d\xc2\x9a\
\x1e\xf1x\xd5\x03\x14\xcb\xd6\xb3U\xfa\xd5\xafV\x1e\x94\
,7\xa6\x88\xa8\xe1\xdbz\xe1-\x9e\xc7\xe2\x12m\xa5\
b0h\xb6\xe5\x07}\xea<<\xd2\xe6\x0e\xba\xae]\
\xaal\x1f\x0dxE\xdb&\xbc\xdf\xf5Q\xc9\xad\xdf\x5c\
\xbd\xaax\xe3FUW\x12\x0b\x8a\x81\x1eK\x90\xb9\x9e\
\xdd\xad\x5c0\xd9\x89\x17Pv\x1eU`\x9c\xce\xd7}\
?\x9d\xe9\xa4}&c\xa9\xfd\xff\x00JH\xf9G\x0e\
0t\x1b\xd1\xc5\x92\x1ck\x97sszyes\xb5\
\xc5\xfa\xebK\x84]\x1ea\x7fZ\x18Tke7\xfb\
\xdb\xf6\xae\x0a\xb5\xa3\xb6QI\x1c\x0c\x19\x87(=\xa9\
e\x95x\x93\xe6\xb2\xa8\xa5\x9b\x16\xc0:\xdc\x04\x1d=\
\xb9\xbd\x99\xae@Nf\xb7\x95\x093\x5cS\xbc\x1a\x99\
\x96\xd7\x1eT1Am,'\x9f\xb9\x1b\x0a\x8b\xc4>\
ec\xdbe\xf3\xfc\xea,r\x01i>V\x1f\x7f\xda\
\x8b<\xd9\x165\xd3\xd6\xb8\x97$\xb2p\xdb\xad\x131\
\xca\xa2\xda\xf9e\xa1\xcesf\xb6\x9az\xfat\xa0\xd1\
s|\xc5\xad\xeb\xa0\xfbV{Y\xa5[\xab\xefn\xf4\
q\xf1\xc6rH\xb7U\xbe\xb6\xdb\xff\x00t\x82\x1eQ\
\x16P\xda\x0d(5\xceO\x97/\x9d/\x88\x9eir\
\xf2\x0e\xdeu\x19\xcdv\xc4\xc6n;\x0b\xed\xf7\xae\x5c\
\xbc4\x17_6\xde\xa3\xc8\x99\x98\xed\xebM\x88d\xe2\
K\xb2\xa2\xfe#M,\xc8C\xb9\xfc\xab_f\x95j\
\xbd\xf7\xd2\xdd*X\xe4\x93I>Q\xd7\xce\x8b0\xcb\
\x92\xff\x00\x95<\xb2\xc6F\x1eH\xefc\xae\xb59d\
x\xe4@r\xa5\xecOjX\xde;6\x18\xf2\xfe\xbf\
\x95,\x0fx\xdcomFj\xf7g9\x98\xb1\xcc:\
\xd3\xc2\x0d\xe4\xc8M\xfe\x95\x90\x92\xf9\xae\xaa\x0fq\xcb\
K\x87\x0d\xfdK-\xef\xf5\xa7\xc3\xc9\xab\x15\xd3.\x83\
.\x94g\x903\x93\xcb\x18\x1f\xad\x08\x15>!\x1a\xd0\
\xc2!\xf9o\x9c\xdb\xd3\xf6\xa1+\xf2A\x00\xcb\xff\x00\
\x02\x84bS\xfe\xe8\x90\x9al\xbd\xa8A\xc6o\xe6\xf4\
]\xda\xe5\xb4\xb9\xeb\xfc\xbdI4\xa5\x99]\xc6Q\xbb\
\x1f\xa5;\xc1\x1eH\x86\x8a\xb6\xb5\xab5^\xb5\xabV\
[km*)\xa3\xd6\xcdo;R\xe6|\xd1H\xb6\
-z\x93\x0b\x14\xb7x\xef\xc1 \xf3Z\xa1\xc6a\xe5\
\xcd\x99l\xc7\xa0\xeejL\xe9\xc8\xd6a\x98\xff\x00?\
\x82\x8c\x98v\xcbyC\x01\xde\x9a&\xe4w\xb9[\xf5\
\xfe~\xd5#\xc6\xcd\x1c\xa6\xc3#\x0bi\xd0S\xc5\x8a\
\x8b\xe2(\x0b\xe8\xdaVrr\xf4V\xee\x9dM\x0e \
l\xd2t\xbf\xe1\xfeZ\x87EM\x14W*f(F\
\x83\xaf\x95\x1e(\xbc\xd2\x0dG\x95G\xe1e\x99E\xb8\
\x8eG\xe9I.N\x1a\xaf\xc2@}j /\x9d\xcd\
\x86\x95\x90\x15.7\xb7J\x01\xef\xf0Nm\xbbQ\x91\
t\xf4\xab\x0fJ\xbf\xb7=\xc8\xb6\xb4Af\xe7\xd2\x87\
\x85\xb2\xa6\xa0\xb27\xa7J\x81\xf2\x8c\xbf\xd3#\xad\x18\
\xefx\xd8\x8e\xbb\xe9L\x961\xb0\xd1o\xbd\xfbTo\
\x1cV\xe1o\x98\xde\x9aF!%D\xb0=\xa8\xaaH\
&B\xa5I\x1e_\xc1X|\x8eC\xb3^RI\xb5\
\x8d\x09#\x89Z8\xc9KG\xb6Zy\x94\x15\x0dq\
\x18\xf2\xa5X\xdb\x9a^\xbd\xf4\xa0e\xd4\x22\xdd\xda\xf5\
\x8a\xc6\xbf0\x8c\xb0\x0b}4\x15\xc6\x9aA\x1c\x936\
E\xd7\xe5\xa8\x92\xc7,w\xe7\x1f\xcd\xeb\xde\x17T[\
\x84\x1e{Q:\x5c\xfe\xb4[\x10\x133\x0c\xaa\xb9\xad\
z\x89V\xd6\xcb\xd2\xadV\x15s^t{\x1d\xc5\x11\
\x19\xd4Q\xc4\xa3\x9c\xf1\xdfJ\x16B\xf1Ob4\xef\
F\x06\x8b\x9e3\x99-\xb7\xa5\xe9\xf1Jr\xb09H\
\xedR\xe2\x1d\x00\x87km\xad\xeb\x89,\xe2#'\xf6\
\xecj8\xb0h%wbs\x1f\x96\xc3\xad\x19#\xbc\
\xb3=\xd3\x8b\xd3\xfe)p+\x97:f.o\xa05\
\xc5\x9aC\xc8N\xa7k\xf4\xa0_)W\xd7\xe9}(\
\xc1\x05\x9eYT\x92<\xbf\x86\x93\x02\xb1\x8c\xbf\xf95\
\xfdj8c\xc4\xda8\xb7\xf3\xb7\xeb\xb9\xa9\x1f=\xa2\
\x0d\x9a\xd5\x90j\x17m65ku\xda\xb2\xceA\x8c\
-\xecN\xed}(\xcd/*\x9b\x85\x8e\xdf%y\x9f\
i\xb7j\xb6\xc0\xd5\x86\xd4\xeeK-\xf9H\x14\xb8S\
\xca\x15>\x18\x1d+\x8b{\x18\x08\xb0\xee(2\xa5\xa0\
<\x92\x9f:\xc8y\xd6cp\x9b\x5ci\xa5K\x22\xa3\
:|\xaa\xbe\x9f\xa6\xb5\x12\xc1\xcb\x18\x1c\xd9\x97\x96\xb2\
\xc1/\x13\x95\x8d\xd8XX\xf9W4<\x8e\x0eg-\
\xb8\xbdB\x90\x92\x00\xed\xd0\x0f\xc5\xf9\xd0\x91!\xe4\xc3\
f\xb7_!\xfa^\x97\xde4\x91\xb9c\xcd\xe7\xbd4\
\x11jui_\xb9\xa80\xb2:\xb4\xaf\xae\xff\x00\x84\
v\xafs\xcb\x94\x05\xb1?\xbd\x15\x22\xc8\xad{\xf7\xa6\
\xfc\xafIt\x1c\x8d|\xddTV\x95\xa5k\xf9W\xd2\
\xadVa\x7f*\xe1\x09\xb2\xb07\xbf\xd6\xb3\xbfO\x9e\
\x9a9z\xff\x00L\x8f\xfd\xd4\x18\x85\xb7+Y\xef\xd6\
\xf4VXAM\xd9\xb3\xf4\xd6\x8cS\xdd\xa2k\x04~\
\xa0\xd4\xef\x87\x9cY\xbb>\x82\xe2\x8crb\xd2IY\
\xb2\xa0\xbe\x83\xbf\xadE\x84\xc3;\xcb$\x85\x9ag\xb5\
\xc5G\x86\xc2\xc8\xca\xef\xbb_\xcf_\xa5<Q\xbeH\
\xc8\xcd\xf0\xfa\x81\xbf\xef@7*\xa8\xcf\xad\x80\x22\xf7\
5.&0\xc5\x15m\x0e\x9c\xb5\x02I\xf3>g\x91\
\xbc\xbb\x1f\xbdJ\xeax\x92\x84\xb2\x0f\xec\xf2\xa5\xe1\xb5\
\xd8\xd9\x9d\xbaP]\x08#\xefYQu:P\xc1\x04\
\x91\x99\x8f;.\x80\xeb\xde\x91\x1c\xea\x07\xfao\x1c\x99\
XkI\x89+w\xcb\xb52\xaa\x93\x9bV_:H\
\xe4\x92\xe4m\xe5Jb\x8c5\xc6`\xa4iY\xf0\xd8\
u\xca\x84\x86C\xbd<\xa8\x8d*d\xcc\xd1\x9f\xca\x96\
\xec\xf8fm\xd6\xdfJ\xc4{\x8a<\x87.U\xe5\xd2\
\x8e\x17\x08\x86\xe1\x03I-\xec\x07\x90\xa4\x1cc\xf0\xb9\
\xe57\x1byT\x92\xbc\x5c\xb3\xc7\xa5\xb4\xa7\x81%\x0e\
\xe4\x02\xe0i~\xc2\xa2\xc1\xe2\x101\xb6r\xdd\x8fA\
o\xe6\xd4\xd8e\xcce\x91\xaeo\xb8\xa5\xc1'3_\
\xa1\xdf\xca\x8cg)\xb9\xbbQ\xfe\xc4\xa6\x9f6R\x80\
\x9f+\xda\xa3\x89\xc6Y\xf1^`Xw\xfd)A7\
6\xab\x9a\x16\xa1GZ\xd3\xebFT\xfd6\xa2\xeau\
\xbd\xf5\xae5\xc2\x12\x09Z\xb4\x82\xe4\x9d\x1b\xb5\x0c8\
\x99\x83\xaf0t\x1a\xfdE#\xa0\x83\x16\xees\x027\
\xb0\xac\xf2\xe0 \xb5\xb9ImjE\xc6\xc9\x1e\x1b\x0c\
\xaf\xa6S\xae\xff\x00\xa5{\xbe\x058xA\xf3=\xfa\
y\xfd\xe9Y\xa1\xf8+\xf2\x80~\x7fZ\xf7\xbcL\x85\
du\xb4q\x1dr\xf66\xae4\xd2G\x17\x10\xf1\x06\
\xba\xe9^\xf1\x89\x03\x896\x96m\xc1\xeei\xb1_<\
\xad{\x16:\xd3H\x1f\x9d\xb5\x8f\xef\xad*\x5cq\x1c\
\xed\xd8PQ\xb3\x1c\xd5\x99\xd3=\xb5U;\x13J\xd8\
\x96\xcc$\x1c\xaa\xfa\xe9\xfc\xbd\x00:\xd5\xabZ\xd6\x8f\
\xb0p\x94[\xad\xe8\x84\xb6\x9bzSqy2\x0d\xe8\
qU\xa5\x8d\xb6q\xd0R\x8c<\x87\x8a\x0d\xb3^\xdf\
\xf7Y\xb1Xs\x13\xea\xa1\x94X\xd7\x1e/\x15\x90*\
-\xedz\xcc\xd3\xcf\x8a\x94\xf3}zS\xbb\xc4\x98\x5c\
>]\x07\xe3zLv$\x94\xc3\xc1\x94\xaa\xef\x98\xd4\
\x9e%\x88\xb9I\x88\xe0F<\xbf\xe6\x84\xf8\x84*\xf2\
\x7fM{\xa8\xf2\xfd\xa9\x9f\x17+\x09\x10\x92\xc5\x8e\xa7\
\xd2\x9f\x1d<\x81\xd1\xb6\x04[^\x94\xcc\xc9\x9b\xa7\xef\
C=\x95\xad\xad\x1b\xd0\x9b=\x98\x9c\xabv\xb5,\xfc\
gy\xa7\x01\xb2\x9dr'Z\xbf\xb2\xe6\xad\xec\xb5\x02\
\x86\xd42LW\xba\xd5\xa7\x8b2\xe83W\xfbY\x12\
H\xd0\xdb)\xe9E\xf104.\xb7\xe7\x1d\xeb\x85\x84\
\xc5\xc1>\xb9@\x91l\xdez\xd2[\xc3\x22\x08\xb6\xfc\
\x01\xba\xd3\x1c?\x87\x88\xd9\xdb\xfb>SR\xcb\xe3s\
\x99%\xd3,{\xd1\xc5\xe2\x9f&\x12;\x13\x0e\xdat\
\xa1\x8b\x9e\xf1\xe0\xe0\x1f\x0cl\xc7\xaf\xf3\xd2\xbd\xeae\
\x221m[\xb7aSb\xf1.R8\x87\xcb\xfe=\
\xbf*0\x16\xc9\x04&\xed\x98l;Q\x90\xa5\xacl\
\xabmE\xfa\xd1\xbe\xb4\x9e\xe9*\xa4\x85\xff\x00\x17Q\
I\x8b\xf1\x1ew\xbf\x22\xa8\xeb\xe9G\x11-\xf8\xb2\x93\
\xf3\x1b\xd9zV\xdbP\xadj\xde\xcb\xf6\xab\xd6c\xf3\
\x01z\xf9U\xd3\xa8\xebE\xeeb-\xa1\x22\xb8xo\
w\xc4D\xc7\x5c\xc6\x91eY\xa0h\xaeo\x96\xe3m\
\xe9\xda?\x1c\x19m\xf2M\xb5\xc0\xde\x97\xde|X\xcb\
\x0c\x8cM\xa1[\x9b\xd3\x80\x0e\x1a/\x9c\xcd#^I\
E\xf5\xb5\x09\xe1\xcf\x1e\x15W3\xbc\xcd\xf3\x8ag\xc4\
\xfc<$w*\xbb\xd7\xc4A\x87\xc1\xae\xa0\xecmO\
i2\xc1\x02\x9d\xff\x00?\xad<\xa8\x18D\x0e\x8a\xdb\
\xedY\xd4\xdc|\xc6\x89n\xbbVX#_x\xb9\x11\
\x17\x1by\xd0\xc6c\xa6g\x9a0L|F\xb9\x91\xaf\
\xd3\xeaie\x98\xdeB\x05\xf9m\xec\xbdZ\xb4\xf6\x8a\
2Fr\xb5\x86\xbe\x94=\xe1\x1a\x16M\x9a\x98{\xac\
s\xc6>V\xeb\xda\xafg\xc2\xdb\x94\x01E\xa0\xc6$\
\xa3]$\x1d+\x85\x87\xc0\xe1\xe7\xb9\xf9\xb2\xf2\x95=\
*)\xf0\xf0\x00\xb1/?-\xb9\xbbSb^s\x89\
\x9d\x7f\xf0\x0d\x94\x9f\xe1\xa81\x9e0\xdc(\xd1GP\
\x05\x81\xd2\x99\xdf\x93\x0d\x0e\x8a\xb6\xf9\xeb\x8d!Q\x1c\
w\x22-\xb3TS\x84)\x87c\xa2\xed\x97\xbdI\x22\
<\x8b\x10\xe4Qb3~t\xd1Bt\x1a^\xb8\x8f\
`\xa8.(\xf8\xb6+\x10xq+\x01\x9bc\xae\x96\
Z_\x11\xc6a\xaf\x0e@!\x0a5[sU\x8f_\
e\xbf\xd5\x98\xd0V\xc2\xe6]\xf3\x9bXTK\x1e(\
F\xec\xdf\xd3\x1f\x8e\x95\x15c\x9a\x03\xb9cO\x87\xc4\
G\xee\xd3-\xf2\x80\xd6\xcd\xe9\xf6\xa6\x8e/\x1f\xe1\xe9\
{\x7fme\xc7\xf8\xbc\xd3\xbc\xfaol\xbeV\xac\xb8\
l7\x1ei\xac\xcb\xe7\xda\x84\xb8\xdc\xb0\xc5\x14f\xc9\
}=j%\xc3C\x9c\x0d?\xc4\x1a\xf7\x8cx\xba\xaf\
.U7\x1f\x97\xd2\x8bJ\xceU\x0d\xec\xdb^\x94\xc2\
\xd7_*&K\x025\x0b}\xaa\x11\x22\xfc \x09r\
\xad\xbe\xff\x00\xcbTX\xbf\x880\xb2\xb6h\x93S\x94\
\xf7\xb7\xde\x94\xcd T\xb6XS\xad\xbb\x9a\xbf\xb0\xf6\
\xafJ\xcck?\xb7(\xa5p\xe4\x01{\xafCI\x06\
#\x0eC\xba\x91\x98\xad\xb2\xfdzz\xd2\xcd\x86\xc5\xb2\
\x8bd\x0a\xe6\xf5y\x16)~\x94\x0c\xbe\x0f !\xb5\
\x03P}zW7\x81\xb3\x09\xee\x14(\xbe\xdd-\xd3\
Z#\x01\xe1\xa6>k\x05\xb5I#\xce\x09\x10\x00\xf1\
\xaf\xafCS`\xdf\x0e\xb9\xb2\xe7Ry\xafC\x8f$\
\x8e\x13\xff\x00\xea\x9f&`\x97\xbe\xbb\xd0L\x1e\xe5\xaf\
\xdcQ\xe2f\xcb\xb6p\xb7\xcd\xe4)<E\x8a\x08\xd1\
K/\x9d\x87j\xe3\xe2\xc7\x19\xa2\xb7\x0a\x08V\xdb\xf9\
\x1d\xf6\xde\x8e.YC\xe2\x19\x170\xb5\xb8\x7f\xe3V\
\x14k\xca\xbe\xf5oe\xebOg)\xb1\xefJ\xd8\xfc\
/\xc4\xd5.\xba\x8a\x8e\x5c.\x22\x5c$\xce\xea\xd9\x80\
\xe8w?}\xeaE\x83\xc6\xfd\xeek|\xc4\x83\xa7M\
\xa8\x15\xe1\xcc\x02\x1b\xdf|\xd5,X\xcc/\xbbJ\x0d\
\xd3\x86.Yz\xd0D\xc3p\xef{\xe7M\xb6\xa6\x12\
\xa2\xa4yr\x8b\x0aHR<\x83\xe4\xbe\xd9}j)\
3\x12\x15\xfe\x9fJ\x8b\x0b\x0b\xa0\xe2h\xba\xf6:\xd0\
\x9b\x11\xbb\xcb\xcb\x94\xefB|v)\xd3\x07\x87\x19\xad\
\xc3\xc8\x0e\xbf\xf5^\xfd\x8bWL,1\x8e\x1at7\
\xa1\xe3X\x85\xca\x1a\xe5c\xf2\xedL\xb0D\xa8\x09\xb9\
\xca-\xad_\xb6\x95~\xf5\xa5[\xb8\xf6m\xa7\xb4\x93\
^\xb4VT\x16\xf3\xa7\x8eX\xe1`\xdb\xd3{\x9cf\
&mX\x83\xa9\xa9V\x0cc\x899\xb2\x9c\xa3\xae\xa2\
\x95&e\x94\x11\xf3\x1d\xff\x00\x9b\xd2\xce\xca\xc5\x9b@\
\xa0\xf2\x8e\xe6\xb8c\x99\xb66=+\x8d<\xe7\x92\xd7\
\xbe\xc7\xfei\x8e\x1aQ\x1ck)N.^O\x97\xf2\
:\xd4qxZ.#\x15\x11\xcc\xd2Z\xf9o\xff\x00\
U$\xde F*E<Xre\xf8G\xb1\xf2\xa8\
\xb1\x1e*\xc1\x1b_\xf6(7=\xfdi1>$\xf2\
\xae\x1d\x0b\xdd2\x8e\xfa\x01\x5cX\x90\x80{\xfb5\xa0\
\xa2\xadz6\xabV\xdf\xe8\x06\xaeiP`\xbe\x0e\x8d\
uK\xd8\x83\xd8W7\x0aK\xee/\xd6\xb8o\xc3\xc8\
\xbf\xdaM77.\xe37OJ\xb8\xca\xd1\x84\xe4+\
\xa9\xf3\xfd\xa9\xa1\xc2a%.~\x1a\x9c\xbag\x14q\
>)\x8c8\x92d#\x85\x1f6W\x1aQ\xc0\xbc<\
\x18\xf0\xf2)\xcbn\x9ef\xa5\xc1` y\x13\x11h\
%a\xb86\xb6\x95\x84\xc6\xca\xab\xc6\x19\x17(:\x1b\
uo:\xc4\xf8\xd7\x88X\xfc\xee!\x1a\x5c\xf4\xb7\xd2\
\x81\xf1\x94\xe2\xda\xe7\x86\x12\xc7\xcb\xedQ\x952\xa8\x08\
\x02\xa36\xc3\xff\x00u\x94{.h\xd0\x15\x98\xd1\xd2\
\x85\xbe\xb5\xa5\x0a\xfa{-Y\xe6\xc1\x17\xf7\x9f\x9b \
\xb6kw5\xc5\xc2\xcb4\x02v\xd7{\xd1S\xe2E\
\xb6P\xec}\x06\xb5\x9eLvy\x14\x87{(\xb5\xed\
a\x5c\x0f\x03@Y\x90\xc7\xc6\xb5\xc4G\xa9\x154x\
\xbf\x15\xb2\xce9\x86\xe5\x9f\xf8>\xf4\xa9\xe1la\xc3\
\x00\x14\xc9\x9a\xd9\xc9\xde\x9b\xc3\x97.'\xc48\x8c\xaa\
\xc4f\xe1\x8b\xf5\xfdi\xb8\xf8\x83'\x88b\x0f\xc3\xbd\
\xd95\xd0\x13\xda\x96\x7f\x15\x9eI'\x9d\xc6\x5c9\xd9\
\x1b\xb5\xbd(q\x99\x0b\x7f\x88\xb0\xac\xc7\xb5\x5c\xd5\x85\
7\xaf\xb2\xe4\xebV\x03\xd9z>uj\xd6\x89\xe9W\
\xa0\x98\x88RE\xbd\xec\xc2\xfa\xd4\xb9b\xe1\xe8O\xc2\
]jL&3\xc4qO\x86\x8e\x1e,\x8a\xf7P\xc4\
\xf9\x7f5\xa7\xc3\xe1\xf1#\xdd\xaf\xca\xc8~\xda\xfe^\
\x95'\x86\x7f\xf1\xfc8^\x11\xb3N~Q\xde\xd41\
X\xdci\xc4\xe2\xf1\x0cP\x0bf\xd7\xf8k\x0c\xb2\xc9\
\x1e\x1d#\xd2eA\xf35b\x9b\x0a\xf1a\xc3\xc8T\
\xe26\xb2\x0f\xc5Xt\xc0\xb4x\x80\x08<i9\x8d\
\xaf{\x8a\xf7\x89\x89\x96`>f\xefn\x9d\xb6\xabQ\
\xab\x0fg\x90\xabv\xa2\x05i\xd2\xb3P\x1e\xcb\xfb@\
\xf6\x5c\xf6\xa6\x99\xa2\x19\x8a\x85'\xbe\xb7\xa7\x8a\x02b\
\x8eQ\xcc\x13\xbd\xf7\xae\x0c\x08\x10S\xcb\x82\x8e,\xf9\
\xcb\x82\xe3K\x9e\xbfjg\xf1\x0c{<y\xc3\x08W\
\xe5\xfa\xd1\xc0\xbc+\xc0e\xc9\x93\xca\x92\x08\x14*\x22\
\xe8\x07J\x06\x85\xe8U\xfd\x97\x1e\xb4I;\x8b\xd1#\
\xd8\x05Z\xad@{\x0d\x13\xec4\xbe\xc5\xf4\xabv\xa1\
\xeb\xec\x1e\xb5\xf5\xa3\xe9@\xfbG\xe5D\xfb?\xff\xc4\
\x00%\x10\x01\x00\x02\x02\x02\x01\x04\x03\x01\x01\x01\x00\x00\
\x00\x00\x00\x01\x00\x11!1AQaq\x81\x91\xa1\xb1\
\xc1\xf0\xd1\xe1\xf1\xff\xda\x00\x08\x01\x01\x00\x01?!t\
\xf9D\xaa\xb4\x0f\xcc\xa2\xcfX\xa9\xc4lL\xbe\x9f\xad\
\xc2\xdf8\x8a\xfc\x22\xd7\x82\xbfR\x85\xb3\xb8\x01Y\xa4\
3r\xeeb\xad\x22\xd2\xa0\x16\xe0\xc1\xd0\xb6\x85\xff\x00\
\x93\x1b\xe4`\x97N\xf0\xb5\x13\xde\xbb\xabh\xaa\x054\
q\xd7qT\xb9Xy\xae\xc7\xc3\xf5\x1b\xac\x0c\x96\xfe\
\xfd-\x83s\xc4\xb6\xa0a\xf9\xf7\x8d\xe8\x0c\x87>\xa7\
\xccM-\x818|\xc4f\xb21\xea\x88\x93\xa5\x17\x99\
WqQ\xb6\xdd\xf1\x1a7\xca\xbc@R\x9b\x8c\xba\x03\
\xb5e\x17\xe4\xa8C\xcb\xb4\x03\xb9\xaa\xa80\xebI(\
\xa1\xccTc.\xa5\x88\xf7\xa8\x82\x028\xb074\x01\
\xe0\xa2S3+|\xb0mx\xc7\xae\xd2\xc6\x08\x95\x95\
\xee\xe8\xc7+,\xda\xa8\x01\xf5\xbcAW\x13v<\xd5\
tL\x0c\x08U\xa0\x0a\xce\xb1/sa\xe6\x8a\xc72\
\x8bTQ[y\xd3\xed\x1e\xb5O<T\xaa\x80)C\
\xb8\xe2\xf0\xccR\xed\xa9E:B\xcfQu]ag\
:\xdaE\x5c\x1b7\x0d.]|\xc7m\x05e-\xd7\
\x12\xd5\xa8\xf1(>\x8d\xa4\x04\xab\x0a\xcb\xb7\xbc{\xc4\
\xfd\xac\x8fJg<\xc3\xb43N\xaa\xb7R\xa5\xdf\xd0\
\x0a\xde\x03\xecF\xcbR\xb7\xf7\xb2\xf2\xa8a\xef3\xe0\
\xadx;j\xea][uM\xb6\xde\xfb\xbf\xe2j\xf4\
c6\xfe\xe2\xb4\x0b\xb0{q\xa8\xd6R\xd5^\xbd\xe0\
\xd9\x81\xc2d\xac%E\xb9L\x04\xf4\x88\x5cy9\x5c\
\xc44\xdc\xbb\xa4\x0c\xb7Pk\xcb+kV{J\x0b\
\xefH\xd5\x1b'>\xd3\x89\xaa\xeb\xde\x19\x81\xce\xe5u\
5\xf1\xef\x09\x04\xf2:7\xafx\xd9\x00\x94X\xaf\x0d\
K\xb7\xa4\xa6\x0e\xbe\x89\x8cD\xa0\xbb&|&\x1a\x9c\
\xd3t\x1d\x1b\x1a\xcc>\xb1aF\x06\x8eJ\xdd\x7f\xb0\
UI0\x1b\x85\xc0Wy\x95]\x1e\x99l\xf8\x1d\x9a\
\x95\xe78a\x7fF_1\x96\x96'\xe9gQ\xe3\xba\
o\x077\xef\xcc\x0b\xae -aXB\x0e\x8d\xbb=\
t\x9e\x0e\xcfd\xbfp\x97\xac\xf5e-G\xbc\xcd_\
<\xc1^y\xcc|\xf9K\x8e\xeaZ\x1492\xe1d\
\xcb\x03\xc4\xb2\xa9\x9a\xb4/\xa1\xfd\xfa\x98\xf6\x9a\x85.\
\xc8!\xff\x00\x10\xac\xb9\xce9\x89\xadk\x10@q\xe4\
\xc4,R\x85`\xc1?\xb5\x0c\xfeA\xa1t\xe9\xfb\x94\
\xfb\xb6\xbei\xc9\xc0\xe6=\xf1%\xa1\xde\x96\x01\xf5\xe5\
\xac3\xda\xff\x00\xd9PW\xd7\x0c\x17\xf2\xcc\x18\xf8\x8a\
\xdb\x7f\xe5\xc4S\x8a.\xb6\x198Q\xfb\x11\xd6/=\
\x05b\x8f9\x85\xdcWCa\xbd>\xb8\x95T\xc2\xec\
\x0bt<\xf3*\x81\xb5^\x07R\xb1\xcdc(\xf9\xf6\
\xc2+~\xf2\xcbJ\xd6W\x8b\x89o\xa6\x22P\x0d\x10\
\xc5\xc6\xed\xdc\xb5\xa5\x1b^bd\xf5\x13\x91\x9b.\xda\
\xfdJ\xb8\xf3\x9ea\xa3\xa6\xec\x198\x83x\x80,\xc4\
sJ\xd7\xd4j\x99\x81Q\xc5\xe5\xe0\x8aN\x9b\x11\x9a\
\xf0puL[%\x8c\xe0\xe3,\x06\xd8\xeec?N\
\x12r\xa1/\x17\xc4\x13\xa6+k\x0e\xab\x9b%3\xba\
\x89\x91\xe4\xe37\xf5\xd4\x14-\xba\xac*\x8b\xee\xe2\xf4\
\xf0M0\x16<E\xd8\x1a\xdb\x81\xbfYl\xed\x01U\
\x16\xef\xdb\xdd\xf9\xfa\x966\xd0wpU\x07/R\xb8\
\x9e\xd1\xba\xc9b\xe6\xb3\x01U\xff\x00\xb1\xb4\xf6f\x85\
\xc2\xd7q\xb3\x04\x0b\xda\x06\x19\xb6\x8e\xe19\x1c\xc7\x91\
\xbd\xe1\xe3\xeee\xb1T\xda^\xd4\xb2\xef\xccxHl\
\x8d\xe2\xb2@\xebJ\xa3\x1c\xda\x7f\x97\x0emyq\xb5\
]\xe5\x81\xf4\xfa\xc2\x8b\x0e\xa9U\x97\xb7g4\xc4\x9e\
\xeb:6\xdfN\xab\xc3)E\x0fd\xe4\x03\xc2>e\
\xf4\x0a\x1aUQVU^\xeb\xb8\xc5\xd8mt\xf2{\
\x1a\xc7\xcc\xca\x967\x9c\xd7\x9c\x16\x87}\xcd=H-\
j\x1d\xe1\xebS\xa7`\xe5\x81\x9c\xc5\xde\xab\xcc^\xc7\
,\x90\xce\x8f\x131;\xb6\xceiS\xf2\x80\x18\xd4\xc1\
N\x1c\xceI\xfd\xc3N\x1d\x1b\xdd\x01Ag1\x22T\
.m\xec\xc6\xe1%q\xf9Q\xbf\x8e?\x11s\x7f}\
VlN9\x84ePY\xb0\x115\x17\x13.R\x8b\
)\x5c\xe5\x0e\xe3:\xe4Z\xed[X\xb3q\xadV\xa5\
\xe0\xfa\x08=\x9bjs\xa6\x9f\x7fjga\xb6J\xcb\
\x00\xe7Y\xd5EHyCp\x14^\xae\xea;rI\
;%:\xbd\xf3\xbdJD\x13\x9c\x14\xaa\xc1\x9f\x91(\
\xba\x95\xc6\xb7\xa0\x22\x83\x08\xb3\xfbU5p\xe4\xd8\xec\
\x96T{\x87r\x85\x81\x99e\xcf5\xe9\xe3\xa8u\xb8\
\xc3\xa3\xc0\xee\x22\xb8a\xc87\xa8\xa0\x06\x80\x87\xf5@\
\xa2\x9d\x08\xd5\x96\x0bB\xbcra\x98\x08[\xdb\x07\xc7\
\x8f\xf9\x1cd?\x9f`~g\xf8\x1b\xa2\xe7\xfb\xeaT\
\xe0!\x06\x9dw\x8e&4\xac|\x05\x80\x95Uz\xff\
\x00\x92\x8eqe\xe1/\x9c\xa11\x17\x16\xdd\x98\xd5\xce\
\xdc\xc4\x06\xa7\x1d\xe1\xe0\xbb\xd4HJ\xd7[pj\x9f\
>j)d-\x84h<hz\xf8\x8c\xfc\xc1\x8c]\
b\xd5@\xef\xd6d\xd6\xe6\x91\xa0\x0d\xf45\xe30C\
=\x06..\xfd\xb3\x154\xb8t\xd5\xfbS\xf7/D\
\x8b3\x07w\xef1\xa0\xcf\x0f\x85c\xff\x00^%\x1d\
\x0byB8\x00\x8d\x1a\xf6@ \xbf\xf5-E)\xa3\
[\xa2!}D\x1b\x81\xc1(\xb6\x9a\xb7\x88\xb4\xaf\x0b\
\xc0\xf1\x0e1\xdb,\xea\xb0\x83\x8a\x08\x84k:s\xff\
\x00\xb2\xafqE\xa4\xab\x5c\xb9\x0a#\xb4\xed\xc1/\xb3\
\x8d\x1e\x97\x1f:\x0e\xed\x5c\x07\x93\xf4N\xc2\xb3\xb6Z\
\x90\xbd\xdb\xd6\xb3.\x03\x14\x01V\x93\xde\xcf\x97\x96\x17\
r\x07\xa0C\xc1X\xf8\x88\xafm\x9aQ\xea\xff\x00\xc8\
\x97\xd6P\xf8\x8f%@\xd1\xa4\xb7#\xa7\xab\xea#\xf3\
d\xca\xb9\xadQF\xbb\x84\x1b\xf4m\xc2\xf8%\xcb\x10\
\x85x\xdb\x5c\xe0\x99]*k\xe0\x1f\x82d\xe1\x8d\x88\
\xd2\xb9\xe0\x8f\x82\xb7\xc89\xe6 8v\x15\xa0\xdb\x1b\
\x0f5\x98\xf6]\x92\xd1\xd6\xe3lY\xa9\x97\x9e\x93r\
\xb1Or\xa9Xz\xd1\x8d\xd7<\xad\xa5\xba\xeeQ\xbe\
Z\xa7M}L&zEp[+|\xbf1\xc6\x05\
\xf0&\xd1\xc7*\x99\xa6h\xe37g\x8a\x08\xca\x99\xd6\
79W\x82\xff\x000\x22\x83\xf62\xf0\x8e9%\xd2\
/<f\xbfj\xb7\xc2\xc3G\xb2\xd9\x99G\x92\xc7\xb4\
d\xab\xf5D\xe1\xbe\xda\xf3\xed\x1d\x11\x08\x01\x01n\xeb\
j|E]\x1f#\x83B#\x83?R\x96\xe8\x1a\xec\
\xed?N!\xd7\xc7\xaf8_1|!w=\x1b_\
xMO\xb8\xb6\x9ao\x8c\xf3SDx\xbe\x19e\xfe\
\xe2Q\x84\x86M\xcd\x83\x00m\xb4\xb6\xafy\x22-t\
\xd7\x98]2\xc4\x9b\xc5\x91p\xe0\x7f\xaf\xd4\xa1\xd7s\
\x06r\xcb\x18IwC\xca\xbd7\xf0B,;\x1a\xb5\
\xc9g\x9d\xac\xab\xfeR\xc1\x92\xed\xacQ\xf6\xf8\x8d\xac\
Rk\x05\x0f\xd7\x88.\xa8\xd5\x0a\x84v\xb6\xd5\x8e\xca\
\xd4\xa3|\x81\xa0%>\xae\xfdf$\xf9#\xa0N\xb9\
\xfcT\x1c\xd0\xd2\xda\xb8\x8f\x8f\xfd\xb9oW\x89tq\
\xaf<\xe7\xc7\x80\xc1$`\x8bw\x5c\xd9\xb7\x98\xb0s\
3\xd5\x06lk/\xe0\x96\x11\xaaxF~\x9f\x99\xb0\
V\x83\x97\xfa\xb9W\x13\x13\x8c\x91\xafH\x83\x80\x1d\x0f\
\xce\x99P\x9a:S\xd1\x05\x8a\x19\x1c\x1749\xdf\xdc\
x\x00\x97i\x9a.t:jz\x03O\xa9\xed3\xb6\
4i\xdb\x11\xce\x90'\x9e\xa2sU\x0f\xf8\x85-\xad\
>\x0c\xca\x87z\xc3\x7f\xf4\xc1\xaa\xaf\xcdEt\xfa\xbb\
\x97\x878\xba\xbf\xca\xa2?\xfcG\xba\xa8\x1a\xe7\x9ez\
\x98 $E(c\x9b\x1f\x88&\xfc\x0a\xb2\x0d:U\
\x7f\x90\x0f\xa2\xb0\xca\xad>r\xf6f\x15UF\xc4\xb4\
\xa3;\xa8 iqV\x15_sfm.R@\x0d\
\x9e\x8f\xf9<#\xe2\xc3\x97\x82\xd4$\x85\x5c1\xa5\xfd\
\x18w`\xb9\xae}_\xf2\x05\xe1|\x09,.\x12x\
\x96\x08x\x99\xc2\xcc\x11\xf2\xfd\xf8\x84\xb6\x95\x8b\x93\xdf\
\xe2#h1\x8a\x88\xab\xf3\xd1)\x95EX\x18Y\x90\
\xb5\x00Q\x1dEm\x16\xd4\xb0y\x19\xcc5\x99\xb8v\
Y3y+\xee\x12\x88\x01\xda\xf5\x5c\xf9~a\xebC\
/N\xd1\xe1u\x1d\x1a\xc7F\xd2\xbb\xf4\xcfy=\x8f\
\xf3iT\x7f\x95\xc6\xe1k\xa1K\x1d{d\xa4\x9c\x8a\
D:\xf1\xce\x0f\xafID\x12\xb2\xd7'\xfd#\xc2\x88\
[G[\x18\xce\x12\xb0[\x01\x02\xc3\x8f\xf3\x98[\x86\
e]t\x83\xac\xfe\xcb\x82P-\xe8[\xc3\xdb`\xd7\
\x1e\xb0lA$\xae\xca\xc9\xde\xaf\xd2\x16\x02:.\xdc\
xo\xeb\xc4r\xd2o\x14\xb5\xc7|@T\x19\x19j\
@\xf9J>\xa7\x7f\x98\xa9\xe0\x01\xc3\xe7\xccf\x09\xaf\
\xdd\x07?\xf2,\x10\xadB4\x5c6#\x96\x10O\x9c\
{\xc0\x0a\xeb\x82\x97_\x98yh\xd3d9}z\x99\
\xb0\x97\xc6\xb2\xfab\x10\xe9)h\x07\x18\xab\xed\xb9\xf1\
\x18p^;\xa0\xcce\xfdD\xe7c\xf8\xdc#\x1d\xb9\
v-\xd7\x18\xaf\x05K\x97\xaa\xebN\x168\xde\x08k\
\x15\xac\xe0=\x0f\x7f\xda\x95v9:=\x86^}\xa3\
t=T\xa0\xc3\x979G.<\x13%\x15\xe5\x96\xaf\
\xb2%\xaa+u\x83#\xd6\xb2\xf4\xc0G \xc53x\
\xadf\xf1\xe6y\x95v\x0a\x7f\xd4\xae\x1d\xf3K\xd0\xaf\
\x14KV1\xb6\xbd\x0f\xee&\x84\xbf\x1b5h\x99\x8d\
\x8d\xad;~j\x1f(\x89\x82o\xdc?<\xc5d7\
\x8b\x16\x14\x0ae?\xda\x1fPe2\x850\x8d\xe1e\
\xa7^\xd0M>\x82\x8f[\x99$\xa0\x1b\x16\x13\xbb\xd0\
Dg\xc3\x0a\xd6q\x7fSa\xca\x19P\xce:`\x85\
\x1a\x8d\x8f\xc2\xd3nO\x99\x84\xa5\xbb\xa37\xcby\xcf\
\x98jUSk$\x0c\xf2^z#\xa6\xc8\xbb\x9a\xf4\
\xc0Q\xed)3\xe7?\xdf\xc6p\xec\xb8`m\xdf\xc0\
~\x9eb\x9d\xc3\xb6\xe8[\xfb\xe2+r\xde\x9c\x80\xf4\
/\xfeA\xe5>#6\xc3\x1b\xc7\x98\x81X\xac`:\
>7\x11\xd9g\xd3Y<\xec{L$\xca\xfa\xadQ\
\xf2K\xf8S\xfbf\x02\x8b*Z-a8\x9c)\x0c\
\x05\x80\x0f\x11X\xf9\x80(\xe6\x8c\xcc\xcf\xbf\xcc\xad9\
\x91\xd2\x08\x0a\x05\xdf?\xdf\xe4\xb5\xe2\xca\x9c\xe5Y\xd5\
\x7f\xb3\x03\xa8U\x84\xa1y\xbc\x5cs(4\xb5\xb1\x0a\
\x15\x9c\xfe\x12\xdcZ\xfa\xcc\x0f\xe7q\x22\xd8c\x8c\x8a\
\xbfz\x98\xcc\x8e2\xe8\xd7\xbc\xadi\xb3j\x9e\x07\xd7\
\xdc\xb9\x89G\x22\xd2\xf8i_H\x1bb\x5c\x16x:\
?\xd4t\x8e$i<?\xaa\x0e\x82\xb0f\xc6_b\
<\xe6\xf1(\xa1\xa3\xbe>\x18\x06\xe9\x06\xc2\xe2\xbe\xfb\
\xf4\x8c\xadH\x0a\xc1\xc2;\xac\xcc\x93C\x97\x98\x8f\x11\
`J\xb9x\xcd\x97\xd7\xcc\xaa\x184\xb8\xe3\x7fq#\
\x88/\x90\xfeY\x9cl-\xb2\x81\x89l\x8d\xea.8\
\xe2\xa5\x5ch\xe2h8jv4Q?b\x02\xbd\x84\
\xb6\xf0\x82Us\xab\xed\xbf\x82Q'S^X\xc7\x0d\
\xae<\xca2\x040;Ux\x88Z\xf6\xbb\xcf#x\
\x15n\xeaZ\xaa\x09M\xc2\xa9\xf4\xdcJ\x0e\x86mI\
\xcf~\x7f\xc9e\x94\xbc+\x0bO7\x15\x12\xea\x8b\x0e\
\x1a\xba\xfc\xc3k\xb4\xd37\xb5\x1c\xeb\xe7\xd6<\x95\x18\
)\x22j\xfc\x8f\xf37j+\xa4\xe4\x1e\xacn\x850\
\xe0\x1er\xfb\xfd\xca\x0f\xb6\xaeQn\x07\xcb\x88\xcc\x03\
-\x93\x01\x8b>\xe5\x11\x04\x996\xf9s\xf54\x8d\x94\
\x02\xb2?\xb5}C\xb3\xab`\xca\xf1\x02\x0b\x02\xbe\xc0\
\x0em\xf8\x8eyF\x15Lj+\xbe\x9b\x99\xf2\xddB\
ad!\x92\xb30\xa3L\x8e\xaf?\xa8\x88\xe1$r\
Wup0\x1a\xca\x1e\xde\xf0)u\xaaw\x8f?\x12\
\xf0\x95j\xe9\xc2\x1e\xf2\xe6+H\x22\xa57\xe7\xc4c\
\xb0\x8a\xbd\xdf\xe4\xd8\xae\x81\x8b\xb5@{g\xc3\xa8{\
\xe2\x94.O\x96\xfa\x986=\xca(\xc3X-\xfdq\
*I[H\xf0E\xf8\xf5\xc4q\xcd\xedS\x0b\xab1\
P0\xecX\xb1\x0e~\x7f\x12\xd1\xcd\xabb\xcby\xf1\
r\xb3\xed\x84\xd2\xd7\xd7\xe2T\xeb\xd5\xaf4\xb4%\x83\
Z\x0b\x80\x1f@{\xb2\x9b\xfa\x88\xdb_\x12\xbaD\xd2\
zc\x99\xa1\xab\x1c}\xb9\x94\xec\x0d\xe3\x01\xe6\xde\xd8\
\x9f)\xb4\xa2\x067\x1c\xc6\xd7>\x90\xd8\x06\x0f\xfc\x8f\
~\xd4%\xe6\x81{\xe7\x15gPu\x87F\xb2\x8f\xc3\
\xa8\x09\x0c\x96X\xb1\xb9\xa3\xa4S\xa3j7\xe5\x7f\x98\
\x0d\xb8\xa2\x0a8\x5c\x08\x84r\xda\xff\x00g\x8a\xa6\x0a\
\xb6\xf5\x8b\x99\x1f\xa0\xc0X1\xdam\xe21\xae\x92\x0f\
 \x0e\xea\xb7-Qd\xccV\x9eo\xfd\x94\xe6!\xcd\
r~!\xf9s%\xf5=1\xfd\x88\xf2(2\x05\x9d\
\xb7\xba\xa2d\x82\xe4(2\x7f\xac\xb5y\xb6\xc1\xce\xfe\
\xa0\xc0\xe0\xb8\xea\xcc\xf9T\xe3\xd2=\xc2\xac-\xfe\x06\
_\xda\xd6\xd5]\xb3\xfa\xf9\x9e\xa6\xcak\xad\xf2\xe2\x22\
\xad\x02\xf8L\xd4\xe1\x96UJ.\xe3^\x143\xb9\xe9\
\x04\x9c\x90\x04\xf1\xa2\xc3OS&\xb8Q\x93\xcdz_\
\xcc\xbfjd3\xc8\x96\xb8\xb4^v\xbe\xa7\xfd\x83\x01\
D\xcb\xfbb\x0et\xb6\xe5\xa2\xdf\x16\xdf\xf3\x1c\xe4F\
f\x8e9\xdd\xfcDt\x96`\x9bW\xd7\xac\x14\xc3\xc1\
\x1c:\x06\x87\xfc\xdeaS\x88f}\xe94<\x7f\xb0\
\xf8\xd8t%\xa6\x06\x9c>\x97\x10\x9a.\xdb/\x0f_\
\xc7\xacn\xfb \x8a\xe0\xae\xa0\xa5\xb2\x81\xcc\xcd[\xd0\
\xf5\xddB\xf8\xb3\xf8y\x11\xf4o\x5c]\xfdTm@\
p(wz\xcc\xc5\x85\x9fD$\xf3\xd5YZ\x83\x8e\
\xbea\xcf80\x22\xf4\xd7?\xec\xcdn\xe0\x90\xde.\
\x1b.\xaf\xa9\xcd\x983a\xe4\x95r\xb5\x99JT\xab\
\xdb\xe22\xa3t\xf1v\xe4\xf5\xf8\xc4\x15.\x1b\x86\x19\
\xf5\x89F\xa0\xa4[\xee\xf1=\x97\xd8d\xbf\x14\xe7\xcb\
/\xe8V\x8e\x91\xdb\xc7\xcf\xac\xe5G\x9bE\xbb\xe8\xb1\
\xef\x01\xc4\x9a\xd0\x8cZ\xa9\xeb\xfds\x9f\x08\x00\xd1\x9c\
\xbc\xe7\x96)\x04\xb1UM\x95\xf2\xfe\x93\x153U]\
\x0f\xca4\x0f\x7fj\xc1\x99aa1\xbd\xd42\xc6\xad\
\xe2\xdfC\x8b\xd6\xf6jZ\xa9b\xae\xa0\xc1\xee\x9f\x0c\
N\x13\xaa\xe9c\xd5\xfa\x85]\x0f\x9a9\xbf\x96\xa6\xbb\
`\x8d\xab\xa3N\xb16\xedJ\xe0M78\x0eM\x91\
4 \xac\xe0\xe2(\x93kkc\xa5\xba\xf9\x81\xc1\x91\
\x971X\x0e\x14\xc9^\x5c\xc0\xc2\xa4\x0d\xa9\xab?~\
`\xd0\xcbWO.^\xbdB\xbc&\x07\x83\x07\xbd\xff\
\x00\xc8\x95-\xe3him\xf3o\x1c\xc2Lq\xe9@\
\xd5|W\xa5J\xdd]E\x14\x03\xf8\xfd\xc4\xc6\x0b\x11\
\x86\xed\x9e\x18\xf7\x94T\xd5\xc4\xceOO\xd4\xde>`\
\xda\xd0W\x14S\xd5z\x84\xae\x9d\xce\xc7-\xd2\xe4\xca\
1\x1bqU\xbe\xdfD\xaf\x19\xb6c\xd3\xdb\xf1\x17\xc6\
\xf7\x5c\x97\xf9?IQ\xb4\xc0\xd0\x10\x0b\xe2\x08_\x01\
\xca\xcf\xd1\x8fyp\x1b\x85\x9c\xf6\x08\x96\xb1\xcfj\xee\
P^^\x02){k\x89\xc8\xe3flkp\x1a\xb3\
\xbb\x88G+\x889\x9e\xf3\x83\x02\xc5\xfdB\x8f\x0c\xe5\
^\xda\xf2\x81\xa7\xc4\x0d\x80X\x0b_\xf9\xbf\x88\x90\x0e\
\xb9\x1d\x8f\x18\xfc\xc3n\xbe\xe0\xc7\x1ax\x9a\x85\x8a\x15\
\xc0\xee\x1b\xb1r\xec\xf0/\x94\xdcqub\x8d\xde\xae\
\xbc7\xeb\x98 \x0d\x0d\x16\xae\xf1\xd4\xaf\xe1\x98\xaa\xfb\
\x15o\xf1qC\x98\xdc\x14\x18\xf6\xd7\xb1\xcc\xf0\xefe\
\x00]\xdf>}\xe01\xacKH\xb6}+\xf4\x85\x16\
hm\xaf_\x97^\xd3(\xe8\xa6\xa1V\xdcs\x98\xf4\
%\xc1\x9f_\x88\x8dUe.\xd7\xf9\x94/\x08\x17\xe0\
K\x8c\xa4\xab\x9a\x13\xf3\x15\x02\x06}\xa2\x07\xb8\x04\xc6\
\x14b\x1a\xd37\x0d\xa8\xd0X\xac\xbcL\x8c\x07\x1d\xc4\
\x0a\xf1hl\xc6Y\xd8\x8e\x06\x8b\xc3\xf71\x92\xf5n\
\xd9\xfa\xfe\xa9b\xb6\xdd\x1bOG>\xf0\x19EL\x0d\
\x00r\xff\x00q\x02qN\x04\xd8\x1a\xacb\xf9\xddB\
x:o\x9f\x9b\x17\xe6\xe5G\xb0w\x1dr\xed4\x80\
\x86\xea\xdc\xdc\x88\x5c\xde=30\xbc\xc9h\xbaL\xb8\
\xa8\x10\x80ou8\xea\xf0c\x88r\xe6\xa9]\xafk\
\xc1\xeb\x02\xd4L\x01\x1d\xd1\x93m1\xda\x04\x83\xc3a\
\xf4W\xe2eL}CU\xea\xcc\xcaP\xf1A\x8f\xc4\
J\xfa\x00/#\xef\xfeK\xd1AY\x18(\x15tT\
_\xb1\x14\xb5\xae\x8d\xc2S\xd2T\x04\xd5\x9d\xc2\xd2\x16\
\x82\x0f\xad\xc4\xc9\xdaj\xcd\x1d\x91\xbc\x12\xb61\x87\xfe\
\xc3\x0d\x957\xdd\xf8\xcc\xaas\xe2/\xe9\xe8|\xc5\xe5\
nBS<C\xbb\xcd\x00\x0f\xfc\xdf2\xc0\xbe\xb99\
i\x1f;\x22\xfb<\x02\xc5\xd6\xdf,\x01T\xd7\xd5X\
\xc7\xf6\xa0\xe0\xd5\xd5\xed\xb0>~%v\x13\x85\xb6Z\
\xae9x\x8c\xe59iN_-|\xa5\x93\x12\xf6Z\
\x11\x80\xaf\x8f\x88\xa2\x1a\x88K\xd0\xe2\x8f^}\xa1\xb1\
F\x05[\x9a\x14\xbdx\xd4X\x80\xab\x1d\xf8\x81y\x86\
\x0cqZ\x84\xbdG\x04\x1b\xc6\xb6]b\x1f\x0d60\
8:\x1a\xe3\x90\x85\xa9\xe0\xd4\xc5Z\xdb+\x0d\x17.\
\xeb\xbc\xb1\x9c$*\x86{\x96\x9d\xf6\x10D>\x8d\xc5\
e\x15\x1c/.\xe1\x12T\xd5\x7f\xd4d\xc4Vd\xaa\
\x09^%3\x9aY\x84+fX\xcc\xf4\x1a\xc021\
\xca\xfee\xc2 \xc6\xfd\xd5.\xee\xf3^c\xd4\x13m\
`\xf8\xcf>\xb1\x22`\x80\xaa\xb6\xef\x17\x7f\xf9P\xc5\
\xd0\x0a\xea)\x0fg\xe4M\xfc/1J\x0a\xbb\xff\x00\
}e\x8c\x19\xe3w(y-\xf7\xefe\xea\x85\x19,\
\x05\xed\xd4\x04\xe7Bv\x15\xef\x02\x94\xe5\x7f\xde\x91\x1a\
\x8b\x80\xbd\xd6\x1fZ\x83zwW(\xa1\xd2\x8f\xf6R\
}\xe0\xda\xb0\x0d\x07\x8fX\x94\x98s\x99\xdfy\x82\xd4\
\xb2G\xc5\xaa\xab\x88_\xae\x09\x84\xcbmJ \xa1\xae\
\x98\x1b\xafh8W\xc0\x1f\xb7\xbf\xc4\xf9K29\xf8\
\x966\x0a\xcd\xe3p\x1a\x06C\xd5\xbcc\xea92\x08\
\x8eC\x04\xfe\xdcA\x82K\xe7\x8b\x9e]\xeaY\xfe\xb5\
\x8eT\xed\xaf\xb8\x13\x5c@7\x1eh\xe7\xeeT\x93X\
\xa3K\xc7\x8a\xbe9\x84\xea\xa1\xd9)\xd7o\xd4W\xc9\
\xa3c\xa7\x96\x97\xda\x18\xfcY\xca\x99\xbf6MiX\
3ny\x81@\xd6\xe3\xd7_Q\xf3\xfd\xb6y\xe5\x8f\
K\xdew,d:P\xc2\x8ei\xf6\x08\x05[-\x18\
\xd5DQ\x5c_\xb4,\x12\x849\x8e\x87\xb51\xb3\x0f\
\xab\x1b\x9dU\x92\xb1-Ve\xfa\x82\xe7b\xb3\x1e\xef\
\xcc:+\xb2,{N%\x89\xee\xda\x1c\xact\xefP\
\xeb\xeatL\xbb\xf6\xe1\x8a\x8c\xda\xb5\xd9:\xf5\xa8B\
\xa0X\xa5\x85\xda\xb8\xee\x22\xaa\xdd\xe15\xa5\xb5~\xf2\
\xac!\x91\xde\xe3\x80\xcf\xab0\xb1Y,\x04?Ox\
M\xf7\xa1Ew\x16\x11\x02\xca\xbcG\x01\xbb\x970R\
\xeb|\x5c\xa3H]\x9ae\xa6x\xfe#M\x13\xb2\x9d\
\xa1\xf3.c\x00p{\xf5\x0d\x1c\xc9\x825=\x87\xea\
\x22G\xb8WUY\xda\xd1~\x08\x96\x95;\x1dM\x84\
\xd4wv\xd1\xf71]\xd4\xc9z\x8c2\xa3\xe2\xb9\x9b\
\x1d\xc5AKtzB\xdc\x98\xaa\x95\xa3\xee\xd6\x8b\x96\
\xf3\xe3\xdea\xc5d-(Uz\xb0\x9eE\xdd\xa3\xd5\
W\xee4\x1f\xb7\xf8\xa5i\x87\x94TVa\x9b\x0f\xa6\
\x0e=\xa07\xeeW\x02\xa9Z^\xef\xf5\x18\xbf_\x22\
\x95r\xbe\x02\xf7\x1cJ\xd1T/\xf4\xae D\xea\x15\
\xda\xd8s\xeb\xdc\xa8\xb72\x08\xf0v\xe5\xef\x11q\xdd\
\x03\xb5\xfbzD\xb2\xe9\x0d\xd4\xf1\x1c\xbd~Y\xd7\x9e\
%\xc1\xcb\xb0\xc3\xcb\x8dN\x96\xb3\x98r\xb5\xdb\xc3\x85\
H\x1f\xd0`\xdfg\xc9\x8fi\x9c}\xe04Y\x8d\xcd\
\xcfd\xc0z53\xe60\xd0\x0a*Q\x8c\xf7\x1c\x0d\
kr\xf8\x9b\xfa\x86\x04\x7f$|\xc7\xcf\xc0\xea\xdf(\
R\x19\x06\x1c_\x17w\x1b\x1c\xfc\xba\xa3\xa5=\xbfp\
xj(\x9b03\xca\xf1\x13,\x1d\xa6\xc9\xa1\xf4=\
\xe1\xa7\x89x])\x9e\x0b;7-\x13/r<;\
\xf1.\x82\x04\x12\x5ct[\xf8\x8a\xd6\x91t^W\xa7\
Nh\xf4\x82\x92\xaee\xab\xbf\x86V\xa1\xac\xc1\xe3\xc1\
\x13p\xc1PY\xae\xc5\xba\x87\xf5\xee\xd6\x96c\xd1q\
\xab\xad\x0e`p\xdd\xc9\xf2\x9d>\xe9J\xb2\x9cm}\
\xe0Eqx\xb9\xac\xf0\x9b\x9cx\xcc\x83\xdd(VJ\
%\x9c\xbd&\xc2\x87q\xcb\x5c?s{\xd50\xba\xf6\
\x83&v<\xbc7\xc5\xf5\xe21b\xce\xc6\x1a\x9c\x18\
\xb5\x8e\xa1*\xf7\x08#c\x0e\x0c\xf3\x98\xbb\xa2d\xd9\
w\xcf\xc4U\x01\xf6\x0a\x8cvz\xe6-I\x14dF\
\x18\xf3\x9f\x89z\xfdvG\x7f\xaf\xb8\xb2\x0a<\x01\x9a\
\xb6\xb3\xfb\x99\x82.0\xc3~\x88\xa9\xd4\x93kj\x19\
\xf5\x97\xf3\xe7d\xf7\xcdU\xea\xe3L\x15/\xa6r\xdd\
i\x82\xeeW\xc7\xe2m2\x5c|k\x03\xb9X,\xe1\
@\xae\xa8\xado\xfa\xe3t\xd1\x0d\x96\xe5\x01N^\xa9\
E\xdb\xa4\xf5\x07\xd4u\xba ?\x12\xe1{=\xa7#\
s\x95\xdaUD\x08\xf3\xef\x10)j\x1c\x05\xd9Y\x15\
\xdc6b4\x0bkU^O\xa8\x86\x11\x85\x96q\x9f\
y\xae\x8eL\x16\xb3\xe3\x10\x1f\xb1\x98-\x8e=\xbe\x9e\
\xd4\x09\x1a\x0bX;\xe2\x04\xd5+Me\xcc\xb3\xa0E\
\xb9M4\xf4\x96\x80\xb0E^N\x12\xf8\xa7\x88yM\
\x01\xba\x96\xd7\x9c\xaf\xf3(2\xd1\x0b\x00\xcb\xe4b\x03\
\x1dR\xc1\xa4\xa7\xbb~c\xc1\x87\xcc13|o\x98\
H\x96\x05k\xfb\xdad\xbbYfEl\x09L1*\
:\xb7\x15\xc1\x82\x81\x94\x1fU\xb1Z\x9a\x1a\x82\xab\xd1\
\x93\xd2:u\xa9r\x89\xc8E\x03\x8b`'MR@\
\xde\x00k\x84j\x8d\xed\xb82\xb6W\xa3j\xbf|\x9c\
D\x14,\xa0v=\xe7\xd6q\xe4P\xcd\xadm\xbd\xb0\
\xa0\x86-X\xef\xd0U\xa2\x06qD\xa4\xba\xdeL\xd6\
!\xaa\xf0v\xbe\xed\xb5\xd5\xe4\xe7\xe4\xa4j\xca\xad\xaf\
&Zj\xbe\xe0\xac\x8c.\xf8\xbf>z\x94\x11K\xc2\
y-Q\xe9\x87\x5c7#\xac\x1f\x98=\xea\x00a\xde\
\xca>\x1c\xcbY\xbc\xcdXO\xca\x01\x0c\xa4\xd7\xafs\
\x04Nu\xe9\x16\xec\xfa\xb2\xf6\x95^n\xa5s\xa3R\
\x89\xca\xe2\xc1\xe5}\xc1\x95\xef\xf5,!\xce\x12\xc4\x1c\
\xdc7\x07\x1b\x960\xa0\xf4\x03\x8b\xee\xe6\xfc\xa9\xa7\x80\
\xdex\xe7'P\xd0*8\x19}\xc7\x19\xed\x8f\x0a\xff\
\x003\x17u\xd6~#\xf6\x80,u\xe9[\xa9\xb0\xf4\
\x8d\x96V\x8c\x95\xfc05\xd9\xd2\xfaJ\xd3~#\x19\
G\x00\x1be\xbd\xa8\xf2B'\xb9e\x84\x81\xa5\x80\x99\
?^J(\xa7\x00B\xf8\xdf3\xb5\xb26]\x01\xe8\
D\xd87\x94\xc0K\xb72\xf7\x92\x0b\x85\xe6\xd1\xc8\x0b\
\xc1\x9f0\x99\xa0T\xab\x89\x8c\x13H\xaf\x12\xb3\xc9\x97\
\x88\x01\xf4\x986k\xd3\xc4\xa2\xa3\x17\x89v\xa4`\x09\
uU*\xc4\xa0b\x8e(bee\xb85\xab\x00\xcb\
P\xed\xad\xfba\xf4\x05\x9ea}\x85\x1a\xaco\x9b\x1c\
\xb9\xa4o\xc3Rkl.]x\x8f\x19\xc5\xba\xe6\xe8\
\xecE\xb3\xf4\xab\xbe\xedk\x17\x8b\x0f;\x98Y\x9d\x96\
\xd5\xbb\xcbO\xbc*\x06\xde\xed\xc6\xf1\x9c\x90^~\xb5\
\x15\x0a;R\x10R\xb1,\x22\x80\xc4js\xb0\x05\xeb\
\x85\x87\xc4\xe0\xf5\x98\x9d\x957\xc8j\xc8\xec\xe9\x176\
ZH\xa6\x9a\xbbH x\x86\x82\x93\x10\x0aO2\xf9\
j\xb3\x01\x1d\xea\xc3\x9a\x16\xf1\xef\x06Tp#\xc7\xd6\
,\x83\x03\xee\x11\xdc\xe3I\xb5\xa8\xf0\xe6\x98_\x7fY\
\xbd\xe6g:\x9b\xc7\x0d\x1e\x0c\x8eZf\x08t\xc1f\
\xd7\x0c\xda\xb8\xea\xba\x8f\x07u\xa1\xfe%\x10\xd4l\x0e\
\x08I\xed\xdeb\xbfe\xb5\xf4\x82J\xdf2\x9a\xb5/\
\xe2h\xf5\x9fxZ\x0a\xf2\x96F\x95\xc0\x88\xad/1\
\xc1uQ!k?\x88\xedZ\xb7\xf39\x071\x0b\xba\
\xe2\x1f%L\xb9%\x04\xc4~`\xb6u\xa8\xd5v\x5c\
,<E\xb3\xbb\x05\x9e\x85\xd4~X\xc0~#\x9b9\
\x8e\x022^\xa9\x15s\xfa\xa5\xcc\xdb\xaa\x9d\x9dM\xed\
\xe6\x9e&42\xf3\x17w\xc1\xf7?\xff\xda\x00\x0c\x03\
\x01\x00\x02\x00\x03\x00\x00\x00\x10o\xac\x16\xc9-N\xb8\
\x8e\x22\xea\xe1R\xcb\xc5\xb0\xee\xf9$-\xf7R2;\
\x05\x1b\xb2q\xe1\x86\xdc$U\x83\x19\x8d\x9f\xf7\x92\xfe\
\x15F\x95\xfcdd\xfa\xab$Rq\xd1\xa6\x9f`\xa6\
Q\xf9,\xb7bn\x84\x9f\xbb\xc7Z\x93\xd0q%W\
3h%\xab\xd4\xd4\xdb>\xb0K>\xdaOS\xba&\
\xb7\xa4\xe6\xde\x09v\xe0;'G+\xb2\xa9\x02\xbc_\
D\x82\x15\xf1|\xeb\x819\x90\xbbW\xc3\x5c\xc6Z\xc6\
t\xc0|\x84\x7f\x14\xd6yS'\xfe\x9d\x96\x85\xfa\xa9\
\xa6\xb4\xc8`u3\xce;\x1d\xe1y\x99\xa0\x11\xd2\xa8\
\xc4\xe8\xc0\xf6\x09\xe7\xb5\x14\xc9\x0f\x82\xabgc%1\
\x9a\xeb)\x8b\x1b1U\x0d\xe4U\xff\x00I3\xd4E\
\xc4-\x5c\xf2\x87m\xbcYVm$\xa2>\x0ce\x90\
S\x8c\x0a#\xa6\x08\x904\xba\xc3\xcc\xd9\xbe\xf9\xea\xdf\
\x81\xb6Ah\x22O,\xdce`\xc2\xc1\xe0\x8e[\x83\
,\xf0O\x14\xdb!AY\x19\xd3\xea\x14:\xcaDf\
\x87{\xc8\xfe\xbf\x93\x8b$\x92Dh\x0f\xb4\x01(\xb9\
e\x82@\x07@\x8e'\xd2\xf3m\x98\x98\x9a\xdd\xb1\x8d\
hj\x0d\x9bK\x0b\xa6\xfc\xb4\xdf\x15d\xb6Y%\x15\
\x82\x8d\x9e\xff\x00\xb9\xb6Y$\xbf\x09%2\xf6\xa1\xae\
\xc9d\x14\xb7s\xbfI\xa4\x02N\x0d\xb0\xc9\xees\xc9\
\x04\xb6\x19h6\x1b{\xcf\xbb\xee\xa4Kh\x22Sl\
\x88?o\xb2\xd3e\x04\xc3(\x96\xc0=h\x1b.?\
\xff\xc4\x00!\x11\x00\x02\x02\x03\x00\x03\x01\x01\x01\x01\x00\
\x00\x00\x00\x00\x00\x00\x01\x11!\x101A Qa0\
q@\x91\xff\xda\x00\x08\x01\x03\x01\x01?\x10\xc3\xfc\xf7\
\xb1*%q\x13z\x19\xb5\x09\x03O\xa5\xf0X\xe7\x8f\
\xdc?\x1d\xf8h\x82\xfd\x94\xc4\xdaV15\x88^o\
\x0f\xc2Je\x9bB\x5c\x1d\xd1\x10h\xe9\x105\x02R\
W\x870\xf2\xc42<\x1aBml\xa7\xa6O\x02\x82\
\xbbC-5\x03J\x86\xe4K\xdb+\x82b>\xe6|\
;\x87\xb2r\x93\xe3\x1b\xa1\x09\x10\x9b\x85LP\xab\x0a\
J\x18\x86\xe9\xb2\x18\x9a\x5c\x13B'XJv5\x18\
\x81\x13\x04\xc9\x22$xi\xf4I \xe7\xb6Bz-\
\xabBR\xa8\x94\xf9\x04\x1b\xa1\x83g\xc2\x13(\xc4\xa4\
j\x08~\x0cTl\xd1\xb20\xa0\xe1Y\xf4$\x9a!\
7tm\xc2bF\xc8\x9d\x89\xd6\x99\x10\xa5RdJ\
\x0bDq\xbf\x08 \xd1\xb2\x04\xa4\x86A\xfd\x0d\xb4\x82\
Q\x80\x9e\x08\x9d2\x9b\x13\x88N\xd1qlH\x84\x84\
\xc4,H\x86H\xce\x09&BtZTI\xb14S\
\xb2t\xe9\x11LII+\xa2\x9d!\xc7E.\x8a8\
4\xd3\xc2R\x86\xae\x08'\x0e\x8d\x8dA\xbc,\x12\x95\
\x08\x95\xd4D9a\xcb\xb7\xb2a\x0cH63h\x95\
\xd2\x0bD\xb6\xa8\x7fJ\x18j\x5c\x8e\xce\xe5\x0f\x12E\
\x8dtW\xa1\xbb\xb2\x96\x8f\xa4\xed\x86\x87\x04\xc3\x81\xd2\
\x13\x85\x8f\xe1\xb18\x13%pdy'\x14*\x15\x91\
\x22]%!8\x1596v\x8b\x16\xce\x88\xbb$X\
\x965\x02\xc3\xc4\xca\x12\xa3\xe0\x9b\xd0\xb4Kt'\xc2\
lrO\xb1\x0dC\xc3\x8e\x1b\xc3\x15\x22|V&\xcd\
9\xc1:\x92lyd\x90\xd8\xc7j\x8e\x11B\x8e\x9f\
\x04\x97\x92b\x22(F\xa9\x9a\xb1\x96\x16\xc7C\xb4\x22\
v7\xd1\xdd\xe58 I?\x99\x8c}4!\xf1\x93\
(pm\x13\x18\xb9\x1d\x90\xc4\x83\xe6`\xfa_EN\
\xbc9\x96hJ\x5c\x0f\xd14/B\xdc\x08\xee\x5c\x09\
\x92\x90\x9d\x8a\xc4*v!\xd7\x93v\x99\xb6|:5\
f\x89\xb9;&\xecF\xd4\x8c\xdeT\x93#\xb1]\x0e\
\x17\xe4\xae\x84*v&;\xd14EN\x18\xa0o\x09\
@\xcfbX\xb1\xb5\x16\x85\xe3\xa3I\x13\x18\xa9\x94\x89\
\x85\x0b\x13B:!\xbe!\xfa;\x1e\x0bc\xdf\x9aS\
Xr\x86E\x8c~\xcblh\xec\x7f\x05\x18\xfa'\xd1\
e\x1c\xf3\x93xK\x1c4+C\xa5\x85K\x05/\xc5\
2|\xda\xca\x1d\xe8\x98\x1bBqd\xc9\x03\xa1!\xd0\
\xf5\x8d\x90-\x8f\xc9\xda\xf0\xd9\xb4C%\xbd\x8e\xbf\x82\
\xd0\xdc\x93.\xc7\xec\x99F\xd0\xd4\x8a\xb0\xae\x87\xf8N\
{C\xfe\x89\x89u\x89\xb4=\xc2\x13\x81\xb9\xa2xk\
)\x8d\xf8\xa41P\xe7\xd0\xff\x00\x82o\xd0\xb64\x8a\
EC\xf622\x95\xc0\xc9W\x9f\x0a\x82\xd6&\x08\xfa\
%= u\xa1\xc2\xfe\x93\x0eEF\x91\xf4b\x16\xc9\
\x87Cq_\x8f\xd2\xd8\xa2\x09kbi\xf0\xfe\x0e\xb6\
p\xd1\xad\x93\xe1\xd1Jt$8\xfc>\x1a\x1a\x8d1\
\xa9\xb2\xb8)}\x1a\xb6\x9b;\x09\x0d\xa3\xa7\x22P\xc8\
\x867\x03$\xd5{?\xe9\xe4\x94\xf8\xefbI\xdac\
\x95o\xa5\x96\x8fB\x19%l\xc5z)\x0b\xd9\x126\
}\x12;~O^3\xe8Jn\x09\xa8LL'\x0a\
#`\x91+\x1a|\x1a\x18\xdc\xe1C\x13u\xd2\x22\xbf\
$8hNt.\x84C\x8ck\xfa/\xa6\x8by\x98\
\xd0\xaa\xfaD)\xe8\xa1\x06\xdb_\xa3\x07r\x12\x91\xf2\
H\x12\x1a\x22\x22\xf4\x14\xe9\xa3[\x1aulp\xado\
\xf6\xb7\xa2]\x1c\x0d\xa2}bkB\x22\xd8\x9b\x12\x9d\
\x22RP\xb6[\xec~/\xf0Dh;\x08I\x9e\x04\
\xba\x19\x98\x83\xb1?\x14B\xd7\xfd\x94\xa9l\x84\xbft\
\xda\x12\xdd\xb1\xa2\x81\xb4\xed\xa1\xb2p\x8d!DG,\
7\xefD\x1e\xa9\x13\x14\xbf\xc4\x98\xde\xc6\xe8\x9eL\x0d\
3Rm#\x1a_\xf9\xe6p\xc4\xe7\xc9\xd2\x9c\x7f\xff\
\xc4\x00\x22\x11\x01\x01\x01\x01\x01\x00\x03\x01\x01\x00\x03\x01\
\x01\x00\x00\x00\x01\x00\x11!1\x10 AQa0q\
\x81\x91\xb1\xff\xda\x00\x08\x01\x02\x01\x01?\x10\xfa\xbf\xf0\
\x03\xd5\xc7\xb3\x84\x14?\x17\x0e\x97^\xcf\xd9\xf8\xcf\xb7\
\x9fM\xb5\x22\x0e\xb6\x0f\xa9\x1e-\xcf\x09\xe2H\xfb~\
}?~\x0c\xde\xcf\xe8\xb9\x9725\xe5\xcf\x18\x0f\x93\
\xa6y\x16\xb7e\xdbK\xf7\xe0\xfb7>\x1f\xf6\x0f\xe5\
\xa3\xc6\x04\xe9/\xe6p\x7fQ\x0d$\xfd\x0bu\x1e\x1b\
\xdb,\xc9\xf8c\x9f\x5c\xb7.Y\xfc\x91=#\xf0\xb1\
!\xceK\xc1\xe4\xa7\x9e\xcb\xc0K\x1a,<\xd9\x1f\xd9\
s\x17\xdb^\x92?;f\xfd{\x1d\x8c=\x84\x5c\xf4\
X\xf4\xb6\x14\xc8\xbdM\x90\xf1CA\xea\xd1\xf8O\xe6\
\xd9\xa1\x9f\xa1\xcb\xdf\x80\xbc\xb6\x0dy\x03\x9d!\xde\xa5\
\x9c\x10~\xcf\xf4\x9c\xfc\xe4\x9b\xed\x91\x87Y\xc7\xb1\xfe\
>\x14\x12\xff\x00\x12\xbe\xbfO~\x03\xe3\xa4\x00\xe7\xb3\
\xfc\x80\x22\xa7x\xc6\x9f\xdb\x83c\xe9&\x96?\xb0\xe1\
/\xc7\x97KK\xbb\x01\xb3\xab#\xf3\x9f#\xf9m\xfd\
@\x7f\xd3\x1e\x05\xbd\xa3\xa7\xa5\x8c\xe5\xbf\xdb\xc7#\x07\
.\x9e\xc2\x0eN\x8662\xd7\xc24\xed\xd6a\xcf\x9d\
\xf9\x08\x88\x0d\xed\xa0\xfe\x907\x92\xe1\x849\xa5\x8au\
\x0f\xfe\xdf\xe2\xc2\x5c;\x0e\xf0\x9f\xf6\xcf\xd9i\x03w\
\xf5\x0f\x83\xfd\x81lG\x1f \xe7P<}\xb1\x1d\xb4\
K\x8bK\xfa.\x1b`\xecL\xd6\xderlo\xce\x12\
C\xb0\x0f\xa9~\xc5\xbd\xeca\x90\xf6\x06;.\x19f\
\x16\x1f\xfb\x14d\x19\xe5\xfd7\x92r\xcd9\xe5\xe7\x0b\
\x02\xd7\xf6q%\xf9>2\xde\xc7c&\x1cd\x90f\
\xdf\xae\xc4\xbb\xc9\x7fo'\x91\xcb\xab\xfe\xa6k\xc2\xcc\
\xebn\xb3\xcf\xae\xdf\xed\xd2\x08\xc1\xf4\x9e\x10\x7fH=\
\x12if1\xe7m\xdb?\xb3\xc2q\x93\xf0\x93\xc1'\
\x8b\x07\xac\xab<w\xecq\x8fq\xb4=\xbf;K'\
\xab\x7f/u'L\xbc\x87\x09?\x91\x8bk\xb3\xc7\xfb\
y\xcf\x86oY\xd6\xfc\xfb\x07\xed\xd4\xf4\xb2p\xdb\x84\
9\x8b\x1f\xb9\x18\xc1\xf0\xbe\x10g\x91'a\xcb\x97V\
\xe9,\xe7\xd4\xf6\xcc\x8f\xe5\xfe\x7fokx\x96\x16c\
\xdb\xf3n->\x17N\xc3{.\xf2Q\xe7\xf2\xdf\xd6\
u\xb4y\x1cB~\xa3\xb3\xec\xf4\xcbS\xa4u\xac\x1e\
\xa7\xb0\xec\x89\x8c\x98\x86=\xd9@\x9f\xc2_\xdbS\xbf\
\x97 \x9f\xef\xd069\x06\xdf\xed\x9f\x97\x8bC\x1b\xf3\
\x932\xeb\xc8?\x96\x84\xf0\x8f2]g\xe5\xbc\xd90\
\xc8\xf2_\xc9\x12/\x83\xe4\xb6\x0b\xaeZ%\xfe\xc0\x0c\
)\x06\x97\x8ct\xd9;'a\x91\xeeJ\x7f\xf2:N\
|\x0dI\xfa\x91\xefo\xd84\xcf\xd969\xcb\x0d\xb7\
8B\xafo\xf6!\xe7c\xd9u\xd6p\xe9\x0b\x9d\xb2\
p\x89\xf6\xff\x00\xab\xd7\xdb/%\xc8\xfe\xc1\x1d\xe7\xec\
\xbf\x92\xd9\xf3\xe0\x9f\x84\x9d\xc2\xc2R\xef\xac\xe1\xef\x93\
\xce\xc2K\xdbsr-\xfa\xaf\x80\xde\xc7\xf2fW\xfd\
\xb4^\xc1\xdd'\x96[.\x0c\x19\x92\xe4\x9f\x19l-\
\xc8\xcfm\xde\xfdG!\xc8\xff\x00`\xb0\x9d\x96\xe8\xb8\
\xec\x18\xef\xb1[/N\xca\xf4\x90M\x97{,\xf2\x11\
\xfd|d\xfd\x07\xe3p\x87`\xc8\xefYHL\xe4d\
\x09\xd8O\x93\x07\xc5\xeb%\xd6Qv\xdb\xf3\x92\xc3-\
\xf8~s!7\xb1\xc89\xb7\xb3\x05\x9cm\xc7\x93\xa3\
\xbc\xf8\x7f\x0b\xbb\x85\xd7\x849\x84u\xe5\x90\xf8{x\
\xec\xff\x00_q\xb7#\xb6\x7fc\xfd^{3\xcba\
\xfeJ\xee\x13\xc7\x97\x8c!N\x17+\xc4\xc7z\xc6\x8e\
yos\xfe\x02\xe6A\xf8\x9e{\x1b\xf9\x1f\xd1o\xe0\
]\xfc\xf6\xc9#a\xcf=\xb7$\xfc\x95\xfd\xba\xc3\xb6\
\x80K\x7f\xe0\xdc\x8dv\x07\xea\x17\xc2;\xe2'\x07\x9e\
\xc8\xb6\xaf\x09<$\x1c-\x0c\x12\x91^\xc2\x5c>\x00\
\x0c'\xe8\xfd@\xc2<.\x1e\x90\x7fp\x887\xab\x03\
\x9a\xa3\x1c\x88\x1a\xc3\xf8O9yn\xd8\x1c\xf6\xce\xaf\
\xe4}\xbf~v9\x1b4g\x07HM\xdc\xc8\xc4\x89\
\xe3lg{`\xcc.\xf5/y\x0cn\xfe\xc3|\x84\
\xf3%\xbc\xf0\xbd\x03\xe7\xc1\x1f\x0f\xdc\x001l\xbeH\
E\xc6\x05\xe4\x02\x13\xf29\xd9\xe7\x91\xa3Y\x95\x81\x0a\
,D\xb8\xfc\xbf\xef\xfe3\xdc\xb1\xfe\xdf\x85\xa3\xb2\x8b\
\xa9(\xf29\xd2?\x18<:\xd8\x1f\xfel\xde>J\
8p\x9cc\x0b\xdf\xab\x16\xfc6o\xc7\xf0\xd8-V\
\xd5\xe1\x0d\x84\xd9\xd7\x87\x09\x0f\x16sU\xc9\xfe^\x00\
r\xea\x09~3\xe4\xf3\xe5\xe7\xc8\xfc=\xb3\xfbuh\
\xc2\x9f%\xac\xcb\x02}F\xbe_\xfa`.\xc7\xf4\xf9\
;\xf9\xe4\xbf\xcf\x8fo9{\xf3\xcb\x93\xf6A\x8e~\
\xc0\xceGx\xfd\xbak\xec*\xd7\x85\xa0\xf2\xd3\xabC\
\xd9F|0\xde\xf6\xc9\xef\xfc\xa2\x0e[\xdda\x9e\xcb\
p\xf8\xc09\xf5\xdbc\xe3\xf3\xe1b>\x0f\x8c\xf9|\
\x89\xfa>D\xfc\xfe\xc7\xc7\xff\xc4\x00%\x10\x01\x01\x01\
\x00\x02\x02\x01\x04\x03\x01\x01\x01\x00\x00\x00\x00\x01\x11!\
\x001AQaq\x81\x91\xa1\xb1\xc1\xd1\xf0\xe1\xf1\xff\
\xda\x00\x08\x01\x01\x00\x01?\x10\xa0Y\xd0\x95\xa5\xff\x00\
o4\x1f\xb4i\xaf\xf6\xf0U\x8eE\xf2\x0f\xf7\x9b\x90\
@\x87\x89E\x7f\x5c\x02\x14V[O\xf4\xeb\xf1\xcd\x85\
\xb0'\xca_\xfc\xe6\x11P\xad|\xe8~x$|\x8a\
\xbf\xf3\xca\xfe9Q\xad\x0b\xe5\xff\x00x\xe2\xb0\x02\xa0\
}\x8f\xf3\xf1\xc4.q\x17\xaf\xa7\x15\xbd\x0dN\xb0\x93\
\x8d\xabU>\xcd\xfe8 \x9a\x18\xd4\x8dH\xfc5\xce\
RZ\x01\xbd\x05\x086\xba\xecaD\xb4[\x98UX\
\x0bE \xf6\xe5\x9e\x08M%\x10LU\x9b\x14\xd7\x82\
\x12XuBv\xa34\x11\xef8\xd0N\x09\x84\xcf\x99\
C\xfaN\x1b\x97~\x0a\xb6\xd5N\xdf|B\xb1\x8aQ\
\x91yS:\xf9\xe1\xd8,\x10!!o{\xeb\x89\xc4\
V;\xb7\xaf\xb9N6\xed!\xed\x9f\xfc\xfd\xf1\x8a\x82\
\x1b\xea\xad\xfe9\xd2A#\xc1w\xfc\xfcr\xbd\x91\x80\
.[\xd7\xd6~x\x13\xde\xc4?\xec\xbc\xc2U\xe8\xfa\
\x90>\x9b\xc0\xb9P\xe9\x87\xa9\xf6\xbf\xbe\x1c\x95<U\
K\x9f\xdf\x05\xb2\x09;\x1bG\xbe\xb8\x08),|\xd9\
\x17\x80A!\x07\x9e\x9d\xfe8\xb1J\x10^\xd9\x7f\x5c\
\x87\xc5\x82\xbf6\xbc\xfdG}z\xbe\x00\xfe^\x103\
P\x14\xfa\xbf\x1dq\xc1\xe6\x00yg\xfb\xcb,t\x0a\
F\x0fN\xbb\xf5\xe1\xbd\xa6a:\x1a\xaa\xa6\xbc\xab\x95\
\xa3^\xa1\x89;\x1f\xad\xcc\xe3\x9b4 XLq\xba\
\x1b\xa7\x9d\xbb!\x8e\x16%`]\xefRw\xc5\xeb\x00\
T\x14\x16\xa6\x1d\xb9\xdex\xe3\x8e%\xd0\xaa\x0a\x10\xcb\
Wc\xce\xd0OH7o\xd8\xcf\x8e7,Wh\xa1\
O\x8a\x1c\xba\xd0\x0f\xf1O\xd7\x08\x14\x98\x07\xb7\xc9\xf4\
\xe5\xc8\xdc\x01\xe1p\xaf\xc59@\x02l\x03\xed\xcc\x1d\
\x0e\xa2w\xe4\xe3\x09\x88\x93\xf3\x9f\xd6\xf1]?\x85p\
/\xfe\xf1(=D\xcc\x15S\xd7\x89\xcc\x08uJ\xab\
\xf4\xe62!\xa0y\xc2\xfez\xe5\xc1\xbfE\x8aS~\
{?<l\xf3\xbd\x0aZ\x0e\xf7\x03\xf2\xf1#\xa3Y\
\xa6E9\x8a\xe4+\xc3d!\xe1\x14yW{\xbd\x97\
\xae\x02\x8f\xaa^\xc5+o}\x1fN\x04p\x95\x88\xaf\
K]\x19S\xa3J\x02\xfd\x01)@\x9e\x95e\x9d\xf1\
\xf0V\x18\xea\xafd\x94\xb0\x0c\xca\xf5\xc0Ha*\x8e\
\x89\xf2\xe5y-\xb3\x8cL\xf0C(?\xee\xb9\xa3\xb7\
\xc5\x865*\xad\x1bG<\xdf\x966T\x0fQ\x8dw\
/\x9e\x0e\xcf\x82qi\xfep\x94/\x14S\xe3\xf83\
\xaeF\x08\x12tG\xaf\xfb\xd7<ml\xf8]\xfe\xbf\
|9\xb4\xa7<\x1d\xff\x00/\x07P]\x9f\x17\xa3\xed\
\x7f\x5c\xc6\xde\xf7\xdd&~\xb8\x17I\xc0\xbf\xf1\xd1\xcd\
\x0e;\x8f\xb0C\xfe\xf5\xc0\xce\x82/\x81\xbf\xd7\x09\xd5\
\xba\xd8\x1f\x9fs\xaf\x8e0\xf8\xca|\xa8<\x18\x8a\x05\
\xba\xe3\xbf\x98}\xf8:\xe1)\x15\xa9\x14a\xe3\xa7\x9b\
\x1c\x22\x07@\x88\xf3^o\x5c*\xff\x00r\x13E\xd0\
\x86&\xc4\xf2\xce-O[S\x94:\x09\xb7\x84\xbd\xaf\
\x0ae\xea\xe0H?$\x8cY\x82qdPUK^\
\x80x/\x98\xef\x15\x09\x8a5\xd0\x9eb)!(\xe2\
\xe8j\x81\x98\xf2\xa1\x15P\xdc)B3\xb1\x06\x9a\xcd\
\x10\x99\x04\x1c\x9d\x09B\x02j\xe8>\x85Mia\xed\
\xc4I\xb2\x88\xa9_\xb9\xca\x0fR*\x1e\xcf4?\x0b\
\xd0p\xc4\xa4\x9cP\x81\xd3\xe7\xeb\xf5\xe3r$\xd7\xd1\
\xf1S\xcc]\xbdNJ@\xcb\xddC\xff\x00~8\xc7\
e\x9b;\xa3\xd7\xd7\x97`\x10N\xb0\x9d\xfd\x9e\x11\x12\
%c\xfe\xf8\xe4\x0c(\x11O{!\xf9\xe6\x84J\xc1\
\xe04\x9c\xc6\xc5D\x18\xfd8\xd4\x17\xaf\x04\x9e\xdf\x1f\
\xfb\xc6\xe2\x03\xdb@\xd9\xf3\xc9\x03\x9fC;\x13\xad'\
\x1ew\x93\x83\xd2o\xa8/V\xfc\xb9\x00\xa2\x05L\x12\
\xdb\x06x\xf9\xf7\xc8PI\x88\x93\x17B\x96\xf5\xdfW\
\x95)|\xa0zv\x90\xbd\xe1\xddy\x13m\xb0P\xd5\
\x85h\x87b\x8b\xb2\xc2;g\xb4(6\x87{\x22\xdc\
\xe2\xae\xc5\xf3\x94\xbf,Vj\xf7\xd3\xc1\xb5\xc8\x0a\x0a\
O\x81\xf2:\xf9yT\xa4\x88\x1e\xe9\xd8\x0ah\x93\xa3\
\xc0\x95\x99\xa4\x1a\x02\x96<i\xd5\xf5\xcb\x16:\xd5\xc0\
f\x8b\x16\x15\x81|/\x08>\x08\x1c+<\x14QK\
8\xd8D\x16\x97Up\x8a\x8b\xd8g,!\x80\xbc\x00\
\x90\xc7O\x82\x9c\xee\x85\xcd\x0c\x08\xda\xb5\xa3\x8f|\xbc\
\xdd\x04F\x98\xbd\xa15\xf5\xc1\xc1\xd2\x07\xd18p(\
jl\xf5\xfcr\x95I\x11]\xd8\x1f\xcd\xe6*\x1br\
\x0bS\x86DT\x9d\xdd{\xf8\xe3\xbeDq\x9d\x9e>\
?\xb7\x9eH\xc0\x00\xa1\xdf\x9d\xe4\x02\x82\x82Y p\
\x9du\xa6\x93\xd3\xeb\xcb\xcbj*$m\x04\xf9Q\xe0\
\xde;'%bc\x19\x86_\xf3\x8a\xd0\x08\xf4\xd0\xa1\
\x18\xee=\x9f<\xae\xee\x96\xc0\xc5\x08\xf7}\xf7\xc0\x04\
R\x5c\x12E\x90\xf1\xf3\xc1 \x01\x8b2U\x84\xb0h\
{\xecl\x13\x07g[\x9d%[\xa1C\x89T\xaaP\
\x0e\xc8P?\xc5\xe5\x01Y\xd0\x10\xb7E\x91{\xe2\xcc\
D\x9c\xe5\x02\xe2\x8d\xc6\xdc\xe0o:]\x8d@\x025\
\xf1\xea\xa6,i4\xea\x10T\x17|\xads\x88\x15\xa2\
 \x82\xfdAw\xccy\xbe\x8e,I\x8e\xbd\x19\xabN\
\xbcS\x8a\x87\xa0\x8a\x80\xc3\xe3`N\xc9\xf1\xc9\x01\x09\
\xa9\xa5\xb3\xe9\x1c2\x06C\x80:\x0c<\xa1\xcfn\xf7\
\xaf>N@lQ\x86vU\xfc\x13\x8c\x93\xde\xbfw\
\xf78\xec\xfd45\xf0\x9f\xbf\xd7\x07u{/^\xfe\
\xdc$\x81J3\xb0\xe7\xef\x881y\x0a\xb6\xc5\x9f\xdf\
\x99\xc5\xe2\xaa\x16\xf8oRg\xe3\x9d\xd9\xce\x12\x0a\xce\
\xceAM\xfa\x0e\x12\xc7\x9cE\x8b`\xa6F\xf4bB\
:vX1p\x192\xc8\x1bY\xa6l\x12k6\x05\
\xa6$\x19{<\x11\xc6\xba\xc4\x01#\x01{!\x82/\
$\xfd-\x06\x98\xa4\xc0\x10\x958Vm\xff\x00\xa8\x06\
\xac$\x1e\xcd\xd8%\xa2\xa6\x94\xc3.\xe8\xe8\x09o5\
k\xde%\x86\x22\xaf\x08}P\xbcvR\x990\xb8\xc0\
\x02B\xa6\x9c\x08\x1e\x05\x00(/\xa0\x11\x07\xa2\xd0\x1f\
]\x02\x8d\xaf@\xa2\x5c3y\x16\x14\x9c\xa3\x01z\xee\
\x81\xf7\xf9\xe3,/\xccK\xa0\xb4\x88w\xe7\xd2r\xce\
\x01\x06\x98 \xd8\xbe\xd5\xfapC\xb9\xd2\xabB\xab\xdb\
\xed.<\xa8\xc0\x95>\x87\x5c'\xc2\x1a0\xbd\x1f\xab\
\xc2\x16\xec'\xc33\xed\xc2\xe8\xd0\x8c\xf1:\xe3\x94\xa8\
\x1fM\xeb\xeb\xe3\x89F\xe9e\x82\xff\x00\xa4\xfc\xfb\xe5\
\x05\x00dl'\xd7\x81\xe4IL`u\xf3\xe3\xf3\xcb\
\x92\x15\xad\xaat\x80\x83uX\xf3%^\xe04\xa1\xab\
W\xc1z:\x9c\x19X\x02&\x12\xa9\xc6H\xdd\xf2\x15\
\xde&\x0a\xd8`a\x10\x06\xdd\x84*\xcf0\x02\xf0\xf4\
.)\x9b\xca\xe8\x04\x16`b\x14:\xae\xdc60\xfe\
\xb4\x93\x01\x88\x9aA[\x04\xeb\x81\xf4\xd4?\x0d\x08\x98\
^\x87\x91\xcb\xd5b\x9d`\x22\xd0\xa0S\xc4\x22\x00\xb2\
\xd9\x17S@}\xe1\xc0\x83\xa7\xb8Q\xe8\x89\x09{7\
\xb4y\x14\x0e\xd2\xafB\xc6\x111\xcc\xe1\xde$\x92!\
\xa8tLC \x9dr\xfb\x1f\xb9\x80\x88\xe0\xa9\xd6j\
\xdd\xe6A|\xb0\xfcC\xc0g\xb0\xcf<\x85&qM\
\x05F\x07\xe2T|\xf0\xa0V+\xd4\x00\xa8\x22OZ\
\x1c\xb0)\x96\x88\xab\xb7~\xff\x00\x8ezR\x8b\xd5\x13\
\xfa\xe4\xe4\x96\xfe+\xc0\xa2\xbc\xeb\xe0\x97\xf5\xc8K\x10\
\x12\x1f<\xa0I\xa4\xf2^\xbe\xfc\xa0\xe0\x11\x06\xf9\x91\
\xf3\xdf\xd3\x88\xebp\xa0\x8e\xfd\xe2\xef\xae)\x8b\x00\x82\
\xe9\x04\x83\xd9\xe8'#+\xce\x8c\xab\x18\xa83,\xb4\
\x06\xb8g\x02\xb8\x15uH\xc2\x09\xb7b\xba\xb0\xd6\x0b\
@F\xa0\x88\xe0\xa3\x5ce\x97Jw\xb8\xa9\x80>/\
\xd3\x8dDvw\x8b`\xac\x80\x946knw\xceY\
$I\xe0t\xee\x07\x0b\xf8a]\x17\x17\xc8E;-\
\x03k\x92*\x95\xab\xe6\x07\x0a\xf8\xe2qO\x06\x14Z\
\x9c\x0c\x1c\xc2E\xd9O\xec\x98,\x05\x03\x18\x9c\xef6\
\xd1\x02\xee\xab\x22=\x9eC\x8d\xa6\xd2\xa1\xa5\x02\xd8\x13\
\xe2\xbe\x0e1\x0a\x9b\x0a\xd1y>\xc5\xa8L\xe1q\xde\
\xc3\x10\xe8\x85c\xa1Xa\xd2y\xfa`A\x83W\xcb\
\xa3<\xbc\x5c\xc1\x97\x82Z\x91\x90\xc7\xe6g\x08K}\
\xbd\xe8\xdf\xa7\xfb\xc6\x89\xad\x87\xceK\xc4\xed\xc5\x07\xd7\
$\xc4\x10\x0f3\xcf\x1d\xa1\x16{\xee/\xae)\x04H\
\xfb#\xf75\xe0\xe8ge\xd1\xa7\xed}M\xef\x9a[\
H\x8c!\xe5Q>/\x92\xf2?\x95\xf6h\xa0\x82S\
\xd3&\x1f\x0b\x06\x0d*\xec\xb0\x90@\xda\xb7\x83\xd4\x88\
b\x02\xf704\xb2\xae\x84\xe1>\xc0\xc8D\x80)\xea\
\xb9\xd0vp\x0e\x0a\x11\x02S\xca`\xe0 \xed.\xb1\
\xc2\xd4\x95\xd6Yc\x81\x0a\x0f-\x0dy\xb8&0\xa2\
&\xe3+\x8a\xc2&4*wV\xa1\xfe\x06N3\x5c\
4\xc3Az.\xdc\xef\x90W\x08\xa4\x09\x836\x07#\
\xaa<\xc5\xcb\x19G\x0d\xb0\x95\xc5<56H\x13\x5c\
\x05;}&\xd7\xc1\x12\xa6QJD\xae4\xc5[\x07\
\xbeZq\x01\x88\x17,\xea\x9b\xdb\xd7gl$\xc1/\
\x90\xb2]\xf5\x09^\x158\x8e\xa2\x0a\xd6\x14sI\xd7\
\x8e\x02\xb1C\x08D\x01E\xf8<\xf7\xc4)\x91\x04\xea\
\xcf\xfd\xe4TI\x09\xd5J\xcf\xe5\xe3\xf4\xbac\x01\xe1\
\xac\x8cOO\xff\x008\xc3\xf6\x80fa3\xdf\xfe\xf0\
\x88\x02\xb6\xd1\xda\x1e\xd2\xf4x9I\xacT\x943\x1a\
;\xf3\xe78\xcfq\xd4\x19\x02\xfc\x03\xe79\x11\x9f\xdd\
\x18\xab\xd3\xde\x8d\x87p\x8a\xd9\xb2f\xa8\x01\xbdS\xa6\
\xdeK#\x87X,1R7\xb7v\xf3g\x06Py\
\x1b!\xaet\xe6\x8a\x00~F\x00\x03\x18V!\x89#\
\x80t\xd2q\x97L\x13\xa0\x9b\x81tx\xc7\x12\x91f\
eH^w\xc8^\xa9\x81p\xb5\x04A\x85%\x80I\
\xbc'\x988\x13\x01\xd8\xeb\xa0\xa8\xbc_\xd3\x5c*d\
\x0f\x15>\x13\x10\x98\x85Z\x04\xe6\xa1[\xd3N\x09\xd7\
\x12\x1f8\xc6\xd6\x1c\x07A\xba\xd2\xaab\x02\x11<\xb5\
\xae\xfa\xf1\xa4l\xc8\x00\x97\xb2\xdd9\xf2\xf0( \x1c\
D\x07\x00\xedD\xf2x\xc4\x85P \xab\xccQ\x11\xf4\
\x03\xd77\xcc\xc0Z\x01\xc5\x88>\xbe\xd7\x92\xc0\xef\x9f\
\x019\xba\x14\x10@\xd9\x7f\xef|a0\xbf\xb9\xe7\x86\
\xd4\xde\x9e\xd1\x9c\x80\x94_\x01\xae\xfd<\xf3l`m\
^\xe3z\x95\x0f\xday\xe0G\x90'T(y%\xfa\
\x1e\xfa\xe1m\xea\x88\xf7G\xc0\x07\xd7\xe487\xdb\x18\
E\xa2\x02\xdd\x9b.\x0d\x064\x0e:v\xc6\xc5\xd2\xb1\
\x91<\x02\xa0\xd8\xa9\x12*\xf6\xaa\xb3\xc2\xf1{.\xa5\
\x0c-*ABPW\x11ca\x01F\x84\x08c\xba\
\xec\xd0i\xa0\x03\x18C\x14\xed\xed\x83a\xa4\xf3>9\
\xc0\xb6\x11TC\xa4\x16\x1e\x0c2\x5c\x08\xb0\x18\xbe\xaf\
N\x1d8w`X4r\xab)\xd6\x88;\xcb@O\
|\xa8+T\xdc\xaf!5fw\x83(\xea\x91\xb2\xb0\
\x9a\xb0\x88P\xe8\xa6\xbbS\x04\xa69\x1ey\xf60B\
\x01\xf0\xed}N3\xc7\xac\xb6\x96\x86\xda|\xc1\x9ew\
\x97\xf2\xed2\x14Y:U:\xcd\xef|\x99\xe7\x22F\
\xf4\xaa\xc0\xf6\xe8m\xaeJ\x8bB\xee\xb8\xfa#\xd5\xd5\
\x08(\x94h\x07\x7f\xc7\x05`\x0aW\xd1G\xf3\xc0\xa9\
#\xd7\xa0<\x1fg\x82\xd0\xee.\x8f\x08($\x07\xb7\
\xe9\xbcx\x84\x89z\x22\x0c\xf4\xf7_8\xf8\xe0\xd39\
o\xd4\x0f\xa3\xf3g\x05\x81ZbM\xcfa\xe4-]\
\x9c\xb1\xfd\xfeL'\x06\x01C7\xa1\xe0f\x12\xb2\x98\
Gb*M\xde\xb8\xc1S\x10\xcb\x14\x1cK]\xc0(\
N\x95\xa3F\x0842\xd3\xa3\xaffS\x869%\x0e\
\x85J\x91\xc1\x07\x91\xc6\xc9\xc3zX\x1d%\x90#\xdc\
[\xab\xd8\x0d,B'\xa1=Q@\xde\x81\x15\x09b\
\x0eN\xd3;\xc4\xe0\xe42\xc8\xc0\x12]H<A!\
\x02\xc6\xd3h\x99\x8da=\x08r\xfe\xe2H\x93\xca\x9b\
\x14@\x9ef5\xcb\x03\x01OXq\xf1\x1fY\x0d\xa3\
[\x1c\x00\x80\x85\xf5\x1asc\x14\xe3s\xa4\xc2\xbd\xde\
\xf8\xb8(\xb9\xdd\x1cF\xfd\x5cMagG/\x5c~\
>X\x00\x00\x07qu$e\xa8\x80\x10\x0b\xe5\xb8\x13\
-\xc1k\xd5\xaf\xd7\xbeo\xe5\x08\xcd\xado\x02IQ\
v5\x1f\xd2pw\xf2\xce+<'\xda)\xf3\x9cE\
G\x02b\x0f\x04\x1a\xf5\xe7\xbb\xc8\x90-\x03\xac\x17\xb2\
T|s\xa3:qQ\x08\x07`L\x95\xc2f{)\
\x0a\x92\xbdI\xef\xaf\x07%\x01}\x96\xab\xde\x0aV;\
7\x8aS\xa02\x18\xa2(YO\xb2\xc9\xcc\xf7\x1e\x03\
\x08B).=\x9e\xf57T\x91YH\xc0\xf9\x90\x0b\
\x1dp4\x04|\x0c}\x93K%\x13MH\xa09\x1c\
\xa8i.\xcd\x8d\xc1x\x01z\x9e\x15/y(B \
\xeb\xbe\x08F\x10\xf6E\xadD\x01\xbd\x84x\xf8#\xac\
\xaa\xc2\x95\x88\xc4\xc2W\x02\xc1\x0d\xc6\x14\x9b\xa5!u\
\x07\xcd\x98\x01\xa9$\x86C\x00\x07t\xbc<M\xf8\xb5\
\x8as\xf8\x0c\xbcX\xceN\xdc\x18\xa3\xe6\xfc\xe7\xae\x19\
)\x08\x10\x01\xb6>\xc10\xcd\xe2\xc6\xc7\xec\x14X*\
<\x9fo\x9eA\x18L\x09\xedBwjm_^'\
\x5c\x9b\xf2\x86~\xb8\xb5\xc7\x00\xbd\x1eW\x80%\x95b\
\xf6\x99\xc6\x04\xc1\xfa\x12\x0f\xe9\xe3\xd2h\x03\xc1\xba\xfc\
<\x17\xc2/Z`\xa6\x85\xf1\xd3\xcc\x18\x0e\xa1*\x1d\
\xe8\xe8\xeb59\x93)\x02\xb8DMh\xbd\x06t\xde\
\x01\xceP\x03r::\x09\x81\xbc\xef\x10\x0d\x22\xb6\xcc\
R\x0cq\x93\x850U\x0e)\x91\xa0$\x04\xf4\xf6\x81\
\xba\x92\x0d\x86\x0a2\x0fb\x01\x97\xb84i!\x05\x84\
Y\xdd|\xd3\xc2\xca)\x95\x04\xc0u\xb4\x19$s\xbd\
\x89\x90\xa0Q45\x224\x91\x97\x95$\xe1\xa3\x83'\
\x91\xf97\x0c\x08\xf28H\x00\x5c\x14*\xe9b\x87\x1c\
\xdd R\x0d\x8a\x81>L\xe0\x22~3\x5c\x18\x08\x92\
b\xd5B<r\x80\xe0\x08@\xaax[[w\xb6\xf1\
\xc8\x8b\x06\x8a\x02$\x0b\xd7\x83\xcfL\xdd'\xd8\xd7X\
\xc8\x99\x86\x108f%\x22d\x00\xec\xc0\xfa\xfd\xb4\xa2\
\x1e\x88\x91\x19q)u\x87\xc1\xc3\x92\x11\x12,\x8a\x5c\
\x09\xe3S\xcb\x86\xe4s\x11oY\xe3\x9e\xa4\x03Mz\
\xbc\x1a\xa4\x0c\x0ax\xf4qVZ\x0fF\xbf\xe3\xc8b\
\x22N\xfa\x83\x9cS1`\xda\x10|\xad\x7f\x1f^\x14\
\xa5R\xd2(a\xaa9\xe1f\xcc\xe0W&\xb5x\xd6\
\x04\x10\xeb\xbb\xa7\x14*TZ\x90\xdb\x01bu\xbcD\
\xd0\x1cD4\xe4\xa1+\xe14\x9c\x1e\x04\x15\x17\xd2\xba\
\x90\x8e`\xf1\xc0\xac\x03M\xa3E\x08xmy'\x0d\
\x8c\x14b\xa8\x05f\xf8BJ\xf1F\xad$\x9a&\x00\
\x8ayd\xde\x10\x92\xa0\xbe\xb6\x81`jW\xd0\xf3>\
\xb9E\xd4\xe9\xea\xb00\x02\xb1p\x02\xc0\x110\x85^\
\xd8j\xad\xb9\xd2\xfeQp\x82\x05\xafU\x94_\x00x\
\xa4*i\xb7r\x01\x84\xe8\x83X:~\x15j\xa5\x83\
\xe0\x8a\x17\xf2\xf4\xfdp\x8b\xaa\x87\x88\xf6\x0dwy\x07\
\x82\xae\x11#\xbai\xff\x00^.\xd0\x88\x05\x835L\
\xe8\xea\x1dx\x02\xae\x9a\x05@@\x03\xad\xbf\x1c\x0b\xea\
|\x14\xed\x8cT\x0d\x9d\x04\xf3N\x90\x0d\x03\xaa\xcf\xfb\
\xf1\xcb>\xf3\xc3\x90<Cr\x93\x83D\xad\x0f\xcf\x0c\
\xed\xa85\x95HU\xeb\xa8\xf0\x9a*\xa5\x9c\xf2=\x95\
;>\x8ez8\xf2\xc5\x04\x90vw\xa4\xe1o\x098\
0\x00\x06\xbeff\xf1\x9f\xc9@C\x90<\x99\xbbq\
\xab7\x0cB\xab\xea\x86A\x9axb_/\x07\xb1\x85\
E\xa2\x03\xd3\xeb\x87\xf0I\x0c\x04\xe8\x01\x17\xab\xe9\xed\
\x04\x88\xc9\x83u\xe8c\xee&\xbc\x94\x09\x8bS\x1b\x85\
\x82\x88\x13\xe4\xf1D\xa0@f\x91\xac\x95c\xb0\xd8<\
\x8a\xec\xdd\xc5\x00\x06G\xf0=\xedR\xf5\xa3V\x80\x1c\
\x89\x1aR\x96\xf1a\xfa\x00i\xd3\xa8\xaak\x0bX\x92\
\x88\x12\x01mI!<\xac\x0fdx:\xc7\xfc\x94\x13\
\xa8_]\xdfg\x19\xf0\xe1\xed\x02\xb3\x02x\x07\xeaM\
\xe7\x19wB\x18\x94\xe9\xe4{\xe4\xb0\xa2J.\x9a\xb4\
\xc4\x9e3\x1b\xbc\x22\xc0\xd8\x01\x04\xca.\x92\x98\x5c\x1e\
\x1b\xaa$\xd4\x08&@<\xa6\xbdpSq\xd1\xe9\xff\
\x00\xbf\x9e\x00\x81Q\x01\xbf\xf6\xf30\x04\xe7\xae\xc5_\
\xe3\x97&\x04\x14\xed\x01\xfe\x9e\x10-\x86%]\xf6Q\
\x9cQ\xd3G\x88\xde\xcc*\xb4\x8b|NJ\xd9\x83\x19\
\xc0\x9a\xe1W\xcf\xd2\xf2\x85\x80)\xb0R\x92\x18\xd4\xe1\
\x17\x9bL\x03\x00\xd6\x0a\xc2\x0c\xecg1\xd8\xcc\xa3\x1b\
\x99\x0cP\xaf\x91\xc0\x01\x00\x94\xd1T\xa00\xcdGy\
R\x9fU4\xe2<:a\x9e\xb8@,\xd0x\x1d\xd2\
\x93\x15\xf3;\x01\xa7\x03F\x00YR\x0f\xcen\xd7\x82\
\x17\x9d\xb9\x18\x99\x07w\xca|\x00\x94\x15B\x10E\x87\
\x5c\xeb\x08\x9eMGR-\x0b\x14\xdc\xc3\xf9\xe5\xf6\x89\
o\x0c\xf9!\xd3\xb7\x1d\xf1\xdb)\xa6\xa0G\xb6EU\
#\xd58\xdf\xd3\x00\x0d\x00[V\xafq\x03\x96F\x1a\
\x9d\xe8Z\xedhv\xe2@\xa2\x13\x08\xa5{\xd5N\xa0\
\xf1x\xa9\x81\x8ae$\xec4O\x99\xc0\xfd\xe9:\xc8\
\x06\xa4\xb0\x9a\xe89\x5ciA:\xc4\x11e\x930}\
\x0e\x14\xb6\xfe\xd9\xc6\xca)w\xf0\xa7,\xac\xa9\xf0^\
\x1b\xdb\x1b}>\xbf\x1cVA\xa9\x84k}\x81z\xf5\
\xef\x89\xc8d\x0d\x06\x80\x1e\x9a\xe4\xfa\xf1\x80\xa4\xdc\x0f\
#s\x02\x8e^\xfb\xe2\x81\xcd-6\xda\x08\x0f\x11\xc1\
\xcb\x84(\xca&!/n\xbc\x12\x87\x15\x03e\x01\x8a\
m.D\x01\xe38\xc8.\x16\x8a\x8d \x0cf\xbb|\
\x83\xcc\xa0\x85(\x8b\xa9\xee\x10\x1dJ\xf0\xa0/z\x02\
=\xda@\xd8\x1c\x08\xe7\x8a\x11\x9b\xa8\xae\xeb\xb1\xdb\x8c\
\x8cJ\xa0\x80\xe9\x8b\xd5~\x09\xcc\x1fU-\x83'[\
\x14\x14\x0afP\x18\xba\x94-\xbd~\xd0r\x0e\xb2\x80\
\xaf\xaa\xaa(1\x8eo\x14\x92\xf2\x0e\x10\xaa'Fz\
&\xb7\x8a\x90\x0a\x12@.\xd0\x80\x8e!k\xc5\xba0\
\xe5I)\x91P\xcc\xfb\x1c\xb8E\x09\x9a\xb3\xf2*_\
\xae\xbdrYB\xe4\x5c\x8f\x91\xdd:\xbe:\xdeUp\
&\x82\x15sI\x01\xe4\x1f\xb9B\xa6\x22\xa7\xc8]\x0a\
\xddU\xf3\xc7CwS\xc3\x8f\x16\xa1`_~\x7f\xde\
\x0ae\xa1zR\x01\xc6f\x08n\xe8\xff\x00.c6\
\xd1\x0c\x12'\xe1\xf1\xbf\xd9J\xc8\x94\x11\xa9\xdaBw\
\xf3\xc7&\xe7\x11J@k\xe6\xba\x1e\xf8\xc1\xdd\x02J\
\x96\xfb\x07N\xcd\xf3\xc2\x89\x09\x94P\x84F\xac1\x85\
\xda\xe4\xda\x12a\x17E\x04)\xe4\xaf\x06\x95F2%\
{\xae\x02\xbb\xdb\xb3G\xfe&F\xfe\xae\xd7\x03\xd5\x9e\
'\x04\xd2\xb5\xb1J\xb9\x08#,\xec\x8e\xedy\x91\x0c\
\x90mcS\xb5 Q\xc0\xd4CD\x09)\xf0\x8b\xce\
\xaf\x1d\xb7\xbd\xf1\xe0#\xbb\xe4\x9cVdW\xd0\x93\x0f\
\x083\xb5gdp\xe6\xcfh4\xacz!\x02\xbc\x0b\
\xb1, \x02_\x00\x17\xcb\xd5x\x98\x06l,\xce\xd6\
J&\x07|of\x1b!(TfUr\xa6W\xc4\
\x92\x10z\xea\x94\xa7\xe3\xdb\xc8\xc3t \x91W\xbf\xec\
\xad\xe2\xadiiM\xd4\x03\xe4E\xdfW\x89\xf8\x12\x88\
B!3\x11\xe1\x86\xcd\xd2\xe6/\xf6\x07\x22 )\x9e\
Rg\xeb\x821\xd5\xaf\x97\xbf\xe3\x83]\x16\x09>o\
\x00s\xb9\x02\xdd\xdf\x07[\xf1\xd7<\xce\x05P#\xde\
5\x14\xff\x00\xd3\x97\xf01\xe8\xc4\x07H@\xd3\xb1\xb3\
\x8a\x0cB\xe8\xcca\xb0a\xf4\xac1r\x1f\xc5\xb8\x15\
M\x01\x94\xfb\xfb\xe0\xa0=\x8d\x08\xcf#\xd9gl\xf2\
\xbc)\xa4\xd0\x0f\x11\x86\x14\xab\x22\x1cE8\xdcL\x04\
;T5{\x1a\x1ap$\x08\xe8T\xa4\x10\x006\x10\
6m0H\x95$\x02\x03\xe3+\xa2;\x9d\x10\x93\x22\
\x01\x83\xb0u\x16\x0eIP\x96\x14\x09BScW\xa9\
6\x89\xd0y\x00Wu\x8d\x01\x97F\xdf\x98\xd7\xa8\xb7\
@\x13\xdc\x97\x89\x1d\xe5\x91\xf2\xfd\x15\xc8z)^7\
O\x99\xd4\xd1E\xa2\x04'\x99\xdc\xe3p\xd1\xa0\xb6\xcc\
\x9d\xc4C\x1a\xef\xa2\x84BK\xdb@\x1aW\xc7\xae\x18\
1}GJ\xcb\xe4G\xed\xf6\xe1\xf8\xec4\xfc\xd2\x86\
O\x92p\x01\x0b%,\x0f\x0c\x16\xdc\xf6#\xc5,\x91\
\x17\xd1o\xf7\xf9\xe5P\x96\x92y0\xff\x00x`\xf6\
H\xb0\xe8\xe6\x88\xad\x0f\xda\xf0*\x82@)\xc2\xbe_\
\xef\x85\xe1\x09F\xb2\xad}f\x7f\x9c\x1eO7+\xba\
\x03K\xdb\xa0\xcd\xc2\x02a\xf0\x85\x0b\xe8\x1d0\xafh\
pk\xd2\x94z\x01EX\xb3\xac\x9d\xbcFk\xd2\xb5\
3\x85\x08\xfaG\xcd\x22\xff\x008\xa3\x85\xf6f\xd1\x98\
3\xc9\x90\xd1\xaa\xe8h\xa9(&\x0c\x1cz9\xaa\xc2\
\xd6\xb4\xd0\x0d\xa9\x9d\xb8\xc5\x12\xdc\x85t&\xb7\x00u\
.\xa0\x03\x93\x95\xcb\x1d\x17\xbd\x22\x10bd\x9b\x1f\xed\
PiH\xd2\xa2\xd3\x86\x13\x0a\x99\x14l:6\xaa\x18\
<\x98\xbb\x82\x8dz\x15\xa3b\x14uO\xc5\x10\x9e\x04\
\x22C\x1b k\xbc\xb5\x8c\x0d\xc2D\x9dj\x08\x18\x93\
\x1b\xc1%\xb6\x88\x05W;U~\xa3\x89\x9dTR\x83\
\x05\xda\xa6|t{\x89L\x03r\x11U!}}\xb9\
\x8a+\x88!D|=&\xcc\xf4@\xb4\x14\xf2u\xbf\
<\x0c\xd5w\xe0\xbf\xcf/2\x0f\xa1\xcf\xfb\xf3\xc6:\
\xac\x13\xb7\xc7\x11\xa1\x17C\xdb\xff\x00o\x04<\x02\x18\
\x86i\xf68\x5c2XA\xc0l}L\x8eq\xed\x12\
\x04>\x10\x9e\x9d\xbd}9\xe1j\xae\x14\x0b\xa1]R\
0\xee^[A\x0a\x17]\x9e?(on%\x8f\x89\
\xd1_s\x03\x8c\xe8^\x1f\x00\x862$\xc1\xa4\xad\x8e\
\xd7\x89*}\xb6\xb5KB\x08&\x90\x91\xa0\x8f\xac\x12\
\xc3J\x01\x84\x8b\xb8Q\x09\x0a\xd0\xc1\x11A\x05 \xa3\
W\xa0\xe55\x10\xf01\x82)%B\x80\x8a\xb1\x83\xef\
\xa9;\xe6\x00\x06\x82=\x09\xd2:0%q$\xab\x18\
\x01I\xc3\x94\x8eIl_\x90fLzk\xc3_\xc9\
\xeb\x22\x92\x00\x1d\xab\x8b\x1c\xe12\x01\xa8H\xe4LU\
s~8\xbaFD\x18\x01z\x1e\xa6\xeb\x93D\x00%\
\x92x^>\xab\xcd\x14!\xc8\x90\xf9\xee\x1f\xdf\x16\x07\
\xbfup\x00\xc8\x0b\x09`\xf0\xfa\xaf#\x02\xba\x100\
\xeb\xfa:\xe4\x14\x09\x99{\x85\x9cKc\xdd\xf2\xbc\x82\
hG\xc6\xef\xf5\xc6\xdd\x91>\xa0\xdf\xc7\x06\xbbb\x0a\
A5c\xdb\xff\x00\xde\x00@IV\xb1@\xf8\xac\xf9\
\xbc~\x93\xe5\xd4\x80\xe9\xa3\xb7\xb0/'\x0b\x87[\xb1\
u\x04\xd1{\x14x\xcf\xe8\x00t\x90 \x83\x1a\xaf\xbe\
\xf2\x8b\x98KU\xedB\x88\x06\xefz\x8a\xb7\x02\xa5\x88\
+\x832Z\xbe\xf9K|\x10\x03b]\xa6\xec\x88\xe9\
\xc8\x1b?\xc4\xc7A;\x84\xab\xa2<i\x0aTBP\
4J\xb57\xa8\xbc\xf1\xb3\xacIMUx\xda\xb4z\
\x9c\x01\x05Y*@U\x0ej\xce1\xb4\xc2\x02W\xaa\
\x85^\x9e\x228\xea\xe5u=\x83[em2\x0eM\
\xdd\xe0@\xa5\xc0uF\x8a\x05\xe8\x17\x11\x806\x9fX\
\x1e\xc5\xc8X\x9c\xa2\xf3\xc0\x97\x12\x86\x06!\xf3\xe3\xae\
\x03\xb3\x03\x91\xd2>\x0dO\xa7\x18\x94.\xda\x00E\x93\
_'\xe1\xe5\xd5DK\xa21\xbe@\xae\xc3\xae9J\
.\x95t\xbf\x8f\xdf\x022\xe7\xb0g\x7f=<\xcd\x95\
\x1e\x839\x94QQO\x17\x82\xa1#\x9f\xbe\xff\x00\x9e\
\x0e\xe4\xd7bF\xff\x00|n\xb4\xf1\xa1e/D/\
O7\xd5%A\xc1d\x94\x9fm\xce\x12hFBM\
\x00/d{\xdf=3\xb7\x92\x0d\x09\x00\x04\x00!\x07\
lo\x03\xc3[\x12\x11\x1d(\x05\xef\x11\xeb\x8e\xc0\xa1\
\x12\xd1\xdck\xa5v\x02\xe4\x04I|1\x85\xe4\xfd\x06\
K\xcb\xa6\x04\xd6\xe8\xe2v\x1akC5h\xcb\x02H\
 \xc95\x86\xaa\xd7\xa0\x90\xfe\xe9\xea\xc0R(\x18\xbe\
\x1cm8\xfa+mZ\xb2\x98\xd8d\xe13\xe0#X\
9s\xc24\xba\xbd\x04AS0\x131Edy\xd4\
\x1eR\xa8\xe4\x9f\x90=\x08v\x9f\x04\xc8\x86\x86\xa3\xba\
\xe0\x18\x0a\x8a\x9dp\x91r\xaa\x8az\x16\x15^\xfe\xc7\
!\x10H\x01\x093\xc1s\xda\xf0\x8d\x0by\xb4`\xfb\
\x02\xe8U\xab\x9b\x82\xa6\x80d\x01\x8a\xab\xd1J\xf3\xb0\
\x14g\xc6O\xeb\x92\x9a\xf2\xdf=\xff\x00<\xeb\xd0@\
\xfb\xb9Z\x05Z\xf8<q\xf7G\x17\xcf\xfcq\xa9\x81\
\x05\xf2u\xf6\xe1\xa4\xb6\x09Tp\xeb\xb3\xa7\xc7(\xdd\
4\xf8\x22\xfc\xb4\x12\xf9\xe5\x04\xc9\x1f\x06\xc1W\x0e\xbd\
\x9cNHP\x05\xf6\xad\xc2\xfd\xdc1\xdf\x15\xd3u\x82\
`v\x89\xef9*x\xd5\x834(\x17\xa2\x09\xf3\x19\
\xa8B\x04a\xa9\x09\xf4\xed=\xf2\x82\xb0\xab\x1d\x8c\x12\
\x85\xf14^!v\xec\xb9\x90#\x1d\x9dJ\xb7N9\
\x8a\x00z\x18\xb0\xaf\xe8\x9e\x9b\x04\x06\xe3\xb6\xb8\xba)\
\x04\xa0\x96^\x16\x80[\x98\xb8\x13L\xd02\xf3C\xb7\
rD\xcdJ\x06\xd4\x0f\x8e\x0a!\x8cXT\xa8\x8e\x8a\
\x90\xadx\x0f.\xc0\xfa\xb8\x91hMI\xa3\xcc!\x10\
\xd3\xa7n\xe7^\x98\x9d<A\x81\x09V\x07K\xefg\
\xd3\x84\xa1J\x99\xe4\xe9\xd0s\xe5\xa7\x95\x9c\x83\xd2\x9d\
\x22\xff\x00\x98@A8\x1a\x98B\xfa\xf8\xfap\x1aI\
\x06\xf7\x9f\xfd\xe2C\xea\xbf\xc7\xf1\xe3\x8a\x099.\xc0\
_\xfd\xe5\x99\x00~kg\xf9\xc9!\xf2Ol\x0f\xeb\
\x8f5O#-3\xfa\xf9\xe1`-C\xb2\x83\xdf\x9b\
s\xcc\xeapr\xed\x84\xd10\x9dP\xfb\xf1\xd2\x16\x08\
\xa0(\xf5\x84\x9f\xdd\xe6J\xae\x15R]\xd2\x9dA\xf9\
yuj\xa8h\x15\x0b<\x06\xb9\xc6\x9e\xce@\xa1\x1a\
\xa1\x006f7\x8d\x1cw2\xd1\xf2S^\xd8\xa9c\
7\xd7.\x8d\x0c\x01\xc1F\x82\xf7\xc9\xb2\xc5R\xda\x08\
stQD\x1c$\xbb'\xd2\xb4\x0f&}\x0c\xbc\xc3\
 o\x12\x13\xdb\xcc\xd4\xf2\xbc\x06\x02[\x86\xf6:h\
Ck\x81-\xbd\xa0\x93P\xa4K\xa8&\x01\xc4\xcdd\
\x80c\x01zW\xe5=\xf2\xfe\x81\xd8\xd6m~\x22\xe1\
4x\xfb\xc4K]\x9b\xafC\xd2\x96|\xd6\xdc\xee\x9b\
\xcd\x92\xa4\xaf\x0d\xdb\x0d\x0a\xd3\x82'\xa0V\xbe\x90\x1a\
Z\x98%\xfe\xbf\xbe\x01\xa7\xba\x86\x1b\xc4@\x1dI\x87\
\x93\xf5\xcc~Z]\xbes\x80Y\xd8\x84\x00\xef\x92\x86\
\xec\x07\xbf\xaf\xbe\x1a\x0e\xb4\x14\xe9\xd0\x87^\xbf\x1c\x8f\
P\xcb\x05<.\xbe}\x8f\xcf\x19\xcd\x91\xda\x92\x0a=\
\xa9\xc2\x00\xc3l+\x22\x1f:Hww\x82\x00\xe0\x0a\
\x13\xd8\x1c\xc3o\x84%\xc35\xa0\x00\x08\xa1H\xb2\xad\
\xa2\xc9\x89\xf6\xcd\xb0\x1dF\xec\xf2\x95]\x1f\xa8\xd0\x0c\
\xf4\x09I\x8a<B\x06\xc7\xb0\xe8'P\x18\xf7\xd3\xad\
o\xe5y\x82u\xda\xbd\xbb\xbd\x81\xb5IkJ(\xaa\
5\xe9P\x83\xbc2\xa9\xacZ\xeb\x19]J$\x8d\xe1\
!b\xbdb@\xf8\x06t\xcd)D\xf2\xf9\x11c\x13\
\xcbj\xe4\xea\xb4\xc0\xe7F#R \xd4W\xe3\xa0\x9c\
\x959=\x22\xb7\xf7~x\xb5\xd02\x1c\x09\x00[\x84\
M\x10qU\x19\x05\x97$\x01a\xb3\xbeB\x8c-\xc3\
&k\xd3]\xba\xf8\xbc.\xa4\xd2\xf9\xc0\x7f\x1c\x83l\
@=\xb9\x9f\xbe\x08\x22\x1a6\xf5\x89\xfb\xe2\xc9\x99E\
\xc3\x7f\x9e\x1b\xc8@G>\xdf\x9em\x05Q\x19'\xbf\
\xaf\xf7\xc5\x18\xfd\x09\xd7\xeb\x88%.Z\x02|\xb7\x1e\
\x1a\x1bq\x16T\x0c\x07\x87b\xe7|U\x1e@7T\
\x14\x04{n\x17&\xeb\xa1*\xb0a*,@\xcc\xae\
\xd3E\xa0\x08QADRu\xa9y9Qz\x80\x05\
v,-\xd0*q\xa7\x1a PA@\xc2\xe1\x87\xaf\
0U\xc6\x82\x85\x9a5/`\xe9\xa0\xfaI\x04\x8d\xc9\
\x14\xc7\x8e\xde/\x15\xa3\xcc\xa4!A\xe4\xa7\xde\xe3\xc5\
\xc4@\xa9r/u75~4\x88\xa7\xd0\x82\x93H\
t\xb9\xd7\x09@.\xe85\x84CQ\x11\xed\x8e\x02\xbc\
k\xaf\x09\xcb\xf0\xf2\xbe\xb8\x85\xf2]\xa1\xd8O\xec\xf7\
\xcav\xccg\xa5\x83d\xd2\xa9\x04+\xc4\xcc\xbaZF\
\x11\x0cTpL\xe1J\xa1\x07\xa2Y\xf3:\xe20\x80\
\x1d\xf0\x1a~\xf8\xc7\xa0\xda\xbe\xc3\xfe\xf2\x91D\xd7\xdd\
\xfe\xb9\xdeJC;N\xbf\xef\x8e\x0c\xd3X}\xc7\xf5\
\xcd\x93\x0e\x83\xdf|\xdf\xdc\x85\xee\x8b\xf9\xfe\xb8\xc8H\
\xeat\xf9\xff\x00xX\x87\x12w\xd2\x0f\xc0^@\xea\
6\x1f+\x19\x0d\x02\x1b\xd7\x1eh\xf5!\x13ZO.\
\x97\xd6p\x89\xa8\xb5F\x01\xd9\xa6\xa4fNw\xf2\xf6\
H@\x0e\xc4\xde(-c\xab\xf4\xb6\x08\x14\x82\xea`\
\xccg\x09\x1b\x10\x85\x94\x94wV\x11\x9d4}%|\
\x14Q)\x18\x8d~\x0e50\x10\x97\x85\xc5\xd0\xf8|\
\x84\xe3\xa9\x88\xad\x80\x86\x15C@\xbe\xa5\x12\xef\x96\xa0\
5!\xd0 P>\xbc~\xfa\x08\x14\xeaL\xabA}\
\xf0\xaeV\x93\x91\x07\xcb\xaa\xfd\xde\xfb\xe6\xc5Yk\x0e\
\x80Q\xec=\x8b\xc4\x90\x88\xd2\x11m4\x14\x01\x19V\
\x9d\xd0\x14\xc0*\xaaV\x1e\x13u\xe2\xd4\x18\xf6=\x07\
\x8ey\x10k\xe1\xb6\xf2\x86\xf1\xe1\x97\x81\x8647\xb6\
\xb9\xfcr|ew\xd1\xd7\x020\xabCo\xfe\xff\x00\
<R:\x14\xa9\xaf\x15\x00T\xfc\x9f\xf3\x90\x01\x84E\
\x19\xe9\xc8\xbd\xb8\x821>\x22cf\xbc\x12\x9c\x08R\
W\xa1L\xa0\xa1\xb6p\x1a\xc0\x02R\xd5\x07\xea\xdch\
&0kI+\x9a\x17\xc9\x9d3\xb3yj\xe0\xb20\
M1\x1a\xb44lA\xa4\xca\x0c:\x8d\xa5\xcc\xa6\x0c\
\xe2\xb1\xc8\xfe\xe6_t\xb8o\xbf\x0a\xa89B\xb4h\
XQT\x1d&<\x16B\x8a\xad*\xa7U&\x89\xb3\
\x0e\xb6\xd1\xb6\x07\x90\x22\x13<\x059\x06\x9cIPP\
w.\x19\x9d\xcd\xe1[XD\x8d^\xc6\x8eN\xaf\x0e\
qW\x81\xa4T:\xa9\x01\xcb\x9c~ \xe1 '\x1d\
\x0dM\xef\x82g'p\xbb'\x85`\xb2D/\x1f\x04\
\x14\xf1W\x14\x0a\xb5{\x9c\x98$\xf9\xedh9\xcb\x1a\
\xa8\x93\xf7yC\x1f#\xaf\xfd\xdc\xe6\xf0\x0d\x88\xea\xf9\
\xfe8\xadj\xde\xde39\x91\x04+\xd7]~\xf8\x91\
G\xa8\x0c\xbc\xcfB&^\xf7\xf4<)\xbc\x06\xafZ\
'(\x14MhH>\x0cv>\xb9\xa9#8%+\
\x04x-\xab$\xaa\xc1EW\xae\x16E\x03\xc8\xef\x92\
\x1e\xca\x0aC\x5cb\x1eAmNa\x1e,\xc0 (\
\x94\x8d\xcf*r\xcc\xe1=\x80\xf6\x22a\xa8\x0dI:\
\x09\xac\xd2MC]\xdc\xe0\xaf\x07\x04\x1e\xac\x1a\xa9\x80\
P\xf6d\x8f{\xad\xa14@L\x03h\xe3\x01\xe9\xdc\
R@f\xa4Z\xc1\xdd\xe5h8\x02\x16\xe1T\x1d\xdb\
\xb3t\x12#\x11\x09`#\x05`\x00\xde#\x95\xe6\x02\
5\xa5d\xa6\xb1\x97\x9d3\x81\xf5\x880`*\xa8\xd0\
\xd1C\xe52\xf4 \x0a\xd2\x08YW*\xb3C\x12\xac\
=\xff\x00\x9c6\xd5\x00>\x0e\xdf\xef\x91\x8c\x13~$\
\xe5 \x00\x0d|\xbf\xf8p\x91g\xbd\xf4S\xfe\xfa\xf0\
j\xbbX\xfb\xf5\xc5\x5c\x04\xe9\xd8\xf1>\xaf\xe3\x81\x11\
0\xc0\xff\x00\xbe\xfc,\xab\x88\xfb\xff\x00\xef\x02\xa4k\
\x9e\xdd\x9f\xaej\x93\x06\xed]x\x81\xf0$\x84\xa2\xa6\
`\xff\x00\xbc\x1di\x05\x05\x81\xa6\x81\xf3\x07(\xa7\xd2\
\xa5\xa5^\xc8\x09<G\x98!\xd8\xbe\x0d\x0cO4\xc7\
A\xe5\xeb1\xb00\xc4\xe9<i\xa6\xaf\x02lIX\
\x8a\x99\x0a\xe9\x05>\x9c\xc7m4\x97Z\xdc\x03\xeb\x8d\
\xe0X\x13\xb4,\x9a\x19\x0aA\xdc\xdeS\x0c!\xa6\xbe\
0\x92\xdcb\xe3\xeel\xeax\x84\x06\x08\x08\x15\x89\xe1\
\x0a\x8e\xd3\x09Ebu~LA\xde\xee\xc4\xb6\x02\xa9\
\x06\x89\x82\xcb\xc8\xc5\xe2$e\x01\xe0\x0b\xa4\x8a\x14%\
g\xc7hfJC|\x8bO\x1ce\xe5\x06\x1f.~\
\xb8\xfa\x15\x82lo\x10\x922t|~\xf8<8\x22\
>\xdb\xcd\x10\xf5\xd3\xde\xff\x00\xde\xb9\x15\x1b\xf9O\x1d\
p\x05\x1f|\xfdp\xa0b\x87v<\xfe?|\x83\xcd\
\xa8\xf9\x90\xe2\x0c\x03\x07\x98\xf6\x1cD\xe6\x0c\xd4\xe4j\
MN\x91'\xf1\x9c\x8dX\xc3\x88X\xe2q\x04\xf79\
\x95\x18\xa3N\xe8B\x9bC_\x1c&\xe9\xdfT3\xa3\
\x14\x87Q:\xe2}\xb6\x0c\x9a\x8b\xe5\xe4zS\x973\
$\x13\x1a\x010[\xb7\xe9\xc3\xa9\xdd#]\x94\x83M\
\x03~\xf4q\xc4\xd8\xbe$\xb8)\x1a\xa9\xc3\x8c\xc3\x06\
\xdc\x122\x22\x04n\xb3\x91\x04A\x82\x82\xe6\x93T\x15\
\xec\x1c\xdc\xebx\xca\xbb(\x12'\x95\xc0U\xf2e\xa8\
\x87\x94\xd74V\x99\xcbR\x8c \xd8/b\x90X_\
<D\x8f\x9a\x82\x14\xb4$R\xadw\x86M\x05\x7f\xdf\
\xdf\x0a\x05\xe8Z\xfaN\xbe\xfc&+\x04v\xf6\xaf\xeb\
\x92\x1a\x1a\x92\xab\x84\x0e\x0c\xee\xea>^\xd5\xf8\xe4\xc7\
\xa5\x86\xdc\xe9\x7f\x5cNB\xad|\xde\x92|q\x8c\xdb\
\x0b\xdd3\xfd\xe0/H*\x8cO\x0b\xf3?|%\xb5\
J=\x1f\xf2\xfe\xf9E\x92\x88\xe8\x1f\x07\x14z g\
Q\xeb\xef\xc1\x960'\xd1\xdf\xeb\x8c\xfb\x94,s\x11\
\x06\x11P\xf5\x07\x83\xc9v38;\x1c\x86\x0a\x22\xae\
\xe3\x8e.Kp\x8fn\xcdd\xb2\x0b\x04W&\x06\x04\
z4\x07\x9en\x06\xa6\x10\x89V\x1f\xacog\x03\x9a\
\x81\xaf\x12\x07n\x0b\x8b\x0a\xa2\xdb}j\xb6\x09!\x9f\
3\x06\x10\xb7\xf9\x05\xad\x980\xa8\xd5\x80<>#\xb3\
K\xa4\x22\xd4.\xa7N1\x85\x10\xa6\xa6\xc2\x80n\xda\
Zd\xd8\xcb'a^\x80\xbd\xeb\xcb\xd4\x96\xc6K\x87\
\xc7\xbf\xbf\x1b\x80\x08<\x1e\xff\x00\xaeoP@\xf7\xf3\
\xc6\x10\x10S\xd4\x90\xe2\xd8=\x11\x82\xe1\x14#\x0f\xba\
_\xe2\xf1\xb4\x18@`\x9d\x9c\x175\x04f\x9b\xff\x00\
~9\x07kO\x9f\xfaNd\x10\x8f\xc2\xed_\xcf\xeb\
\x88\xe3=\xcf*\x1eY\x0fk\xb2\xdf\xd1\xc3\xda\x80?\
?\xe6~\xb9\x00\xe0\xa1\xf7\xdc\xff\x00\xbb\xe1\xd6\x83\x14\
%\x01\x04|\xf7\xdf\x05\x82p\xc5ZU\xe3\x04nc\
\xc7S}1F\x1bK\xe8\x8d\x5c\xe2a@\x9a2\xb4\
\xd94{\xb0\xce@#\x1a\x18\x16[\xc0\xe3\xa7\xd6w\
\xaeh\xbe\x1a\xa0\x11X\xec\xf8\x12\xd8\xa09P\x1d\x08\
\x86\xa2\xd5\xe4\x9e\xc0\xda\x91\x1b\x12\x05WE\xb4\xe2\xe7\
\x1eP\x88\x7fG0\xd8\x0bCV\xbaqt\x17A\x0e\
\x9e\xb38\x87\x0b\xe3\xf2\xeb\xf6\xe02\xc6o\x8f\xfap\
\x10\xd2,;>?\x07\xef\x82%\xd8<\xd4\xeb\xf0p\
\x18\x04!\xe0\xb4\xd7\xfc\xe4N\xd9\xdfv\x9f\xaf\xe3\x8e\
\x10\x85/\x9c8C\x12\x82\xcf\x82\xf2R\x9d\x8e\xaf\x9f\
\xb1y2\x08\x17\x99u\xdf\x97\xf7\xc8\x0cv'\xd3\xdf\
\xe1\xe1\x8bI[\xf4\x7f\xf1\xe32\x02am\x18u\xc1\
\xbbj\xbe*\xff\x00\xf3\x94#\x06\x9e\xbb\xbf\xaeu\x18\
Zp+\x83PB\x0f\xca\xf2\x7f\x91\xa8a\xec\x10#\
\x88\x03\xc6\x0d#\xbb\xb7u\x05\xec'\xa3\x91\x19\xc9b\
ZK\xda\xda\xef\xbeb\xbb\x8a\xf0\x88[a\xd9Jp\
`\xd0\x95\x06\xa0`>\x81\xe4B\x22\xf1\x04\x8b:$\
`\x91\x11!\x11\xe00Y@\x903\xe0'\x06\xe5[\
^I7\xdf\x04\x03-\xdc\x8c>\xaf\x0aZ\x15m\xdf\
\xefx\xf4Qe\xf0:8\x806\xa9^\xf1-\xff\x00\
\xba\xe4HE\xd3\xd5\xaf\xf3\xf9\xe0\xabBW\xbe\xbd{\
\x9f\xc7%\xa8\xb0V\xe4n\xfd\x7f\xae1\x03[\xf3\xbc\
\x1e\x22\xc1\xf6?\xde0\x9e\x04<\x95\x8f\xe3\x8d\xd1\x06\
O\x07\x00J\x08\x16\xee\xa2\xff\x00/\x08\x00\xc8>\x03\
\xaf\xfb\xe3\x92\xd41\xfc8\xda\x7f\x85\x0b\xbc\xe8<\x8f\
\xddN9\xedA\x0fD\x1f\xf0\xe2\x11\xba>\xa8\xff\x00\
\xbf\xa3\x92\x01 \xeb\xbc\x93\x8c\xf7\xa6\x8f|\xb4+\x8d\
b\x87\x9f|\x8c\x80\x80\xfe\x8f\xe1\xe1\x08y\x7f\x1c\xe2\
{\x8b\x8f\xd8S\x99\x9c\x86>;\xff\x008\x04\xfb\x8b\
\xe0\x87\xfa\xf3\x18\x1c3\xe8\x7f\x97\xf8\xe3\x18d!~\
M\xe7\x90\xd8\x03\xf7\xc7\xd8\x8d| \xe0 \x11G\xca\
X\x1fL\xe0 +Fzo?\xff\xd9\
\x00\x00H\xcc\
\xff\
\xd8\xff\xe0\x00\x10JFIF\x00\x01\x01\x02\x00\x1c\x00\
\x1c\x00\x00\xff\xe1\x17\xeeExif\x00\x00II*\
\x00\x08\x00\x00\x00\x07\x00\x12\x01\x03\x00\x01\x00\x00\x00\x01\
\x00\x00\x00\x1a\x01\x05\x00\x01\x00\x00\x00b\x00\x00\x00\x1b\
\x01\x05\x00\x01\x00\x00\x00j\x00\x00\x00(\x01\x03\x00\x01\
\x00\x00\x00\x03\x00\x00\x001\x01\x02\x00\x0d\x00\x00\x00r\
\x00\x00\x002\x01\x02\x00\x14\x00\x00\x00\x80\x00\x00\x00i\
\x87\x04\x00\x01\x00\x00\x00\x94\x00\x00\x00\xa6\x00\x00\x007\
\x02\x00\x00\x14\x00\x00\x007\x02\x00\x00\x14\x00\x00\x00G\
IMP 2.10.30\x00\x00202\
2:03:16 12:45:02\
\x00\x01\x00\x01\xa0\x03\x00\x01\x00\x00\x00\x01\x00\x00\x00\x00\
\x00\x00\x00\x09\x00\xfe\x00\x04\x00\x01\x00\x00\x00\x01\x00\x00\
\x00\x00\x01\x04\x00\x01\x00\x00\x00\xdd\x00\x00\x00\x01\x01\x04\
\x00\x01\x00\x00\x00\x00\x01\x00\x00\x02\x01\x03\x00\x03\x00\x00\
\x00\x18\x01\x00\x00\x03\x01\x03\x00\x01\x00\x00\x00\x06\x00\x00\
\x00\x06\x01\x03\x00\x01\x00\x00\x00\x06\x00\x00\x00\x15\x01\x03\
\x00\x01\x00\x00\x00\x03\x00\x00\x00\x01\x02\x04\x00\x01\x00\x00\
\x00\x1e\x01\x00\x00\x02\x02\x04\x00\x01\x00\x00\x00\xc7\x16\x00\
\x00\x00\x00\x00\x00\x08\x00\x08\x00\x08\x00\xff\xd8\xff\xe0\x00\
\x10JFIF\x00\x01\x01\x00\x00\x01\x00\x01\x00\x00\xff\
\xdb\x00C\x00\x08\x06\x06\x07\x06\x05\x08\x07\x07\x07\x09\x09\
\x08\x0a\x0c\x14\x0d\x0c\x0b\x0b\x0c\x19\x12\x13\x0f\x14\x1d\x1a\
\x1f\x1e\x1d\x1a\x1c\x1c $.' \x22,#\x1c\x1c\
(7),01444\x1f'9=82<\
.342\xff\xdb\x00C\x01\x09\x09\x09\x0c\x0b\x0c\x18\
\x0d\x0d\x182!\x1c!222222222\
2222222222222222\
2222222222222222\
222222222\xff\xc0\x00\x11\x08\x01\x00\
\x00\xdd\x03\x01\x22\x00\x02\x11\x01\x03\x11\x01\xff\xc4\x00\x1f\
\x00\x00\x01\x05\x01\x01\x01\x01\x01\x01\x00\x00\x00\x00\x00\x00\
\x00\x00\x01\x02\x03\x04\x05\x06\x07\x08\x09\x0a\x0b\xff\xc4\x00\
\xb5\x10\x00\x02\x01\x03\x03\x02\x04\x03\x05\x05\x04\x04\x00\x00\
\x01}\x01\x02\x03\x00\x04\x11\x05\x12!1A\x06\x13Q\
a\x07\x22q\x142\x81\x91\xa1\x08#B\xb1\xc1\x15R\
\xd1\xf0$3br\x82\x09\x0a\x16\x17\x18\x19\x1a%&\
'()*456789:CDEFG\
HIJSTUVWXYZcdefg\
hijstuvwxyz\x83\x84\x85\x86\x87\
\x88\x89\x8a\x92\x93\x94\x95\x96\x97\x98\x99\x9a\xa2\xa3\xa4\xa5\
\xa6\xa7\xa8\xa9\xaa\xb2\xb3\xb4\xb5\xb6\xb7\xb8\xb9\xba\xc2\xc3\
\xc4\xc5\xc6\xc7\xc8\xc9\xca\xd2\xd3\xd4\xd5\xd6\xd7\xd8\xd9\xda\
\xe1\xe2\xe3\xe4\xe5\xe6\xe7\xe8\xe9\xea\xf1\xf2\xf3\xf4\xf5\xf6\
\xf7\xf8\xf9\xfa\xff\xc4\x00\x1f\x01\x00\x03\x01\x01\x01\x01\x01\
\x01\x01\x01\x01\x00\x00\x00\x00\x00\x00\x01\x02\x03\x04\x05\x06\
\x07\x08\x09\x0a\x0b\xff\xc4\x00\xb5\x11\x00\x02\x01\x02\x04\x04\
\x03\x04\x07\x05\x04\x04\x00\x01\x02w\x00\x01\x02\x03\x11\x04\
\x05!1\x06\x12AQ\x07aq\x13\x222\x81\x08\x14\
B\x91\xa1\xb1\xc1\x09#3R\xf0\x15br\xd1\x0a\x16\
$4\xe1%\xf1\x17\x18\x19\x1a&'()*56\
789:CDEFGHIJSTUV\
WXYZcdefghijstuv\
wxyz\x82\x83\x84\x85\x86\x87\x88\x89\x8a\x92\x93\x94\
\x95\x96\x97\x98\x99\x9a\xa2\xa3\xa4\xa5\xa6\xa7\xa8\xa9\xaa\xb2\
\xb3\xb4\xb5\xb6\xb7\xb8\xb9\xba\xc2\xc3\xc4\xc5\xc6\xc7\xc8\xc9\
\xca\xd2\xd3\xd4\xd5\xd6\xd7\xd8\xd9\xda\xe2\xe3\xe4\xe5\xe6\xe7\
\xe8\xe9\xea\xf2\xf3\xf4\xf5\xf6\xf7\xf8\xf9\xfa\xff\xda\x00\x0c\
\x03\x01\x00\x02\x11\x03\x11\x00?\x00\xf6j(\xa2\x80\x0a\
(\xa2\x80\x0a(\xa2\x80\x0a(\xa2\x80\x0a9\xa2\x8a\x00\
(\xc0\xa8n\xae\xad\xecmd\xba\xbb\x99 \x821\x97\
\x91\xce\x00\xaf9\xd6\xbe.\xdbB\xed\x16\x8dg\xf6\x8c\
q\xe7\xcf\xc2\xfe\x03\xbd\x00zgJ3^\x09u\xf1\
3\xc57$\xed\xbf\x10\x03\xda\x08\xc2\xff\x00*\xa3\xff\
\x00\x09\xcf\x8aI\xff\x00\x90\xfd\xff\x00\xfd\xfd4\x01\xf4\
Nh\xc0\xaf\x00\xb6\xf8\x8f\xe2\xabl\x7f\xc4\xd5\xe6\x03\
\xb4\xe08\xfdk\xa6\xd3>0\xce\x85SU\xd3RE\
\xef%\xb9\xda\xdf\x97J\x00\xf5\x9a+\x17C\xf1f\x8b\
\xe2\x11\x8d>\xf5Zls\x04\x9f,\x83\xf0=kj\
\x80\x0a(\xa2\x80\x0a(\xa2\x80\x0a(\xa2\x80\x0a(\xa2\
\x80\x0a(\xa2\x80\x0a(\xa2\x80\x0a(\xa2\x80\x0a(\xa2\
\x80\x0a(\xaaz\xa6\xa9g\xa3i\xf2__L\x22\x82\
>\xe7\xab\x1fA\xeah\x02\xe0\x04\xf4\xa8n.\xed\xad\
`\x92i\xe7\x8d#\x89K\xb9,8\x02\xbc+\xc5_\
\x105_\x10N\xf1[\xcf-\x96\x9e8Xar\xa5\
\xfd\xdc\x8eO\xd3\xa5r\x1bA9#'\xd4\xf3@\x1d\
7\x8c\xfc[q\xe2\xadO;\x99,!c\xf6xs\
\xc7\xfb\xe4z\x9a\xe6\xa8\xa2\x80\x0a(\xa2\x80\x0a(\xa2\
\x80\x14\x12\xac\xac\xa4\xab)\xca\xb08 \xfb\x1e\xd5\xe8\
\xde\x14\xf8\xa3se\xe5\xd9\xeb\xcc\xf7V\xe3\xe5\x17'\
\x99\x10\x7f\xb5\xdd\xbf\x9dy\xc5\x14\x01\xf5\x1d\xad\xdd\xbd\
\xf5\xacwV\x93$\xd6\xf2\x8d\xc9\x22\x1c\x82*j\xf9\
\xdf\xc2\x9e/\xbf\xf0\xad\xe6ac-\x9c\x873[1\
\xf9[\xdcz\x1fq^\xf3\xa3\xeb\x16Z\xf6\x9b\x1d\xfd\
\x84\xa1\xe1~\xa3\xf8\x91\xbb\xa9\x1e\xa2\x80/\xd1E\x14\
\x00QE\x14\x00QE\x14\x00QE\x14\x00QE\x14\
\x00QE\x14\x00QE\x14\x01\x05\xed\xe5\xbe\x9de5\
\xe5\xd4\x828!]\xce\xc4\xd7\xcf\xbe.\xf1U\xd7\x8a\
uc;\xb3%\x9c_-\xb4\x1d\x90z\x9fV>\xbf\
\x85n\xfcK\xf1kj\xfa\xa3i\x16r\x7f\xc4\xbe\xd1\
\xb0\xe5O\xfa\xd9{\x93\xec:\x0f\xa1\xae\x0a\x80\x0a(\
\xa2\x80\x0a(\xa2\x80\x0a(\xa2\x80\x0a(\xa2\x80\x0a(\
\xa2\x80\x0a\xdd\xf0\xaf\x89\xef</\xaa\x0b\x98\x18\xb4\x0f\
\x81<\x07\xee\xc8?\xc7\xde\xb0\xa8\xa0\x0f\xa7\xf4\xddJ\
\xd7W\xd3\xa0\xbf\xb2\x90Io2\xeeS\xdcz\x83\xee\
\x0f\x15j\xbc7\xe1\xc7\x8b\x0e\x85\xaa\xfd\x82\xeaC\xfd\
\x9dv\xdc\x83\xd29;0\xfa\xf7\xfc+\xdc\xbf_q\
@\x05\x14Q@\x05\x14Q@\x05\x14Q@\x05\x14Q\
@\x05\x14Q@\x05r\x9f\x10<H|=\xe1\xd7\x10\
8\x17\xb7y\x8e\x1fU\x1d\xda\xba\xbe\xb5\xf3\xef\x8f\xf5\
\xd6\xd7|Yt\xe8\xd9\xb5\xb5?g\x80\x0e\x98_\xbc\
\x7f\x16\xdd@\x1c\xc7\xe2O\xb9\xa2\x8a(\x00\xa5Ti\
\x1dQ\x14\xb3\xb1\x01Tu'\xd2\x92\xbd\x0f\xe1\xc7\x86\
|\xe9\x7f\xb7.\xd3(\x87m\xaa\x11\xd5\xbb\xbf\xe1\xdb\
\xebS9(\xab\xb2\xa3\x17'b\xe6\x8d\xf0\xda\xd9\xb4\
Y?\xb5\x19\xc5\xf4\xe86\x14<A\xdc}O\xadp\
\x1a\xce\x8dy\xa1_\xb5\xa5\xe4xa\xca8\xfb\xae=\
E}\x12 \x1eQ\x07\xef\x1esX\xda\xce\x89e\xae\
Y5\xa5\xfc[\x80\xe5\x1dxh\xcf\xa85\xcd\x0a\xcd\
=N\x89QMh|\xff\x00Eu\x1a\xff\x00\x81u\
]\x15\x9aXP\xde\xd9\xf6\x96%\xf9\x94\x7f\xb4\xbf\xe1\
\x9a\xe5\xfa\x12\x0fQ\xd4w\xae\xa5%%ts8\xb5\
\xa3\x0a(\xa2\x98\x82\x8a(\xa0\x02\x8a(\xa0\x02\xbd\xd7\
\xe1\xaf\x89\x1b\x5c\xf0\xef\xd9n_u\xed\x81\xf2\xd8\x9e\
\xaf\x1f\xf07\xe5\xc7\xfc\x06\xbc*\xba/\x03\xeb\x8d\xa0\
x\xa6\xda\xe0\x9f\xdcJ|\x99\x87\xaa\x9e\x9f\x91\xfef\
\x80>\x87\xa2\x8e;\x1c\x8e\xa0\xfa\x8a(\x00\xa2\x8a(\
\x00\xa2\x8a(\x00\xa2\x8a(\x00\xa2\x8a(\x03\x13\xc5\xda\
\xbf\xf6\x1f\x85\xaf\xafT\xe2P\x9b\x22\xff\x00}\xb8\x15\
\xf3\x8f=\xceOr{\xd7\xab\xfcb\xd4\xf6\xc7\xa7i\
J~\xf6n$\x03\xeb\x80?L\xd7\x94P\x01E\x14\
P\x05\xbd2\xc2MST\xb6\xb1\x8b\xef\xcf \x5c\xfa\
\x0e\xe7\xf0\x19\xaf\xa1\xb4\xcb\x18\xac\xadb\xb7\x85B\xc5\
\x0a\x04@?\x9dy_\xc2\xdd3\xcf\xd5\xee\xf5\x16\x5c\
\x8bh\xc4q\x9f\xf6\xdc\xf3\xfa/\xeb^\xc2\xaa\x11B\
\x8e\xd5\xc9^Wv:\xa8F\xca\xe2\xd4rD$\x1e\
\x87\xd6\xa4\xa2\xb07)4N\x99\xe3#\xda\xb25\x0f\
\x0d\xe8\xda\x99&\xefN\x85\x9c\xff\x00\x1a\x8d\xad\xfaW\
IM(\xad\xd5E4\xda\xd8M&p3\xfc4\xd0\
e\xcf\x94\xf7p\x13\xd3\x12\x06\x03\xf0\xc5b^|)\
\x9cd\xd8\xea\xf1\xbf\xa2\x5cBW\xf5\x04\xff\x00*\xf5\
co\x19\xecG\xd0\xd3M\xa8\xec\xe7\xf1\x15j\xac\x97\
R\x1d(\xbe\x87\x81j~\x11\xd7t\x90Z\xe6\xc1\x9a\
1\xff\x00- >b\xfe\x9c\xfe\x95\x89\xd6\xbe\x956\
\xf2\x00q\x86\x1e\x95\xc9x\x8f\xc0\xb6\x1a\xca<\x90\x22\
\xd9_u\x12*\xfc\x8c\x7f\xda\x1f\xd4V\xd1\xaf\xfc\xc6\
R\xa1\xfc\xa7\x8b\xd1V\xf5-2\xf3H\xbd{K\xe8\
LS'n\xa0\x8fP{\x8a\xa9]\x17\xb9\xce\x14Q\
E\x00}\x0d\xe0Mc\xfbo\xc1\xf6s\xbbfxs\
o/\xfb\xcb\xd3\xff\x00\x1d+]\x1dy'\xc1\xcdK\
e\xee\xa7\xa51\xf9eE\xb8A\xee>V\xfd6\xd7\
\xad\xd0\x01E\x14P\x01E\x14P\x01E\x14P\x01G\
Z(\xc8PX\xf4\x00\x93@\x1f?|D\xd4\x0e\xa1\
\xe3\xadL\x83\x98\xed\xd9m\xd3\xfe\x02\xa0\x1f\xd75\xcb\
\xd4\xf7\xd7&\xf7Q\xbb\xbbc\x93<\xf2K\xff\x00}\
15\x05\x00*\xab;*\x22\x96f8\x0a\xa3$\x9f\
AZ\x17\x9e\x1f\xd64\xebe\xb8\xbc\xd3.\xa0\x80\xff\
\x00\xcbGN\x07\xd7\x1d?\x1a\xe8\xbe\x18i\xf1^\xf8\
\xb4\xcb*\x86[X\x0c\xaa\x0f\xf7\x89\x00\x7fZ\xf6)\
\xe4I\x95\xe1\x961$,\x0a\xb2\xb79\x15\x8dJ\xbc\
\xb2\xb1\xb4)s+\x9c\xaf\xc3;\x0f\xb3xR9\x88\
\xf9\xae$i3\xea8\x03\xfa\xd7iU\xb4\xeb(4\
\xed>\x1b;a\x88b\x5c =\x86s\xfdj\xcdr\
\xc9\xdd\xb6t\xc5YX(\xa2\x8a\x92\x82\x8a(\xa0\x02\
\x8a(\xa0\x02\x90\x80\xc3\x04f\x96\x8a\x00\xe5\xbce\xe1\
T\xd7\xf4\x87\x10\xa8\xfbd@\xb4\x0c}\x7f\xba}\x8d\
x\xa5\x8e\x95\xa8js4663\xcf*p\xea\x8b\
\xf7\x0f\xa1=\x05})T!\xb7\xb5\xd3L\xcbgn\
\x91\x19\xa5i\xa4*1\xb9\x98\xe4\x9a\xda\x15\x5cU\x8c\
\xa7II\xdc\xf9\xda\xf2\xc6\xefN\xb9kk\xdbim\
\xe6^\xa9\x22\xe0\xff\x00\xf5\xea\x0a\xf5\xef\x8a\x961\x5c\
\xf8~\xdbR\xda\x04\xd0\xca\x10\xb7r\xa7\x8c~f\xbc\
\x86\xbaa>es\x9aq\xe5v:?\x01\xea\x1f\xd9\
\xbe5\xd3f'\x08\xeeb\x7fp\xc3\xfc@\xaf\xa1\xc8\
\xdaH\xf48\xaf\x96\xed&6\xd7\x90\x5c\x0e\xb1J\xaf\
\xf9\x10k\xea\x08%\xf3\xed\xe1\x98\x7f\xcbH\xd5\xff\x00\
5\x06\xac\x81\xf4QE\x00\x14QE\x00\x14QE\x00\
\x15\x9f\xae\xdc\xfd\x8f\xc3\xda\x95\xceq\xe5[;\x0f\xca\
\xb4+\x9d\xf1\xec\xdeG\x81uv\xce7C\xb3\xf3\xc8\
\xa0\x0f\x9d\xd0a\x14z\x01KE\x14\x01\xdc\xfc)\x9d\
b\xf1d\xd11\xc7\x9dh\xc0{\x90\xc0\xff\x00Z\xf5\
v\xe1\x8f\xd6\xbc\x13\xc3Z\x9f\xf6?\x88\xeco\x89\xc2\
G&\x1f\xfd\xd3\xc1\xff\x00\x1f\xc2\xbd\xfa]\xacD\xa8\
A\x8e@\x19H\xee\x0drW^\xf5\xce\xaa\x0f\xdd\xb1\
m~\xe8\xfaR\xd2'(\xbfJZ\xc0\xdc(\xa2\x8a\
\x00(\xa2\x8a\x00(\xa2\x8a\x00(\xa2\x8a\x00*\x9c\xff\
\x00\xeb\x8d\x5c\xaa\x93e\xa7 u\xe9L\x0e3\xe2u\
\xc0\x8b\xc2\x10Bz\xcfp1\xf8`\xd7\x8fW{\xf1\
KVK\x9df\x0d.\x17\xdc\xb6I\xfb\xcct\xdey\
\xc7\xe0\x0dpU\xd9EZ\x07\x15Wy\x01\xe8~\x95\
\xf4\x97\x85n~\xd9\xe1=&\xe39-l\x01\xe7\xd0\
\x91\xfd+\xe6\xda\xf7\xff\x00\x87\x13y\xde\x03\xd3\xb3\x8f\
\xdd\x99#\xfc\x9b?\xd6\xb53:\xaa(\xa2\x80\x0a(\
\xa2\x80\x0a(\xa2\x80\x0a\xe4\xbe&>\xcf\x01_\x8f\xef\
4k\xff\x00\x8fW[\x5cw\xc5\x1f\xf9\x10\xee\xbf\xeb\
\xb4_\xfa\x10\xa0\x0f\x07=h\xa3\xbd\x14\x00W\xa4\xf8\
'\xc7\xb6\xd6\xd6k\xa4kr\x98\xe3N \xba<\x85\
\x1f\xddoO\xady\xb5\x152\x8a\x92\xb3*2qw\
G\xd2\xf67v\xd7\xb6\x8b5\xa5\xcc70\xf4\x12B\
\xe1\x94\xfe\x22\xacW\x9a\xfc#\xd4\x83\xdaj:[\x1e\
be\x9e1\xec\xd9\x0d\xfa\x81\xf9\xd7\xa5W\x0c\xe3\xcb\
+\x1d\xb0\x972\xb8QE\x15%\x05\x14Q@\x05\x14\
Q@\x05\x14Q@\x05q^#\xf1\xf6\x95\xa3E:\
X\xdcE{\xa8\x92UR#\xb9#?\xed\x1e\x9cz\
WQ\xab\xdf\xa6\x95\xa3\xde_\xb9\x00A\x0b?=\xc8\
\x1cW\xcd\xa0\xb1\xe5\xf9c\xcb}OZ\xde\x8d5-\
Y\x8dY\xb8\xe8\x87\xcd4\x97\x13\xc9<\xce^Y\x18\
\xbb\xb9\xea\xc4\x9c\x93L\xa2\x8a\xeb9\x02\xbd\xcb\xe1;\
n\xf00\x19\xce\xdb\xc9G\xd3\x84\xaf\x0d\xafm\xf8D\
s\xe0\xb9\xbd\xaf\xa4\xff\x00\xd0\x12\x80;\xca(\xa2\x80\
\x0a(\xa2\x80\x0a(\xa2\x80\x0a\xe3\xfe'\xae|\x05x\
}$\x8c\xff\x00\xe3\xd5\xd8W3\xf1\x0a\x13?\x80\xf5\
U^\xaa\x81\xff\x00.h\x03\xe7\xc3\xd6\x8a\x0fZ(\
\x00\xa2\x8a(\x03\xa0\xf0V\xaf\xfd\x8b\xe2\xbb;\x87l\
C)0K\xfe\xebc\x1f\xa8\x15\xef\xfcv9\x1d\x8d\
|\xc1\xd4b\xbd\xcb\xe1\xff\x00\x89\x17]\xd0\xc5\xbc\xcf\
\x9b\xdb0\x12@O,\xbd\x9b\xfaW5x\xfd\xa3\xa2\
\x84\xbe\xc9\xd6\xd1E\x15\xcct\x85\x14Q@\x05\x14Q\
@\x05\x14TW70\xd9Z\xcbus \x8e\x08P\
\xbb\xb9\xec\x07Z\x00\xe0\xbe+k\x02\xdfH\x83I\x8d\
\xbfyt\xc1\xe4\x1f\xec\x03\xfe?\xce\xbc\x8a\xb4\xfcA\
\xadK\xe2\x0dn\xe3Q\x94\x15\x127\xee\xd0\xff\x00\x02\
\x0e\x83\xf2\xac\xca\xef\xa7\x1eX\xd8\xe1\x9c\xb9\xa5p\xa2\
\x8a*\xc8\x0a\xf7\x0f\x84\xab\xb7\xc1\x0c\x7f\xbd{)\xff\
\x00\xc7R\xbc>\xbd\xef\xe1\x95\xbf\xd9\xfc\x07hH#\
\xce\x96I\x7f2\x07\xf4\xa0\x0e\xba\x8a(\xa0\x02\x8a(\
\xa0\x02\x8a(\xa0\x02\xab\xdfY\xc7\xa8i\xf76R\xff\
\x00\xab\xb8\x89\xa3o\xc4U\x8a(\x03\xe5\xcb\xcb9\xb4\
\xeb\xd9\xec\xae\x14\xac\xd6\xf2\x18\x9c\x1fPq\xff\x00\xd7\
\xfcj\x1a\xf6o\x88\xde\x08m][Y\xd3\x22\xcd\xf2\
(\xf3\xe3Q\xfe\xb9@\xc0?\xef\x01\x81\xf8W\x8d\x10\
T\x90A\x04\x1c\x10G\x22\x80\x12\x8a(\xa0\x02\xb4\xb4\
\x0db\xe7A\xd6m\xef\xedI.\xa7c'i\x14\xf5\
S\xfa~ Vmi\xf8r\xd3\xed\xde&\xd3-q\
\x91%\xca\xe4{/\xcc\x7f\x95)Z\xda\x8do\xa1\xf4\
LR\x09bI1\x8d\xca\x09\x1e\x99\x14\xfa\x89\xd0\xc6\
\xc5\xe3\x1c\x0e\x0a\xfbS\x92U\x93\xa7\x07\xd2\xbc\xe3\xd0\
\x1fE\x14P\x01E\x14\x85\x82\x8c\x93\x81@\x0b^c\
\xf1_W\xbaT\xb5\xd2\xe3\xf9m&\x1ec\x90~\xf9\
\x07\xa1\xf6\xff\x00\x0a\xf4Ig-\xf2\xaf\x03\xf9\xd7\x9f\
|Q\xb4\x12h\xb6w`s\x0c\xdb\x09\xf4\x0d\xff\x00\
\xd7\x22\xb4\xa5\xf1\xab\x99\xd5\xf8]\x8f+\xa2\x8a+\xb8\
\xe2\x0a(\xa0\x02H\x00\x12O@(\x02[[io\
.\xa2\xb5\x85KK3\x84P=M}1\xa4\xe9\xe9\
\xa4\xe8\xf6zz\x0c\x0bx\x82\x1f\xafS\xfa\x93\x5c\x0f\
\xc3_\x04I`W]\xd5\x22\xdbp\xc3\xfd\x16\x16\x1c\
\xa0=\x5c\xfb\x9e\xde\xdfZ\xf4\xaa\x00(\xa2\x8a\x00(\
\xa2\x8a\x00(\xa2\x8a\x00(\xa2\x8a\x00\x01\xc1\xc8\xaeO\
\xc4\x9f\x0f4_\x10\xca\xf7!Z\xca\xf5\xba\xcd\x07\x01\
\xcf\xab/B}\xfa\xd7YE\x00x\x95\xff\x00\xc2o\
\x10[9\xfb$\x96\xd7\x91\xf6*\xc5\x18\xfe\x1c\xff\x00\
:\xc8\x7f\x87\xde+C\x83\xa3L}\xc3\x0a\xfa\x12\xa1\
\xba\xba\x86\xc6\xd2[\xab\x87\x09\x0cJY\x98\x9cp(\
\x03\xe6\xedg\xc3\xda\xb7\x87\xe2\x89\xf5;6\xb6\xf3\x89\
\x11\x87a\x96\xc7^\x9fZ\xdf\xf8Oc\xf6\xbf\x18\xbd\
\xdb\x8c\xad\x9d\xb3\xb8>\x8c\xc4(\xfd\x0bW;\xe2\x9f\
\x10\xdcx\x9f_\x9fQ\x99\x8f\x96~H#=#\x8c\
t\x03\xeb\xd4\xfdk\xd0\xbe\x0d\xc0\x05\x96\xb1q\x8f\x99\
\xa4\x8a0}\xb0\xc6\xb3\xaa\xed\x06kM{\xc8\xf4\xea\
\x8aH\x15\xf9\x1f+{T\xb4W\x09\xd8V&x\xbd\
\xc7\xe7I\xf6\x96\xfe\xe8\xabT\x85\x15\xba\xa8?\x85\x00\
U7\x0ez`Tl\xc5\x8eX\x93\xf5\xab~Dg\
\xf8\x7fZO\xb3\xc7\xe8\x7f:b*V/\x8b\xec\x7f\
\xb4|#\xaa[\xe3-\xe44\x89\xfe\xf2\xfc\xc3\xf5\x15\
\xd2\x9bx\xf0p\x0e~\xb5I\xe3\x12\xc4\xf10\xe1\xd0\
\xa9\xfcE4\xec\xee\x0d]X\xf9\xca\xc2)\xaf\xeeb\
\xb6\x81<\xc9e F\xb9\xc6O\xa5t\xab\xf0\xfb\xc5\
lq\xfd\x8b8\xfa\xb2\xff\x00\x8dq\xe8\x0a*\x81\x90\
W\x80{\x82+\xdf~\x1a\xf8\xb5\xbcE\xa2\xfd\x8e\xf6\
R\xfa\x95\x90\x08\xec\xc7\x99S\xf8[\xdc\xf6?J\xf4\
\x0e\x06\x8e\x22\xc7\xe1?\x88nX}\xa9\xad\xac\xd3\xb9\
v,\xc3\xf0\xe3\xf9\xd7}\xe1\xbf\x87\x1a6\x81\x22\xdc\
\xcb\xba\xfe\xf5zK8\xf9P\xff\x00\xb2\x9d?\x13\x9a\
\xec1\x8e\xd4P $\x93\x93\xd6\x8a(\xa0\x02\x8a(\
\xa0\x02\x8a(\xa0\x02\x8a(\xa0\x02\x8a+\x94\xf1/\xc4\
_\x0e\xf8d<s\xdd\x0b\x9b\xb5\xff\x00\x97ks\x96\
\xcf\xb9\xed@\x1dX\x19\xe9X\xfa\xdf\x8a\xb4?\x0e\xc6\
[T\xd4a\x85\xb1\x91\x10;\x9d\xbe\x82\xbc#\xc4\x7f\
\x17\xbcK\xad<\x90\xd9L\x9a]\x998T\xb6\x18\x90\
\x8f\xf6\x9c\xe4\xe7\xe9\x8a\xe0d\x91\xe5\x95\xa5\x95\xdaI\
\x1c\xe5\x9d\xd8\xb31\xf7'\x93@\xec{.\xbf\xf1\xd1\
\xb2\xd1x\x7fOU\x1d>\xd1u\xf3\x1f\xa8^\x07\xe6\
+\xcfn\xbcS\xe2\x0f\x11\xca\xf2j\xba\xb5\xcd\xc4c\
\xa4;\xb6F\x0f\xfb\x8b\x81\xfaW5Z\xb6i\xb2\xd9\
}[\x9a\x06\x91={\x17\xc1\xe2\x0e\x87\xa9\x0e\xe2\xe1\
3\xf95x\xedz\xbf\xc1\xab\x80a\xd6m\x89\xe44\
R\x01\xed\xf3\x0f\xebYV\xf8\x0di\xfcG\xa9QE\
\x15\xc4u\x05\x14Q@\x05\x14Q@\x05R\x1f,\xde\
\xc1\xaa\xedf_L-\xad\xee\xae\x09\xc0\x8a7|\xfd\
\x06i\x88\xf9\xaeB\x1aY\x18t.\xc4~t\xb1]\
]\xd9\xb9\x9a\xc6\xea{k\x80>Y!\x90\xa3\x0f\xc4\
TQ\xe4\xc6\x84\xf5 \x1auz'\x11\xd6h\x1f\x19\
\xfcG\xa6m\x8bS1j\x90\x03\x8c\xcc\x81d\x03\xfd\
\xe5\xc6\x7f\x1a\xf5/\x0f\xfcS\xf0\xce\xbd\xb26\xb96\
\x17M\xff\x00,nN\x06}\x9b\xbd|\xd3p\x9b.\
$^\xd9\xc8\xa8\xfa\x8c\x1e\x94\x13c\xec\xe5!\xd0:\
0e<\x86S\x90ik\xe4\xed\x03\xc6\x9e!\xf0\xcb\
\x8f\xec\xcdNT\x88\x1em\xe5\xfd\xe4G\xfe\x02z~\
\x18\xaf`\xf0\xbf\xc6\x9d/R\x09o\xafB4\xfb\x93\
\xc7\x9d\x1eLL~\x87\x95\xfc\xe8\x11\xea4TV\xd7\
0^@\xb3\xda\xcf\x1c\xf0\xb0\xca\xbcm\x90jZ\x00\
(\xa2\x8a\x00(\xa2\x91\xdd#F\x92F\x0b\x1a\x02\xcc\
\xc7\xb0\x1dM\x00yg\xc6o\x17\x5ciV6\xda&\
\x9fp\xd0\xdc]\x0f2w\x8d\xb0\xcb\x1fe\xc8\xe9\x9e\
?:\xf0O_~\xb5\xb3\xe2\xbf\x10K\xe2\x7f\x12\xdf\
j\xb2\x1f\x92i[\xc9_\xee\xc4\x0f\xc8?\xef\x9cV\
5\x03AE\x14P0\xad\x98paM\xa7#\x15\x8d\
V-\xae\x8c\x07kr\x87\xf4\xa0\x11\xa9]\xd7\xc2k\
\xdf\xb3x\xc5\xed\x98\xfc\xb7v\xae\x83\xfd\xe5!\x87\xe8\
\x0dp\x8a\xc1\xd42\x9c\x83\xd2\xb4\xfc=\xa8\x1d'\xc4\
zu\xfep!\x9dK\x1f\xf6O\xca\xdf\xa153W\
\x8bE\xc5\xd9\xdc\xfa^\x8a@\xc1\xd42\xf4a\x91\xf4\
4\xb5\xe7\x9d\x81E\x14P\x01E\x14P\x01\x5c\x87\x8e\
/~\xc5\xe0\xddVPp\xd2Fb_\xab\xfc\xbf\xd6\
\xba\xd9\x1bll}\xab\xcb>,j\x1b4\xfb\x0d5\
O2\xb9\x99\xc7\xb0\xe9\xfa\xe2\xae\x9a\xbc\x92\x22n\xd1\
g\x95\xf4\xe0t\xa2\x8a\xadsv!\xca'/\xfc\xab\
\xbc\xe4*\xdfc\xedG\x07\x9c\x0c\xd5j\x09$\x92N\
I\xeah\xa0AE\x14P\x07Y\xf0\xff\x00\xc5\x97^\
\x17\xf15\xa3,\xee4\xf9\xa4\x11\xdc\xc2X\xec*\xdc\
n\xc7b\x0e\x0e~\xb5\xf5\x10ee\x0c\xa7*\xc0\x15\
>\xa0\xf4\xaf\x8ck\xe9\xbf\x85\xde#\xff\x00\x84\x87\xc1\
\xb0\x09_u\xdd\x91\x10M\xcf$\x7f\x0b\x1f\xaf?\x95\
\x02giE\x14P \xae\x0f\xe2\xe6\xbet_\x04M\
o\x13\xed\xb9\xd4\x0f\xd9\xd3\x07\x90\xa7\xef\x1f\xcb5\xde\
u\xe9\xd6\xbeq\xf8\xc1\xe2\x01\xacx\xcaK8\x9fu\
\xb6\x9c\x0c\x0b\x8e\x85\xff\x00\x88\xfec\xf5\xa0\x0f>\xfa\
QE\x14\x14\x14QE\x00\x15f\xd6\xd8\xcc\xdb\xdf\x84\
\x1f\xadGo\x1a\xcb0Vl\x0f\xe7Z\xc0\x05\x00\x01\
\x80;P\x08P\x00\x18\x03\x02\x822\x08\xf5\xa2\x8a\x0a\
>\x85\xf0&\xb1\xfd\xb3\xe1+9\x99\xb34C\xc9\x97\
\x9er;\xfe5\xd2W\x8c\xfc%\xd6\xfe\xc9\xae\xcd\xa4\
J\xd8\x8a\xf62\xd1\xe7\xb4\x8b\xce?\x15\xdd\xf9W\xb3\
W\x0dH\xf2\xc8\xea\xa6\xef\x10\xa2\x8a+2\xc2\x8a)\
\xb2H#\x5c\x9f\xc0P\x047\x0cX\xack\xd4\xd7\x80\
x\xe3W\x1a\xc7\x8a\xae\xa5\x8d\xb3\x04'\xc9\x88\xe7\xa8\
^3^\xc1\xe2\xadg\xfb\x13\xc3\x97\xd7\xf9\xfd\xf0B\
\x90\xfb\xc8\xdc\x0f\xd4\xe6\xbe|\x03\x00\x0c\x93\xee{\xd7\
M\x08\xf50\xaa\xfa\x0bU\xeem\x84\xeb\x95\xe1\xc7C\
\xebV(\xae\x93\x03\x10\x82\xa4\x820GQIZ7\
\xd1!\x8f\xcd\xc8V\x1f\xadgP \xa2\x8a(\x00\xaf\
B\xf89\xaf\xff\x00c\xf8\xd4YJ\xf8\xb6\xd4\xe3\xf2\
\x1b=\x04\x8b\xf3!\xff\x00\xd0\x87\xe3^{R\xdb\x5c\
Kiu\x0d\xcc\x0d\xb6h]dC\xe8\xc0\xe4\x7f*\
\x00\xfb(\x8c\x1c\x1e\xb4Vn\x81\xabE\xae\xe8\x16:\
\x9c'\xe5\xb8\x881\x1d\xc3w\x07\xfc\xf7\xad*\x093\
|C\xac\xc7\xe1\xef\x0e\xea\x1a\xbc\x9c\x8bX\x19\xd4\x7f\
y\xb1\xf2\x8f\xc4\xe0W\xc8\x92K,\xf24\xb39y\
\x5c\x96v=\xd8\xf55\xee\xbf\x1c\xf5\xbf\xb3\xe8\x96:\
,m\x87\xbb\x93\xce\x94\x7f\xb0\xbd\x07\xe7\xb6\xbc\x22\x81\
\xa0\xa2\x8a(\x18QE\x14\x00\x02A\x04\x1c\x11Z\xb6\
\xb7\x02t\xc1\xfb\xeb\xd7\xde\xb2\xa9\xd1\xc8\xd18u\xea\
(\x03j\x8adR\xac\xd1\x87_\xc4zS\xe8(\x9e\
\xc6\xf6];P\xb7\xbe\x80\xe2[y\x16E\xf7\xc1\xe9\
\xf8\x8c\x8f\xc6\xbe\x99\xd3\xaf\xa1\xd4\xf4\xeb{\xe8\x1bt\
s\xc6\x1d\x7f\x1a\xf9~\xbd\x9b\xe1\x0e\xab\x1e\xa9\xa5\xcf\
\xa0\xcb&\xcb\x9b\x5c\xcb\x01\xf5BpG\xe0qYU\
\xa7\xcc\xae\x8b\x84\xf9^\xa7\xa1\xd0x\xeb\xc5W\xb8\xb7\
\xba\xb58\x95X\x0f\xef\x0eG\xe7U\xcbg\xabg\xf1\
\xae6\x9a\xdc\xe9M=\x8bo:\xafO\x98\xd5Wr\
\xe7,hU.\xdbP\x16'\xb2\x8c\xd5\x8b\xb8\xe2\xd1\
\xf4\x9b\xad_S\xf9-\xedbi\x993\xcb`g\x1f\
\x8dT`\xe5\xb12\x92\x8e\xe7\x90\xfcT\xd6|\xeb\xfb\
m\x1e&\xf9-\xc7\x99.?\xbez\x0f\xc3\x9a\xf3\xba\
\xb5\xa9_\xcd\xaajW\x17\xd7\x07\xf7\xd3\xb9v\xf6\xcf\
j\xab]\xb0\x8f*\xb1\xcd'wp\xa4$($\x9c\
\x01\xde\x96\xb3\xaf.w\x93\x12\x1f\x94u>\xb5D\x91\
\x5cNg\x93=\x10}\xd1P\xd1E\x02\x0a(\xa2\x80\
\x0a(\xa2\x80=\xcb\xe0f\xbf\xe7\xd8_\xe8\x12\xbf\xcf\
\x06.`\x1e\xaaN\x1b\xf5+^\xbb_+|>\xd6\
\xce\x81\xe3\xad.\xf0\xb6\x22y>\xcf7\xa6\xc7\xf9\x7f\
C\xb4\xfe\x15\xf5O\x1d\xb9\x1d\xbe\x94\x12\xcf\x98\xbe(\
kc\x5c\xf1\xd5\xf3\xc6\xdb\xad\xed\xcf\x91\x11\x07\x82\x17\
\x8c\x8f\xd2\xb8\xda\xe9\xfcu\xe1\x0b\x8f\x07k\xbfd\x96\
\x7f>\x19\xc1\x92\x09\x89\xf9\x9d}\xfd\xf9\xaeb\x81\x85\
\x14Q@\xc2\x8a(\xa0\x02\x8a(\xa0\x09\xad\xa70I\
\x9f\xe1?xV\xa8!\x80 \xe4\x1e\x86\xb1*\xe5\x95\
\xc1V\x117\xdd==\x8d\x00\x8d\x0a\xda\xf0\x9e\xba\xde\
\x1b\xf1M\x86\xa8\x18\x88\xe2\x90,\xc0w\x8d\xb8o\xc8\
\x1c\xfe\x15\x8bG\x07\x83\xd2\x81\x9fdF\xe9<)\x22\
\x90\xc8\xe0\x10z\xe4S\x0d\x9d\xbb\x1c\x98P\x9f\xa5q\
_\x09u\xe6\xd6|\x1b\x1c2\x92\xd3\xd8\x9f!\xc9\xee\
?\x84\xfeU\xdeR\xb2d\xea\x86$1\xc60\x88\xab\
\xf4\x15\xe4\xdf\x1b\xbcC\xe4i\xb6\xda\x0c\x0f\xf3\xdc\xb0\
\x96p\x0fDS\x90\x0f\xd4\xe3\xf5\xaf[b\x15I=\
\x00\xc9\xaf\x94|c\xaeI\xe2/\x14\xde\xea\x0f\xb8!\
r\x91\xa9\xfe\x14\x1d\x050Z\xb3\x0a\x8a*+\x89\x84\
\x11n\xc6I\xe0\x0fz\x0a!\xbc\xb8\xf2\xd7\xcbC\xf3\
\x9e\xbe\xd5\x9dJIf,\xc7$\xf54\x94\x08(\xa2\
\x8a\x00(\xa2\x8a\x00(\xa2\x8a\x009\x1c\x83\x82:\x1f\
C_Yx;Y\x1a\xf7\x844\xddG9w\x88$\
\x98\xec\xe3\xa8\xfeU\xf2\x84Q\xb4\xd3G\x0cc/#\
\x84Q\x9e\xa4\x9c\x0a\xfa\x9f\xe1\xdf\x87'\xf0\x87\x86#\
\xb1\xb8\x9b\xcf\x9aC\xe6\xba\xff\x00\x0cd\xf3\x81@\x99\
\xff\xd9\x00\xff\xe1\x0d1http://ns\
.adobe.com/xap/1\
.0/\x00<?xpacket be\
gin=\x22\xef\xbb\xbf\x22 id=\x22W5\
M0MpCehiHzreSzNT\
czkc9d\x22?> <x:xmp\
meta xmlns:x=\x22ad\
obe:ns:meta/\x22 x:\
xmptk=\x22XMP Core \
4.4.0-Exiv2\x22> <r\
df:RDF xmlns:rdf\
=\x22http://www.w3.\
org/1999/02/22-r\
df-syntax-ns#\x22> \
<rdf:Description\
 rdf:about=\x22\x22 xm\
lns:xmpMM=\x22http:\
//ns.adobe.com/x\
ap/1.0/mm/\x22 xmln\
s:stEvt=\x22http://\
ns.adobe.com/xap\
/1.0/sType/Resou\
rceEvent#\x22 xmlns\
:dc=\x22http://purl\
.org/dc/elements\
/1.1/\x22 xmlns:GIM\
P=\x22http://www.gi\
mp.org/xmp/\x22 xml\
ns:xmp=\x22http://n\
s.adobe.com/xap/\
1.0/\x22 xmpMM:Docu\
mentID=\x22gimp:doc\
id:gimp:b61a7950\
-7aad-4a8d-b2c7-\
39b430892e2b\x22 xm\
pMM:InstanceID=\x22\
xmp.iid:e1fa8a0d\
-b814-4ad1-bc35-\
d5e4410d49ec\x22 xm\
pMM:OriginalDocu\
mentID=\x22xmp.did:\
90494f26-c46c-4f\
f1-b7bb-5639f614\
d713\x22 dc:Format=\
\x22image/jpeg\x22 GIM\
P:API=\x222.0\x22 GIMP\
:Platform=\x22Windo\
ws\x22 GIMP:TimeSta\
mp=\x22164743110300\
2602\x22 GIMP:Versi\
on=\x222.10.30\x22 xmp\
:CreatorTool=\x22GI\
MP 2.10\x22> <xmpMM\
:History> <rdf:S\
eq> <rdf:li stEv\
t:action=\x22saved\x22\
 stEvt:changed=\x22\
/\x22 stEvt:instanc\
eID=\x22xmp.iid:9ec\
1ba3d-9653-4a9a-\
bd2f-77a60374e07\
0\x22 stEvt:softwar\
eAgent=\x22Gimp 2.1\
0 (Windows)\x22 stE\
vt:when=\x222022-03\
-16T12:11:54\x22/> \
<rdf:li stEvt:ac\
tion=\x22saved\x22 stE\
vt:changed=\x22/\x22 s\
tEvt:instanceID=\
\x22xmp.iid:6d471ef\
6-77c2-49f4-afc5\
-c953b37dfb5d\x22 s\
tEvt:softwareAge\
nt=\x22Gimp 2.10 (W\
indows)\x22 stEvt:w\
hen=\x222022-03-16T\
12:45:03\x22/> </rd\
f:Seq> </xmpMM:H\
istory> </rdf:De\
scription> </rdf\
:RDF> </x:xmpmet\
a>              \
                \
                \
                \
                \
                \
                \
                \
                \
                \
                \
                \
                \
                \
                \
                \
                \
                \
                \
                \
                \
                \
                \
                \
                \
                \
                \
                \
                \
                \
                \
                \
                \
                \
                \
                \
                \
                \
                \
                \
                \
                \
                \
                \
                \
                \
                \
                \
                \
                \
                \
                \
                \
                \
                \
                \
                \
                \
                \
                \
                \
                \
                \
                \
                \
                \
                \
                \
                \
                \
                \
                \
                \
                \
                \
                \
                \
                \
                \
                \
                \
                \
                \
                \
                \
                \
                \
                \
                \
                \
                \
                \
                \
                \
                \
                \
                \
                \
                \
                \
                \
                \
                \
                \
                \
                \
                \
                \
                \
                \
                \
                \
                \
                \
                \
                \
                \
                \
                \
                \
                \
                \
                \
                \
                \
                \
                \
                \
   <?xpacket end\
=\x22w\x22?>\xff\xe2\x02\xb0ICC_PR\
OFILE\x00\x01\x01\x00\x00\x02\xa0lcms\
\x040\x00\x00mntrRGB XYZ \
\x07\xe6\x00\x03\x00\x10\x00\x0b\x00)\x00\x12acsp\
MSFT\x00\x00\x00\x00\x00\x00\x00\x00\x00\x00\x00\x00\
\x00\x00\x00\x00\x00\x00\x00\x00\x00\x00\x00\x00\x00\x00\xf6\xd6\
\x00\x01\x00\x00\x00\x00\xd3-lcms\x00\x00\x00\x00\
\x00\x00\x00\x00\x00\x00\x00\x00\x00\x00\x00\x00\x00\x00\x00\x00\
\x00\x00\x00\x00\x00\x00\x00\x00\x00\x00\x00\x00\x00\x00\x00\x00\
\x00\x00\x00\x00\x00\x00\x00\x00\x00\x00\x00\x0ddesc\
\x00\x00\x01 \x00\x00\x00@cprt\x00\x00\x01`\
\x00\x00\x006wtpt\x00\x00\x01\x98\x00\x00\x00\x14\
chad\x00\x00\x01\xac\x00\x00\x00,rXYZ\
\x00\x00\x01\xd8\x00\x00\x00\x14bXYZ\x00\x00\x01\xec\
\x00\x00\x00\x14gXYZ\x00\x00\x02\x00\x00\x00\x00\x14\
rTRC\x00\x00\x02\x14\x00\x00\x00 gTRC\
\x00\x00\x02\x14\x00\x00\x00 bTRC\x00\x00\x02\x14\
\x00\x00\x00 chrm\x00\x00\x024\x00\x00\x00$\
dmnd\x00\x00\x02X\x00\x00\x00$dmdd\
\x00\x00\x02|\x00\x00\x00$mluc\x00\x00\x00\x00\
\x00\x00\x00\x01\x00\x00\x00\x0cenUS\x00\x00\x00$\
\x00\x00\x00\x1c\x00G\x00I\x00M\x00P\x00 \x00b\
\x00u\x00i\x00l\x00t\x00-\x00i\x00n\x00 \
\x00s\x00R\x00G\x00Bmluc\x00\x00\x00\x00\
\x00\x00\x00\x01\x00\x00\x00\x0cenUS\x00\x00\x00\x1a\
\x00\x00\x00\x1c\x00P\x00u\x00b\x00l\x00i\x00c\
\x00 \x00D\x00o\x00m\x00a\x00i\x00n\x00\x00\
XYZ \x00\x00\x00\x00\x00\x00\xf6\xd6\x00\x01\x00\x00\
\x00\x00\xd3-sf32\x00\x00\x00\x00\x00\x01\x0cB\
\x00\x00\x05\xde\xff\xff\xf3%\x00\x00\x07\x93\x00\x00\xfd\x90\
\xff\xff\xfb\xa1\xff\xff\xfd\xa2\x00\x00\x03\xdc\x00\x00\xc0n\
XYZ \x00\x00\x00\x00\x00\x00o\xa0\x00\x008\xf5\
\x00\x00\x03\x90XYZ \x00\x00\x00\x00\x00\x00$\x9f\
\x00\x00\x0f\x84\x00\x00\xb6\xc4XYZ \x00\x00\x00\x00\
\x00\x00b\x97\x00\x00\xb7\x87\x00\x00\x18\xd9para\
\x00\x00\x00\x00\x00\x03\x00\x00\x00\x02ff\x00\x00\xf2\xa7\
\x00\x00\x0dY\x00\x00\x13\xd0\x00\x00\x0a[chrm\
\x00\x00\x00\x00\x00\x03\x00\x00\x00\x00\xa3\xd7\x00\x00T|\
\x00\x00L\xcd\x00\x00\x99\x9a\x00\x00&g\x00\x00\x0f\x5c\
mluc\x00\x00\x00\x00\x00\x00\x00\x01\x00\x00\x00\x0c\
enUS\x00\x00\x00\x08\x00\x00\x00\x1c\x00G\x00I\
\x00M\x00Pmluc\x00\x00\x00\x00\x00\x00\x00\x01\
\x00\x00\x00\x0cenUS\x00\x00\x00\x08\x00\x00\x00\x1c\
\x00s\x00R\x00G\x00B\xff\xdb\x00C\x00\x03\x02\x02\
\x03\x02\x02\x03\x03\x03\x03\x04\x03\x03\x04\x05\x08\x05\x05\x04\
\x04\x05\x0a\x07\x07\x06\x08\x0c\x0a\x0c\x0c\x0b\x0a\x0b\x0b\x0d\
\x0e\x12\x10\x0d\x0e\x11\x0e\x0b\x0b\x10\x16\x10\x11\x13\x14\x15\
\x15\x15\x0c\x0f\x17\x18\x16\x14\x18\x12\x14\x15\x14\xff\xdb\x00\
C\x01\x03\x04\x04\x05\x04\x05\x09\x05\x05\x09\x14\x0d\x0b\x0d\
\x14\x14\x14\x14\x14\x14\x14\x14\x14\x14\x14\x14\x14\x14\x14\x14\
\x14\x14\x14\x14\x14\x14\x14\x14\x14\x14\x14\x14\x14\x14\x14\x14\
\x14\x14\x14\x14\x14\x14\x14\x14\x14\x14\x14\x14\x14\x14\x14\x14\
\x14\x14\xff\xc2\x00\x11\x08\x00\xe1\x00\xc3\x03\x01\x11\x00\x02\
\x11\x01\x03\x11\x01\xff\xc4\x00\x1d\x00\x01\x00\x02\x03\x01\x01\
\x01\x01\x00\x00\x00\x00\x00\x00\x00\x00\x00\x07\x08\x01\x05\x06\
\x04\x02\x03\x09\xff\xc4\x00\x19\x01\x01\x00\x03\x01\x01\x00\x00\
\x00\x00\x00\x00\x00\x00\x00\x00\x00\x00\x01\x02\x04\x05\x03\xff\
\xda\x00\x0c\x03\x01\x00\x02\x10\x03\x10\x00\x00\x01\xb1\x00\x00\
\x0c\x00\x01\xfa\x03\xf3\x00\x03 \x00\x00\x00\x18\x06@#\
\xd2\x129S'TJD\xb0~\x80\xc1\x90\x00\x00\x03\
\x06@9\xd28 \x83\xe4\x00d\xe9\x8b4t \x18\
\x06@\x06\x0c\x80\x08\xf4\xac\xa7\xe2\x00\x00\x03`Zc\
\xac\x00\x182\x0c\x19\x00\x1c\xb9SO8\x00\x00\x006\
\x85\xb96\xa0\x03\x06@\x00\xc1RNP\x19;?\x0f\
n/\xdf\xc4\x00\x00\x12If@\x00\xc1\x90\x01\x19\x95\
\xa4\x02_\xc5\xb2i\xc5\xb2\x1b\xd9\x8e \xdb\x8f\xf2\x90\
\x00\x01m\x8e\xb0\x00\x00\x00\xaa\xc7\x0c\x0d\x95-my\
\x1dolO\x96ZkS\x8e\xf7\xf1\xd0\xfay\xf1>\
\xfe\x1c\x9f\xb7\x90\x02Y,H\x00\x00\x0dyK\x8c\x02\
Z\xc7\xaez\xc1\xb8\x01\xf0|\x1f\x9c\xb8\x8fo\x0a\xf5\
\xd2\xe7\xf8mQ\xb0.\x90\x00\x00\x08\xdc\xac\xc0\x93r\
\xe8\x91\xf3j\xef\xf3\xfb\x80\x00\x02<\xd1\x9e;\xd3\x9a\
6\xd3\x9f\xf3\x95\xba:\x80\x00\x00\x83\x888\xe8<\xef\
iy=_lO\xd0\x00\x00\x0c\x9a\xd9\x8a\xd5\xd4\xe5\
\xf2>\xdevD\x94@\x00\x02\xb8\x91Y\xea\x89\xb7\x5c\
n\xb7\xba-\xf4\x00\x00\x03&\xbab\xa8u\xf9:\xab\
\xd6s&\xf0\x00\x00\xab\xe4z\x09\xeb\x9f\xb6W\xc9\xb3\
\xec\x00\x00\x06\x08\xc7VZ\xf5\xd1\xc0&\x22\xc0\x00\x00\
\x05W8P\x0b\x03\xcf\xdf)\xe4\xd4\x00\x00\x0e+\xdf\
\xc2\xb0\xf59\xb8\x04\xb4X\x80\x00\x00\xab'\x06\x01\xda\
xz\xda\x1e_S\x00\x00\x01\x00\xf49\xf1N\xbc\xc0\
K\x85\x86\x00\x00\x0a\xccF\xc0\x02\xd0r\xfa]\xa7\x87\
\xb8\x00\x0d5\xfc\xea__\x95\xf8H\x09\xa0\x9e\x80\x00\
\x02\x22+\xd9\x80\x0e\xb7\xc7\xd6\xd2\xf2\xba\x9f@\x00W\
\xfe\x87>+\xd7\x98\x01iN\xf4\x00\x00>J\xdeE\
\xe0\x12.m\x16'\x9b\xd1\xc1\xfb\x83\xf2<s\x11F\
\xbc\xb0\x9e\xfc#$\xd6N\xc0\x00\x00\x00\xe6\x8eX\x85\
\x96\x91\xf0n\x98\xb1\xe9\xf9<\xf3\x1f\x91\x83\x07%\xeb\
\xe7^:\x9c\xeb\x0f4\xec\x0d\xe0\x00\x00\x00\x06\x94\x87\
\xd3\x05\xbd,\xb77d\x95\x9b@\x00d\xe5\xbd)Q\
:\xfc\xe9qI\xb5^\xa0\x00\x00\x06H\xf8\x81\x13\x14\
'b\xb6\xc96G\x9d\xb2P\xcb\xa0\x00\x07!\xe9\xe7\
Sz\xfc\xff\x00*4j\xc8\xe8\x9e\x91*\x00\x00*\
\x82a\x94\xe4\x1b\xa5\xbdi\x9c0\xe9\x9cqk\x00\x0c\
\x91~\x8f\x0a\xdb\xd3\xc5\xf2sjd\x1d\xda.\xba>\
\x809b\x8a,\x00\xf4'v\xb7w\xe1\xe9j9}\
\x00\x00\xf9+\xfe\xfc\x91\x06\xcc\xdau|H\x00[\xf5\
eP\x0a\xc8\x98\x19 \x0fbw+}B\xe6\xf1\xfa\
;*\xdc\x01\xe5\x98\xa8\x9dn~\x8f\xd2\x9a\xd4k\x15\
\x00I\xa8\xb8\xe8\x1f\x89@\xd6\xd6\x80d\xe8\x97\xfa\x04\
\xf3\x83T\xd1\x8fP\x1f\x99\x1e\xfb\xf8\xd6N\xa6\x104\
\x0a\xfe(\x00_Ez\x02$*2\xc0\x01\xecN\xe5\
a\xbc\xa5\xae\x07'\xa1\xf3[~s\x1eiW\x9e\x8e\
\x18\xe3G\x90\xd6\xa3X\xa8\x00X\xd4XtTD\xc4\
\xc9\x00\x01\xb4[b\x91l)\x1d\xe6M\x1f\x11>]\
Y\xe9\x17\xab\xe4\xf2\xa3H\xa8\x00\x0e\xb0\xbd*\xff\x00\
?\x96\xd5\x80\x00\x06\xf1oJd4\x5c\xd7\x98\xad+\
\xc0\xab~f\x81_\x94\x00\x00\x1f\xd0%j\xfaa\xd4\
\x80\x00\x1e\xb4\xee\x96\xfb?\xa1\xaf!J\xde\x9c\x1au\
\xa8\xd6*\x00\x00v\xe5\xdf\x9f/\xff\xc4\x00,\x10\x00\
\x00\x05\x02\x04\x06\x02\x02\x03\x01\x00\x00\x00\x00\x00\x00\x01\
\x02\x03\x04\x05\x00\x06\x07\x10 0\x11\x12\x13\x14\x151\
26!%\x223@A\xff\xda\x00\x08\x01\x01\x00\x01\
\x05\x02\xdb\xe45r\x1b\xfc\xd7\x15\xe2\xda\x0c\xcf\xaf\x09\
w\xc2w+*)\xbaY!ex\xcc2\x18\x9cD\
j\xe4S9UO\xfc\x12\xd3\xeca\x02K\x11\x90;\
!\x11\x11\xd3\x07q<\x80V\x16u\xac\xf3m\xeb\xae\
\xea,\x12K,\xa3\x85\xb6\x18\xbe^1\xd5\xbbp\xa3\
p4\xdc\xb8\xa7I\x01\x1c\xba\xea:_j2Ix\
\x97\xb1rH\xcb\xb0\xda\xe2\x00\x17,\xd8\xcfJf\xfa\
\xd4x\xc23b\xc7\x9c\xf1r{W\xf4\xb7a\x0f\x9d\
\x91\x05\xcfGO\x94\xb3\xd6_9\x94L\xe8\xa9\xae\xd6\
\x96\xf30\xbb7\xa4\x8f\x91\xb82\x8dbi7\xed\x10\
\x22\x09Q\xd1\xa7\xb1\xcd\xdf\x95k\x221Jq\x87\xe1\
O\xedi(\xf0\xd1\x87R=\xbc\xae\xc4\x83\xc0\x8ea\
\xc4G<?c\xd4q\xa0HQ\xae\x89k\xa3S\x96\
\xb3yR\xbdd\xb4s\x9c\xa3\xde\x0cs\xff\x00\xc0\xec\
_\xee\xbb{v\xbd\xd1\xb0\xfe@\x1aX\xed;h\x1d\
\x8b\xc6\x08$\xa3[X\x12\x0b\xb49\x0c\x91\xfd\xd5\xb0\
\xef\xbd\xb7\xb5\xe2b\xf9[\xc5)\xe7\x940\xf3\x97\xe3\
\xb2\x06\x1e{\xb4\xa0[\x96\xb0\xe9~\xa4\x0e\xbcGW\
\x9ar\x9a\xb8\x16\x8e\x94\x108\x97\xe3\xb2\x98s\x1eU\
\xdf\x7f)Xd\xaf\xf1\xd7~\x9b\x9a\xe7\xca\xcc\x9e#\
\xc6d\xf8\xec\x0f\xab\xb6t\xb1l\xb2\xc3C~\xc3]\
\xef\xf6\x8c\xec\x195\x1e3\xd8\xbc_\x9a>\x04G\x88\
\xe5\x86\xc3\xfb\x8dw\xc0p\xba3\xb4d\x826sc\
\x10$\xba\xf2\x19\xe1\xa8~\xdb^ \xa5\xc9rh\xb5\
&\xfc\xccf\xa9\x89D\xe1\xa3\xd6X\xeeV\xcf\x0c\xd2\
\xe2\xeb^\x22D\x99\xcb-\x16\xaa\xeb\xa1>S\x01\x83\
@\xfe+\x10UT\xd29\xfa\xab* \xd10\x9a\xcc\
P1nk-h\xc3\xfb\xce\xc0o\xdcO\x98\x82\x02\
\x0a\x86fT\xa1F8\x9e\xaf\xf6\xfcX\xe5\xff\x00m\
K%N\xae\xd4\x85\xb7\x19&c\xe1\xdcI\x86\xebi\
\x1d\x18\xff\x00\x0d[r\xb0\xa3\x14\x0dB\x85t\x8d]\
3WL\xd5t\xa1\xdc[\xb0\xfd\x90\xbeO\x0f\x22\x08\
1\xf0\x8c\x22\xb7$\xe6\x98B\x92K\x15\x11\x1a\x11\x11\
\x1c=\x0e\x16\xe6\xa9R\xf3E\x87\xc6\x03\x11|3H\
\x9b\x9a.sg\xddN_1PC3\x89R\xd2T\
s\x19C\xb3/\xe2\xb0\xe9Nh\x0dW\x02\x9d\x18j\
r^dj\x1a\xfe\x98\x87\xa8LF\x8a\x96\xd7~\xde\
\x0e\x9e\xc9\xfa\xcd\xaf\xf4\xd6\x19\xb9\xd7{\xb9\xe8\xdb\xf4\
o\x8ev\xc5\xdc\xee\xdct\x02\x06\x0c\xeey\x8f\x03\x05\
\xa1\x15\x85!)\x80\xe1e>\xecn=&\x1e\x05\xc4\
7\x9c\xcbR\xee:\x9ap\xdeg\xc9\xdb\xb9\xe2\xbc\xbf\
Y\xf6\x84\x10\xead\x061\x0d\x18\xfc\xb2\x91\xfa\x16\x1a\
\x9b\x90\xf2\x92\xd4\xe1\x0d8w1\xe2\xaeL\x96Y6\
\xc8\xc9H)-!\x98{(\x80\x97,8\x93\xe7C\
3\x9f\x90.\xd9?\x1d\x0b\x9a\xc2QS>\x22\x15o\
\xca\x84\xe4-bl\xafanin\xb7Lr\x84\x93\
\x18yQP\x0a=b\xd0\xad^\xc6\xfb\x90\xee\xa6r\
t\xb6\xac&\x95\xe2J\xc4\xc9>\xfa\xe4\xd4\xd9n9\
\xe1\xec\x89&\xad\xf3\xc4\x8f\x12\xc4\x9f\x8c\xcb\xa4-\xb8\
s\x18\xca\x1a\x97[\xa4]V\xa4\xa7\x86\xb8\x848\x0c\
\xa9]\x12OZ\x0buKV\x1c\xc7\x88\xb8\xb2\xc5I\
\x8e\xab\xaaP\xe0\x99La9\xb5r\x8a\x95\x0c\x0a\x9a\
#\x15\xbe\xd1\xad\xaf\xf7Q>y_\x7fo\xa7\xbe\xb5\
\xd9\x1fp\x0f_\xff\xc4\x00'\x11\x00\x01\x03\x02\x05\x04\
\x02\x03\x00\x00\x00\x00\x00\x00\x00\x00\x01\x02\x03\x11\x000\
\x10\x12 1@\x04!2A\x22Q\x13Bp\xff\xda\
\x00\x08\x01\x03\x01\x01?\x01\xfe\x0c\xa6\x94\x94\xe6\xe40\
\x8f\xd8\xe0\xe3>\xd3[qR\x9c\xc6(v\xc4\xa4+\
z,\x22\x8fO\xf4iM)<.\x9d;\x9b\x0bh\
.\x88)0o\xfe\x15D\xd3\x22\x11e\xe4fL\xd0\
eQ7Q\xe4.\xb9\xe6n\x03\x06n\xa8\xc9\x9b\xac\
\xb9\xdb)\xb6\xeb\x90 _aD\x886^VT\xf0\
\x1aVUY}Rc\x82\xd2\xf3\x8dkVA5\xbf\
\x05\xb9\xce#_Q9\xb8L\xa7\xe5:\xdfL\x80x\
 S#\xde\xb7;\xa4\xd1\x17\xe3\x06v\xd6\xad\x8e\x04\
\x5c\x8c\x06\x0c\xed\xad~'\x800d\xebt\xfcxM\
\x98V\xb7\x8f\xabb\xc2L\x8dJ9\x8c\xf0\xd9>\xb4\
\xb8\xa8O\x11')\x9a\x0a\x0a\x1248\xbc\xe7\xb5\x93\
\x80\xb5\x98\xa0\xc8\xa1\xd4}\x8a=@\xf4)N){\
\xf1\x8e#\x926\xc0\xd95\xff\xc4\x00'\x11\x00\x02\x00\
\x05\x03\x03\x04\x03\x00\x00\x00\x00\x00\x00\x00\x00\x01\x02\x03\
\x04\x11\x12@\x00 0!12\x10ABQ\x14P\
p\xff\xda\x00\x08\x01\x02\x01\x01?\x01\xfe\x0c\xb1\x95\x9a\
\xdc\x88\xf1>\x03\xd2\x1c\x7fg\xd7|VkEtM\
}C\x15\xed\xa1\x1d\xf4&>\xc6\x96*6\x14\xc3t\
\x0b\xc0\x91JiX0\xa8\xe7\xfc\x85\xae\xa3\x9a\xbf\x0c\
\x17\xb5\xa9\xa30\xa0\xd3\x96'\x81\xe5\x85\xe09\x08\xa8\
\xa7*\x8bT\x0eX\xd0\xe8n\x1cpa\xdcj{s\
\xcc-\x08#\x86\x0a\xdc\xf8\x11\x96\xe4\xe1\x97Z\x0b\xb0\
b\xa5\x8d\xbd\x16\xf3M\x01N\x981@(k\xbe^\
\x96\x9c(\xe6\x89M\xf2\xe7\xa9\x18S\x07\xa8\x1b\xe1\x1a\
8\xc2\x8f\xe7\xbd|\x86\x14\xc7\x9e\xf4\xf2\x18S#\xb1\
\xdf\x04U\xf0\xa3\x0a\xa6\xf9q\xdc\xe1\xb0\xb4\xd3r-\
\xaa\x06\x1c\xc2\xfc\xb6\xc2[\x9b\x11\xd6\xf5\xa6\x8a\x954\
; \xa5\x83\xae+(~\xfa2\xff\x00GB\x5c\xfb\
\x9d$5N\xdf\xbe\xff\xc4\x00D\x10\x00\x01\x02\x02\x04\
\x08\x0c\x02\x08\x06\x03\x01\x00\x00\x00\x00\x01\x02\x03\x04\x11\
\x00\x12!1\x10 \x220AQa\x81\x05\x13\x142\
Bqr\x91\xa1\xb1\xc1\xd1#R$3CSb\x92\
\xb2\xe1@t\x82\xa2\xc2\xf0\x154s\xe2\xff\xda\x00\x08\
\x01\x01\x00\x06?\x02\xcd\xf3Ou9\xa7\xbb\xf8b\xc3\
i\xe5Q\x9a[\x9c\x92\x8e\xd1\xf4\xa1\x9cb\x98G\xc9\
\x0f\x90=\xe95\xbe\xea\xcf\xe2p\x9aM\x0f\xba\x83\xad\
.\x11A(\xc5>\x9f\x92 W\x1e\xf4\x08\x8fk\x91\
\xaf\xefQ\x94\xdf\xb8\xa2V\x85\x05\xa1V\xa5I3\x07\
\xf8\x11\xca\xde\xaa\xb3hi\x02\xb2\xce\xea:\x98\x16_\
DI\xb1\x0e:\x13$\xed\xbe\x84\x92I6\x92t\xe3\
M\x85Vd\x9c\xb8u\xf3\x15\xecv\xd3\x8d\x87T\x94\
\x9f\xaci\x5c\xe4\x7f\xba\xf3\xfcK\x12r=b\xc0n\
l|\xc7\xda\x8bu\xd5\xa9\xc7Vf\xa5\xa8\xdas(\
\x89\x86s\x8by\x17\x1fC\xb2\x95\xd3\xf0\xe2\x11\xf5\xac\
\xfc\xbbF\xcc\xe9|\xc9o+%\x96\xcfI^\xc2\x8e\
<\xf2\xcb\x8e\xb8k)gI\xcd\xb7\x15\x0ed\xe24\
\x1b\x944\x83F\xa2\xd8\xe6/A\xbd'H9\xb9\x93\
 /'E\x16\xf8\xff\x00\xae\x9c\x86S\xf8u\xef\xbf\
\x0e\xba\x22-bf\xf7Z\x17\xb6?\xdb\xf5fy3\
\xaa\x94,Q\x093\xe8\xafA\xf4\xcd\xf2d\x19;\x16\
ju#\xa5\xed\x888E\xe4\xce\xd90\x93\xfa\xa9f\
\xfa*#\x83\x80\x04\xda\xa8k\xbf/\xb5\x0bn%M\
\xb8/J\x84\x88\xcc2\xf2\x8c\xdfG\xc2w\xb44\xef\
\xb0\xe6\xa2$f\xd3\x1f\x01\x1b\xaf\xf1\x9e\x16!Qa\
qR'P\xd2h\x94\xb6\x9a\xa8H\xaa\x91\xa8`\xc9\
\xee\xa5X\xa8t<4W\x17o\xa6O\x1e\xcfa\xc9\
\xf9\xd3\xe8\xf1\xc7\xa9\xe6\xfdE\x0a\x94\xc7\x1c\xd8\xe9\xb0\
k~\xf8\xae\xc1\xa8\xe4D\xa2i\xed\xa7\xf6\x9ef&\
(\xfd\x8bj_\xb5&\xabTm'n\x18\x98\xa3\xd1\
\x01\xa4\xef\xb4\xe2\xdd\x82\xc3E.\xa8\x87\x8a\xd0\xf2\x05\
\xfd\xadt\x5c;\xe8\xa8\xe2|v\x8c0\xd1I\xbd\x97\
\x02\xfd\xe94\xda\x9d\x19\x857\xa5\xf7R\xde\xeeq\xf2\
\xc1e\xa7U8\xc0\xe3*~S\xe4\xfaz\xa7t\xe8\
\xda\x94\x9a\xabqkQ\x06\xfb\xe5\xe9\x99S\xcd'\xe9\
0\xe2\xb2e\xd2N\x94\xd3\x8dS\x8d2\xe9\x13K\x0b\
\x9c\xf7\x9d\x14R\x16\x92\x95\xa4\xd5RN\x83\x83\x83\xdd\
6\xab\x8a\x08=i\xc9\xf4\xccps\x1d\xb7\x0f\x80\xf7\
\xc1\xc1\xc1Wq\xe9\xc03S\xa7\x08U\xf9\xc1\xdfT\
`q\xbf\xba\x88P\xef\x00\xe6\x19G\xc9\x0e\x9f\x12p\
2\xf8\xbd\xa5\xa5}\xc6\x95\xd2f\x95\x09\x83A\x9a\x14\
\x8b\x88\x17:\xea\x94:\xb4`\xe1&\xb6\xb6\xbf1\x98\
\x7f\xf0\xb6\xd8\xfe\xdc(\xe0\xe7\x97V%\x9b\x1a\x9f\xda\
'WX\xa0\x9d\x874\xb8F\x97\xf4\xd7\x93T\x81\xf6\
i\xd2z\xf0\xc7\xa7[\x09?\xdd\xfb\xe6#\x7f\xa3\xf4\
\x0cH\xa6\x1eun\xb8\xd2\xc2\x81qS5H\xf7\x19\
\x97\x8bk-\xba\xe9\x0d!I2#_\x804$\xda\
M\xe4\xe1\x8a\xfe[\xfc\x86b3hl\xff\x00`\xc4\
d\xa8\xc9\xa7\xbe\x0a\xf7\xdd\xe3,\xcbPi90\xe2\
\xb2\xbbg\xf6\xf3\xc4\x8c:\xa1\xff\x00\xc8f\x14\xad\x0e\
2\xda\xbd=1Es\xf4\xa6r\x1d\xdb\xa9[\xf1\xdd\
\x8ar\xda\xb6%?2\xb4\x0a8\xeb\xaa\xac\xe3\x8a*\
Q\xd6q8E\xdd\x01\xb4#\xc4\x9fL\xc31\xed\x89\
\xaa\x1b%\xce\xc1\xd3\xb8\xf9\xe2\xc1\x88s\x22\xe2\xea,\
h)\xd3I\x8chd\x95}\x1f\x8a\xac\x84\xed\x9d\xbe\
\x98\xa9\xe3SU\xf8\x83\xc7,j\xf9Gw\x9e`\xa5\
@)&\xc2\x0e\x9a.\x22\x09\x0a~\x0a\xfa\xa9\xb5M\
{\x8d\xb8\x85\xce\x8b\x0d)S\xdal\x1e\xb4\xac\x9b\xf5\
R\xdb\x0e\x1dx!be\xf5nT=J\xfd\xc6\x10\
4\x9b\x86\xba\x227\x84\x9b\xa8\x94\xe57\x0c\xab\xc9\xd6\
\xafl\xd9\x5cD\x1be\xc3\xf6\x88\xc8Wx\xa5\x8a\x8a\
F\xc0\xe8>\x94\xe4P\x05\xd7\x14\xd7\xd78\xe2\xe7\x95\
\xf2\x8b)\x1b\x11\xa5\xc7C{\x92?\xfa\xc1m,8\
.\xa5\xd4\x8fN\x94\xb7\xc6\x0d\xc6tB8@\xb8\x98\
U\xd8\x5ciR(\xdb\xd5I\x9eR\xe8\xda\xf5\x9e\x02\
\x93\x84\x84m\x95|\xf2\x9a\xbb\xcer\xb4t[P\xda\
\x92\xb3\x94z\x93}\x14\xd7\x06B\xb8\xb5\xe8\x88\x7f$\
'hM&L\xc9\xb4\x93\xa6\x83k\xeezc\xc7$\
\xfd\xc3\x9f\xa4\xd0Q\x888\xe8w\x1fe\x19)}\xa5\
e\x01\xa8\x83\x7f}\x00\x83\x8cmn}\xca\xb2\x5c\xfc\
\xa74\xa6\xd6\xf7)\x89\x1fa\x0f\x94GY\xb8P\xa2\
\x18\x8e\x0dgS6\xb9\xf9\xfd\xa8V\xb5\x15\xadW\xa9\
Fd\xd1J\xdd\x81i\xf9\x22\x17\xe2\x01\xc7\xe1%\xea\
a~X\x0e\xcbp%\x1c\x7f-`}\x94VWr\
\xaf\x14Ko\xab\xfe: \xf4_9\x07\xa9~\xf2\xa0\
\xdb\x8d\x11\xc1\xf0\x91\x0aj\x05\x93\xc5\xab\x8a2\xe3U\
\xd2\x99\xd5<A\x83\x84!\xbb\x0e\x8f#\xe9\x8e\xf8\xd2\
\xf2\xd2\xdf\x8c\xcf\x96\x05ub5\xf1\x96\xb8\x0a\xdf\x16\
\x1c\x99\xa6\xae\x925\x1a\x02\x93Y&\xd0F\x91\x89\x17\
\x18\x0f\xc5Jj\xb5\xdb6\x0f}\xd4\xd7\xb7\x13X\xd5\
I\x8b\xa9\x0d3$=6\x0e\xfb\xbce\x8cM \xe1\
\x01\xe6\x02\xea\xb7\xd8=pUO7\xcf\x15,,\xcd\
\xf8#\xc4\x9e\xcf@\xfan\xc4\x86\xe0\xc4\x1c\x96\x07\x1c\
\xe7l\xdd\xe1\xe7\x8b3\xcd\xf3\xc0\x14\x83%\xa4\xcc\x1d\
\xb4\x87\x8bM\xcf +\xa8\xe9\xf1\xc5\x09\xa4TH\xe6\
)RGdX0WN\xf1\x8a\xd2\x16\xa91\x168\
\x85\xf5\xf4O\x7f\x9e\x17\x1et\xd5i\xb4\x95\xac\xec\x17\
\xd2&5\xde{\xee\x17\x0e\xcd\x98\x96\xddAV\xec1\
\x1c\x1e\xa3kg\x8eo\xa8\xf3\xbc|\xf16\xd1\xe2\x0c\
\x9e\x7f\xe0\xa3}\xe7\xbb\x10\xd5\xbb\x12`\xc8\xe8:\xa9\
\x07\x1d\xd2u\x19cR\xc5\x8a\xf1\xc1\xc9\x92d\xe4j\
\xf8\xbf\xe8\x16\xab\xd0o\xc6\x91\xe6\x9c0\xd1}\x14+\
/j\x0f:\x9eG^\x0b\x055\x9ar`r!\x05\
K>s\xce\xf4\x1b\xb0\xd4\x1b\xf1\xa3x5F\xef\xa4\
7\xe4\xaf\xf1\xc0a\xd2~\x1c\x1a\x03_\xd4mW\xa0\
\xdd\x8fP\xee\xc2!\x9e\xcaz\x0c\xf1[j\xf4O\xa6\
\xead9\xf9\xa9j\xc0\xea\x14\x89\x8d\x95e\xb6\x9c\x9a\
\xdaUp\x1d\xf4R\x96\xaa\xcbQ\x9a\x94t\x9c\x16s\
\x8e<\x0cQ2l.\xa3\x9d\x85Xi*E\x88\xd4\
\x16\xe38\xd5)\xd4\xabB\x89\x9ec\xf1\x0c\x0cV2\
f'\xe0/\x7f4\xf7\xf9\xe1\x86\xe0\xc4\x1c\x96\xbe3\
\xbdg\x9a<\xfb\xc6\x09\x9aL\xdf\x8fT\x02J\xac\x00\
^i\x07\xcb\x81j3\x8aHu7\xe5J\x8d\x7f(\
\x8f3\x98\xdd\x81\x1d\xa1\xe7\x87\x84\xbbH\xfd\x09\xc0\x8c\
\xc7\x04\x7f\xed\xe8p\x7f\xff\xc4\x00(\x10\x01\x00\x01\x03\
\x02\x05\x05\x01\x01\x01\x01\x00\x00\x00\x00\x00\x01\x11\x00!\
1AQ\x10 a\x81\x910q\xa1\xb1\xc1\xf0\xd1\xe1\
@\xff\xda\x00\x08\x01\x01\x00\x01?!\xf4\xa2\xf57\xfa\
\xaa/\xf5\x7f\xe61\x83\x83\xfd\x13\xa2\xfe\xd5's\xa7\
w.\xee\xd7^\x09\xf6Mu>\xe2\xf8j\x14\xce\x8b\
\xcc\xfe\xa9\x06%\xa4S\xdf\xfe\xa5\x0e\x7f\x83\x0fq3\
\xff\x00\x86\xdf\xae\xc8;\xc3\x07V\x0a\x11\xef\x11M\x9b\
U\xc3\x1di\x192\x84\xa9\xca\xbb\xf3d\x0f\x91\xdc\xfc\
\x1f4\xc5P\xb5\x7f]\xcd\x85\x9f_>\xa7}\xb0~\
\xb5g\x19\xba\x9dZ]\xd7\xd1zX\x8d\xc4\xd45[\
S\xf1\x22\x93L\xbeG\xa3\xd9\xe5\xc7\xa0Z'\xf3\x03\
\xe4|kO\x91\xb9V\xf4\xe4\x7f\xba\x83\xc2\x7f\xed:\
,w\xc4\xfc\xa1\xfc}5!\x1ap\x06\xabMc\x97\
h_\x92\xbb\xb6\xdcAP\x05,\x00J\xb411\x1c\
\xe9\x97\x7fg\xa2\x8c\xb8\x00\xb6>\xfe^\xe6\xd4\x90\xc3\
g\xd2@\x9e\xd6dr\xefn\xe7\x90VP\xdd0\xfe\
N\xee\xd5\x1c\xdd\x14\xcd\x1b\x06\x0b\xbb\xd3\xdd\xdbj\xb4\
dV\xf7C\xce\x92G\xd5/\xf7\xe1\xdd\x1eG\xd2\xe8\
\xa8\x98\xdf\xee\xfc8\xac\x1f$~\xc04/\x0f>\x8d\
\x8e\x12_\xc9DN\xb7o\xb3#\xb3K\xa9\xec/\x01\
\xa8\xca\x07O\xd8\xfeV\xa1U\x12\x1dL<P\xce9\
4\x08\x17s\xe7\xe2=\x1c%\xf7\xd0\xb3\xccT\xb52\
\x16\xab/\x9e1\xfb3\xd9\xb9\xf0\x1eh \x83\x1c\x99\
\x03Jnw\xa5\x8c\xdf\xeb^\xde\x01\x1fA\x87\x5c\xd6\
\xb1&d\x1a&\xa3\xbf\x1f\xaf\xa5\x8d\x9e&\xa6\xe1%\
\xd6\xe6\x9e\x84L\xc7e\x17\xe8\xf0\x05\x00Q\x80ev\
\xa1\xf7\x80\x12}\x97\xc3\xad\x22\x00)\x81\xa6\xfa9\x82\
\xa8\x85\xf2~\xc1\xb9\xd6\x81\xf8\xda\x84\x0b/=i\xef\
/ \x0c#Q\x83\x86\x99\xc5\xc1\xea+\xd0c\x9d\xb7\
\x87\x80O\x178\xfb\xc9\xf2\x153t\x8a\xe9\x09\xbd\xbd\
(D\xcb4\x19`\xb27+\xf3\xc2knG\xb7\xdc\
\xcf\xa1\xb1\xff\x009\xff\x00\x9c?\x15\x9a?\x94tC\
\x1bQ\xc5|s\xd2\x8d\xb6&W\xa5\x12i\xefJ>\
\x01\xc3&\xc0\x0e\xcd\xf4z\x10\x89\x9e\xcf\x97\xef\x10\x1c\
\x09_\xb2<\x11\xb4u\xa0\x84\x10\xb4>\x8eH\xbb\x1a\
P\xecg\x0d\xdf&\xc8\xb0w\xa0\x82\x0cpsO\xe0\
=\x09\xcf\xb5\xc6\xed\xb9s\xa5>5\x11iD\xba\x09\
\xe7\xd1\x94eb\x0b(J\x08\xe9D\xa2U\xea\xf1\x80\
\xf7\xf5\x1c\x80\x8d\x9f\x91\xc1+\xfb\x0f&\xb1\x9c\xfa\x05\
?[\xbb8\xed\x0eD\xbbG\xe7\xfc\xbd\x04g\x04\xec\
<\x92I\x14w\xbc!\xaf\xf8\x07\x91\xe7\x86\x98:\xbf\
\xf9\xf6\x1a\x9a&>\xa3/\x22\xc0e]_B/1\
\x04fo\xe1\xb7*:-\x98\xbb\x94\xf6'\xa2V\x83\
9P%\xb1O\xfb\xd8d\xc3\xf7\xfar(\x15\xb0R\
BO\x9c\x94\x84\xeb\x97\xa0\x0d\x22\x87 r&\xd4\xbc\
\xcd\xc5\xed\xd3;>[\xd0\x82FN\x9c`\x12V\xff\
\x00\x0b>\x15\x80:\xb7S\xad\xdfP\x8e\x19\xf6\xacV\
\xa3-\x8ab\xf8\xda\xa3\xe9\x0e\xfb\x05\xbf\x9dhg\x80\
H\x05h\x02U\xd0\xd6\xaf4\xc1\xfac\xd0;\x9di\
e\x96\xef\xa2(\xc8\xc3\xb9Yx\xb4\x8b\xef\x0c\xf7\xa5\
\x09_\xc4j\xaa\xc2\x8b&\xc0\x18\xd5\xde\xda4M\x16\
3\xee~\xf80\xe9\xeb_\xf4)='\xbdu\xf5\x19\
3\xab1=\xc0_\x86\x93\xfb\xa3\x09p\xe4gw\x9d\
(\x82\xed\x00^\x0a\x7f\xa0\xbf\xb7>\xa5\xe3\x12|\x0c\
J\xf1M\xac\x84A\xdf\x05\xef\x14\x89NR\x959Z\
\x90\xee>y\xc7\x80 \xd1|\x9a\x94\x22k\x08t\xf1\
Vh\xe8\xa9\xd1}\x1b\xc0\xbd\xa6\x92\x18l\xec\xfa\x00\
\xa8\x05v+\x14:\xc6\xaf\xe9\x96zT\xa5[K!\
\xd5c\xb0\xa59R\xe2\xba\xad\xda\xf8\x83\x80kby\
\xc8\x14c\xec\xa3\xf6\xa2-\xb5u\x85\x111\xb9q\xda\
\xb6@\xaf@\xfe+\xa7Jq+h\x93x(\xd1d\
\x12&\x13s\x978\xbbJc\xe5,2\x0b\xb7\x00\xc5\
\xa8\x01\x01\x06\xc7\x10\x11n\xcf\x01\x96og\xe7\x9e\x14\
\xfd\x9f\xec\xfd.\x12$\xe2Tc\x89a\x06\xd5\x85\x8b\
\x80\xbd\xb6\xa3\xea3\x0c\x97\x1f\x1c\x86\x00@\x9d~\xb6\
\x8b\xea\xabU\x95\xdf\x93q\xb9\xa0\x16\x95X\x0c\x7f\x8d\
\xb7\x99\xed\xe5i\xbc\xbe\xbf\x84\xf2\xe1\xf3\x03\xca\xd4\xa4\
\x5c\xb9\xf8'\x91\xd1/\xa6\xcc\x1e\xd7\xf2\xe6i\xf8\x22\
Y\x06\xd02>k!\xa5<\x0e\xd29ed\x8dW\
j\x9bS\xfc\xc9\xd0\x9e\xfc'\x91\xbe\x87\xdf.\xa3\x95\
`l\xfd^\xea\xf8\xe1\xd3\x06BS\xf0+\x11\x1a:\
\x16\xdd\x84\x1d\xb9 \x08N\xa0\xa6\x88[h\xe3\xa6\xf4\
_hv\x83\xc8/\x80Sg\xf0\xeb#\xe2\x97\xc5\x04\
\x10X8\xa2\x98\xfbr\x09\x14l\x8eV\x8d\x08\x22\x1c\
]\x01\xe0\xf9\xe1!\x0d-\xcf1\x8b\xcf\xf9<@\xae\
1\xf6\x03\xc3=\xaa8\xdc\xc8\x5c\x1a#\xb3OQ\xed\
N\xe9uj\xfa\xc9\xddiP\xec\xc0\xa4\xb0\xf8|\x8e\
0K\xdf_\xe76c\xd8n\xcc\x1f\x99wx_`\
`6\xff\x00\xb7\xce-\x9e\xfa\xff\x008\xd9?\x92\xba\
37\xb58\x826\x1f\xe5\x22\xce\xea4\x8f\xea\xd9\x7f\
\x94\x8ar\x8ef\x19\x95\xee\xf0\xb4t\x1d:\xd6z\xf3\
[\x89\x7f\xb3\xb4\xcfj\x92Y\x18\xa7g\xb22\x0b\xdc\
\xbd\x9dH\xe7\x98d\xb3Y\x0e\xa7\xfb\xc3\xa9\xbc\xe0W\
\xc1\x13\xd9q\xc6\x19\x10\xef\x1d\x82\x5c\x05}\xa3zu\
\x9d\xce0cE\xca6\x00\xd5\xa8\xe6\x13\x9b\x00\x19M\
}\x17\xb8\xfd\xdc?\x93\xb3\x96\xd7\xc9}\x19\xb0W\xff\
\xda\x00\x0c\x03\x01\x00\x02\x00\x03\x00\x00\x00\x10\x00\x00$\
\x92\x01$\x90\x00\x00\x00\x01 \x02\x08\x00\x80@\x00\x00\
\x01\x00\x10\x09$\x10\x00$\x00\x08\x00\x02I$\x92\x00\
\x00\x10\x08\x00\x00I$\x92I\x00\x00@\x00\x00H,\
\x92I \x80\x01\x00\x00I5nI$\x00\x00\x00\x00\
I:\xe3\xc3D\x90\x00\x00\x00A%\xff\x00\xfc\x83\x92\
@\x00\x00\x08&\x1f\xff\x00\xff\x00\xfd9\x00\x00\x01$\
\xbb\xff\x00\xff\x00\xfd\xf7\x00\x00\x00$\x9d\x7f\xff\x00\xff\
\x00\xb5\xa4\x00\x00\x04\x91\xef\xff\x00\xff\x00\xfe$\x00\x00\
\x00\x92I\xff\x00\xff\x00\xfed\x80\x00\x00\x02H\xd7\xff\
\x00\xff\x00\xdc\x90\x00\x00\x00I\x05\xff\x00\xff\x00\xd9\x92\
\x00\x00\x00\x01$[\xff\x00\xdb\x92\x00\x00\x00\x08\x04\x95\
g\xd3\xb2\x01\x00\x00\x00 \x06tj\xed\xc8\x00\x00\x00\
\x00\x04\xcf\xff\x00\xeeK \x00\x00\x056Q\xff\x00\xff\
\x00\xf2i \x00%\xa4\xda\xbf\xff\x00\xbfE$\xc0\x00\
$\x98\x0f\xff\x00\xf5\x0d$\x9a\x00$\x92K\x7f\xff\x00\
e\x84\x92@\x04\x92E\xab\xfe\xb9\xb4\x12h\x04\x92I\
\xb4|b\xb6\x12I\x80\x92I\x22\xdb\xfd\x96\x92I \
RI&\x9a\x04\x94BI&\xc2I$\x9bD\x12\xc2\
I$\x89\xff\xc4\x00(\x11\x01\x00\x01\x03\x03\x03\x03\x04\
\x03\x00\x00\x00\x00\x00\x00\x00\x01\x11\x00\x10 !01\
@AQa\x81\xd1q\xa1\xb1\xf0p\xc1\xe1\xff\xda\x00\
\x08\x01\x03\x01\x01?\x10\xfe\x06\x10\xbd\xcf\x1dD\xbfk\
\xe6\xd2\xfe\x1f\x8f\x8aEC\xcfJ\xc6{\xd0\x00\x1cZ\
(\xa83H\xe2Oz\xff\x00@\xadI$\xf4\xe8\xa4\
}\x9c\xa2\xa2\x8a\x9e\x1f?4\xe05\xdfJ\xa8\x8f}\
\x9d\x10jR\xff\x00\x05\x220\xee}\xc6\xe9\x00?t\
\xdc\x8a\xf0\xa1\x92w$\xc6\xe8258\xa3h\xbb\xd3\
\xbe\xa9&6QcE\xe8 _:l\xc0\x9e\xdf\xbf\
\xbf^\x87My35T\xaaW\xa1c\xc8\xcfA<\
GD\xcc\xdd\xad7\x9bD\x9d\xbf\xbe\x87\xbc\xd6\x93t\
TZ(B\xa957\xc96\xe5\xcfW\xd2m\xa9&\
\xd8N'>j\x13\xd2\xcf\x16\x8aH\xcc0\xe1b\x94\
s\x81\xfa\xd9\xc16\x86+\x9a\x82\xcfP\xf7\xd9g\x17\
d\x13n5(\xcd1jv\xc4\xc501/\xca\xf1\
\x92\xf2\xe9\x83\xceg9\x0c]@Q\x04\xd2\xa6\xa6\x96\
5h\x03\xb0\xba\xf6\xc8l\x87\xb5\xc9F(\xbe+\x11\
\x18Zx\xba\xc6o\x168\xd8\x19\xb1\x92\xe7\xbd\x966\
\x8d\x83\x9d\xf8\xd7*\xff\xc4\x00'\x11\x00\x02\x01\x01\x07\
\x03\x05\x01\x00\x00\x00\x00\x00\x00\x00\x00\x01\x11\x00! \
01@Q\xb1\xd1\x10AaPq\x81\xa1\xf0p\xff\
\xda\x00\x08\x01\x02\x01\x01?\x10\xfe\x0c@\x1f\x07_\xdd\
\xb3\x0a\xfb8\xe68\x8d\xeey\x80\x80`\xb1\x95\x11\xcf\
\xb4!\x12q=\x1c4\xcd@\xb1G\xe3\x88^3(\
\x80\xa3\xe6\x99%j+i\xc7)\xd8\x8d8\x80G\xa5\
\xf8*\x22\xb5\x8dWes^`\x7f8\x88\x0ck\x01\
\x041xI:Axd\xbf\xf5o\x19j\x89P\xde\
x\xc0^\x98\x82\xa1\xc7\xc1\xbb \x85G\xdd\xf8D\x10\
7 \x03\x14\x15\xc86X\x8a\xdc\xb5.\xfbdp\xcc\
\x0e\x1c[(F\x00\x00`2:@\xde\xd8\xb01y\
/|\x1e\x8b\xaa\x8a'Z6\xc9;H7\xea\xe3\x8e\
8\xc7\xe7|\x96\xd0\xb6h\x9eF\xf9 A\xedlX\
\xfc\x8c\x96\xc1mA\xd1\x9c\x93o\x15\xb7O\xe1\xc9\x10\
\x08F\x1c\xe7\xda\xc8\xcaR\xb2\x03\xda\xca\xf0p\x15\xca\
\x04\x87\xde(\x15\x8a(\x03\xa0\x85/q\xca\x8eC\x0f\
\xcd\xd1\x95@\xae\xbe\xba'\xff\xc4\x00(\x10\x01\x00\x01\
\x03\x03\x04\x02\x02\x03\x01\x01\x00\x00\x00\x00\x00\x01\x11\x00\
!1AQa\x10 q\x810\x91\xa1\xf0\xb1\xc1\xd1\
\xe1\xf1\xff\xda\x00\x08\x01\x01\x00\x01?\x10\xee\x92\xa5\xdb\
\xee\xa1\xdf\xea\xa3\xf6h\x16\x01.\x81z\x05#\x9c\x7f\
\x95\x22\x94\xcd\xdf\xf2\xa4\x15\x10\x93#Qh\xb8p\xd4\
_>\xaa\xe7>*O\x92v\xbdF\xed\x04u\x16o\
\x93I$R\x90\xbf\xbc\xcc\xa9R\x1b\x10m\xbf(\xb5\
\xcar\xf7\xda\xd0A\x8f\xf5\xc1\xa0MK\x08\xda\xc8\xf2\
\x1a\x88\xbb\xc8v\xe6\x22\xe5\x0bT\xa1\x1d\xd6\xa9\xc2\xc8\
9\x1e\xb1\xb5\xaa~\x05\x8a\x89\xcf\xd7d0\xcd\xb7l\
}\xc3\xb0\xb4@?*\x14@\x86b\x12$.!t\
\xab\x1d\xd4\xa1u*\xabu{F*2'$\xee\x80\
\xbf\xb9\xdc\x16\xa3\xcc\x01@\xdc\x04\xb2\xbf\xc0\x19\x0e\xb1\
\x18\xa9\xf4\xf6\xcc\xe2\x82;\x03\xda\xb7\x8f\xe3T\xba\xda\
%e\x19CS;\xa8\xfc\x18\x0b\x00[\xe1Q8\xc0\
\x93\xe0q\x15g\x84\x10V\xfd\xc6K\x0c\xdd3\xa83\
p\xbfd\xea\xc6\xfd[\xdb\xee\xb1\xd8\xd6\xec\xd5\xa3\x98\
s\x15\xff\x00\x19\x0a@tl\xe6\x17c\x00\x16\x00\x0b\
\x1f\x18aHQ\xd3\x99\x93\xb3\xb3\x02\xe1I$\x99C\
`\xf5\x97$\x16N\xdcx\xeea8j\x0aJ4\x00\
U\xd8\xa1'\x16\xcbx\x91\xa4\xef \xd1\xd4\x1b\x192\
\x0c\x00\x17U@\x0c\xd0B\xc2\x89x\x9eZ7\x86\xc6\
IL\xf2|\x0f:\xfa\x83\xea1#\xec\xb4F\x04\x18\
G#\xdb\x1c\xbd\xac%\xc9q\x02\xf1_\xe3\xdb\xec\x07\
h\x08\xb4\x15g\x0c\xf3\x9aT\x1b\xa8\x12W\x91\xd66\
\xd26\xa9*\x84&QE\xa5\xbc\x1b\x8a*\xf1\x97\xa7\
\x08N\xf0d\xa0\x91*\x13\x91\xde\x84T\xc4\xd5\x00\x97\
\x97\xc9\xb1\xf0\x82\xa0\x12\xb6\x0d\xe9\xcdf\xcc\x95&\x1f\
\xfc\x01\xd5\x00\x16M\x01\xf6\x93\xccP|-\xacP>\
\x83\xf5\xac\xd4\xa5\x02\x7fA\xa3\xedp\xbd*\x8fQJ\
\x8bp@\xf8\xfe^\x93\xa0\x81'\x88\x15}E^K\
\x04\x03\xccy\xa02\x84\x98\xb6\xfbv<\x1a\xf4\xb6\x05\
1\xca\x1f\x86\x8aH\x88\xea\xf7\xd9\x1f\xbaZw(J\
\xc9o)}\xf5).q6c\xc1\xfd\xe8\x08 \x10\
\x1dt\x8d6\xac\xa9w\x88\xacP\xfc\x7f\xaa4\x90\x5c\
D'\xb2\x97(\x12\x0e\xd0\x8cz\x07E\xc2\xb6\x9eF\
\xca\xdf\x00+\x83\xf0\x88tX\x11\xb4j\x7f\xb2?u\
n\x10\x87\xc2\x92\xbd\x88\xfc\x0fb\xd3\x1b\xa0\x1fA\xee\
\xb3GUB\xca\x98\x01\xaa\xa8\x075\x15wx\xacL\
]\x86\x22\xd2\xb1\xaa\x96\xc6\xadH\xa07\x10\x048\xbf\
\xc1\x924\xab\xdd\xf7\xb2X\x05\xd9\x07\xc42\xa3\x220\
\x12\x12BK\xb5\xb0\x9b\x8b\xc1\xb0da\xd0\xdb\x88\x9e\
\xa9!)\x08N\x1a\xbd=\xb6Y\x83\xea\xfb\xf8\x13L\
\xcey\xbf\xad\xfa\x22C\xf0\x14\xa8\x16\x93#\x10\xc41\
+W$ \x9c \x96\xeb\xedW\xdf\xc2(\x89f\x96\
\x85 \xde\xd0\xe9G\xb0*\xc3\xf9D\xbe\xfa*\x82\x08\
\xe8[\xf2\xf8)<\xe1\x92\xc2\xff\x00\xe0\xfat\x998\
(k:{\x11\xee\xafhr\x01\x0a<\x88\xfb\xa5)\
\xfbG\xc4\x0a\x8b\xa1\x80]j\x7f\x887\x9f\xa3d@\
\xe4\xcb\xad\xf0\x0dk\x04<\x08\xfb\x9f\xbe\x9f\x9a\xb5\xca\
\xb7\x87)\xc8r%\x13\x10/\xe3 \x84\x87\xe1h\xe1\
\x91\x00\x95b\x9a\xc2\x80#\xc4\x1c\x93\x95w\x00\x90 \
\x80@\x1a\x1d5Y\xbf1\x1f\xcb\xbd\xc3M\xc3\x1e\xb6\
\xa8Q\x04\x18Q\x84tM\xe8\x0b\x17\xdf\x10\x15p)\
\xb7\xc3~\xb1\x86S\x10D\xbc14\xda|\xc1l\xa9\
u\xe5\xea\xd2\xf6e7\x8f\xf6\xefnS\xb5\x22\x13\x91\
\x1f\xeb\xb0\x970\xf4\x09K\xc5\xd3B\x84R\x08\x0c&\
\xcf~*u\xf2*\xd0\x91r~\xcf\xb3\x81\xc7\xc0\xc5\
\x83$\xa5\x99/\xa7\xf2\xec&S\x09\x16a\xa4q3\
\xed\xd0\x8f\x1d\xc3\xb5\xdb\xbc\x02\xbb6\x19\x91yI]\
\x11\xa5)L\xe2\x96O\x12\xd8\xd0\x03N\xc6\x1a\x82\xe9\
\x94\x1fE\xf8\x14\xbcJ\xcc\x12x\xe5\xd9\x5c\x0dc\xb1\
P\xb0\xa5\xcd\xa9\xa1C\xa0|\x90IZ98{U\
\xb8\x19ZNp\xe0\xc4\xbf\xee\xc0K\x8b\x0c\xb3\xd5\xc8\
\x01*\xe0*!\x818:\x16\x80\x08\xd1F\x9f\x00 \
K\xa6\x91K(Q\x1c\x8d8oZ\x0b)\xe4\x1a\x12\
\x84\x06\xd2\x8d,R\xa4\x9e\xb75\xb1\xc0\xe1\x1c\xc3\xfb\
S\x15\xfa\x0a\xb7\x12Y0\xa1d\x06\xeaiA*\x07\
,P\xa8~\xa75|``\xe0\xa6\x88\x8a\x8b\xc8\xbf\
\x10\x14\x00\x22#\x84\xe8\x87\x8al\xa6\x00\xba\xe0\xbd1\
}\xa0\x01}cB;\x80\x80!FE\x19W+\xf0\
\x82@\x5cHJ\xbb\x8f\x0e\xa6\xe8\x93\x90\xd2\x01\x98\x00\
}\xcf\xdbW\xa1\xd0\xd8bY7i\xba\x14\x09M\xc1\
\x5cO\xbb\xeb\xa0\x96V\x82\xc9\xee\xaf\xac|\x1f\xec\xad\
2x\x0f\xf3Q\x7f\xb1J\x08\x00\x96\xe5\x16\x94\x94\x94\
6\x9e\xbe\xca\x9c\xdb(\xb1\x08d\xd8\xc4\x83\x0d\x0c\x14\
\xd0\x87\x16\xe2.D\xd9\xb8\xd5\xb5\xfc.S\x96\xfaS\
\xe3\x98\xa8\xd2.\x10x>\x9c9\xa4u<\x82\x10,\
\xf1\x84\x19\x98\x92\xa4\x1b\xc0\x94\xa8\xd5UWUhD\
\xca\xde`\xfe\x03\xba&\xda5g?\x1d\x7f\xca\x94\xd1\
0\xa8\xf8\xa4\x8f11q ,\x00`\x10\xc5G2\
]Vm\xf6\x88\xb9\xa4`B\xc8Bz\xf8\x0d\xb9\xe0\
%}Rp\x9c\x8e\xd8\x97\xcc'%#3\xe1\x0dm\
e\x7f\xdbJ\xe0\x0d\xd5\x95JyhEeO\x06_\
\xeb\xa1\x19\xb6S\xa0_\xcb\xf5\xde\xe0\x01D\xcc\x83\xf9\
4BlEJb\xe8=g\xf0\xb4\x84\xd2\xee\xe1n\
9\x1eJ5\x0c9\x1c4\xc5\x8c\x10(\xf54\x0b/\
B\x0f\x10\xaf4\x5c\xa8#\xc2\xac!dw-\xda\x0a\
\x00\xa3\x00ev\xa4\x92\x07,X` \xac\x89\xa2\xb4\
l\xc7\x80\x83\xac\x82\x15xh\xce?\x8e\x82\x83\xa6W\
%\xf0~\xeew\x19(\x9b\x02\x1d_\xe4\x97\xdd,\xb4\
\xcc\x83\x05p\x10\xd6\x0f\x1d\x10DI\x12\x11\xc2Tw\
.\x91(I'\x10\xc4X\x224\xa1\xb2\xa9\x10\x1b\xb2\
\x84\xf3\xd8-\x01\xaf|:\xc9W\x0a\xae\x95\xda\xa9\x95\
]N\xeb+\xe7\xb1\x85\x9d]\xf99\xa8\xcd\x19\x14\x8a\
\x0b\xa3\xaa\xdaH\xb7\xd3\xf7^Hv\xed\xde\xa2\xcf8\
($@q\xc3\xc4\xfb\xf5l.\xd5\x09\x94\xd6\xd9\xff\
\x00\x07g\x92M\x9ah\x9e\xa6K\xc5\x9d\x95w\x89\xa9\
fS7\x9f\xb5s4Ln\xdb\xc6\xf4\x00\x00\x00\x10\
\x06\x02\x9c\x0b\x0e\x84\xefH\x0f\xaa\x83p\xcb\xaaG\x9c\
=]\xa2i3)\xb7\x97\x8c\xd4\xe8&n\x82}\xc7\
\xe4\xab\x15\xe7\xc0\x99\xe1\xfd\x95\x9e\xcdoj\xc1%x\
\x04\xf6\xa9\x11\x84Qdt\xe8\x0e\x1d\xcc>\xdfeH\
`\xe1N*\xe0\xcf\xb0\xd9BE\x10\xa6\xa4\xd5\xc7\x91\
j\x00\xdb\xa9\xcdhC,\x07\xf4\xdff\x88W\xfe\xaf\
\x14\xd6\xec\x83b\xa0\xf1\xbe\x16\x80A\x02\x00\xd0\xe9\x8b\
\xe25\xa9j.L-Sa\xec*nv\x02\xc8;\
\x88>\xa9i\x0c`!\xe3\xc3\xfc\x0e\x8fh\x15P!\
O\x0c{\xb4\xb2\xafn\x1c&_\xbb\xc6\xfdY\x800\
\xe8<\xcb\xc3\x93MY@\x8b^\xe20\x84\x22oC\
,\xb7\x149>\xc8\xd2\x9f/\x00\x0a6\x0dZN\x0f\
\x98\x04\xb9,\xbe\x8a\x1da\xdc\x98\x1c\x1f\xab\xf7]\xb9\
\x1e\xbd\x82\xf1c\xc9\xd1\xaf\xce!`\xdeE\x9d\xf8\x96\
)sS\xfbm\xd3\xc9&\xcd>\xf3B^B\xd1k\
\xc9sGK\x1bf\xc8y\xcb\xea\x84\x1b\xf5\x8f\xccP\
\xad\x5c\x98\x82\x8c\xb4\x001x\x97JX\xdb\xd4\xa6_\
(\xbe\xfa\x00 \x95\xbb7R\xa9UK*\xe5{\x86\
K\x910C3\xc0>f\x91!)F\xe5\xa8L\xe8\
z\xc8a \x84\x92\x06\x1e\xf1\x02 \xc8\x99\x1a(\xd8\
\x14\x1d\xf8t\xd1\xca\x9d\x00&\x9b\x19\x0d)\x8c\x9d/\
\xce\x1b!%\xb9\x9594\xe9\x862\xc1\x95\xa0S]\
+}\x83@\xe3\xbcK\xe9\x9b(\x15\xd1@\x0b\xaaR\
\x09\xdd\x82\xbc\x90I%%\x85M>\x15_\xb5\xdb\xb1\
C\x87\xa8?\xd8\xec|PO\xff\xd9\
\x00\x00\xc9\xa1\
\xff\
\xd8\xff\xe0\x00\x10JFIF\x00\x01\x01\x01\x00H\x00\
H\x00\x00\xff\xe1?<Exif\x00\x00II*\
\x00\x08\x00\x00\x00\x07\x00\x12\x01\x03\x00\x01\x00\x00\x00\x01\
\x00\x00\x00\x1a\x01\x05\x00\x01\x00\x00\x00b\x00\x00\x00\x1b\
\x01\x05\x00\x01\x00\x00\x00j\x00\x00\x00(\x01\x03\x00\x01\
\x00\x00\x00\x02\x00\x00\x001\x01\x02\x00\x0d\x00\x00\x00r\
\x00\x00\x002\x01\x02\x00\x14\x00\x00\x00\x80\x00\x00\x00i\
\x87\x04\x00\x01\x00\x00\x00\x94\x00\x00\x00\xa6\x00\x00\x00H\
\x00\x00\x00\x01\x00\x00\x00H\x00\x00\x00\x01\x00\x00\x00G\
IMP 2.10.30\x00\x00202\
2:03:16 12:43:43\
\x00\x01\x00\x01\xa0\x03\x00\x01\x00\x00\x00\x01\x00\x00\x00\x00\
\x00\x00\x00\x09\x00\xfe\x00\x04\x00\x01\x00\x00\x00\x01\x00\x00\
\x00\x00\x01\x04\x00\x01\x00\x00\x00\xaa\x00\x00\x00\x01\x01\x04\
\x00\x01\x00\x00\x00\x00\x01\x00\x00\x02\x01\x03\x00\x03\x00\x00\
\x00\x18\x01\x00\x00\x03\x01\x03\x00\x01\x00\x00\x00\x06\x00\x00\
\x00\x06\x01\x03\x00\x01\x00\x00\x00\x06\x00\x00\x00\x15\x01\x03\
\x00\x01\x00\x00\x00\x03\x00\x00\x00\x01\x02\x04\x00\x01\x00\x00\
\x00\x1e\x01\x00\x00\x02\x02\x04\x00\x01\x00\x00\x00\x16>\x00\
\x00\x00\x00\x00\x00\x08\x00\x08\x00\x08\x00\xff\xd8\xff\xe0\x00\
\x10JFIF\x00\x01\x01\x00\x00\x01\x00\x01\x00\x00\xff\
\xdb\x00C\x00\x08\x06\x06\x07\x06\x05\x08\x07\x07\x07\x09\x09\
\x08\x0a\x0c\x14\x0d\x0c\x0b\x0b\x0c\x19\x12\x13\x0f\x14\x1d\x1a\
\x1f\x1e\x1d\x1a\x1c\x1c $.' \x22,#\x1c\x1c\
(7),01444\x1f'9=82<\
.342\xff\xdb\x00C\x01\x09\x09\x09\x0c\x0b\x0c\x18\
\x0d\x0d\x182!\x1c!222222222\
2222222222222222\
2222222222222222\
222222222\xff\xc0\x00\x11\x08\x01\x00\
\x00\xaa\x03\x01\x22\x00\x02\x11\x01\x03\x11\x01\xff\xc4\x00\x1f\
\x00\x00\x01\x05\x01\x01\x01\x01\x01\x01\x00\x00\x00\x00\x00\x00\
\x00\x00\x01\x02\x03\x04\x05\x06\x07\x08\x09\x0a\x0b\xff\xc4\x00\
\xb5\x10\x00\x02\x01\x03\x03\x02\x04\x03\x05\x05\x04\x04\x00\x00\
\x01}\x01\x02\x03\x00\x04\x11\x05\x12!1A\x06\x13Q\
a\x07\x22q\x142\x81\x91\xa1\x08#B\xb1\xc1\x15R\
\xd1\xf0$3br\x82\x09\x0a\x16\x17\x18\x19\x1a%&\
'()*456789:CDEFG\
HIJSTUVWXYZcdefg\
hijstuvwxyz\x83\x84\x85\x86\x87\
\x88\x89\x8a\x92\x93\x94\x95\x96\x97\x98\x99\x9a\xa2\xa3\xa4\xa5\
\xa6\xa7\xa8\xa9\xaa\xb2\xb3\xb4\xb5\xb6\xb7\xb8\xb9\xba\xc2\xc3\
\xc4\xc5\xc6\xc7\xc8\xc9\xca\xd2\xd3\xd4\xd5\xd6\xd7\xd8\xd9\xda\
\xe1\xe2\xe3\xe4\xe5\xe6\xe7\xe8\xe9\xea\xf1\xf2\xf3\xf4\xf5\xf6\
\xf7\xf8\xf9\xfa\xff\xc4\x00\x1f\x01\x00\x03\x01\x01\x01\x01\x01\
\x01\x01\x01\x01\x00\x00\x00\x00\x00\x00\x01\x02\x03\x04\x05\x06\
\x07\x08\x09\x0a\x0b\xff\xc4\x00\xb5\x11\x00\x02\x01\x02\x04\x04\
\x03\x04\x07\x05\x04\x04\x00\x01\x02w\x00\x01\x02\x03\x11\x04\
\x05!1\x06\x12AQ\x07aq\x13\x222\x81\x08\x14\
B\x91\xa1\xb1\xc1\x09#3R\xf0\x15br\xd1\x0a\x16\
$4\xe1%\xf1\x17\x18\x19\x1a&'()*56\
789:CDEFGHIJSTUV\
WXYZcdefghijstuv\
wxyz\x82\x83\x84\x85\x86\x87\x88\x89\x8a\x92\x93\x94\
\x95\x96\x97\x98\x99\x9a\xa2\xa3\xa4\xa5\xa6\xa7\xa8\xa9\xaa\xb2\
\xb3\xb4\xb5\xb6\xb7\xb8\xb9\xba\xc2\xc3\xc4\xc5\xc6\xc7\xc8\xc9\
\xca\xd2\xd3\xd4\xd5\xd6\xd7\xd8\xd9\xda\xe2\xe3\xe4\xe5\xe6\xe7\
\xe8\xe9\xea\xf2\xf3\xf4\xf5\xf6\xf7\xf8\xf9\xfa\xff\xda\x00\x0c\
\x03\x01\x00\x02\x11\x03\x11\x00?\x00\xf6j(\xa2\x80\x0a\
(\xa2\x80\x0a*\x86\xa9\xaa&\x9d\x1a\x05\x89\xe7\xb8\x90\
\x85\x8a\x08\xfa\xb1'\x19>\x83\x9eOj\xc7\xbf\xb4\xbc\
\xd4,l\xaf5;\xc6\xd2\xda\x07\xf3.\xed\xe0\x9c\x94\
\x921\x9f\x97<\x1e\xb8\xe6\x806\xee5[\x1bX\xdd\
\xe4\xb8C\xb4\x02U>f\xe78\xe0s\xce\x0f\xe5Y\
\x13\xf8\x83S\xb8;t\x8d\x0e\xe2p\xca\xc1&\xb8>\
J\xab\xf6\xdc\x1b\xe6\xdb\xee\x01>\xd5J\xd3Q\xb4\xb5\
\xd3\x1a\xebC\xd3\xad\xec\xade\x91\x99\xae/?r\x8d\
\x83\x8c\xe3\xef\x1c\xf2\x7f\xfdt\xdb\xc1\xe2G\xd2\xae.\
\xaf\xb5\xfd?K\x89e\xf3\x12h\x22\xde\xbeI\xecw\
\x1fq\xc8\xc5\x00#Y\xf8\xa9\xef\xfe\xd9\xa8\xeb\xf6Z\
m\xbf\x91\xb4\xdb\xc07\xa8n\xed\xb9\xc0\xa8\xb5\x0b\x9d\
&\x0f\x0fI\xf6\xef\x17\xde\xcb\x15\xb1\xc4\xf3\xdbJ<\
\xc0s\xdf\xcb\x19\x15\xcd\xc4\xbe\x1f\x12\xa3\x5c\x0dk\xc5\
w\x0c\xe0\xa3\xb5\xb91.}\x0e\x02\xe3\xdb&\xb7\xad\
\xee\xb5\xcf\xb1]E\xa5\xf82\xc7N\x8a@\xdb~\xd7\
p\xaa\x1c\xf6%\x15\x7fL\xd0\x06\x1d\xae\xa3\xe0\x15\xbf\
[\xe8\xff\x00\xb6\xaf\xee\x22\x1b\xe2\xb81\xcf'>\x8a\
{~\x82\xbb\x8b?\x19X]\xc1\x14\xc2\xcfR\x8e7\
RI{G\xf9\x08\x03\x82\x00$u\xfaq\x5c\xbc\x17\
>2\xb4\xb11\xde\xea\xde\x19\xb1\x9ddR\x17\xcb\xfe\
\x0es\xfc_N\xd5\xbbe\xa9\xea3\xdc\xcd#x\x8b\
C01Q\x0aF\x84\xe0\x81\xce~q\xd4\xd0\x01w\
\xe3O\x0f\xdeK\xf6\x08|@,.\xc9]\xa6H\xca\
\x12N8\xf9\xd7\x07\xd3\x1dkR\x08\xf5X\xdd\x15u\
[K\x95\x8f\x1eo\x99\x16\x18\xe4\x9e\xe0\xe0q\x8e\xdd\
\xab\x9e\xbe\x7f\x13\x1b\xa5/\xa1h\xba\xb5\xb1\xc6%\x84\
\x95l\xf789\xfc\xb3\xf8\xd3\xae\x9bE\xd5\xe4\xd5\xec\
%\xb3\xbc\xd2]cCq}\xb3\xc9W\xe7\x80\x1b\xf8\
\xb1\xd2\x80:\xe8\xaeg3\xcb\x1c\xd6\xae\x88\x1c\x08\xe4\
R\x188=\xf8\xe4~5j\xb8\x0b\x1b?\x18X\xc0\
\x92\xe9\x1a\xe6\x99\xab\xd9\x92\x1e8f\x8c\xa9\xf2\xfb\x00\
\xfb\x8f\xe6s[\x9af\xb9i\xa9\xea\x0dos\x14\xfa\
v\xa9\x0e\x19\xe0\x94\x80]}A\xe8\xcb\xef@\x1d\x1d\
\x15\x1a;\x99\x1c4{Pck\xee\xc8a\xfd*J\
\x00(\xa2\x8a\x00(\xa2\x8a\x00(\xa2\x8a\x00+\x1a]\
z\xde}`i\x1a}\xc4R\xde(f\xb8\x0b\xf3}\
\x9d@\xea\xde\x84\x92\x00\x1f\xe1V.n#\x8e\xd1\xaf\
&?d\x1c\xa4\x8d;\x85(\xa0\x9eGQ\x9e\xe2\xb9\
i\xb4\xd8\xe7K\xb7Fm+D0\xef\x9fP\x8d\xc2\
Or\xdc\x1c\x92G\x0b\x8c\xf3\xd4\xd0\x06\x85\xc6\xb8\x9a\
\xb4z\x8d\x9f\x85'\xb6\x9bV\xb6;\x1eY\x01\xd9\x19\
'\x9f\x9b\x1c\xe3\xae\x05r\xabq\x0d\x9f\x89\x22\xb3\xb0\
\xb5\xbd\xf1>\xb8\x8cD\x97\xb3\xcaM\xbd\xb9\xef\xd3\xe5\
\x5cz\x01W\xf4MV\xdaM2\x13\xe1\xe8\xdbJ\xd0\
,g\xdd5\xf4\xea\x0a\xdd \xce\xed\xbc\xe4\x92{\x9a\
\xd2\x8a\xdd\xf5;6\x87A\x894\xad6Id7R\
\xba\x98\xe4f=\xd3\x1e\xe79\xcflP\x05\x8dSH\
\xd3\xf5=F\x19om\x92\xf3R\xb5Es\x04\xb2\xb0\
\x820I\xf9\xb0~S\xd0\xfeU\x98\xf3]\xcf$w\
vvQkwR\xb3D\xd7\x12\x03\x0d\xb5\xb2\xa1\xec\
\x1b\xaf=\xc6s\x8a\x96\xd7U\xb3\x17\x87I\xd14\xa9\
5+\xb8\xe4U\xb8\x9e\xf0\x90\xa1v\xfd\xf3!\x0d\x9f\
\xa7\xf2\xab\x9a\x9cZm\xf6\xa6\x8a#\xbb\xd4.\xad\xb0\
\xa6\xce\xdeB\xb0\xa1\xc7;\xb9\x0b\xf8\x1c\xfd(\x03\x0e\
\x0dKZ\xb7\xbck\x8dG\xc4\xa9<\x09'\x96-4\
k\x03(\xce2\x14\xb0\x0d\x83\x8an\xa7\xa1\x7fk\xc7\
q\xa8O\xe1}V\xe6\xe26]\x90O\xa8`\xca\xa4\
g n\xc0\xf4\xc7\x15b[mkK\xb1x\xed\xc6\
\x8d\xe1m:2d\x91\xe3>t\x8c\xbe\xb8\xc0\x03\xeb\
\x93U3je\xb6\xbf]o_\xd7&o\xde\xaa\xd8\
\xa6\xd4u\x1f\xc2q\x85\x03\xeas\xef@\x10}\x83\xed\
\xf76\xd7\x12\xfc5\x8d6\xb6\xd52\xb8\x0e\x81@\xc1\
`8\xfau\xab\x96\x9aU\xa4\xf6\xd3\xbc\xff\x00\x0d\x9d\
\x0b\xc8Y\x95\xe4\x84\xb1'\xab\x0f\x9b\x8a\xb5s\x1d\xc5\
\x9c\xa9\xf6]/\xc47-r\xf8\x97u\xe6\xdf' \
\x02z\xfazz\x1a\xads\xa7Z\xd9\xce\xc2k\x8f\x13\
\xd9\x18'\x1b\xae\x84\x86U\x94\x1f\x5cg\xe5\x1fL\xd0\
\x03\xad-t\xdb-\x17U\x10\xae\xb3\xe1\xab4P%\
\x92f\xc2#dr\x99$\xe7\xa7#\x8a\x99\xd3\xc4\xd6\
\xf6v\x11[\x5c\xd9\xf8\x83L+\x8b\xa1p\x07\x9f\x22\
\x1es\x8e\x84\x80zw\xa6\xdb\xdd\xc9\xa9_\xeaI\xa2\
\xf8\x9a\x0dT${\x86\x99y\x10*\xa7#\xab\xf5\xc7\
^\xddqYp\xc16\xb5\xaeCm\xac\xf8v\xfbD\
\xd4\x93q\xb7\xd44\xf9\xb3\x08\x00\x0e\xbf\x90\xe0\x83\xd2\
\x80+C\x0e\x83\xa9M\x1bh:\xdd\xcf\x86u\xa8\x19\
\xa2\x82\xca\xe6]\x8b\xd4\x9d\xbeS\x1eT\x92x\xa7\xdf\
\x5cG\xad[\x1f\x0f|Axt\xdd\x5c8[\x1b\xd8\
2\xa2PG\xde\x0d\xd0\x0c\x81\x91\x9fN+^\xf9\xe3\
\xbc\xb9\xb8\x97\xc4\x1aE\x95\xf6\x8a\xa9\x98\xf5Kw\x0c\
aP\x00%\xba\x1c\xe7'\x8e\x9e\xf5\x9d\xa9Z[\xdb\
iq\xe9\x9e#Y\xb5\xad\x02\xe9\xd4X\xeaj\xbb\x9e\
\xdfwM\xe4s\xd7\x18\x22\x80/iz\xa5\xff\x00\xc3\
\xf1\x16\x95\xe2\x9b\xef\xb5\xe8\xec\x9bm5-\x9d\x0f?\
\xbbs\xd78\x1c\x1a\xebm\xe3\x1a.\x94\x9f\xd9p\xcf\
\xa8\xdb<\x80\xa2,\xc1\x8a!\xf4,yQ\xf5\xe9\x5c\
\xb2\xc1\xa6\xe9>\x1d\xb6\xf0\x8f\x8a\x19\xee\xad\x9d]R\
\xf6Q\x84*\x5c\xec\xf9\x89\xe1\x80\x22\xa8[\xeaZ\x8f\
\xc3]f\xdfL\xbfF\x9f\xc2\xae\xa28.\x92/\x9a\
'=\x03s\xcfO\xd6\x80=L\x1c\x8a*\x08\xd8\x01\
\x1bB\xa0\xc3'\xcd\x95\x1d\xcf9\xfaT\xf4\x00QE\
\x14\x00Uk\xa8\xbe\xd6\xado\xbeh\x87\x04\xc9\x1b\x14\
?@\x7f\x0a\xb3\x5c\xf7\x895\x09\xa5\xb6\x9fE\xd2.\
PkSDLcv<\xb0s\xf3\xb7\xa0\xe3\x14\x01\
\xcf\x15\x1f\x115k\xebk\x89\x82\xe8\x1al\xed\x0bB\
\x9c<\xf2\xaf\xf1\x13\xd9G<\x0a\xb1o\xa8?\x89.\
'\x93\xcd6^\x17\xd3IB\xf9\xdanY:\x82O\
D\x1f\xa9\xac\x8f\x17\xddjbm'\xc0\xde\x1f0\xad\
\xed\xccb[\xc9P\x84\xd8\x8aAb@\xe9\x9ej\xe5\
\xee\xa0\xda\xc7\x8bl\xbc)\xa7>\xdd;MO;U\
uL+\x11\x82\xa9\x9f\xaf&\x80\x1dq\xe4x\xcad\
[e\x8d<+l\xa66\x056\x8b\xa7<b<\xe0\
\x0cvoS\xedU#\xbe\x1a\xee\x95\x1e\xa1\xaa\xa7\xf6\
\x1f\x87,\xa4\xcd\xb24\xa0\x1b\x90\xa3\x0a\x08<\x15<\
\xfdx\xacK\x8f\x11Zx\xfbS\xbf\xb6\xd4\xac\xe4\xb6\
\xf0\xde\x8eL\xb2J\xb2|\xad\xb0\xf4\xe3\xa9o\xe9\xef\
[:V\xb5k\xe2\x0d6O\x10j\xebk\x07\x86,\
\x86--g\xb7\xe7p\x1drO>\x9c\x0eh\x02\xf6\
\x9c\xfa\xb7\x89D\x13\xbd\xbc\xde\x1d\xd1\xa1\x90I\x10G\
\x0b5\xd8\xe3h#\xf8G\xb7z\xd6\x83Z\x92\xea\xc4\
\xdeZ\xec\xd2\xf4\xa5lKw|\x0a\xc8\xdc\xe3 7\
\xafbs\xf45\x8b\x14\xcd\xab\xc4\xda\xa7\x89\x04\x03G\
IQ\xb4\xcbD#\x12\x92\xbcg\x9c7'\x03\xf1\xa8\
c\xd4\xe4\xd6\xf4\xa6\xbf\xf13Bt\xdb\xc3\x9b}\x1f\
\xc9\xfd\xe9e`P\x868\xcfL\x93\xd3\xdf\x14\x01\xb1\
w<\x90j3Z\xe8\x1a+]^<{\x9e\xfa\xf8\
\xb9\x87i\xe7\x1b\xces\xdb\x81\xc5>\xc9\xf5\x0b\x8b\x00\
\x97z\xf2\x19L\xa2\x16\x1a5\xba\x95\x89\x89\xe8\xc4\x86\
\xc0\x1e\xbcT:\x8e\xa7%\xbe\x8d\xfd\xab\xac\xb8\xd3\xec\
 ` \xb4\x8a\x5c<\xa4\x02\x00\xdf\x900\xde\x9e\xdd\
i\xb6w\x92D\x8f2\xde\xdb\xc3e\x0b\xa06:L\
>d\x88\xe4\x02C\xb0\xcf\xbfn\x9d\xe8\x02\xd3h\x86\
\xdeD\x91\xa6\xf1\x0c\xc2\x00\xdb\xb1u\xfe\xbc\x93\xdc\x06\
\x1d=\xb1Y\xf7\xa9m\xa0j6\xf7\x97:\xee\xbbm\
\x05\xc2\x1d\xb1O\x99a\x89\x8f\x03q9\xc6\x09\xe8M\
Z\x92\xeemV\x1b\xeb\xc9<?\xaeD\xa2\x10\x126\
\xb9\x11\x99\xb2G\xca\xaa\x1b\x83\xdf<T\x07V\x97\xec\
Kj\x8d\xa8\xe8\x92\xf9\x80\x86\xd5c\xf3Q\xc0\xea\xa1\
\xc1!A\xf54\x01<q\xbd\xe4w\xa9:\xe9z\xac\
q\xc6\xc2_\xb0\x10\xb3K\xdc/\x07\xe5=;\xf3\x9e\
\xd5Z\xdfZav\xd6\x1aE\xf2X\xdd$b5\xd2\
\xb5e<\x91\xdd\x1b99\x07\x07\x928\xacy5K\
=/S\xbb\x97]\xd3W\xc3sK\x22\xac:\x95\x91\
\xde\xb3\xa6\xed\xd8,\x061\xf2\x8c\xf4<\xd5\xadBH\
5}L\xe9^%\x8a-N\xc6\xf1\xb7is\xda\xc2\
\xdb\x87\x199q\xc2\xe3\x18\xeb@\x11\xe9-8\xd7\xee\
-\xe0\xb3:5\xe4N\xad}c'\xcfgt\xacy\
h\xc9\xe0\x13\xdb\x18\xe7\xa8\xaa\x09\xae\xdbZ\xea\xb3\xea\
z\x18\xb9k{50\xea:,\xe4\x86\x897\x0f\xde\
*\xb1\xe0\x0fjv\xa1\xb7U\xb3\xfe\xcf\x9eIg\xb0\
\xb6B\xb3\xe9\xf3 \x17\xb6[\x01\x02D#\xef\xfd\xd1\
\xf5\xcfZ\xc6\xd6d\xbe\x10\xd9k\xba|cUH[\
\xcc\xfbe\xabm\xfd\xc8P\x1d'\x8c\xff\x00\x16\x07^\
\xf8\xa0\x0dSz\xf6\x1a\x85\xab]\x5c\xc7\xaex7W\
\x94bI\xf1!\xb2\x91\x88\xc0'\x9c\x0c\x91\xd6\xba+\
\xadA\xa0\xd6\xe4\xf0\xaf\x8aUn\xf4\xfdL\x1f\xb0\xdc\
\x88\xc2\x8cc\x94lt#\xa85\xc4\x9b\x8d?\xc3~\
$\xfb-\xcc0\x1f\x06\xf8\x8d\x12H]9H\x9f\x03\
\x9fc\xbb\xadt\x9aU\xe6\xab?\x8b\xe6\xf0\x86\xaeb\
h-lL\xb6\x17\x91.\x09\x03\x0099\xc88$\
\x1cz\x9fZ\x00\xdb\xd2\xe4\x83\xc0\xf7q\xe9\x17\xda\xad\
\xc3X\xcc\xe1-Z\xf8\x8f\x94\xe38W\xee;`\xf3\
\x9f\xadv\xc0\xe4dt\xaf7\xd0\xf5+\xbb\xf95\x0f\
\x09x\xb2X\xe5\x9c\xb7\xfa\x1d\xea(\x0b:\x91\x91\xb7\
\xfd\xa1\x8c\xd7Y\xe1{[\x8d+H\x87H\xb9Y\x9a\
[D\xdb\xe7\xb9\xca\xca2pT\xff\x00C\x8cP\x06\
\xe5\x14Q@\x0d\x91\xd6(\xdaG`\xaa\xa3$\x93\x80\
\x05q\xfa>\xb3\x14\xd3j\xfa\xb5\xc6\xaf\x05\xdc\x16\x8c\
I\x8e\xd2,\x88\x97\x1ft\xb62\xc7\x8a\xb5\xf1\x06\xfd\
\xac|!t!}\xb7W\x0c\x90[\x8d\x9b\x839a\
\x80s\xc6\x0e\x0f^+\x84\xf8\x8bt\xfe\x1a\xf0m\x87\
\x87\xe2\x8d\x19\xef\xa2+;A\xe5\xa4\xaf/\x1bN\xc1\
\xd4\x13\x9c\x90;\x01@\x1b\xbav\xb7aq\xa4j>\
;\x93L\xb4\xb0\xb9ux\xac\xee.$!\xa5\x8c}\
\xdd\xde\x99\xc0\xe0zV]\xf5\xee\xb3g\xf0\xda\xdb\xfb\
=\x16o\x10k#\xce\x9c\xc5\x18.#?x\x81\xdf\
\x00\xaa\xfe5\x7fU\xd1\xfc?\x16\x9d\xe1\xdf\x05\xde\x89\
\xee\xa4\xd8\x0cP+\x90\xf9\xfe\xf3c\x8c\x0f\x9b\xe9\x8a\
\xd9\x9bJ\xd3\xaf|Y\x0d\xc1\x84\xc9\x1e\x8f\x06\x16X\
\xa6#\xc9 }\xc6^\xf9\x1c\xff\x00>\xd4\x01\xe7>\
\x22\xd1%\xd0\xb4\xad\x0b\xe1\xee\x9fu$\xf2\xeas\xf9\
\xb7rp\x18)=1\xd8u<\xfa\x1a\xe9u;=\
7\x5c\xd4-\xfc\x09\xa7A\x11\xb0\xd2\x8cf\xf7\xcdP\
J.3\x94=\x9b\x8c\x13\xe8\xfcU\xcf\x0e\xde\xad\xe4\
:\xc7\x8an\xa2\x92f7\x8e\xbavc\xe4\xe5U\x14\
/\x1e\xb8_\xcf\xde\xaaEu,\x9f\x0fu\x1dW]\
\xbd\x1aM\xfd\xf8[Y.\x96\xdd\xb7(S\xb7<r\
s\xf3\x1c\xf6\xcd\x00YI\xe1\xd7>\xd3sz\xb3X\
i6\x0c#\x82\x07\x89|\xbb\x88F0U\x8fFf\
\x04}1\xd39\xa8m\xaf\xdfQ\xf3\xb5\xcb\xed3\xcc\
\xbbk\x83iei%\xae\xe1l\xcb\x91\x9d\xe3$\x8f\
\x5cqT5\x1d'Mk+=\x1bR\x9d\xa1\xf0\xc6\
\x8fm\x1bKt\xe5\x94K+\xe0\x82=x\xcf\xd3&\
\xbaK=gP\x9b\xc2\xf7\xd7\xda\x0d\x8cF\xce\x08\x9a\
\x1d2\x18F|\xdc6\xd0\xe0`\x1cw\xa0\x0c\x15\x98\
Z_F|W/\xf6\xd6\xb9p\x80C\xa3[&\xe4\
\x88\x8ew`\x9c\x03\xdb'\x02\xb5Yu[mK\xed\
\x17\xba\xde\x9d\xe1\xeb\x17c)\xb5\x824\xf3\x9f?\xdf\
,H'\xf0\xac;I\xed\xbc#\xa9K\xa5\xd9\xef\xbc\
\xf1U\xec\x22k\x9b\xb9ArX\xf4\x8c\x10\x0e\x0f\xe8\
?\x0ae\x86\x9b\xa3\x035\xb4\x90\xc9\xe2\x8dy\xae@\
\xbf\x89\xae\x7fv\xaf\xd7$\x12\x01U\xe9\x9e\x94\x00\xba\
\x8f\x8c\xbc\x18\xb1\xcce\xd7\xf5mB\xe18f\x89\x86\
d\x0c{\x0cm\xe3\xdb\x91Z\xda~\xaf\xa4\xeb\xbaP\
\x92\xd7\xc4\x1a\xb5\xa9\xb7\xdd\x08\xb4\xb9Dwo\x94\x1e\
P\xaeX`\x8esJ\xb6\x9a\xf6\x89\xaf\xce\xb6)\xe1\
\xc8\xad.ULvJU\x188\x078\x1cd\xf4\x1f\
\xe1U\xb5\x1dGH\xd7\x9eXu\xfb;\x8d\x1fqh\
 \xd4^uI\x18\x96\xdaS\x0awc#\xa1\xe3\x18\
=(\x02\xc3\xff\x00d\xe9\xde\x1e\x8fN\xd4Qo<\
:Y`w\xba|\xcb\x04\x87\x03\x90G\x5c\x9c\xf1\xd0\
r+\x1a\xd2\xd6\xf3\xc0\xbe*\x92\xc6\xe2\xf9\xee\xf4\x0d\
a[\xec\xccd\xdd,d\x01\x96P\x07`{T\xd6\
\x12\xea\xf0\xdf\xea?\x0fn\xe4imM\xb1\x86\xce\xe5\
`.\xe1\x0a\x92\xae\xed\x82\xa4\x7f\x0fj\xa9\xa6\xc9q\
q\xe0\xdb9\xff\x00\xb3$\x9fU\xf0\xb4\xe6 \x92d\
4\xd1\xfd\xd6)\xdc\xf4\xc0\xfaP\x04W\x96\xf7\xcf5\
\xae\x9fq\xa8\xc05\xf8d'F\xd4\x83\x10nc\xea\
\x11\xcfC\x91\xc7\xd4Q`\xb1ZD\xba\xe4\xac\xb6z\
u\xc4\x8dk\xe2\x0b\x17\x1b|\xb7|.\xf0\x078'\
\x18\xfa\xe7\xbdZ\xb1\xb1\xb6\xb6\xc5\x8e\x9f\x19\x96\xfe\xf8\
=\xfe\x92\xf7\xf1o\x8a\xd6Ns\x1f\xfb.\x08#\xea\
)DP\xea\x86\xc7P\xbc\xb1\xbb\x9a\xfbUV\xd2\xb5\
;h\xb1\xb5\x1c\x0c\xefq\xd9\x862=\xb3@\x19\xd3\
hv\xb3\x5c]\xf8\x02\xeet\x8a\xc6|]\xe87.\
w\x11\xbb\x9d\xa0\xf7\xefY\xd1K\xab\x5c\xe9(\xd6h\
\xff\x00\xf0\x95xZC\x04\xb1\x86'\xcf\xb7\x1dI\x19\
\xf9\x86@\xab?\xf0\x85k\xf7z\x0d\xe6\x8c\xf1\xce5\
-\x12\xe4\xcd\xa5\x5cJv\xef\x87\x8c\xaa\xb1\xed\x9c\x1f\
\xadO{<:G\x89\xfc7\xe3\xb2\xf3\x15\xd4\x0f\x91\
\xa8\xa2p\xa1\xf6l \xfe<\xe0\xfaP\x05\xed\x16\xe6\
i~\x1d\xddk6\xba\x9d\x9d\xc5\xc6\x99/\xda\xad\x8a\
@K[\x93\xcb\xc4A9\xc7$\x0fj\xf4\xbf\x0d\xf8\
\x8e\x1f\x13\xf8j\xdbW\xb4\x07\xf7\x8b\x97\x88`\x90\xc3\
\xaa\xd7\x9d\xd9Kk\xe1\xcf\x8a\xda\x97\x87\xad\xed\xa3[\
\x1dz\xddd@:+\x15c\xd3\xd0\xf3W|\x1d9\
\xf0\x87\x84uxm\xac'k\xad2\xec\x0b\xd8\xa4\x93\
\xe5 \x90Y\x93\xb0\x1bN\xea\x00\xf5%%\x901\x05\
I\x19\xc1\xea)j8&K\x88\x12h\xd82:\x86\
\x05H#\xf3\x15%\x00s>(\xd2\xbf\xb6u=\x16\
\xd8\xc3o$q\x5c\xfd\xa2C$\x84:\x05\xc7*\x01\
\xe7=?\x1c\xd7\x15\xa8i\xb7^&\xf8\xd3eqq\
m\x9d.\xc1Y\x22\x91W\x86x\xf0NO\xb1q\xf9\
Wi5\x99_\x1b\xc9\xaa\xca\xf2\x88m\xec\x1d73\
\xaf\x96\x99 \xe7\x19\xcex<\xfaW=\xf0\xee\xfe\xd2\
\xfeMN\xee\xc2\xe5\xe4\x8e\x00\xc2\xe2i\x14\xaa\xcb+\
\x12s\xc9\xec\x07^:\xd0\x04\xfa&\xa3eq\xac\xf8\
\xa3\xc4n\xbfi[i\xd6\xda\xdaQ\x17\xcc\x15T\x0d\
\x8b\xff\x00\x03$g\xbei\xbav\xad\xad\xdb\xf8\x11\xef\
[O\xb1\x8a\xf2{\x97V\x0f!\x11\xed\xe7.\xe7\xb9\
8\xc7\x1e\xa2\xaaj0\xd9i\x7f\x0b\x9a(\xe56\xd1\
_]!Y\xa3bv3\xb8%\xf2\x0eH\xc88\xef\
\x8cf\xa7\xf1\x15\xb0\xb8\xd64\x0d\x06\xd3QH\xa0\xb4\
\x08\xd2[H\x81\xfe\xd4\x1b\x81\x8c\xfa*\xb1?\xef}\
(\x02mZ\xe6\xd3L\xf0~\x97eh\x89\x14\x92*\
N\x96\xe4\x16#w<v\x1f3w\xe2\xaa\xf8\xb1\xaf\
Xh~\x0b\x83Ly\xed\xef-\xf6O\x22\xcaW\xcb\
\xda\x00$\x909\x03?\x8f\x15\x91\xaf_[\xf8\x87\xe2\
\xc6\x93\xa4\xdbB\x0cv\xd3\xaa\xc8\xe9 9X\xbef\
V@~U\xcf\x1c\x8eO5\x1e\x83v5\xaf\x8e\xda\
\x9c\xb6\xf7\xb7\xadoom*e\xb3\xb5\x1b\x85 v\
\x03\xb8\xf5\x22\x8075\xbb\x9d;\xc4\xbe \xb0\xf0\x94\
w\xcb$\x10H\x05\xe5\x89\xb7\xf9\x80\x8f\x90w\x1e6\
\x93\x81\x8fz\xd1\x93V\xd1b\xd4\xae\xce\x9e\xe6$\xd1\
mfI|\xb5q\x1c;W'\xd1N=:\xe7\xe9\
Px~\xda\xd6\xdbS\xd75\xbbv\x9e\xe2\xe6\x22#\
\x92K\xd6U\x1c\x0c\x97\x04\x0e\x85vv\xaeJ\xd6\xda\
\xed\xfe\x1ck\xb6\xb67\x96\x17:\x8e\xab\xa8\x18\xbe\xd3\
\x0d\xc7\xee\xe6\xdew0\x04\xf1\xc8\xca\xe0z\xd0\x04\x1e\
\x19\xb7\xb6\xb6\xf0\xd9\xd7m\xaeom\xf5\xedy\xd6\xce\
9\xae\xc0e2\x13\x96t\xc78\xc6z\xfaV\x9c\xba\
%\xd6\x8fi\xff\x00\x08\xb6\x9d{\x0c2\xc7\x09\x9fV\
\xd4\xc90\xc8C\x96;\x83`\xe4/\xa6y\xe3\xa5o\
X\xf8{KMO\xc3\xf6&\xfcy\xde\x1e\xb42I\
fN@,\x00\xdcOL\xf1X:\x96\xa9-\xc7\xc3\
\xbb\xcb\xfdB\xf4Lu\x0b\xb9\x97k\xb7\xde\x85\x1c\xe2\
(\xd8\x03\xd7\x18\x07\xde\x80\x19i\xe1\xfd/X\xd2\xef\
\xad4_\x0f]^\xbd\xb3\x7f\xa3\xea\xd7\x17!|\xd9\
\x87\x05\xb7g8\x18\x1d:\xd3\xf4\x99\x7f\xe1!\xd25\
\x1d\x03R\xfb%\xc7\x88\xec-7\x0b\x86\x83\xee\x82\x0e\
cby$c\x19\x1e\xa2\xa5k\x95\xd1\xf5\xff\x00\x0d\
\xf8CH\xb8\xb9\x86(aY\xa5Q\x93\x96fS\x86\
#\x1d\x83\xf5\xe3\xda\xbb\x0f\xb4\xd8[\xfcA\x85\x15\x7f\
y\x7fe\xbe7P\xbb\x1fk\x1d\xc4\x11\xc98+\x9f\
lP\x07%\xac\x0b\xdd?\xe1\xe6\x9b\xe2++\xd1=\
\xed\xb4QE#[e\xbc\xe8\x99\x97\xe5\xf5\xc8\xcf\x7f\
C[\x06\xefN\xff\x00\x84\x97I\x9b\xfd\x1a\x06\xd6\xad\
\x19]%\xdc$'\xb8\x00\x0c\x0c\x93\xdf\x9e+\x03K\
\xd4.\xed\xa2\xf1\xbe\x9d\xa8\xc5wm:\xc3ss\x1c\
x\x09\x12F2\x11\xa3\x03\xf9\xfbTw\x17\xc2\xcbN\
\xf0v\xadf\x90j3\xb5\xd3\xc5$\xd3H'h\xa3\
o\x9d\x86s\x8d\xc0s\x9e\xd4\x01T\xc5\x22\xf82\xf2\
;}L[O\xa3_\x9b\x837\xef\x02H\xbb\xcfr\
9$\x8c\xf1\xc7\xcdR\xeaZ=\xccm\xe2X,g\
\xbc/\xa8\xdb\xff\x00i[\xcd\x01\xda\xa1\xd0.\x020\
9$\x87`F:b\x9fob\xb1\xf8\xab\xc6\x1e\x19\
\xbc\xb8\x95,.-<\xd4\x91\xa4\xf3\x0cq\x8c>U\
z\xe0\x07\xc7\xfc\x06\x9bmw\x06\x91\xaa\xf85-\xa6\
\xdfmyf\xd1%\xd4\x80\xf9\x99\x01\x95O\xb0 \x82\
x\xec=(\x01\xcbs{\x7f\xe2m\x1ef\x9e3\x06\
\xaf\xa1\x98|\x8b\x89\x08q\x22\xa9\xc9\xda\x0fr\x07\xd7\
\x9a\x87G\x83L\xbb\xb7\xd1\xf4\xc94\xdd\xbaN\xbd\x03\
C,g\x81\x05\xdcj~u\x1d\x89\xc1\xfcqY\xba\
\x86\xaat\xc1\xe1\x0b\x885(\xf5K\xad?R\x92\xde\
k\x8d\x87#s\x0f\xdd\xf3\xfe\xc9\x22\xa5\xd4p\xfaN\
\xbe\x96\xd1\xcc&\xf0\xfe\xb9\xf6\xc5\x89\xe4\x1b\x92&c\
\x9c{\x13\x92(\x02\xfe\xa9u4\xde\x1d7\xb6\xado\
7\x88\xfc)p\x11\xe6V\x0ce\x84\x0c\x12}\x88<\
\x8e\xc4\x1a\xd0\xb0\xba\xf3|o\x1d\xc4\xf6\xf2\x9d'\xc5\
\xd6j6\xf9\x9f\x22\xbf\x93\xf3dz\xfc\xb8\xac\xe7\xb9\
\xd3\xbc9\xf12\xce\xf5-1\xa5x\x92\xc9C\xef9\
S+\x93\xd4v\xed\xf9\xd4\x8f\xa7\xdf?\x80.\x03\xdb\
\x08\xf5o\x0c_}\xa2\x18\xbc\xc2v a \x03\x07\
\x9f\x90\xf44\x01\xde\xf8.\xf2(!\xb8\xf0\xe7\x95$\
R\xe9$D\xa2S\xcc\x91s\xb5\xc7\x03\x83\x8c~\x15\
\xd5W=\xa4j6\x1a\x85\x8d\x97\x88\xe0\xb6g\x9a\xfe\
(\xe2w\x88\x16\xc0\xc9\xfb\xc3\xd0\x12y\xf7\xae\x86\x80\
9\x8d?F\x9e\xcb\x5c\xd7\xf5;\xa9\x12In\xd5D\
rm\x01R5\x07\x0b\xd4\xf4\xeax\xc75\xc0xN\
\xe6m7\xc0\xde/\xbdIR\xe9\x8d\xc1/:.\xd4\
,W\xe7\x03\x19\xc8\x19\xea?*\xe94Y\xefg\xd3\
\xbcU\xa9\xdb\x5c\xc2\x96\xace\x8e\xd9Y\xcc\xbb^=\
\xca\x5c\x93\xeb\x80q\x5c\x0e\x9d\x03\x1f\x82\x17\xd0\xccn\
m\x0d\xd5\xf2\xf93H\x04k(r\xa0\x13\x8f\xe1\xe0\
\xe4\xd0\x06\xec\xd3<\xff\x00\x09tg\xba\x821\xf6\xdb\
\xc8\xc8Ke\x0a\xbc\x92\x17\x8f\xa8\x04\xd6\xee\xb1}s\
k\xf1WH\x87\xfb@\xfd\x9c\xa0E\xb3\xfb9\xc9\xdc\
\x0e\xe6\x0d\x8c\x1cm\x19\xe7\x8c\x8a\xc4\xf1%\xa2i>\
\x03\xf0N\x9c\xb7\xaa\xd3%\xdd\xb2\xa1\x8c\x96I[ \
\xe7>\x99\xe4WA\xaaO!\xf8\xb7\xa4\xda\x9b\xe5\x9e\
\x13\x0b\xccm\x82\x8c\xdb\xb2\xae\x01\xcf\x5c6\xf3\xff\x00\
|\xd0\x071\xe0\xdd/g\xc5\x9dFb\xc8d\xb3\x8a\
W\xb8\x841f\xf3\x19\xbeV\xce1\xca\x9e\x80\x9c}\
j\xdf\xc3k\xadU5\xff\x00\x13\xdf\xdf$\x91[]\
G\xf6\xc8!\x99\x833\x02Xd\x11\xd4\x00\x00\xfc\xaa\
\x0f\x877\x1a|\xfe8\xd7\xda\xda\xe6\x11y4\xb3\x17\
\x8d\x83oa\xbb\x00\x0ev\xe0}3\xcdO\xe0\x05\xd4\
\xf4\xfb\xa6\xd0\xf5\xcb\xb8\xbe\xd6\x96\x12\xfd\x92\x08\xc2\xb3\
\xc6\x84\x8d\xc1\x98w\x18\x18\x1fZ\x00\xcf\xf0M\xec\x17\
\xde\x1d\xf1M\xdc\xe2\xd2\x18\xa7@\xd2Ii\x19v\x0a\
\xec\xe4\xeeQ\xce\xe08\xc6=+\xa2\xb1\xd3,\xf5\x0b\
\x0f\x05\xe9\xf0\x19V\xcf\xfe?\xc3\xb4J\xa6P\x80\x14\
\xdd\x8e\x84\xf0k\x1fH\xd5m_\xe1\xb7\x88%\x82\xdd\
\xb4\xe8\xede\x16!\xa1\x0b\xe7\xcb\xb4\x0c\xe4\xe3\x0c\xc4\
\xb3~u\xda6\x8f.\x97\xa0=\x9d\xbd\xfa\xc0\x96\xfa\
rY\xda\xddM\x83$nx\xe7\x1c\x7ftP\x06<\
\xd2A\xb3\xc5\xfa\xd5\xac\x9a\x86\xf5\x06\xd5~@\xca\xbc\
\x02Z 9<\x91\xf8\x8a\xaa\x9a\x05\xd4\x17~\x0a\xb1\
\x10\xb3\xd8\xd9[\xb4\xf7\x8e\xfcm\xc6\x18n\x5c\xf5-\
\xf5\xa7\xd9^\xb7\x87~\x1ah\x96\xfa\x9b\x13%\xe4\xe9\
\x17\x99\x92z\xb1`I\x03\xd0w\xab\xda\xcf\x89\xe4\xba\
\xf0\xfe\xads`\x8c\x1e\xe0\x9b\x0d=\x1e?\xf8\xf9r\
1\xb9{\x9c\xe4\x81\xdb\x8a\x00\xe3\xf4MSP\x90\xf8\
\xdf\xc6\x0f\x14\xd0\xdb\xc9lR\x00\xed\xc3\x9ev\x10;\
`c\xfe\xfa5\xd1Z\xea\x91iz\x0f\x83\xa6\xd5\xa3\
D\xbc{\x91j\xa2S\xe6HT\x92\x01V\x1f\xf0\x13\
\x9fJ\xe7W\xc3\xda\x96\x9b\xf0\x90\xe8\xf7Kr.\xaf\
d7Wa\xc1o\xb3\xc4\x98lq\xd3%T~'\
\xd2\xb5e\xf0\xdd\xc8\x93\xc0\xbaX\xb8\xb7\xb4[P\xd3\
\xc9\x1b\xc8K7\xcc\xacc\x5c\xf2x\xc8\xfc(\x02\xdd\
\x94\xb0\xcf\xf1\x07\xc6\x0d{,\xf2Gofc\x11\xdc\
\x0f\xdd\x18\xca\x82\xc0\x1fA\xdf\xeb\x5c\xc5\xcc\xbaT\xff\
\x00\x0d<9>\xb5d\xd6\xd6\x12\xea\xce\xe14\xf1\x92\
\x80\xab\x91\x8f\xc7\xb7Z\xea\xac\xa6{\xcf\x17x\xe2I\
$\x89a\xb5\x80\xc3\xf6i[*I@K\x9f@@\
\x1f\xadqZ\x8e\xe5\xf8M\xe1P\xabmi\x1c\xda\x90\
\x99\x967#\x81\x91\x90X\x9c\x1erh\x03v\x1dB\
9~(\xf8\xb2\xd8y\xcbp\xfak\xf9\x05\xf1\xb4\xe2\
%\x19\x1cg\xa0\x1f\x91\xaco-\xb4\xcd3\xc0z\xcc\
\xf0Gsok#C4\xd0\x9f1B\x96\x01F=\
y5\xd5\xbd\x9b\x5c|vi2\x1a8t\x8d\xc4\x1e\
\xf9\x1bq\xfa\xe6\xb9\x1f\x11\x09\xc7\xc2M#R\xd1\x96\
H-\xb4\xfb\xf62\xc4\xc40\x07~\x01>\xa00\xfd\
h\x03\xa5\x82\xcbN\xb8\xd2\xfcKiy\xa3&\x9de\
i(\xbd\x86Wf.\x5c\xf2\x1d\xb1\xf3\x0f\xa0\xedU\
\xef&\x92\xd3\xe2(]:\x1bw\x1e#\xd3ZGr\
\xa5\x900\x8bp8=FTu\xc7\xde5\x1c\x93\x8f\
\xf8M|M\x18\x92\xea\x1b\x9b\xbd'\xed/\x1b\x15\xd9\
\xb9aM\xa5@\xef\xc79\xa94\xab\x19\xf5\x14\xf0&\
\xa8\xf3\xac\x1a\x85\xab\xb5\xbc\xcb$\x81Y\xd7\xf8\x94\x0e\
\xe7\x07\xf2\xa0\x0a:f\xa5qs\xf0\xdbM\xd6\xa6\xbb\
\x83\xedzU\xebG?\x9d\x07\x98!\x8c\xb88\xc0\x04\
\x8c\x00\xb8\xc7\xd2\xbd\x1cGn<\x5c\xa62\xc2\x0d^\
\xc8\x99T\x90\x12R\x07\x04\x0e\xbb\xb6\x9e}\x80\xaf8\
\xd6#\x8fJ\xd2> iV\x10J\x97\x8f2\xce\xd1\
\x84\xdc\xbeI\xeaG\xe6\xdf\xa6+z\xc6\xe9/|3\
\xe0-vy\x9b6\xb2\xacR8\xe5\x9b\xe4d\xc7\xe2\
q@\x1b\x9e\x08\x16\xb0i\x9a\xae\x8b\xa2\x99\xa2m>\
\xf9\x93e\xc08@Np\x0fpFk\xb7\x07 \x1c\
\x1a\xe2!k\x8d\x0f\xe2\x83\xd8\xdb\xa25\x9e\xb3\x09\xba\
\x94mbct\x01I\xcfNr\x07\xe0+\xb8\xa0\x0f\
>\xf0\xfaA&\x8b\xe3\x08\xe7\xb1k{\x03u0\x16\
\xd2&\x00]\x83<{\x9c\x9c{\xd79\xa1]#\xfc\
\x08\x0d}a\xf6\xc8\xac\xe6e\x9a\xdaE\xc7\xc8\xb2g\
\xbf\xa2\x91]\xed\xd6\x9f\x03Z\xeb\xfa=\xa5\xb8Ss\
\x03L\xf2I&\xf5g\x900\xe4u\x03\x8e\x95\xc4i\
\xbe\x1d\xbf\xbd\xf8\x1bqjgf\xbd\x9d\x9e\xe1\xcb\x12\
z?\xdd\xfc\x97\x14\x01w\xc6\x12\xe9\xdaF\x8f\xe1&\
\xb4\x8a\xde\x1d<\x5cG\xe5G,FEU|r\x08\
\xe8@$\x83\xedW5\x9b8\xff\x00\xe1n\xe8WI\
,\x0c~\xce\xecb*\xaa\xe78\x01\x81\xc6[\xa7>\
\x95\xa5}*Y\xe9\xde\x1c\xd3Z\xd2\xca{Y\xe3H\
\xbc\x9b\x99\x02\x10B\x8d\xa5O \x91\xe9\xde\xb0>%\
j\x93X\xdfZ\xea\x9aM\x97\xdao\xacCZ\x97\x0e\
\xc8ay0\xcaq\xd1\xc7\xca\xc2\x80+\xf8w\xc2\xc2\
\xcf\xe2\xad\xf6\xb2Z\xec@&x\xad\xd7\xcb\x0c\x06G\
!\xb1\x92\xa39\xc1 \x0e=\xea\xaf\x85,5\x0d'\
\xe3\x1e\xae\x97\xd6W\x0f\x15\xd0\x9b\xc8\xb9\x11\x85B\x1b\
\x0d\xf3\x109\xe9\x8f\xadt\xb7\xc7P\xbc\xf1V\x89\xa8\
iw\xabo\xe6\xday\xd7+\x22\x86\x8aU\x18\xc8\x18\
#\xe6\xc1?\xa5c\xf8\x9f[\xbd\xd3|c\xa4x\x8e\
\xd7XQ\xe1\xb9\x9b\xc8\x9c\x83\xbd7s\x91\x81\xeb\xb7\
\xad\x00Eq\xa5\xdfi\x9e\x14\xd4\xac\xe0\x8ekK\xa9\
5\x7f2\xc2\x19\x17w\x9ap\xa5\xb0\x14\x12P\x9d\xdf\
\x87qO\xd5\xef\xb5\x0dN[\x0f\x09M-\xbc\x9a\xbd\
\xf4\xb1\xc9\xab\xc7k\x0eQb\xfe,\xb1<\x10\x17\xeb\
\xd3\x15\xbb\x7f\xabIi\xe2\x9b\xdd_P`l4\xcb\
\x13%\xa2\xaam\xf3C\x85'\x0cO\xccr\xbd\x87\x1c\
z\xd6<\xda\x96\xa9\xa2\xf8R}q\xb4\xe8\x86\xbb\xaf\
N\xbe\x5c;paG\xc2\xa8=\x09 \x11\x91\xeb@\
\x18\xd7\xf7\xb7~%\xf8\x8e\xda$a\xedt\xcd\x1c\xa3\
F\xc5\xd9|\xbd\x98,\xcb\x81\x82H\xe3\x9e\xd9\xa7\x1f\
\x16\xdb\xfcG\xf8\x83\xa7\xe9\x16v\x92%\xa5\x84\xbez\
\x5c\xef*\xe3a\x05\x98\x01\xeb\xd0}kn\xc3H\x9b\
L\xd0-\xfc\x1fes\x14\x9a\xd5\xc1\x13j\x13\xb6K\
$Lr\xc7=\xce\x06\xd0\x09\xa7_\xdeiZ\x16\x81\
\xae\xf8\x8bM\xd3\xa0\xb4\x9a\xd66\xd3\xac\xe6\x8ccy\
\x03\x00\x91\x81\x8c9?\x95\x00Q\xfbd>3\xf8\x9f\
p\xab\xa8]\xc3e\xa4\x86\x8e\xe2\x15%b\x91\x13\xbb\
08??\xf0\x9e\xc0\xd7\x19}w.\xbf\xe2\x0dO\
\xc46\x93\xa3\xb7\xf6\xa5\xbd\xad\xa0x\xc9l\x06\x18\xf2\
\xdf<t\xe7\x8e\x95\xd1\xc4'\xf0\xd7\x83\xec\xf4\x7f\xb3\
\xb5\xde\xb5\xe2\x19\x7f\xd2|\xa7\x1b\xfc\x9c`\xb2\x9e?\
\x87\x18\xfck\xa0\xb1\x86\xcfC\xf1m\x87\x86\xf4\x95X\
\xf4\xfd6\xd2K\xcb\x98\xe5M\xcd\xe67+\x96\xf5\xc5\
\x00SD\xb9\x94|A\xb8(\xf0E26\xc9fT\
\x0a\xce\x85\xd3\x86<\x15\xc2\xa0\xe4\xfa\xd6U\xfe\x90u\
]\x07\xc0Z[\xbd\xa4R\xdc,\x93H\x97\x1f($\
\xecf(\x07\x1b\xb98\x1d*-;R3\xfc$\xd7\
nu\x88\xae\xd9\xae\xb5\x12\x868\xa49,\xd2\x83\xb4\
\x03\xf7W9\x04}k\xac\xbb\xb1F\xf1o\x85\xac\xe3\
\xb0\x96X\xec\xadRApX\x8f\xb3\xe7 {\x12\xdb\
H\xfc(\x03\x13\xfbJ?\xf8Y^.\x94\xea7)\
\x05\xa6\x9e\xe2\xe2$\x8dH*\x91\x006\xb7PA'\
\x8e\xe6\xb3\xec\x22a\xf0V\xce\xce\xf2\xde\xf8$\xb7\xac\
\xa2\x18\x90nq\xb8\x95\x0e\x0f\xf0\xe7nqR\xe8\xa6\
Yo\xbcmp\x970<i-\xc5\xa4/\x22m\x0a\
\xf2\xca~\xf3\x7f\x16\x09\x1f\x95o\xebP\xcb\xa7\xe9~\
\x0d\xb0\x93Uy5\x1f\xb7\x83\x1c\xc1w\x07\xda\x8c\x08\
\xec\x00\xe4\x0f_\xad\x00G\x1e\x93l\xdf\x18\xce\xdb\x19\
\x16G\xb0W\x96l\xfc\x9eY\x8c&\xdcz\xe4~\x95\
\xc8\xeb\x16GE\xf0\x87\x86|\xaf\xb4F\xd6\x9a\xd3\xa0\
\x12\x8d\xa4\xfc\xfdG\xb7\x15\xe8p^G7\x8f|I\
q\x0d\xdc\xd2Kaf\xb1Kl\xc3\x0b\xf7\x03\x0d\xa4\
{\x93\xef\x92k\x8a\x99g\xb8\xf8I\xa0Mq$o\
\x8dELi#n-\x96;@=r\x06x\xa0\x0b\
\xd0\xb5\xa4\x9f\x12\xbc]gqnn \xb8\xd3\xd6W\
\x881\xda\xc4\x0c\xe0\xf4\xa7\xd8\xf8\xae\x1b_\x86P\xcf\
\xa2\xd9\xbe\x9d4\xb7\xe9\x15\xaa\x10\x18\x17i\x06\xe0\xb9\
\xe0\x0cdsW\xa3E\xff\x00\x85\xd7sn-J\x9b\
\xad$\x07m\xe0\x0e\x84g\x1e\x9d\xab\x93\xd14\xf8c\
\xf8\x7f\xe3\x8d/P\x92)SO\x99\xde\x16W\xdc\xaa\
\xe3\x91\xb4\xfb\xb7\xf3\xa0\x0fB\xf1D7\xd2\xf8\xcb\xc2\
\xd7\x96\x96\xc1\xfc\xb5\x95\xee\x1d\xae6*\xa7\xc8\x08\xf4\
'-\x9f|Wy^e\xa7^\x5c\xdd|/\xd0\xf5\
\x0bs\x0d\xcd\xdd\xb4\xf0\x90!`\xa3\x1b\xb6\x959\xe9\
\xf2\x9a\xf4\x95\x97r\x82Q\xc6Fq\x8a\x00\xc8\x86\xc9\
\xac\xaf5\x89\x17\xcby.\xff\x00|\x8a\xa7\x0d\xc2\x05\
\xc1?_\xe7X\xfe\x1a\x8d\x87\x87\xfc:.<\xc1;\
H\xec\xea\xb3\x06\x1b\xc8b\xc1\xc9<\xf7\xe3\xd7\xe9[\
s\xdc]G\xe2T\xb7\xd8\xc6\xda{G*\xe0d#\
\xa9\x1d~\xa0\xfe\x95\xca\xf8c[\xb4>\x11\xba\x00\xc2\
\x93\xe97o\xf6\x82\x11\x94}\xf2Y\xf6\xe3<\xe5\xbf\
\x1c\xd0\x03<A\xa3O\xaei\xff\x00h\xd4&\x8a\xc6\
]\x17T7\x10\xcb)\x1b\x04\x0a\xd9RT\x1e\x06\xdf\
Z\xab{mb<[\xab\xe8\x9a\xa5\xc0\x1ag\x88 \
\x8ekVg\xfb\xd3/\x07cv\xecz\xfaz\xd6\x9d\
\xd4\xd6\xd7\xba\xa5\xfd\x87\x90\xdfa\xd7\xed\x18\xf9\x92.\
\xcd\xb2\xaa\xec\xc1\xcfr6\xe0{W+y\xa5j\x9a\
\xaf\x82`y\xad\xde\x0f\x11\xf8zf\x02\x08I_6\
,\x82Tc\xa8+\x8e\x94\x01kJ\xbc\xb6\xb1\xf0\xbd\
\xad\xe5\xbe\x9fp\xf7>\x19\x9aX&\x82L\xe5\xd0\x9c\
;\x0e\xc4\xe0\x83\xfaqS\xdc\xdb\xdaZ\xc8\x96m\xa6\
K\xa9\xf8_V\x89\xaev\x98\xc7\xfa\x11Q\x9c\xa8\xea\
\x00\x07\xeb\xe9P\xcbq-\xd5\xa5\xa7\x8c|?\x14\xf1\
L\xf3\x08\xf5=6R|\xb5\x07\x02B\xc3\xb7\x00\x1c\
\xe3\xa6\x0d2\xe6\xdfR\xd2/\xa4\xd6\xbc4\xd2j\xda\
\x06\xa3\x13Iqe&\xe9\x15\x8e@*\x87\x922\x09\
<\xf1\xc7\xd2\x806b_\x10Z\x8d<Og\x0f\x88\
t\x80\x8cm\xfe\xcd\x1c`\x9e\x866`\xd8\x03\x03\x81\
\x83N\xbc\xbb\x9e\xd3P\xb4\xd7\xb5\xec\xa5\xfb\x13\x0e\x9f\
\xa3\x82\xaf\xe5\xb3\x107\x9d\xb9$\xe39#8\x15\x87\
8\xf0\xea-\xbcv^/\xb8\xd1P\x15am.\xec\
\xda\x9c\xee*\xb9\xc0\x5c\xf20\xc0\xf1\xd2\xb7\x7f\xb6t\
\xfd\x0db\xbc\xb4\xb3\xd5u\xeb\x89\xb0\x90\xde\x05R$\
f\x04\x8c\x12@\xe8;\x0a\x00\xce\xd4\xae\xaf\xfc?\xe1\
\xeb\xa8.\xaf\xed\xcf\x8bu\x89\xb0\x865\xc3*\x93\x85\
PTg\x00r3\xefZ^ \xd1\xa6\xd6\xae4\xbf\
\x0c\xcf*Ml\xa8\x977RJ~yJ\xb0,x\
\xc7^\x9f\xf0!\x8e\x95.\x93` \xb9\xba\xf1\x0e\xac\
\xae\xda\xa9\x8dX\xe9\xeb?\x9c\x22nB\xb0\x18\xe0\x9c\
\xe3\xda\xa8\xcfg\xacG\xa3\xdf\xbb\xc8\xa9\xe2\x1drU\
H\xd5\x88/m\x01!@$c\xee\x83\x93\x8a\x00\xc3\
\xb7\x9d|E\xe3\xfdW\xc41\xa3\xb5\x87\x86\xe2\xf2\xed\
\x12\x08\xb7\x09\x5c\x020\x08\xf4 qPh\xa3V\xd3\
\xfc!\xafx\x96\xfe+\xc3\xafj\xdb\x85\xb8\x0c7y\
`\x02\x19q\xd0\x0c\x9f\xca\xba\x09\xfc-=\xbe\x97c\
\xe1;;\x94\xb2\xfbP{\xcb\xaf!\x0a\x99~a\xba\
1\x83\xf2\xaf\xcd\xd7>\x98\xab\x0fok{\xad\x0b\xc9\
m\x5c\xe8\xfe\x1e\x8c\xc7l\x14\x8d\xa6T\xc7nI=\
\x07lc\xbeh\x03\x07A\x85\xe1\xf0\x16\x85*\xc9{\
w\xf6\xedZ;\x8b\xb4t9?6\xe7\xdd\xed\xbb\x9c\
\xd7a6\xa5mw\xe3{\xc9J\xcc\xa9\xa2\xda0\x91\
\xfaF\xcc\xdc\x8c\x9fP3\x8f\xa9\xaa\x06\xc7\x17\xfe\x11\
\xd3\xa5uID\xb3^4y8~\xad\x8epx\xce\
y\xf4\xaa\x97I\xa4\xe9\x9a?\x8b\xb5\x8b\xd9C\xbd\xfd\
\xd9\xb4\x91\xc1\xd9\xb4aUW'\xeb\x93\xc5\x00d\xde\
}\x9a\xdf\xc1z<\x16\x9au\x8a\xcb\xa9\xea\x89\xbe?\
0\xba]\x91&\xd0\xc0\xf7\xcf^\xd5\xd1_\xe90]\
\xf8\xba\xcaw\x9e\xd6\xda\x0d\x11\xa1H6\x7f\x1b\xbew\
!\xe7\x03\x80\x08\x18\xcf5Xh\xcf\x0f\x8a<%\xa3\
*E5\xbe\x91c\xe7\xbc\x85\xf9\x0c\xa3h {\x9c\
\x1e}\xeb29\xde?\xf8G\xecu\xb6\x9a\x1b\xadC\
U\x92\xff\x00b&\xe0N\xe3\xb1I\xcf\x03i'\xfe\
\x02(\x02W71k\x9e7\xbc\x9e\xc8\xc5h\x83\xf7\
\xbb\x0b$\xb7\x09\x85\x1c\x13\xc60\xa7\x04z\x9a\xe6\x9a\
\xf1\xc7\xc3\xff\x00\x0b\xcdej\x05\x9bj\xcd\xf2\xc8\x9b\
\xc4K\xbc\x15\xc9=\x0fl\xfd}k\xa5\xd6umZ\
\x1d3\xc7w\xb7\x006\xc6Kx!\x0a\x1dc\x01q\
\xcf\xfe\x85\xff\x00\x02\xac-F\xc2\xce_\x02\xf8kM\
\xba\xbd[\x05\xdf\xbe\xd6\xe2\xddL\xd1K6F\x03\x10\
\x01\xe4g\xb7_\xd4\x03_[\x01~;i\x171\xdc\
/\x9c\xd0\xacO\x02\x03\xbbf\xc6m\xc7\xb62q\x8f\
j\xa5\xa3x\x06\xd2\xf3\xc5\x1a\xd20\x9b\xfb\x0bSW\
\x8d\x10\xbb\xc6\xeb2\xb0fR\xbe\xa0\x83\xc9\xe2\xb7\xe7\
\xd6R\xdf\xe2\xbc6\x17v\xd6\xf2}\x93M3\xad\xc0\
\x1f8\x1bFG\xd7 \x9f\xca\xaci\xde>\x8e\x1f\x0d\
\xe9\xba\x9d\xc5\xba!\xbd\xd4L-\x1a'!]\xb2\x18\
c\xa9\xc1\x04\xfa\xd0\x06o\xc2k\xabd\xd2u\x8f\x0b\
\xcfl\xad&\x9ds!X\x9c|\xf3&\xe3\xf3\x15>\
\xe0\x0f\xca\xbd\x1e=MLj~\xc5z\xb9\x03\xe50\
\x1c\x8fj\xe6\xf4\x8dGLo\x89:\xd5\xa2\xa2\xc7\x7f\
\xe4D\x00\x0as\x22\x0c\x92I\xe80x\xfck\xb3\xa0\
\x06\xb2\x06t|\xb0+\x9e\x01\xe0\xfdk\x02\x1b=+\
G\xf15\xc0\x0c\x12\xe3YP\xc23\x8d\xa4\xc69\xc0\
\xc7\xfb@\x9a\xe8k\x82\xd6\xe5\xd3\xbcIu6\x88\xf7\
\x0dm\xe2k\x14w\xb5;J\xb7=\x19\x09\xe0\x83\x81\
\xef\xc5\x00U\x8a\xcc\xdf\xda_\xf8z\xe9f\xb8\xd4t\
\xc9\xda\xee\xd2\xe9\xa1!Y\xf7\x17P\x1b\xa1<\xae@\
\xf5\xc5\x0b\xab\xae\xb5\xa7\xcd\xe2\x0d\x1bJ\x83\xfe\x12\x0b\
\x0f\x96\xea\xde\xe5\x9a9\x00\xdb\xd0\xe0\xfbt<q\xed\
Z1\xcd>\xbf\xa5\xef\x83S\xb9\xb7\xd6t\xe0\x1ax\
\xe1V\x8deu\x07\xe5*\xc3\x95'\x8c\xf7\xa7Zj\
:f\xa8d\xd7\xb4\x19!k\x98#\x22\xf6\xd4E\xb6\
I8\xe5\x5c\x01\x9d\xdcq\xd6\x80*^\xf8\x99l\xa0\
\x83\xc4\xd0*\xddh\xd3\xc6 \xd4 \x81wyM\xfd\
\xfe:\xe38>\xd8\xaaM<\x1a5\xc3\xc1a\xa9_\
h\x96\xb3 \x9e\xd9Li%\xab)\x1c\xe3p\xca\xfd\
\xe1\x90\x08\xfab\xba\x1b}2o\xb4\x0b\xad\x17PD\
\xb3\x94)\xb8\xd3\xe5\x8cH\xa3=\x87 \xa7\x07\xa7O\
j\xe6n-R\xd2\xe6K=.\xfa\x1b\x0b\x85w\x03\
F\xd5]^\x09\x93<2\xf5\xdb\x9e\xa3\x1fO\xa0\x05\
\xb3k\xac\xdb\xb3Or\xfe\x1f\xd5c%Z\x0b\xdb\xdd\
\xa9 \x5c\x13\xb8\xed\x18ld\xe3\x18\xfa\xd5\xa6\xd7\xa1\
\xd1\xa3\xb37R\xa6\xa7\xab^F\xff\x00`\xb7\xb0\x87\
\xf7@\x00q\xb4s\x80{\xb1?\xa5hO\xa52\xda\
\xc44\xed\x0fL\x82\xea8\xb7\x0b\x96\xda#\x8d\x88\xe7\
\x1b~b=z~5F\xe67\xb573h\xb2X\
\xde\xf8\x9aKL\x89\x08;\x11T\x0c*\x01\x9d\xa0\xf3\
\x81\x9eh\x03\x1a\xc6(\xb4+\xa8\xae\xafd\xfbW\x8d\
\xf5\x15\x91|\xb4s\xb03r\xa1\x87@\x14\x00??\
Z4\xe1\xa5X\xea\xbfm\xd5\xefg\xd45\xad\x16)\
.u\x1b\xc5s\xb2\x11\xb4\xfe\xec/L`\xf6\xe7+\
Z\xe2;\xcd3N\xb8\xd4/\xa7\x86\xe3\xc43G\x1e\
-Q\x91\x16)\x08\xc0!I\xc6\xee\xa3wR\x06;\
VIG\xb1\xb4\xb1\xf0\xbf\xd8m\xee\xf5\x8dUCj\
\xc4\x90\x0ch\xd9\xcb1^\xa4s\xf5\xc5\x00C\xa7\xeb\
\xba\x96\xb3\xa2k\xde1\x86\x19c\xb8\x7f\xf4M.7\
\x1f\xea\xa3$\x02\xc0w\xc9\xe4\xff\x00\xbbS\x9b[8\
\xef,<\x16\xb7\x97ch7\xda\x8c\x90);\x9d\x8e\
\xec;\x1c\xed\x1cg\xd7\xa5O\x0ai\xda\xb5\xd3_]\
;\xc5a\xe1\x86\x22%\xf3T\xac\xaa\x13\x19`:r\
3\xcf\xb5fA<\xfa\x1e\x9d\xa9k\xd7\xd1\x98\xee|\
Ov\x96\xf6\xe2n\xb0\xc6\xcb\x80\xcd\x8c\xf4\xe4\xe3\xd0\
\x0e\x99\xc5\x00h\xc5\xa9G\xaa_j^&\xb3\xb9\x96\
W\xc3\xe9\xda4M\xf7\x1d\xca\x8c\xb0\x1fPr{\x00\
j\x0d?D\x9bS\xf0\x86\x89\xa5\x97\x05\xe7\xd4\x1e\xea\
\xe8\xdd822\xa3\x9d\xde\xccs\xb4{\x0a\xd7\x06-\
2i4\xe8R8\xe1\xd1t\xd3#\xcd\xe5\xec\x8d\xa6\
u\xdb\xbb\x8f`\xc4\xff\x00\xbdV-^;Mz\xd2\
\x09\xa3\xf3\x7f\xb1\xf4\xa2\xeft\xb8\x0aY\xf1\xd0{\x84\
?\x9d\x00c\x0f\x10ZZ\xeb\x1e1\xf1\x0d\xd2\x09\xad\
\xac\x82i\xd1\xc4\x9f\xf2\xd3h\xe4}K1\x1f\x85J\
\xd7\xcby\xf1+M\x8d\xd4\xa5\xbd\x9e\x92o\x0c\x07\x90\
\xad\x8c.O\xa8\xde\xd5\x8fm\xa6\xa6\xa9\xe1\xad;N\
\x02\x0b[\xadgV\x92\xeee\x98\x91\xb9RRH\x1d\
rp\x0d]\xbd\x96\x08\xa6\xf1\xb6\xbf\x95\x88\xda\xa1\xb0\
\x8eE\xce[\xe5BG\xe0p\x07\xd4\xd0\x05=s\xc5\
\xbfm\xf8G}\xa8L\xc8$\xd5.f\x8e\x05HA\
,\xa1\x88\xe7\x1e\xcaNi\xda\xee\x9f-\xe4~\x0a\xd1\
b\xd3\xe2\x90\xc7\x0aO\x87|0!FH\xc3\x0c\xe3\
;\xb1\x83\xd2\x9f\x0b\xd8X\xd8\xf83\xc3\xf6\xf1A$\
\xf7(d\xfb\x1c\x81\x9b\x11K\x92\xecXz\x02\xddz\
\xe2\xb6\x8aZ\xea\xda\xd4:\xccq\x86[MF;+\
2W\x18Q\xc3\x95\xf5\xe7#\xb8\xc0\xa0\x0c(\xc4\x07\
\xe2\xef\x88/\xef\xe3S\x1d\xad\x89\x8c C\x86\x8fh\
\xc9'\xa7\xb57J\xb3\x8e\xd3\xe1\xbe\x87{\x13\xcf\x1c\
\xcbz\xf2\xdb\xad\xb2\x07-\xb9\x88\x08x dq\xf8\
\xd5{h\xae\xa7\xf1\x97\x8fm>\xd5\x22\xc1\xf6S\x8f\
0\x96T'\x19\xc0\xed\xd3\xb5dj\x0d\xab\xda|\x0d\
\xb0\x1fd]\x89z0c\xe3\xe4\x0f\xf2\x9e\x0f94\
\x01\xe8w\xb6\xb3Z\xfc[\xd25\x08cS\x1d\xfd\x84\
\xb1I\x85\xe5vm9'\xf1\x15\xdd\xd7\x111\xd5'\
\xd5\xfc)y\x0d\xb3\x8bv\xb7d\x93\xb7\x94\xc7a;\
\x87\xa1U#\x1e\xb5\xdb\xd0\x01\x5c\xff\x00\x88\xbc2\x9a\
\xc5\xc5\x9d\xfd\xac\x91\xda\xeavr\x07\x86\xe8\xc7\xb8\x85\
\xfe%<\x8c\x82+\xa0\xa8\xe6\x829\xc2y\x8b\x9d\x8c\
\x1dy#\x04P\x07\x9ck\x07V\xd4\xb5\xc8\xf5\xbd\x02\
Ia\xd4\xf4\xf2 \xbe\xd3[i2\xc5\x9c\xe4s\x83\
\x91\xc8\xfa\xf6\xadi\xb4\xd9&h\xfcQ\xe1\xfb\x11\x0e\
\xb0\xea\xa9qm3\x18\xc3\xa7\xf1!\x18\xc6\xef\x7fj\
\xd7\x9bH\x92I\x8e\xa4\xed\x0d\x96\xa3\x1e@\xb8\x84\xfc\
\xb2'a =G\xf2\xecj\xa5\xcf\x88\xed\xb4\xddF\
\xd5\xb5\xbbV\xb6v\xdc\x90\xdeF\x19\xe1\xc1\x039l\
`g\xdf\xd2\x80+\xdd0\xb9`$\xbc\xfe\xc2\xd4\x97\
e\xcb\xaa\xba\xec\x99\xca\xe3\x0f\x91\xc8\x18\xc7\x07\xa5E\
\xaaEu\xa8\xdc5\x96\xbd\xe1\x88o-&V\x1e}\
\xa3\xeed\xfe\xe8\xe4\x03\xeb\xc8<qZs\x5cj\x93\
\xdb\x5c[\x98\x90:J\x9eM\xc7\x95\xe7G,G\xf8\
\x88\xe3\x91\xdf\xf3\xe9Um\xb4\xb85A\xbe\xe9w\xbc\
\x92y\xc9w\xa7\xde\xb0B\xc0c n\xf9x\xe3\x03\
\x22\x803b\xd2m\xfc?wkyc\xa5\xf8\x86\xeb\
\xce\x07t\x02\xe4\x14\x8b\x1ca\x95\x98u\xf6\xc8\xab\x92\
\xc5\xa9\xc3y\x0d\xd4\x93[\xe8\xfaT(\xbbm\x90\x83\
,\x8f\x91\x85'\xa6\x0fL{\xfeN\xdd\xa9\x5c-\xcd\
\xa4-\xaeFa\x901\xf3\x22\x8f\xe7O\xee\xab\x9e\xa3\
\xdc\x1c\xfb\x8a\xc6\xd2\xf4\xf84I\xe0\xba\xd3t\xcdb\
\xff\x00P\xbd\x91\x90I\xa8\x096[\xe0pX\x1c\xe0\
s\x80}\xfe\xb4\x01^\xf2\xc9\xbc/\xaa\xb7\x88/d\
mg\xc4w\xc8\xdfd\xb6|B\x91\xc6\xa3$c\x9e\
F@\xef\xd4V\xac3\xe9>\x1a\xd5\x99a[\xcb\xad\
{[\xfd\xeb\xc2\xec\x1eH\xfe\x5c\xe3\x81\x85Pp=\
*m\x9a\x8a\xcb\x7f\xf6\xe5\xb5\xbc\xd7\x8cf\xe2\xce\xde\
5\xde\xb6\x83\x1b\x01\x0c\xc3#q\xfat\xe9X\x1af\
\x89{\xe1\xeb\xc8\xb4\xa5\xb8\xfbo\x885gi.\xf5\
5\x8f&\xd6.\xac7\x1c\x91\x9e\x83=\xfe\x94\x01,\
z^\x9f\xa7X\xc1\xe1\x8d\x0c\xcd<\xb7\x17\xd1\xbd\xfd\
\xd1 \xaeA.\xca\xe7\xbf\x08x\x1f\x8d>\xfbW:\
\xc7\x89\xee\xf5\x1b}\xbf\xd8z\x1d\xa3nY#\x0c\x93\
\xca\x0b}\xdfL\x15\x03>\xc6\xb5,\xbe\xc5co-\
\xc5\x98\x96[\x1d<\x1b;H\x80%\xa6\x99\xc8\x0c\xc4\
\xf5<\x903\xf55\x896\x94\xf0\xcf\xa6\xf8;O\xb4\
{4\x90.\xa1\xab\xdc\xc4IQ\xc9\xf9Kw\xc9^\
\xfd\xbbP\x04\xdatK6\x8d\xa6\xa5\xdc\xcf4\xde#\
\xd4\x05\xcc\xa1\x8e\xd61\x00_\x04\x03\xc0\xc2\x8e\x9cb\
\xafx\x87\x5c\xfb\x1f\x85\xb5;\xc8\xed!77\xd7-\
aj1\xf7\x80\x1bW'\xbfF\xe9\xedP\xc9}&\
\xa5&\xa1\xe2K4\xcc\x1eR\xe9\xbaNG\xdew}\
\xa6@\x0e8$\x8f\xc1MX\xb7\xdc|ea\xe1x\
\xe3\xb7:v\x99d\xb7\x13,\xaa\x1d\x9eRx`O\
B1\x9c\xfb\xd0\x06\x84v\x16\x91\xebZ\x1d\xa4Mf\
\x0e\x8fl]\xe1\x5c\xefL\xa6\xd0G\xa0\xeb\xd6\xb8\xcb\
\xb9SZ\xf0\x15\xa8\xb7\xbd\xfb\x1cZ\xb6\xab+\xce]\
\xb2\xd2\xa1f\xfd\xda\x9fS\xc6=\x85t~\x13\xb6\x8f\
Q\x7f\x10\xeb\xeack\xdb\xcb\x89\xed\xe2\x97w%\x14\
\x95A\x8e\x9d\x00\xc5W\xd1\xbc:\xd6\x16\x1e\x13\xd0\xee\
cRm\x0b\xea\x13\x97S\xf22\x8c`\x1f\x5c\xc8x\
\xa0\x0a\xfau\x9c#\xe2\x8e\xa7{%\xbbEi\xa4i\
\x89oo+g\x04\x05\xcb\x11\xf4$\x8a\xa5\xa2\xdb=\
\xad\xb7\x81,>\xd3\xb5\xeen\xe4\xbdu.K\x1cF\
\xec?\x0e\xbf\x9dn\x1b\xad\x22\xdbB\xd6|C\x0d\xb4\
\xeau;\x83n2\xe5L\x87v\xc0W\xba\x82rx\
\xaaz\xbc\x8bc\xe3+\xab\xe8\xed\xc8\xb3\xd0tw\x92\
2S\xe52\x15\xda\x00>\xcb\x9c\xe3\xd6\x809\x97{\
\x8b\x9b/\x1c\xdf\xbe\xa9\x1c\xbb-\xde\x22\xb6\xf1ck\
\x17|+7v\x18\xfdkJ\xebE\xbfO\x85~\x14\
\xb3\xb5\x86i\xa23\xc1=\xd0\x0d\xb8\xaa\x16\x0d\xd3\xbf\
^\x95\xcfiz\x93Y\xfc&,\x97\x8fo\xa8\xf8\x83\
Tr\x18&T\x9c\x80\xc3\x18<\x1cc\xf1\xae\xa9\xf5\
)\xb5O\x8bz6\x83\xa6|\xb6z\x14%\xae\x88\xc8\
\x07\x09\x8cz\x1ce\x7f?j\x00\xeeo.Z\x1f\x16\
\xe9\xb0\x98\xe4\x11<2 %\x86\xd2x</\x5c\x8c\
u\xe8\x01>\xb5\xbd\x5cg\x84\xb5\x8dS\x5c\xf1.\xbf\
5\xc1S\xa5\xda\x5c\x1b[\x5c\xc6\x01\xdc1\xbf\x9e\xa4\
t\xae\xce\x80\x0a(\xa2\x80+\xdd\xa4b\xdaf\x95\xd5\
b\xd8\xdeg\x982\xb8\xc7R=+7IID2\
\xd9\xcbmb\xd6\x11\x90\x96\xe6\xd9\xf7\x02\xb8\xe7r\x91\
\xf2\xfe\x04\xf5\xad\x89\x0a\x88\xdbx\xca\xe3\x91\x8c\xf1\xf4\
\xaaP;3\xca\xb0E\x00\x87\xa0\x96\x17\x04\xe7\xa1\xc8\
\xc7Q@\x14t\xcbk]'T\x97N\xb6\xbep\x1c\
}\xa3\xec\x92\x9d\xdbA\xe3\xe4'\xa2\xf1\xd3\xb5&\xad\
\xa6\xe9\x96\xc6;\xd9\xa0\xb1\x86(\x8f2:\x94d$\
\xf5\x0c:T\xf3\xe9pMd-\xf5i\xd2\xeeFb\
\xb1H\xe0D\xf9#\x80\x0a\xe3\x9fqMK\x83o<\
\xa9sazRF\xc1l\x99\x93\xa7`2@\xfc(\
\x01\xbej\xcb\x10\x16\xc9-\xca<\x81D\xb6\xd7@\xec\
_\xef6H\xc7S\xc0\xcdfKd!)\x1d\xcd\xfe\
\xb6\xa8\xd3n\xd8A|\xaa\x9f\xbb\xb9\x07\x00\xf0y\xe7\
\x15\xa0\xf6\xa9\xa7\xc7\x22\xca\x961\xdbM\x90\xec\x91\x18\
N\xdfr8\xcf\xe5Ki\x06\x9bod\xba\x86\x97?\
\x99\x1d\xbcM\x1a\xbb\xdc\xbbG\xb79bI'$`\
\xf2~\x94\x01OM{g\xd5\xa5m+K\x9f\xcd`\
\x12\xe2\xfe\xe9Y~^H\x03w-\x8c{c5\x03\
i\xb6\xf1\xbe\xa2\xda#\x0b[\x89n?\xd3\xef\xae\x15\
\xbe\xe9\xe5\xb6\x13\xc1=\x868\x1f\x85m\xa6\xad\x1e\xa1\
a\xf6\xcd-M\xd8RB\xfc\xdb\x10\x9e\x87$\xf6\xac\
\x894\xa8\xbcM<\xa7S\xbf\x86[s\x09\x82M>\
\xd6]\xc8\x099$\x9e\xb9\xed\xd3\x8a\x00[Y\x1fZ\
kk\x9bFXt[\x09\x0b\xc2\xf1\xcd\xcd\xc1A\xb4\
\x021\x8d\x99\xcf9\xec+>\xe2\xce[\x0bI\xe1\xfe\
\xd2\x915\x7f\x11>\xc5i\x0f\x98\xb0\x90\x87\xee\xe0}\
\xd0?\x9dOuhg\xd7c\xb5\x82H\xec<?\xa7\
\xc2|\xd0\x15D3\xbbd2\x1e\x83\x81\x9f\xc4\xd47\
6\x93Xkz\x8f\x88o&\x88\x8f([h\xf0\xb3\
\x8f\x94\x90\x07\x1d\xb9a\x9f\x5c\x1a\x00\x82\x1d>\x11\xab\
\xe9~\x1d_1\xf4\xfd\x06\x04\xb8\x9au}\xaae\x00\
\xe1H\xf5\xcf\xcd\xd7\x8c{\xd3\xed\xa6\x96KMG_\
\x81\x0c:\x86\xb0\xc9mj.B\x80\x14d)\x04\x1c\
\x91\x82O8\xe9\xd2\xa6\xbb\xf0\xcd\xe9\xf0\x95\xa6\x8de\
 [\x9b\x89\xa2mR_3.\xc0\xf3!'\xbeH\
\xc7\xd2\xb4\xe5\xd0\x22\xbd\xd6\xed/\xa6,\xb6\xdah\xdb\
o\x03.\x00e\x07\xe7\x1d\xb9\xdd\x8e\x9f\xc21\x8er\
\x01^\xc6-.\xce\xebN\xf0\xc43\x17\xbb\xd3\x95.\
d\x04\x11\x9e\x08\xdd\x9f\x5c\x9c\xe3\xdcV\x8d\xf6\xb1k\
\xfd\x81s\xaa\xdb4N\x1dLq\xb3p\x1d\xb3\xb5F\
}\x09?\xadr\xde\x1a\xb5\xbd\xb4k\xdd[Q\xbaY\
\xb5Mm\xd9\xac\xed\x8eJ\xa4g\x00\x13\x8e\x83\x1bs\
\xf4\xae\xce\x08\xd1m\x96\xd9\x1e\xd5\x96\x06\x1e~\xd5\x01\
T\xf5#on\xd4\x01\x8c<7\x04\xf0\xf8~\xde\xe2\
\xf7?\xd9Efh\x80\xe2G\x0b\xc1>\x80g#\xe9\
\x5co\x8a5'\xd7|)\xa8>\x90\x9e]\xde\xb5\xa8\
\x8b\x08X72\xc6\x84\x82q\xcf\x04\x03\xf8\x1a\xf4\xb6\
\xf2g\xb2\xbc\xb9\xb7 \x09\x90\xae\xf5\x8b$\x90\x0a\xe7\
\x8e[\xda\xb1a\xf0\xc5\x8e\x8e\xd6w\xe7-\x0e\x97j\
R\xda 8\x0e\xc3\x990\x07\xde<\x8f\xc6\x809\xa1\
\xe1\xdd9|E\xe1\xfd\x16y\xadd\xb5\xd1,\x8d\xc9\
\x8ds\xb9d\x04e\x9b\xb7$g\x9fJ\xcaXR\xc3\
F\xf1O\x8c\x91\xe47\xd7\xee\xf0\x08d>CE\xf3\
\xe1\x95O98\xc6\x0f_a]?\x894\xf8a\x82\
\xd2\xc3H\xb1h\xaf\xb5{\x95[\x8b\xb5P\xc5Ta\
\x9f\xccnz\xa8\xc6*\x19\x93L\xf1\x1e\xba4g\x84\
O\xa6\xda\xcb\xf6\x99\x15\xa2dF\xc7\xcce\xdf\xc0l\
\xbf\x18\x1c\x11\x9a\x00\xd2\xf8g\xe1\xc6\xf0\xff\x00\x85\x95\
\xe6R\x97w\xcc.'N\xc8\xc4\x01\x81\xf8\x0e\xbd\xeb\
\xb3\xac\xfd\x22\xee\xcfQ\xb4[\xdb\x19\x19\xed\xdcl\x8f\
\x07\xe5\xc2\xe4|\xa2\xb4(\x00\xa2\x8a(\x00\xac6\xd2\
\xa2\x17\xeby\xf67\x8es!F0L\xca\x199!\
\x88\x1c\x1e\xbd\x0e;\xfe;\x95\x1b.\xd6\x0e\x1fh\x04\
\x92\x09\xe0\xd0\x06D\xaa\xf3$kex\xe0?\xca\x82\
x\x0c\xaa\xac\x8cs\x9e\x84\x1c\xfa\x9e\xd5:>\xab\x1c\
n&\xb4\x82yU@\x12E&\xcd\xe3\xb8\x00\xe7\x07\
\xf1\xc7\xbd,\x0d\xac\x8b\x99M\xc2X\x0b}\xc0F\x11\
\x9bv;\x92q\x8c\xfe\x15u\xa6u\x9dc\xf2\x1d\x94\
\xf5\x90c\x03\xf5\xcd\x00g\xe9\xd7\x8d*\xc8\xb3%\xf4\
.\x06J\x5cD>@\x0e>\xf2\xe4\x1c\xf5\xeaj\xac\
\x93jjKi\xfa\x86\x9fp\x8e\xdf$s!^s\
\xd3r\xfe]*\xd1\xdd{r&\x8ek\xfbY\x13t\
^YA\xb0\x9f\xef\x10A\xcf\xd4\x1a\xca\x96F\x82\xe0\
Gs\xe2\x8bX\xa6L\xab\x91l\x8a\xcc\xddy$\x91\
\xc5\x00E5\xe1\xd4\xaf\x05\xbe\xab\xa3\xea\xd6\xf2D\xb8\
\x02\x12\xcd\x04\xb9\x1c\x82S\xa8\xfa\x8e\xf5\xa9\x04\x96\x9a\
%\x8c&-!\xa0i\x82\xff\x00\xa3\xdaB\x19\x95\xb1\
\xceq\xc7\xe3T\xe1\xbf\x90M\x04R\xf8\x89%M\xd9\
\xdc\x96\x9bL\xbbrXn\xce?!\xda\xb5`a\xa8\
\x83q\x15\xc5\xe2G\xff\x00<\xf6\xf9a\x87ldg\
\xf2\x22\x809}z\xd7O\xbe\xb2\xb6\xbb\xd7\xe4k\x0d\
:;\x8f=t\xed\x83|\xb2d\xed-\x8c\x92Nz\
\x0f^\xb5\xafr\x91\xdd-\x8e\xad%\x93\xcf<P\x07\
\xb7\xb0\x01K#\x1f\xe2\xc9\xf4\x04\x0fj\xd2\xd4\xad/\
.\xd1\xa3\xb50@\xc5@\x17\x12'\x98\xcb\xcfe\xe9\
\xf9\x9f\xc2\xa3\xba\xb1\xd5~\xc3k\x0d\x96\xa4\x89:(\
I\xae%\x849q\x8e\xa0q\x83\x9e}(\x02\x8c\xd7\
\xf7\x16\xd2\x8b$\x92\x16\xd7/r\xcb\x11%\xa3\x85G\
r@\xe8\x07\xafR{T\xb3\xb5\xb5\xb4m\x15\xc6\xa5\
\x04P\xc2\x86[\xe2\x1bib\xdc\x02y\xf9G\x07\xf4\
\xac\xf9\xbc'\x7fma:i\xfa\xa4\xad\xa9^7\xfa\
N\xa36\x0c\x8a\xbe\x881\x81Sh\xbe\x07\xd2\xb4\xad\
\x12]:\xf3:\x84\x97d\x1b\xa9\xaeIc;\x0eG\
^\xc3\xb0\xa0\x09\xad\xda\xcd\x07\xdbm\x0d\x9a\xc92}\
\x9bMv\x90\xe1\x94\x0e\x00\x18\xe9\x90O\x19\xc8\x03\x9a\
\xc9\xd4l\xb5\x81mm\xe1\xf8\x83\xca\xf7\xb2o\xbe\xd4\
v\x0d\x83\xbb(\x5c\xe7\x901\xed\xc5m\xfd\x87M\xb6\
\xd7\x96\xea{\xd5i\xa4\x02\x0b8\x0e6\xc3\x81\xc8A\
\xeaz\x9a\xd7X\xa1\xf2\xcd\xae\xe68L7\xccs\x83\
\x9es\xf9\xd0\x077\xa8^\xd9YIo,\xda\xd8\xb3\
\xd2\xf4\xc1\xb6V\xf3\x07\xef$\xe8\x11\x89\xe4\xe0s\x8f\
qF\xb1\xe2=&\xd2\xd2\xc7Z[y\xaf&\xb8\x06\
;8\xe2\xe1\xa4\x07\x9c\xf2@\x03\x81\xc9\xfe\xb56\xb3\
\xa4h\xfa\x8cVsIc-\xf7\xd8\xe5i\x22\x8a.\
C>\x08;\xb3\xc1\xfcj\xad\xb7\x87\x0d\xe5\xff\x00\xf6\
\xb7\x88\x0cB82\xb6v<y6\xea\x08\xc3\x1fV\
\xe0}(\x03\x92\xd7\xfcIw\xa3\xbd\xacK\x08>)\
\xd5\x9c\xac6BB\xc9f\x92q\xb8\xe3\xf8\x8e\x06O\
\xd7\xb0\xab\xf2\xc3zt\x1b_\x09\xe8\xfa\x9bIr\x8b\
\xe5\x5c\xdd\xb0\xdc\xa7\x1f\xeb\x06O\x01W=;\xf4\xf5\
#\xa4\xb1\xd2<7k\xe2I\xe4\x04]k7\x18\x95\
\xa4\x97\xe7x\xd7\x1c`\xe3\xe5Z\xd6\xb4\xd2t\xa8`\
\x92+K\x08\x12\x0b\x80\xdea\x8d\x00\x0f\x9e\xb9\xees\
@\x13\xe9VQi\xdaU\xb5\x9c$\x18\xe2\x8c(a\
\xd0\xfb\xd5\xcaEP\x8a\x15@\x0a\x06\x00\x1d\xa9h\x00\
\xa2\x8a(\x00\xa2\x8a(\x03\x1bV\xd14\xfb\xf1!\xbd\
\x86\xeed<\x94Y\x5c\xaeq\xd4(8\xc8\xc7a\xd6\
\x9d\xa5\xbd\xbd\xbd\xb2\xba\xcd}\xe4\xba\x02\xabv\x1b1\
\xe3\x8c\x1c\x8c\x83\xd3\xad^\xba\x92\x18p\xf3\x5c\x18@\
\x18\xce\xec\x0a\xc6\xbd\xba\x9aK\xb9\xed\xad<Gom\
9\xf9\x969\xad\xd5\xf6\x05\xfb\xd8\xe4g\xfaP\x06\xe2\
\x5cG#\x83\x1c\xc8\xc8G\x1by\xc9\xcf\xad\x08\xa6E\
\xfd\xec1\xe0\x92x;\xbb\xf1\xdb\xd2\xab\xd8L>\xc2\
\x16\xe6\xf6\xde\xe6H\xd7\xf7\xd2F\x02\xa9\xf7\xc6N?\
:\x83N\xd5tyU\xa2\xb0\xbc\x86UL\xe5c}\
\xc11\xd7\xe8(\x02\xfc\xed4h\x0c0\xac\xad\x91\xc6\
\xed\xb8\x19\xebM\xf3%Y_\xcc0\xacC\x95;\xb9\
\xc69\xcddK\x7f\xa3\xdc\xeab\xc8\xbd\xcbM\x22\x8e\
Qd\xd9\x8e\xdf0\xe0u\xa9I\xb2\x87P\xb7E\xd3\
f}\xa7\xcb[\x9d\x99T<\xf1\xc9\xcf\xaf8\xc74\
\x00\xf7\x93T7\xf1\xad\x98\x8a{G\xcb\xbd\xc4\x92\x0c\
G\xfe\xca\xaa\x8c\x9f\xc6\x8b\xab\x97\xb0\x82\x7f\xb6_\x96\
\x95\xce\xf8\xa2\xb7\x8c\x17\x0a?\x85W\x92\xc7\xdf\xde\x9d\
-\xd4zU\xdcPA\xa7Hb\x99\xb0\xcdn\x9ft\
\xfa\x91\x8e\x9cu\x1e\xbd*\xfe\xe9\x8d\xc0\xc4J#\xdb\
\xcb\x16\xe79\xa0\x0aw\xe9\xa9]\xdb\xc4\xb6N\xb6e\
\xc6d\x91\xd44\x91\x8fE\x1d3\xf5\xe3\xebY1\x1b\
\x9b]\xd1\xdc\xdd\x8b\x1b5\x0f#\x89$\x0fq'<\
\xb7\x19\x0a2z\x0f^\xd5\xb7p\xd0\xcbq\x07\xfa[\
\xa9G?\xba\x8d\x87\xceGc\xdf\x8ad1\xc1\x1d\xe8\
Ak)s\x1e\xe1<\x83p\xc19\xdb\x93\xc8\xe7\xb5\
\x00a\xe8\x96:N\x99\xa8\xfd\x8fI\xd2\xee\x83\x90d\
\x96\xfah\x9b\x0a[\x9277Rs\xce?\x1e\x95\xbb\
\xa7X\x8d2\xc0@\xd2\xb5\xc4\x8c\xcc\xec\xec\x0021\
$\x9fju\xc5\xbd\xd5\xdc\x06/\xb4\xfd\x9b2\x1d\xc6\
!\x96)\x9e\x00'\xa1#\xbe?\xc6\xa4\xbc\xb5\x92\xe2\
\xd1\xe1\x82\xe6KWc\xfe\xb60\x0b\x0f\xa6x\xa0\x06\
\xc8\xf3\x89\x0e|\xb8m\xbc\xbc\x97-\xf3\x06\xcf\xe5\xd2\
\xb1\xa3\xd3\xf4\xddWR\x17l\x93_\xc9\x09\xf3`\x9e\
p|\x95\xc9\xe8\x9d\x8e>\x87\xeb[+i\x1b\xb4\x91\
\xcd\x0bH\xbb\x15KJw\x07\xc7\xb5\x177q\xd9A\
,\x97\x0c\x91\xc3\x18\xf9v\x9eH\xc7\xa7\xaez\x0a\x00\
yDk\xa3\xb6l8\x00\xb2.\x01\xef\x82{\xe3\xfc\
*~s\xd7\x8a\xe65K\x0bXR&\xfbu\xdd\xb4\
.\x0c\x92\xc3n\xa4\xcdpGL\xb8\xc9\x1fA\xf9\xd6\
\xc6\x96\xa6;X\x04v\xd2\xc7\x0c\x91\x89\x0f\x9d)i\
\x15\x8f8l\xe7\xf9\xd0\x06\x85\x14Q@\x05\x14Q@\
\x05\x14Q@\x15\xae\x96\xe9\x91\xd6\xdf\xc9\x04\xa1\xdad\
\x04\xe1\xbbdw\x15^\xe6\xdd\xee-\x8a\xcbgm;\
\x12\x09WPA\x1b\xb9\x1c\xf7\xc5Msd\xd7/!\
7S$rB\xd1\x14B\x063\xfc@\xf5\x06\xb1a\
\xb4\xb6\xb7\x85\xed\xa4\xd7\x0a\xc9\x13\xb3\x06G\xd8\xcb\xdd\
\x83\x0c\x90x>\x94\x01\xa5h\xb1%\xc4\xb6\xa9\xa3\x9b\
xX\x93\xe6\x04@\x8eG\xb09\xfc\xc5d\x9b\xbf\x12\
C\xe29\xe0\xb6\xf0\xf5\xa1\xd2\xc7\xdd\xb93\x04v\xf9\
}0{\xf1G\x87\xaf4wy\xcd\x9e\xb5qz\xef\
\x97%\xdd\xd9@_\x94\xe3<zg\x15~=\x91^\
\x9d@\xeb2}\x9d\xa3\x1b\xa0\x98(@\x07\x05\xba\x02\
\x0e\x7f\x0fj\x00\x9a\x07\xd6d\xb4\x0f%\xb5\xa47\x05\
\x8eSy`\x07a\x9cu\xa9\x12[\xbcH\x1e\xe2\xcd\
\xa4~aQ\x90\x00\x1ds\xcf5\x9b\xac}\x82]@\
,\xda\xf4\x96\x86h\x02\x1bd\x91p\xeaI\xc3\x00F\
A\xea2*\xb5\xd4\xda\x13\xe9\xa9\x22\xe9\xf7W\xd0\xa3\
yQE\x1c,v\xb2\x8d\xbb@8\xc0>\xfc\x1a\x00\
\xe9n\x12WQ\xb2\x7f$\x0c\x96!A\xc8\xc7\xbfJ\
\xc1\xf0\xdd\xe6\x98\xf7\x97q\xdb\xebO\xa8\xdeN|\xe7\
2c\x85\x04\xa0\xda\x00\x00.T\xd5\xdd>}FS\
\x22M\xa5\x0bhJ\x96S-\xc8rI\xed\x80\x0e\x07\
\xe3Y\xb1\xea\x1aN\x85;C%\xbd\xaa\xea\xe6<\xbc\
V0\xb1\xe0\x9e\x01 g\xfc\xf4\xa0\x0bR\xdeZ\xcb\
\xabG\xa6\xd8jkks\x1c\xa5\xe6\xb7H\x033\xff\
\x00\x11\xdd\x91\xc2\x9f\xefz\x9e\xb5\xa1o0{\xeb\x95\
Sx\xc5\x07+,ec'\xfd\x92G=;\x1a\xca\
\x87T\xd7\xef\xac\xa2\x96\x1d\x08Y\xdc\xbc\xa0\x11u0\
\xc0\x8crI d\x13\xd0\x0cU\xed\x9a\x9a\xcb<\xf7\
W\xd6\xf0[\x1bu\x18E\xcf\x97 'sd\xf6\xc6\
:\xfaP\x05\xab\x05a\x03\xc8\xd6Kk,\x8eY\x93\
p$\xfb\x92)\xf3\xdc%\x85\x9c\x97\x17\x0d#*|\
\xcd\xb5\x0b\x1f\xa0\x00d\xd71\x0d\xde\x8bl%\xba\xfe\
\xd6\xb9\xd4\xa4Y\x8c\xca\x04\x84\x8d\xf8\x1f*\xe3\x03\xa7\
j\xde\x92\xfe[\xb8\x9e-=v\xdc\x1c\x80\xd3\xa3\x05\
\x00\x7f\x17L\x1fa\x91\x9a\x00\xa7\xa6]\xcfug3\
\xc3k6\x9fl\xcaLOy\x9d\xe5\xc9\xeb\xb5\x8e@\
\xe9\xc1\xc5F\xf7\x16\x9a>\x82\xf3O<W\x93A\x19\
\x98I*\x01\x91\xc9\xf9x\xe82x\x19\xc0\xab\xa8.\
\xa5\xd2\xe3\x17\xf7\x0bir\xccY\xb6\x10q\x83\x9c\x0c\
\xf1\xd0\x0a\xcf\xb9\xbb7\xf3\xcbmce\x14\x9ffQ\
4\x13\xcb\x09tg'\x04/@\x0f\xbe{\xfbP\x05\
\x9b+\xbdCS\x8a;\xebi KW\xdb\xb5^\x16\
V#\xf8\x8e[\x1f\x87\x15\xb1\x13\x07\x05\xd2Q\x226\
\x0a\xe3\x04\x0f\xc4VD\xdae\xc6\xa0\xf7\xd6\xda\x8d\xe0\
\xfb\x1d\xc2\xec\x8a\x08\xce\xd6\x5c\x8eNG=\xb8\xfcj\
\xe6\x8fag\xa4\xe9\xb1\xe9\xd6*\xcb\x0d\xb0\x11\x8d\xd9\
\xc98\x07$\x9e\xbdz\xd0\x05\xfa(\xa2\x80\x0a(\xa2\
\x80\x0a(\xa2\x80\x11\xbd@\xc9\x15\x91\xa9\xdai\x97\x8d\
 \xb8\xd2\x85\xe4\xb1\xe0\xe3\xc9\x04\x9c\xf1\xc1<t>\
\xbd+RF\xc3\xc6\xa1\xf6\x92zm\xce\x7f\xc2\xa3u\
\xfbK\x02\x93\xcd\x1f\x96\xd8`\xa3\x1b\xbf1\xd3\xe9@\
\x19V\x09\xf6K\xacC\xa0}\x99r#\x12\xc6P\x0d\
\xbe\xb8\xeb\x8a\xb9\xa8Mz\xb6\x97/k\xa7%\xc4\xa2\
1\xe5\xc7$\x81|\xc3\x9eT\xf0q\xc75JMn\
\xc2\xc6y-\x84z\x94\xaf)wfX$`1\xc1\
\xc1#\x18\xf4\x02\xae\xee\x82\xc6\xc9I{\xd6E\xca\x17\
!\xe4n;\x91\xc9\xed\xd7\x14\x01\x91\xa4]k\xda\x86\
n.\xfc=g\xa7H\xbf\xbbS,\xfb\xdb\x03\xa7\xdd\
^\x9f\x8d:\x1b\x7f\x12$\x93I\xaakZ}\xbd\xae\
x6\xd6\xfbYG\xfb\xceH\xcf\xd4S\xbe\xdd\xa3\xde\
\xdc\xc5j\xb7\xd7\xd3\xb5\xda:,j$\xc0\x03\xaep\
>S\xcfS\x8as\xf8C\xc3\xf2ZCk5\x81\x96\
0\xd9\x01\xd9\xd8\xee\xeb\x92s\xed\xdf\xbd\x00=5\xcd\
\x17K\xb5\x86\xda\xef\xc4\x11J\xf2n\x0b,\xb3.\xe7\
=\xfaqQj\x17\x8dv\xb6\xb2\xe8z\x96\x99\x0a\xcc\
\xe1\xa7\xb9\x90\xab1A\xfd\xd1\xdc\xe3\xb9\xab\x0b\xa0\xe9\
\xfa|\x0bmc\xa1Y\xbc\x03t\x840_\xbf\xf8\x83\
\x92}j\xa5\xf6\x81\xa7_9K\x9f\x0aYM\x1ad\
\xa3\x00\x80\x92\x06Ga\xc1\xe9@\x14/&\x8a@\x92\
\xddx\xedR(\xd9w-\xb7\x94\x9b\x889\xe7\x19<\
\xe2\xad\xd8\xea\xba5\xea\xdd\xb5\x8c7\xba\x92\x5cI\x99\
2\x8c\xd1\xb1\xf6-\x85\x03\x8a\xa1\xa6\x89`KV\xd0\
\xfc\x1dkj\xd2+=\xc7\x9c\xbeI\x88\x8f\xe1\xce\xde\
I\xfc\xabq?\xe1!\x96k\xa3#X\xd8\xdb\xf9a\
`\x1c\xc8\xc1\xb3\xcb\x1e\x83\x1e\xd4\x01&\x99-\xf5\xc2\
\xce\xad\xa3G\xa7*\x10a\xf3\x1d[\x7f\xa9!zq\
\xefWn\xe1\x13D\xbb\xee\xa6\x88\x80W0\x1e2}\
F\x0f\xeb\x5c\xf9\xd0n!\xb7\xbb\xb8\xd6\xbcS{5\
\xa3\x0c\x9d\xac\xb1*\xa6\x00\xea\xa3\xd6\xa6]oN\xd3\
\xb5\xc84\xdb-\x22\xe5\xde\xea=\xc9qm\x12\x98\xe4\
\x03\xb9l\x8e\x9e\xf4\x01\xbb\x14\x11%\x98[x\x90\x8c\
eC\xf4'\xa6M,\xf3Cg\x19\x96\xe2\xe1!\x84\
\x0d\xa06\x00\xc9\xfe\xb5\x1c\x92^L\x0a\xc5lb \
\x8c4\xae0}xRz~\x15V\xefC\xb3\xbe\x92\
)/\xe2k\xb6YR@\xacr\x91\xb2\x83\x82\x01\xe8\
9>\xf4\x01e \xb6\x13\xcfwn\x895\xd0\x1b\x0b\
n\x19\xc8\x19\x0a}:\xfe\xb5td\x81\x91\x83\xe9B\
\x8c\x0e@\x07\xbe)h\x00\xa2\x8a(\x00\xa2\x8a(\x00\
\xa2\x8a(\x01\xa4\xb6\xf0\x00\x1b{\x9c\xf2(`\xf9\x18\
a\x8e\xe3\x14\xd9\xe1K\x88\x1e\x197lq\x83\xb5\x8a\
\x9f\xccr*\xbb\xe9\xb6\x8de\xf6F\x8c\xf99\x07\x1b\
\x8er\x0eG9\xcd\x00U\x9du\xec\xdd\x1by\xb4\xec\
\x0f\xf8\xf7G\x8d\xc9?\xef\x10\xdc~\x02\xa8\xdb7\x8c\
M\xcc\x1fj\x1aB\xc2\xceD\xbeR\xb9(\xb8\xe0\x82\
[\x93\xdb\x15\xb1\xfd\x97i\xf6\xff\x00\xb7\x18\x81\xb8\xd8\
Sv{\x1cv\xfc\x05Ee\xa7\xda\xc5c-\xb5\xb4\
\xb3\x08\x8b\x11\xc4\xac\x0a\x1c\xf2\x14\xe7 f\x80\x1cf\
\xba\x8aBe\x8e\xce5,\x02\xb1\x94\x82\xc3\xbf\x18\xe0\
\xfbd\xd5{\x8b\x9b\xc9\xd6\xfa\xd7N\xbf\xb1k\xd0\x03\
\xc2\xb2!>Z\x91\xc1l\x1f\x9b\xd8\xf1U\xe5\xf0\x96\
\x994\xd2=\xccs^,\x92\xac\x9b.d2\x04#\
\xd0\xb6H\x1e\xd9\xc5k\xa4\x11Z\xfc\xd1C\x0ch\xaa\
\x15\x8a\xae\x08P8\x1cv\x14\x01\x93\xa6Yx\x8do\
\x0c\x9a\x9e\xa9n\xf6\xc6-\xbeL0a\x83\xff\x00{\
w\xe7\xc6)\xa7^\xb5\xb3\xd4\xad\xf4\xaby\xe5\xbe\xb9\
\xb9,A\xf3\x11\x84Aq\x92\xc7#\x8ezu\xad\x9f\
(\xa4\xfej\x16m\xfc0-\xc0\x1e\xa0T+g\x05\
\xbb\xa40X\xc0!`\xdb\x98(\x18'\x93\xc7|\xe4\
\xd0\x03u;\x84\x8a\x15?\xda\x11\xda\x95!\xd8\xb6\x0e\
\xe5\x1dF3\x9eG\xa5c\xe9Zv\x9d\xaaB\x97>\
m\xd6\xa9\x04\x85\xbf{w'\xca\xa466\xec\xe3\x9e\
\xbd\xbbV\x82\xe8\x10\x9d~\xe3S\x95\x96U\x96\xdd-\
\xc4\x0d\x18*\xaa\xa4\x9f\xeb\xfc\xaa\xdc\xd6\xb7\x12K\x1f\
\x95u\xf6xT\xe5\x924\x19obNx\xfc(\x01\
F\x9dj\x1d[\xcb\x05UB\xa4g\xee(\xf6^\x94\
\x82\xfa\xc2+\xa4\xb3Ib\xf3\xc7H\x93\x92\xa3\xe8:\
\x0e\x95\x02\xe9\xd7\x13\xc8Z\xfe\xec\xca\x8b8\x9a(\xe3\
\x1b6\xe3\x90\x09\x1f{\x06\xb4B(fm\xaa\x09\xee\
\x074\x01\x0c\xf7\xd6\xb6\xcd\x1a\xcfq\x1cm#m@\
\xcc\x06\xe3\xe8)\xf1N%\xc6\xd8\xe4\x00\xe4e\x97\x1d\
)\x96\xd6V\xf6\x90\x08!\x8c\x08\xd5\x99\xc0<\xe0\xb3\
\x16=}\xc9\xab\x14\x00QE\x14\x00QE\x14\x01\xff\
\xd9\xff\xe1\x0cuhttp://ns.a\
dobe.com/xap/1.0\
/\x00<?xpacket begi\
n=\x22\xef\xbb\xbf\x22 id=\x22W5M0\
MpCehiHzreSzNTcz\
kc9d\x22?> <x:xmpme\
ta xmlns:x=\x22adob\
e:ns:meta/\x22 x:xm\
ptk=\x22XMP Core 4.\
4.0-Exiv2\x22> <rdf\
:RDF xmlns:rdf=\x22\
http://www.w3.or\
g/1999/02/22-rdf\
-syntax-ns#\x22> <r\
df:Description r\
df:about=\x22\x22 xmln\
s:xmpMM=\x22http://\
ns.adobe.com/xap\
/1.0/mm/\x22 xmlns:\
stEvt=\x22http://ns\
.adobe.com/xap/1\
.0/sType/Resourc\
eEvent#\x22 xmlns:d\
c=\x22http://purl.o\
rg/dc/elements/1\
.1/\x22 xmlns:GIMP=\
\x22http://www.gimp\
.org/xmp/\x22 xmlns\
:xmp=\x22http://ns.\
adobe.com/xap/1.\
0/\x22 xmpMM:Docume\
ntID=\x22gimp:docid\
:gimp:f672ec5b-9\
873-40d3-b124-92\
28a13fe28e\x22 xmpM\
M:InstanceID=\x22xm\
p.iid:5a1c5c4e-a\
ceb-4aa2-8632-34\
f769bd1a56\x22 xmpM\
M:OriginalDocume\
ntID=\x22xmp.did:0a\
056c33-9796-45a6\
-8b4e-d3e7b05086\
ce\x22 dc:Format=\x22i\
mage/jpeg\x22 GIMP:\
API=\x222.0\x22 GIMP:P\
latform=\x22Windows\
\x22 GIMP:TimeStamp\
=\x2216474310237688\
57\x22 GIMP:Version\
=\x222.10.30\x22 xmp:C\
reatorTool=\x22GIMP\
 2.10\x22> <xmpMM:H\
istory> <rdf:Seq\
> <rdf:li stEvt:\
action=\x22saved\x22 s\
tEvt:changed=\x22/\x22\
 stEvt:instanceI\
D=\x22xmp.iid:2d423\
726-769f-4bfe-b1\
b2-3761ff3dfc5f\x22\
 stEvt:softwareA\
gent=\x22Gimp 2.10 \
(Windows)\x22 stEvt\
:when=\x222022-03-1\
6T12:43:43\x22/> </\
rdf:Seq> </xmpMM\
:History> </rdf:\
Description> </r\
df:RDF> </x:xmpm\
eta>            \
                \
                \
                \
                \
                \
                \
                \
                \
                \
                \
                \
                \
                \
                \
                \
                \
                \
                \
                \
                \
                \
                \
                \
                \
                \
                \
                \
                \
                \
                \
                \
                \
                \
                \
                \
                \
                \
                \
                \
                \
                \
                \
                \
                \
                \
                \
                \
                \
                \
                \
                \
                \
                \
                \
                \
                \
                \
                \
                \
                \
                \
                \
                \
                \
                \
                \
                \
                \
                \
                \
                \
                \
                \
                \
                \
                \
                \
                \
                \
                \
                \
                \
                \
                \
                \
                \
                \
                \
                \
                \
                \
                \
                \
                \
                \
                \
                \
                \
                \
                \
                \
                \
                \
                \
                \
                \
                \
                \
                \
                \
                \
                \
                \
                \
                \
                \
                \
                \
                \
                \
                \
                \
                \
                \
                \
                \
                \
     <?xpacket e\
nd=\x22w\x22?>\xff\xe2\x02\xb0ICC_\
PROFILE\x00\x01\x01\x00\x00\x02\xa0lc\
ms\x040\x00\x00mntrRGB XY\
Z \x07\xe6\x00\x03\x00\x10\x00\x0b\x00)\x00\x12ac\
spMSFT\x00\x00\x00\x00\x00\x00\x00\x00\x00\x00\
\x00\x00\x00\x00\x00\x00\x00\x00\x00\x00\x00\x00\x00\x00\x00\x00\
\xf6\xd6\x00\x01\x00\x00\x00\x00\xd3-lcms\x00\x00\
\x00\x00\x00\x00\x00\x00\x00\x00\x00\x00\x00\x00\x00\x00\x00\x00\
\x00\x00\x00\x00\x00\x00\x00\x00\x00\x00\x00\x00\x00\x00\x00\x00\
\x00\x00\x00\x00\x00\x00\x00\x00\x00\x00\x00\x00\x00\x0dde\
sc\x00\x00\x01 \x00\x00\x00@cprt\x00\x00\
\x01`\x00\x00\x006wtpt\x00\x00\x01\x98\x00\x00\
\x00\x14chad\x00\x00\x01\xac\x00\x00\x00,rX\
YZ\x00\x00\x01\xd8\x00\x00\x00\x14bXYZ\x00\x00\
\x01\xec\x00\x00\x00\x14gXYZ\x00\x00\x02\x00\x00\x00\
\x00\x14rTRC\x00\x00\x02\x14\x00\x00\x00 gT\
RC\x00\x00\x02\x14\x00\x00\x00 bTRC\x00\x00\
\x02\x14\x00\x00\x00 chrm\x00\x00\x024\x00\x00\
\x00$dmnd\x00\x00\x02X\x00\x00\x00$dm\
dd\x00\x00\x02|\x00\x00\x00$mluc\x00\x00\
\x00\x00\x00\x00\x00\x01\x00\x00\x00\x0cenUS\x00\x00\
\x00$\x00\x00\x00\x1c\x00G\x00I\x00M\x00P\x00 \
\x00b\x00u\x00i\x00l\x00t\x00-\x00i\x00n\
\x00 \x00s\x00R\x00G\x00Bmluc\x00\x00\
\x00\x00\x00\x00\x00\x01\x00\x00\x00\x0cenUS\x00\x00\
\x00\x1a\x00\x00\x00\x1c\x00P\x00u\x00b\x00l\x00i\
\x00c\x00 \x00D\x00o\x00m\x00a\x00i\x00n\
\x00\x00XYZ \x00\x00\x00\x00\x00\x00\xf6\xd6\x00\x01\
\x00\x00\x00\x00\xd3-sf32\x00\x00\x00\x00\x00\x01\
\x0cB\x00\x00\x05\xde\xff\xff\xf3%\x00\x00\x07\x93\x00\x00\
\xfd\x90\xff\xff\xfb\xa1\xff\xff\xfd\xa2\x00\x00\x03\xdc\x00\x00\
\xc0nXYZ \x00\x00\x00\x00\x00\x00o\xa0\x00\x00\
8\xf5\x00\x00\x03\x90XYZ \x00\x00\x00\x00\x00\x00\
$\x9f\x00\x00\x0f\x84\x00\x00\xb6\xc4XYZ \x00\x00\
\x00\x00\x00\x00b\x97\x00\x00\xb7\x87\x00\x00\x18\xd9pa\
ra\x00\x00\x00\x00\x00\x03\x00\x00\x00\x02ff\x00\x00\
\xf2\xa7\x00\x00\x0dY\x00\x00\x13\xd0\x00\x00\x0a[ch\
rm\x00\x00\x00\x00\x00\x03\x00\x00\x00\x00\xa3\xd7\x00\x00\
T|\x00\x00L\xcd\x00\x00\x99\x9a\x00\x00&g\x00\x00\
\x0f\x5cmluc\x00\x00\x00\x00\x00\x00\x00\x01\x00\x00\
\x00\x0cenUS\x00\x00\x00\x08\x00\x00\x00\x1c\x00G\
\x00I\x00M\x00Pmluc\x00\x00\x00\x00\x00\x00\
\x00\x01\x00\x00\x00\x0cenUS\x00\x00\x00\x08\x00\x00\
\x00\x1c\x00s\x00R\x00G\x00B\xff\xdb\x00C\x00\x03\
\x02\x02\x03\x02\x02\x03\x03\x03\x03\x04\x03\x03\x04\x05\x08\x05\
\x05\x04\x04\x05\x0a\x07\x07\x06\x08\x0c\x0a\x0c\x0c\x0b\x0a\x0b\
\x0b\x0d\x0e\x12\x10\x0d\x0e\x11\x0e\x0b\x0b\x10\x16\x10\x11\x13\
\x14\x15\x15\x15\x0c\x0f\x17\x18\x16\x14\x18\x12\x14\x15\x14\xff\
\xdb\x00C\x01\x03\x04\x04\x05\x04\x05\x09\x05\x05\x09\x14\x0d\
\x0b\x0d\x14\x14\x14\x14\x14\x14\x14\x14\x14\x14\x14\x14\x14\x14\
\x14\x14\x14\x14\x14\x14\x14\x14\x14\x14\x14\x14\x14\x14\x14\x14\
\x14\x14\x14\x14\x14\x14\x14\x14\x14\x14\x14\x14\x14\x14\x14\x14\
\x14\x14\x14\x14\xff\xc2\x00\x11\x08\x01,\x00\xc8\x03\x01\x11\
\x00\x02\x11\x01\x03\x11\x01\xff\xc4\x00\x1c\x00\x00\x02\x03\x01\
\x01\x01\x01\x00\x00\x00\x00\x00\x00\x00\x00\x00\x05\x06\x00\x03\
\x04\x02\x07\x01\x08\xff\xc4\x00\x14\x01\x01\x00\x00\x00\x00\x00\
\x00\x00\x00\x00\x00\x00\x00\x00\x00\x00\x00\xff\xda\x00\x0c\x03\
\x01\x00\x02\x10\x03\x10\x00\x00\x01\xfd\x10B\x10\x84!\xf0\
Q\x17\xcb\x0a\xc5\x83\xd2\xcd\xc0\x90\x98l\xb4\x84!\x08\
B\x10\x84 ,Y3\x10\x0c/\x98\x8dg\xa0\x09\x03\
\x11\x9c*:\x9a\x8b\xc8B\x10\x84!\x0cBa\x84\xa4\
\xd8!\x87\x8d\xa63q\xbcL\x18\x00\x86C\xd5\x02A\
\xb2\x10\x84!H\xb8y\xe8\xcc$\x8f\xc0\xf0)@,\
\xe4\xc42\x0c\x02(@\x12\x1b\x1a\x87\xb3i\x08B\x03\
\xc4#((8\x0e\x1a\x81\x06#p4\xbc\x82\xa0\xc4\
t\x0c6\x99\xc6\xf1\xf0\xe8\x84)<\xb0\xb0\xb0\x02P\
p9\x10W\x1c\x8b\x80`\xd3`\xbcAd\xfa7\x8c\
\x83px\x84\x04\x08b\x89\xf4W\x1fJ\xcf\xa1\xc3\x09\
\xb0\xcee1\x1c\x14\x81\x80\x86\x81\x90\xd69\x1e\x8eB\
\x08```\xa2\x0d\x1bM\xc6\x03\xe9\xf4g\x03\x07\xc0\
\x82\x10\xd2#\x0c\xc2\xe04t\x1f\x8fI4\x98O\x0e\
3\x86\x0dF\x02\x01F0Q\x0c\xc2\x89\xe8 \xb3\x91\
hb\x04\x0b\xa1\x80\xd9\xa0\xf7\xb0\x91\xe7\xc2)\x80s\
.1\x1d\x18\x0a\x80`\x90\xd9\xac\x12p\x1b8\x14B\
A\x91p\xe8\xd0z\x09\xeb\x07\x9e\x88\x03\x01\x88\xb4\xc0\
\x06;\x1a\xc5\x10\xe0\xb23\x9d\x06D\x03\xa0\xc0\xbeo\
\x15\x86\x83\xa3a\xec\xc2\xf1\xe7G\xa2\x0b\xe0\xc1<\xd4\
=\x0b'A\x03\x91t\x7f\x15\xceD!\xb0_\x04\x0d\
\xe0\xf0\xf0@\xf6\x91|\xf2\xb2\x05\x85\x22\xe2\xf3\x00t\
4n\x14\xc51\xc4\xfao<\xbc 1\x05@\xa6Q\
\x98\xbc\xf5\x93\xce\x8f<\x0b\x9b\x01E\xc1S\xe1\xb4\xec\
\xecY\x05\x84\x03\xc61<\xfan*(\x1e\xc5\x91\x9c\
g\x04\x00M\xe5\x00b\x800\xcc\x15\x00\x1d\x1b\x0aO\
<=$\x1e\x01)=\x1c\x00(\x0c#@\xe2-\x8d\
\xc7\x93\x07F!X8/\x8d\xc0\x11|\xbc\xce|2\
\x0e \x90!Y\xe8gg\x9f\x03\xc2A3\xd2\x8db\
\xd8\xccx\xf04\xf4\xf1 c3\x94\x06@B\xe0d\
\x0e5\x99\x860\x19\x98\x00R}1\x1f\xa1\x02\x87\x9f\
\x05L\x87\x99\x9b\xcd\xc0\xe1\x8c\xe8\xe4\xc2+\x85\xce\xcb\
\xc3\xe2\xd0\xde(\x09#`\xee\x0a\x1e\x0dB!\xacQ\
4\x9b\x81\xe7\xd1\x8c\x0e4\x00\x83\x06#\x10\xcc/\x0b\
\xa3\x08\x94X\x0e=\x00\xcc?\x8eB\xc8\xae\x0e;3\
\x83\x82f\x80A\x80\xd6\x0a\x09\x9a\x0a\x0c\x03\xd8\x82B\
\xd0h\xecm9=`I\x16\x02\x05\xa7\xd10r2\
\x02\x8b\x8cE\x800\xf1\xb0\xa0\xc6)\x0d\xa7@\x22\xb3\
\x83\xd0\x8fP\x12\xc4\xe0pX>)\x97\x16\x1d\x19\x0d\
 \xa3I\xf40|\x14\x0bH\x09\x0a\x9f\x02g\xa4\x8c\
\xe7\x22\x01\xd8\xca*\x19\x8d @\x88\x88h\x1a\xc4@\
\xd8|Y*\x1cA\x80\xd0Y\xb0:=\x0c\xe43\x8b\
\x82\xf0X\xa0\xb0\x5c+\x18\x85\xc0\x98\x04\xa4\xc84\x0d\
\xc0!\x5c(x\xc1\xc8t\xfd,n!\x05P\xf0\xb4\
n1\x18\x0da\x01\x1c0\x0f2\x1aL\x03\x10H0\
x `>,\x9f\xa0\x0e\xc8@Q\x9c\xd8\x09/.\
2\x81B\xc20H&r\x08\x0c\x8cE\x80\xf0X\x80\
9\x9e\x8a}!\x0c\x22\xe1\xd8@\xc6@)\xf42'\
\x8dFsY\x94\xe8\x5c\x08\x04\xc4\x00x\xcez\xe9\x08\
C\x93\x18<$\x0a1\x9d\x1b\x0d\x803p\xaa\x06\x1c\
\x8d\xe1\x93\xcfAA\xb0\xd0l\x22B\x10\x87\x02\x98x\
\xbc\x1ce*\x0f\x81\x0d\xc5\xc2\xa1\xd9\xc0\xea\x0f\x03\x9a\
\x83\xa6\x83\xe9\x08B\x10\x12/\x86\xcd\xe7`\xd3\xe1\xb8\
\xac\xac\xc4vTi4\x94\x03\xce\xc6r\x10\x84!\x0c\
@3h4\x22|;1\x16\x9b\x0c\xc1\x13Y\x0c\xc0\
\xa2\xe2\x81\x80\xec\x84!\x0f\x80R\x938,\xb8\xbc\xb0\
<&\x06B'\x06\xa3!\x8c\x80 \xa8\xdeB\x10\x84\
 \x1cY\x06\x87\xcd\xe2\xa8|\x22\x01!x4&k\
/\x06\x95\x8c\x01b\x10\x84!\x0e\x05\x90p\xd8y\xf8\
h\xf82\x01\xcc\x80sh\xe4\x0f\x0a\x16\x18M\x85\xe4\
!\x08B\x15\x99\x8a\xce\x0e\xc0\x80\xb39X\xae0\x05\
\x8d\x86\xc3h,<o!\x08B\x10\x85\x07\x22\x888\
\xdc\x13>\x15\x87\xcc\xa0ci\xf4\xb4:|>\x90\x84\
!\x08B\x19\x0a\x0a\x0a\xcc\x85\x01\xd3@\x86\x10:\x0a\
\x1a\xca\x8eB&\xb2\x10\x84!\x08B\x1c\x9fL\x86\xc2\
\xb2\xa2\xd2\x92\xf2\x1c\x16\x90\xfaB\x10\x84?\xff\xc4\x00\
(\x10\x00\x03\x00\x03\x00\x00\x06\x02\x03\x00\x03\x01\x00\x00\
\x00\x00\x03\x04\x05\x01\x02\x06\x00\x07\x12\x13\x14\x15\x11\x16\
\x10 0\x17!1$\xff\xda\x00\x08\x01\x01\x00\x01\x05\
\x02\xfe\xf9\xcf\xe3\xc3\x9dJ\x0ba\xca\xd7(j\x9c\xce\
\x8f}l\xcf\x0eYL<\xa4\xe6\x85\xd4\xca6\xbbW\
H\x9e\x00\x1ba\xc6\xae\xb4\xbaz\x17R\x7f\xad\x1aK\
JY\xd7i:<\xa8\x84\xc2\x83\xa1\x1f\xcc\xdd\xbe\xae\
\x8eX\x9b\x1d|Z\xad\xca\x19\x05h\xcd\xca\xea;\xf9\
f\xeey\xcf\x91<\x127\x90\xe9zIo\xa5\xdb,\
F\xd7\xc11\xb0\xcd\xa1\xbf\xcbf\xb4\xf7\xae\x1d(\xc4\
\x1d:\xcek\x89\xc6I\x05\xa84\x0d/\xb3\x0bFb\
\xce\x98t\x00n\x8f\xe5\x946\x9buI=\x17\xb4\x96\
\xd7\xc4sP\x90\xf1\xf5a\xea\x06\xcfj\x0c\xe2\x8b\x95\
x\xf59\xee\x89^\x95)l6]?\xb1w\xf6\xc7\
m\xe6\xc2\x12\xdebB\xe8\x87\xe3`\x9c\xf6^\xd9F\
IhV\x01\xf1\x11IG\x05\xe2\xa6\xf1v11\xce\
t\x1a\x82g8e\x07\xb759d\x0d\x02}]\x89\
ai\xca$\xb5\x81?I\x9d\x00Z5\xb8\x9c\xde\x9a\
\xc8\x85\x22\xca\xbdl\xb5C\xf1G\xfdDL0Q\x5c\
\xfb\xda5\x0e\xc4%\x1a'\xeb8 \xd7]w\xf7\xaf\
OmNm\x05JZ\xdaatw\x9c\xd6CcC\
\x1b|\xb3GgX+\x1b\xb1H\xf5>\x80.;\x7f\
A\x8e7\xb9\xbc\x95\x91\x16\xe9\x94\xb4Z\x8f\x8e\x9f\x92\
/\xce\xe6: t\xb3q\xff\x00X\xfew\xce\xde:\
\xc3\x17fko\xfa\xbc\xa1\xec\x0e5=u\xc4?\x01\
\xfc\xa2\x8a\xcaP\xe8\xd7\x09\x9b\xa2U)\x88h==\
\xac\xe3\xe8\xd2!L\x03\xaf\xbdUC9\x85w\x9b\xad\
+M\xbc1\xecf\xf7\x0a\xcfk\x15\x10\xd4\xd2O\x81\
z9Zn\xea\xcf#n\xbc\xd0\xa7\xb4\x8b+Z_\
\xf9\xa3Qi Wf\xb9\xc9\xfc\x83\x0d(\xbcz\xa5\
Z|\xca \xb1\xac\x1a'\xa9\xe0\x047Nb<\xfd\
\xca\xa0{&.\xcd\x02s\xe3\xa1\xf4\xfb\x10\x01<\xf3\
Q\x06\x12~\xcb(R\xd9\xd2.\x81\x8d\x1f#6\xb9\
\xd1\x92d\xd1\xba5\x18\xfd_\xa4I\xeaS\xba\xc1\xb8\
\xf7!\xd2\x06h\xa7Y\xfe^\xc3\xafY\xea\x1f\x99Q\
\xdb\x98\xfcP\xed\x08n\x82\xefD,\xd4\xb9\xd2\x01z\
z{\xc0\xa0O\xfeF\x0f\xf3\x1d1\xb3\xf4*\xe6n\
:=\xc2\xf9\x94\x1a\xeb\xe5\x8b)\xcf\xc7\xd3\xa3n\x13\
\x5c\xde\xd4\xaa\xb1\xb8Y\x00e\xf8N9\x9b\xce\x11/\
[+V\x0fW\x9e\xe5w?Pn.\xf6Y\xc6\x0d\
\xaf\xbd\xe1\xe3et\xb9\xed\xd4\x0a\x9e_.go\xf3\
0\x8e\x0a\xd0\x86IhCLS\xd1\x8e\xb0\xd6U}\
\xda\x95\xcfH\x00y\xe1\xd8\xc1\xea<J:G\x0b|\
\xe0\x0ax\xa2\xe57\xc9y\xf4X$\x1b_\x5c\xf75\
\xbe\xe2vp\x8c\xb4\xaf\x8d'\x9f5I4\xb32\x8d\
#\x9cOd\xd2\xba\xa7\xd4[\x88\xec\xfe\xa3\xe2\xf9\x96\
\xb5\x15\xdb?\x8e\xec\xa6\xd3\x9b\xee\x0d\x88\x1cR\x83'\
1\xc2\xfcM\xf9\xc8\xbdR\x984\xbe\xa4BBo@\
\xa7\xd3r\xefl\x091aO\xab*gj\xe9\x17\xd5\
\xbd\xf7\x8a\xb9(\xe3\x9eb\x8b\xbd\x1a@\x1c\xc11%\
\xcfo\xa2\x98\xea\xdaU\xda\x8e\x16S\xa4\xdf Vx\
\xee\x0dv\x16m9\xf5\x059\x8a\xb1\x98\x9c~\x93\x87\
\xa7D\x0cr\xfe\xb3-\xd6\xf8\xbe\xeag\xb3\xd6&\x0e\
\x9b\xa0\xe8\xc2\xc3\xbdEU\x83\xd0\xf6{\xe1z\xdd\x8b\
\xb4\xb7\xad\xd7P\xcc\xce\xb7\xcc\x0a\x95[\xe8:[\xb4\
\x9es\xad\x1e\xdbS\xf37\x99\xab\xf2Ux\xdf\xa6J\
\x9f\xcf\xca\x12\xfc\xe4\xd7\xe5u0\x9d]\x06\xe0i\xb4\
\xb8\xb6\xdad\x5c\x95\x1a\xfa)\xd3\xb6\x8e\x8cs\xbb\xe4\
\x7f\xbc\xe7>\xc4\x07\xee\xfc\x0e\xd2o3\xa2\x94\xb9\xd5\
\x09\xd0qP\xca\xc1\xa4\x18\x80c\xac\x9e\xd1\x9c\xef5\
h%\xea\xf9\xc7\xb2\xcfG\x07_\xa8W\x82\xc9)u\
\x5c\x10\x1c\xa7\xd7I\xb3\xad\x0e\x9e\x0f\xb2\xd7i\xce\xec\
\xb4x\xd7B\xa7\xd5\xb0LQ\xee\xe5\x1c\x96\xfa\xb7\xea\
\x90=\x13\xaa\xb5\x0f\xbc\x82\xe7\xbb\xd1G\xf6\xcd\xe5\xd8\
\x9d\xf8\x90\xc6U\xc7\xd1Vo\xe6\xe8\xb6\xa4o\xa1u\
v\xeay}\x8d\x9c\xf7\x9a\xdf\xf5\x8f1G\xf2~t\
\xf8\xb8J\xff\x00>!g\xcc^H\xcc\xbb\xdc\xf3Z\
|\xad\xf9\x80j^{\x82\xf6\xc13\xcbI\xe7\x92\xf7\
\x97\xd5\x0c\xf7A<\xc3\x0f+Y5\x14\x84\xd2\x1f'\
\xba\xf4;\x15@$x\x9e_\xd1\xad\xb7?\xc9Y\xf6\
\xcb\xe6D\xda,=\xe6\x0ao.n\x08\xe4\x1b\xfc\xa3\
\x1b\xb3\x1f\xcc4\x18>\xfc\xcd\xc6H.\xa7\x93_\x1f\
}\xcb\xe7J\x5cm\xb7\x17\xc7\x14-r\xc9\xb9}X\
c\xa0\xe1O\x9d\xba\x9f+\xa5l\xb9\xf8\x1dv*(\
1\x9c\xf1\xbc\xa2\xf8\xcf\x1f\xc3\xee\xf0\x19\xe0\xdc\x09\xb3\
\xc9\xa3\xb9\xb9\xcdRs\xfeJ\xfd\xad0=\xe6#l\
\x12/R\x87\xc2\xe5\xeds\xef\x19\x1a>\xb6<\xc5\x91\
\xf9\xc7{\xca\x8c\xa3\xe3B\x11)\xe5\xd7Xffy\
\x84\x9et\x0b\xdb\xa0\xcd\xde=\xdc)3\xcc_-\x9d\
\xdd\x8b\x5c\xf4q\xbd\xc7p\xb6\x8bfG\x17\x80\x8e\xaf\
\x97\x19\xd44x\x09\x93V\x0f\x08\x9e\x09\xcf\xf2\xf32\
\xdf3\xe5\x5c\xb6W\xdb\xcb\xb3\xfa\xfb\x09\x89\xfb\x18\xe6\
-\xb1\xb4\xb4\xee\xe6?;\xc7\x18\x09\x8b\x90{[]\
<\xbd\xdf\xea\xba>\x82\x9bu\xe9\x01\xaf\x97\xe6\x0c\x0f\
VjJH\x93\xb8\x8e\x80\xac\xe9\xc2t\xe3\xd5\xee\x8e\
T\xf1g\xcc'@q\xf07(\xed\xb5Y\xeb\xc9\x97\
\xdc\xc1\xa5\xa9z\x0e\x11\xdf\xc5(2\xb6\x96\xff\x00\x96\
^\xad\xed\xf9m\xbe\xe4\xd3\x89\x8d5\x0dyV\x96\x9e\
\xe4\x9a\xb8[\xaaf\xba1\xbb\xde\x94\xc1e\xfb\xb3\x93\
\xbfv\xa7\xb3\xd5\xf4\x14#\xa3y\x92\xab\xaf\x09\xc4 \
\x86y\x9eA~]YA\xe7\x9c\x13\xdd\xa4U\xd9\xfd\
~\x9e6_\x80(\x17\xcc\xe75\xd7>`G\xc7\xb7\
\xd4\x94\xc3\xa9\xe5\xd7@\x96\xbfS\xd01\xf4\xfef\xcc\
\xdf~O\xbaA\x9c+\xd3\xad\x9f\x95\xd3\xc3\xdbI\xed\
$ \xa2\xdc\x1bM\x0f\x8b\xaa\xb6g\xdb\xd0L\x87\xa0\
8O\xd6LF\x8a\xcfcq/\xc1@\xc2\xc3\xe5\xa6\
8%\xbc\x5c_7\xbbM\xb6_\xa3\xef\xa2\xd2\xc7G\
\xd9\xf1\x8e+\xbd\x09\xb14\x9f\xe5\xcd\xd8\xcd\xd0\x88\xb1\
\x8d\xfb4\xa6\xfe\xc7\xcc\xbey\x93\x00*3\xbc\xff\x00\
-\xbb\xa5\x84\xb7%\xe6\x15-\xfdV\xaa\xd0\xd7\xba,\
|o\xd0da\x15\x18\xaan\xb1\xe8\xea,lb-\
\xfb\x04\xe6\x8c\xfc\x914N\x96n\xbb/\xd5\xd8+P\
\xea)<\xd3&\xef\xb0G\xcf\x03\x9c\x1e\xe1`E\x1c\
\x1eq\x055\xe7\xf8\x02/\xaf/\xcdD\x01#rV\
J\xc2Q\x19>\xb4<\xc1\xe7\xde\x08^\x86AJm\
(ZO\x83\xb03\xff\x00\x18\xf4 3\xfc9\xb9\x92\
\xd1G\xb4\xe6Xs\x93\x8b\xf2\xa9s\xf4\x93ck2\
\xdc\xdeWv\xc0\xd9\xa2\xa3\xde\xefE6\xc0Yj\x95\
\x94\xf3\xab.\xf3\x1b\xde\xda\xadoJ\xf2\xdb\xc6\x12\xc6\
\xee\xfcj\x88\xfe\xd1\xa6UK\xb5\xb0iJ\xd5\xe9g\
\x97G\x9d\xb7\xf9\xc7 \xde\x80\xfd\xaeU\x81\xd3~\x7f\
:Z\x1cT\xd6\x08\xd7p\xec\xb6\x14\xe0\x1b(P\xe2\
\xfb\x16\x073\x95\xc5\xa2\x9b\xccDmRo\x95\xe3i\
\xfd\xb7?\xb6\x9a\xef\xe2\xe7\xc3G\xc7Hl\xcc\xa5R\
\xbe9\xb7\xe8Pj%V\xea\x97\x96\xaa}\x15B\x88\
Q\xa6\x9e\xba\x9f\xe2\x83\xd4N\x9a\x99\x88\x0b\xcb\x93\xa6\
N$}\x15q^\x12\x98\x92\xfb\x0d\x8d>\xd7K\x07\
\xd7\x8e\xaa\x9a\xe7\xe78`V\xd2u\x98\x155\x9f#\
\xa7\xb5\xb0\xf8.\x8fF\xb5\xe7\xbb4\xf7\xd5\xc5\xc9\xad\
\x0f2ya\x0b\x0cyt\x03\xa5;\xc5FQl\xb1\
=\xe9.-\xa6'9\xa8\xb5\x9f\x90\xcc\xa6\xb6\xe0E\
\xcdU\x1a)\xe2i&\x11\xd5\x89\x9b\xb7\xe8\xd9\x01\x9b\
\xaf\xbbjW\xaa\xa6\x82\xa6\xd4w>\x80Z\x83\x12\xd1\
\xa0b-7\xa0YV(i\x8d\xbe\xd5\xf5\x84\x8f\x07\
cP\xabZ\xbe\x81\xb4\xd7bC\x03\xbd\x9b\xab)y\
\xa3\xc3V\xd8\xbd\xbf\x1c\xcb\x04k\xc7S\xcc\x83\xa5C\
e\x98\xaf\xcdKd=\xc4\xf9\xd4\x07\x17a\x11\xd9\xd8\
mh}+\xd8\x15iX\xafB^G\xd0ou\xe9\
\x81\xc6\xa1_x\x83\x93\xcd\xb57I\xb3\xbabib\
\xf4\xd7r\xdd)\xe8\x00j\xcf(+v\xfb\x03\xeb\xf8\
\xae\x96y\x1e\xb9\x0d}jy\x88\x99\x9b[\x8c\xb6f\
\x5c\xee\xf9\x026\xcfy\xe5\xf9t\xa3F\x03\xda\xd1[\
\xc6\x7f?\x8b\x93qS\x00\xd1G\x9c)=\x85\xd8\x22\
\x91|6\xb1,\x84\xfa\xad\xf0\xc7J\xd7\xcab\xcap\
u\xac]8\x10\xad<\xd1\xbcLD+;?;r\
\x9c\xc33\xf12@\xa9\x04nj<\xf3\xdc\xa7b\xbb\
+\xf3\x7f\x1fv\xbb\xa8\xd1Y\x9e\x8dU\xb6Y\xd8\xe7\
\xfb\x9f1\xf9\x07\xd5Q\x1ez\xe2 \xe6\xe0j\x0d\xd3\
\xfe\x08=6\xcd\x10\xe2\x99\xc8\x8d\x18\x19\x96\x15\x98\x96\
!\xb6\x89\xc50:\xb8CO\xf9\x09|u\xe4\xb0\x0f\
\xaaVR%\x9b\xab)\x08~\x16\x0c\xfb\xbd\x1c\x87t\
\xf8\x96Q\xdb\x1cm\xb0\xec\xed\xdck\xa5W\xea\x88\x92\
d[\xc6\xc0Q\xf0\xe0\x1d?+\xab*s6\xbeZ\
\x5c\x0f`\xce\x939\x94C\xa2\xe9\xff\x005\xd7\xd1\xdf\
\x00\x17\xb2 \xd4\xf8\xae\xbd\xb6\x87\x10\x185/\x05\xac\
\x11\x00\xe0\xb7\xba\xfa\xa6U\x11\xa5Yy\xdb\x8fPE\
\x99i\xbd@V\xd7\xd6\xbdt\xdb\xc5*\xe9\xd5\x12\xd0\
W\xa0\xf7\xd3^L\x94M\x8d\xf5!\xb6m\x96\xb9\xba\
s\xc0\xaa\x9bc\xee\xfaiKk\xd1\xf7zo\xa95\
\xfe^cP\xe9\x85t\xa4\xa6\xd9\x18p2P\x5c\x86\
K:xY\xa1\xb5\xb7\xcf\xddz\x15\xdd\xf8'\x94\x94\
\xf9h\xaf\x85T\xa6`-\xcd\xbe\x8c\xad\xd6\xe7\xd7\x82\
$\xe5t|\xf0\xac6\x9b+>-\xd9\x080M=\
\xd43=%\xce\xf56\x14\x83\xa2\xa4\x81\xce+G\x12\
\x07\xff\x00\x9f\xd1\xbco\xb0\x87>|\xcdJ\x16}\xdd\
\x08\xfe\x9a \xd6>C\x18)Jz\x94\xe7\x826\x11\
\xd7w.j\xbe\xd5\xd7E6\x09\xf87\x82Q\xc4\xd1\
\x80m\x85b\x8dLx\xa2\x8ek`\x83g\xa2\xbc\xe1\
S+\xcf\xd8\x9b\xf5\xcf\xd4\xfc\xad\xcb\xb2c\xed\xcbI\
a\x8a_\xd38\xfc\xe0\xfb\x90 A\xe6\x99\x1e[\x16\
\xa6+\x18sv\x17\xa2]\xb1\x8a\xe1\xc8Lq\xe8-\
M\x8c\xd2\x5c\xc7\xd9\xaf\x9e\x05\xb1\x15\xef\x913\x97\xa7\
B\xb99\xd1\xad\xb4\xc8\xa3\x94\xa1\x83\xee\xeb\xd2B\x94\
Sk\x1c\xbdA\x9f\xe3T\xa4\xd1\xf9\xa9g\xdcJ\x07\
\x07\xfe\xb9\xc7\x86S\xb2\x5c\xab\x96\xb3\x9d\x84?[\x8a\
(\xe1u\x80\x8e0\x14d\x83\xc0\xcd\xa9\x07\xad\xe5\xf0\
\xd8\x1d+\x1a4\xee\x89)\xf7\xc7\x0f\x86W\xadKm\
\x964\xf4\xf0\x1du\x18\xca\xbe\x84h5\x1b\xd9\xb8\xcb\
<\x1d\x07\xf8\xff\x00\x03\x80lx%i\xa8\x8as\x22\
\xa0\xb6\x996\x0a}\x89\xa6\x98\xdd\xbf\x93\xe8\xa2M\x16\
\x0et\xc3K\xe5\x8d\xbd\x22\x92\x89\xc2Sly\x9a\x9f\
\xc2\x1f\x19=\xdfpkn\x5c2M\x17\x9c0\x95\xfa\
FKi\x94\xdb\xa1\x9f\xeeO\x91\xeb\xd8\x95\x84D\x8e\
\xd9\x09\xb9me\xb7E@\xa2Ig\x82\x9aS\xb6H\
\xccO\xf4\xbe\x83\xe9U`\xec\x94xh\xa2*\x8cg\
\xdb\xd7}\xf5\x1e\x9b\xed\xe8\xd0\x19\xd3\x03\x13\xd8hZ\
\x0d\xb1NU\x0d\xc7\xb6\x9a`z\xff\x00f\xd7[\xdb\
\xfc.\xca\xda\xb0B\xd1\xe9\xb9\xed\xef\x10\x1c\xfeU!\
\xd6\x9e6\x85B\x7f\xcb/\xb3\xb0\xe1^\xdd\xd6\xea\x10\
\xfb\x14\x8380\xf7\xe7C\x81\xa5\xdb-]\xdf\xd5u\
P(\xd6\xcb:OF,\xc36\x09T\xe6\xe4\xff\x00\
\xdf2V\xce\xa1\xfa\x7ff58\x84j\x8aSjj\
v\xd0\xdd$\xdc\x8c\x98Y}\xef\x94\xa6\x8f\xfb[\xf4\
\x1aM*\x87\xba\xc0\xfe\x99\xc3#gx\x9f4Vt\
\xf7\x1f\x1b\x94\x00p/\xf17y\xb7\x1e\xcc\xaf\xfa\xd1\
U\xd4k\xfb\xe7\xfe\xb3G\x13Y\xd7\xe4\x09\x22\xee\xc6\
\xf8\xf0\xf7EH\x14\xda\xcd\xdd\xd4\x0c\xea\xac)\xb9\xc0\
,\xd8\xcd\x1d\xc0y\xb4\x0d\xa6\x0d\x1d\x1f\x0c]\xd7L\
i\x93m\xe1\xb5\x04}\xfd>\xd8\x7f\x19\xf5n\xaa\xec\
\xed\xa6\xfbm\xbf\xf7\xfc\xed\xeb>\x87\xce\x7f?\x1c\xa3\
\xd7|\xf8.\x87'\x86e0\xe6\xf4x\xf0T3\x1c\
\xec\x01\xf8b4B\x93\x09\xf2\xf3\xd6\xd2\x9a*\x0e\xc3\
=\x06\xdb\xad:\x8e\xe4N\xac\xb3\xe0\xb4t\xf4\xd2\x96\
J\xa0Y0\xad\xaf\xf8c\x1a{\xdac@a\xb0F\
=\x05\xfa\xceyl{Q\x98\xc4\xe5\xe7IF\x8d\xc4\
\xe4\xed7\xa0\xd2\xb7\x80\x93}\xb5\xf8J\x87\xc1hS\
)\x16\x03\xe3\xf1\xf5\x84;\x08\xc4Jk^?\x1f\xe4\
\xc17\x10\xces\x8dF\x18hlco[\x8fR\xcc\
\xd0\xa8\xc5fYDLh\x98\x8b\xeex4\x07k7\
Z\xd1\xd1xH0\x03\xfd\xe2:-\xa3%c!\x0b\
A\xc7\xa5\xe3\xe0kk\xa7\xf9\xe7?\x8f\xe3\xde\xcf\xcb\
\xf1\x8d?\x1e3\x8c\x0f|\xe9\x8c\xecE\xf5!\xbd8\
\xfc\xe7\x5cm\xe3qhO\xe3\xff\x00?\xbf\xff\xc4\x00\
\x14\x11\x01\x00\x00\x00\x00\x00\x00\x00\x00\x00\x00\x00\x00\x00\
\x00\x00\x90\xff\xda\x00\x08\x01\x03\x01\x01?\x01m\xbf\xff\
\xc4\x00\x14\x11\x01\x00\x00\x00\x00\x00\x00\x00\x00\x00\x00\x00\
\x00\x00\x00\x00\x90\xff\xda\x00\x08\x01\x02\x01\x01?\x01m\
\xbf\xff\xc4\x00I\x10\x00\x02\x01\x02\x04\x02\x07\x05\x05\x05\
\x06\x03\x07\x05\x00\x00\x01\x02\x03\x04\x11\x00\x05\x12!\x13\
1\x06\x14\x22AQaq#2\x81\x91\xa1\x15BR\
\xb1\xc1$3b\xd1\xf0\x10 0r\x82\xe1%CS\
\x164D\x92\xa2\xc2\xf1T\xb2\xd2\xe2\xf2\xff\xda\x00\x08\
\x01\x01\x00\x06?\x02\xff\x00\x01\xc4Ru\xc9\x93s\x0d\
?i\xb9\xdb\xf5\xc5LY~X`\x8c\xa7\xb1\xab\x99\
\xc2\x9b\xff\x00\x90\xfcqK\xd6\xf3\x88\xa3\xd1b\xe2\x18\
\x05\xdf\xc8\x93\xfc\xb0\xbds\xa4s\xd2\x86S\xec\xb8\xa9\
\x1d\xf0k~\xd6i\xaab\xff\x00\x9a\xf5$\xb7\xfb\xe2\
\x16Z\xe8\xb4\xcb\xee\x12l\x0e\x04i_\x02\xbb\xfb\xb6\
\x91o\x87cWK[\xb7`4|>\xfe\xf2/\xdd\
\x83-]-\xe4\x0fm4\xa7\x89\xd9\xf1\xee\xc1\xd2o\
o\xf1L\xf5R\x88\xa3\x1d\xe7\xbf\x14\x13\xe5&.\xad\
PF\xb3,gR\x0f\xc5\xcf\x15\x0fY]%kI\
q\xd5\xe6mv\xbe\xe4\x05\xff\x00N#\xa4\xa4\xcaj\
T\xb2]Y\xa1\xe1\xa2\xfa\xe14Q\xd3\xe5\x91\xfd\xfe\
$\x97?\x0cK\xf6\xb7H\xe6\xa8q`c\x15\x1e\xee\
\xfb\x0b\x0d\xce)\xc7R\x931\x10\x1d\x09\xc2\x8c\xafw\
y\xef\xc5,\x94\xfd\x12\x91\x92W)\xb4+\xb6'\xa7\
\x87\x22\x968\xa3\xb5\x98\xa2\xa0o\x1c\x04\xcc\xb2i\xe9\
\xe5\x93\xef\xac:~\xaaqD\xd4y\x8c\xd4\x94\xab!\
1j\x9e\xda\x8f\x86\xff\x00\x96'\xa8\x89>\xd4\xa5\x91\
\xfb\x10%\x80D\xfc\xef\x83K]\x04\xb9\x5c\xdd\xddg\
e?\x1c_\x8c'\x85\x85\xc3\x1e\x7fN\xec6\x86\xd5\
\xa4\xe9>G\xfc.\x0a\x9b\xcbc\xdd\xb0\xf5\xf9\xe1s\
\x1c\xc1\xdeyu\xe9\xa6\x85|\xc5\xb4\x81\xdf\xf1\xc0\x9e\
\xa5`\xc92\xd2\xbb\xf1\x9a\xf3\x7f%\xc2\x0e\x8e\x08%\
\x136\xb7\xac\xa9\x93]\xbc\xf0\x99|5?h\xd7)\
\xbc\xf5R\xa5\xa3E\xef\xe5\xf9bO\xb53j\xac\xc1\
\xdf\xff\x00\x09M!\xe1\xaf\x96\xdf\xcf\x0d6_\x915\
\xb5]z\xf1\xb2\x93\xe3\xbd\xff\x00,E\x1b\x0c\xa6\x8a\
\x9b\xc0]\x8d\xbc\xb1\xa6>\x92\xd2,\x05\xf9D\xab\xa8\
\x0f\x0c09\xf4g\xb6lxA\xfb=\xd8\xe1f\x94\
\xd4\xb9\x85+\xed\xaa\x9bb\xbe\xa1\xb0\xff\x00k\xe5\x12\
\xe5\xbdL\xf1\x16R4\xabo\x86\xcc\xf2l\xc8f4\
\xa5\x19z\xa3Yt\x9e\xef\xad\xb9\xe0\xe5\xdd(\xcbM\
#\x9d\xaeWTm\xe7\x88\xa5\xca4\xe6Y3\xf6\x94\
\xbd\xdc\xc6\xbf\x87\xd3\x06zSg]\x9d\x18n\xa7\x12\
-t\x0b\x04\xc8mt7G\x1e#\xfb\xe5\x82\x97?\
\x85{\xf1\xc1\xcb\xa3Y+\xdbu\x12{\x80w\xdc\xe3\
\xa8\xd3/_\xe9\x05Kk\x97\x86/\x1a1\xdb\xe8\x07\
\xd3\x14\xb4\xf9\xbdL\x15\xf9\xcfjh5\xad\xac|\x06\
>\xd7\xe93\xc8X1)\x97\xc3\xba\xd8w[\xeb\x84\
4\xf4\x86<\xb0\xc5n\x14\xf6A'\xa5\xaf\x89\xd6\xaf\
Q\xa0\x92>\x0ae\xf41\x5c\x9f\x8e)#\xcb2(\
(\xa9\x0fl\xcdRG\x15|v\xf1\xb7\xae&\x5c\xd7\
>\x96\xb4.\xaf\xd9\x95\xec\x17\xe0\x83s\x81\x1c\x99}\
xjhV\xce\xa8\xd7\x09\xdd\xcb\xd7\x1cC\x95f\x0a\
#\x88\xa6\x86\xa7{\xf3\xf4\xe7\xe7\x86-\x96f0\xd3\
J\xdax\xcd\xabs\xff\x00\x9b\x11\x95\xcd+\x22\x95\x96\
\xe9OU,\x8a\x9eG|T5l\x14\xf9\xb0g%\
c\x8b\xfe\x9d\xbd9\xdf\x02\x5c\xaaY\xf2\x0a\xcaF\xd4\
\xd4\xb2\x5cE\xa8\xff\x00;c\x81\xd2\xec\xba\x17\xa2\x91\
\xb4\xa5M6\xe1O\xce\xe3\x10I\x11\x5c\xd3\xa3\xa4Y\
\x19\x07\xba\xbe\xa3\x09\xd2\x1e\x8e\xdd%\x96-SB?\
\xe6-\x85\xb6\xf1\x18Zz\xd5Xj%^\xd5?\x13\
\xb5\xcb\x98\xef\xef\xc2\xc0\x8axQ\xa8\x0a\xcc\xd7'\xfb\
\xdcX\xaa\x03\xc2\x01B\x8bb5z\xe2\xb7+\xa0-\
N\xb1\x82e\xaam\xfb\xed\xd8\xfex\x8f*\xc8`\x15\
5V7/%\xda;\x9fx\xfcq\x0c\xf5\x926i\
\x9c\xb0\x11\xf1\xf8W\xe0\xa9>^\xbf\x1cRU\xf4\x81\
\xd6z\xcdZbUC\xf7\xb9\x0d#\xbf\x13^\xa5r\
\xac\x95\x80&g]2*\xdf\xee\x9b\xf7\xe2\x9e\x0c\xa1\
R\xaa\x22\xb7j\xa9\xa6\xd6\x17m\xbc\xc9\xc2}\xa9\x9a\
\xd5\xcf'\xbc\x22\x89\xf4_\xc9U7\xc52\xe5\xbd\x1c\
\x83\xaa\xc8\xa1\x9aiX\x09\x07\xad\xfb\xf0&\xac\xcd(\
\xf2\xcaemF(\x10\x1b\xaf\x9b6)\xa4\xff\x00\xb5\
1D\xb1\x80\xcfN\x96\xed\x8f\x9e'\xeaY\xf6_V\
Y\xc1\x8a\x9ekm\xfc;\x1cS%\x7fG\xe9\xe4\x84\
\x11z\x95mz<\xc6&\xa8\xe8\xfes=\x0dDn\
A\x86Pt\xdf\xe3\xfe\xf8\xa4\xa5\xcfc\x96n2\x04\
\x9e\xbe\x9f`\x8d\xe7\xe5\x88!\xa9\x93\xed\x9c\x9a\xa3i\
j\xe6 \x88\xbf\xdb\x1f\xb2U\xc5_\xd1\x8d\xd2h\xe6\
\xb7\xb0\x1d\xf8\x8a\xa3.\xff\x00\x89\xe4\xdd\x94\x8e:]\
\xca[m\xff\x00\xae\xec.y\x932\xc3[\x08\xd4`\
T\xfd\xe1\xc2\xdeU\xeb\xa8=\xac`X\xa3x\xd8\xe3\
\xc7\xfb\x80(\xe7\xcc\xdf\x96(rj.$\x0bT\xfa\
\xa7\x92\x9d{J\x97\xfaz\xe2\x9f.\xc9\xa9\xf5\xd6\xcb\
hP\x80\x09\x1f\xc4\xdf\x5c\x22\x18\xe4\xccsZ\x8b\xb3\
\x18\xd7T\x92\x9f\x13\xe09b\xa37\xcc\xea#\x5c\xde\
\xa9Y\xe2\xa5\x92K\x22\x81\xc8[\xbc\xf2\xc2\xe6\xbd,\
\x99\x1d\x8bj\x86\x95\x92\xe1\x0fv\xde8\xeb\xfd \x9a\
:l\x92\xdcU\xa4]\xb6\xee\xb9\xc1\xa4\xcb\x91h\xb2\
\xa4_g]\x03\x03\xabnJ-\x8a\xb8\xf2`\xd9\xad\
e;\xe9\x93\x88\xd6,\xc7\xbc\xb1\xc4Uy\xe6u=\
,l\xdf\xf7*C\xdf\xf8n\xbc\xfb\xf0\x91\x9c\x9e9\
\xd1b\xd4\x9556bO\x81\xbd\xdb\x0dR\x99~^\
jE\xa3\x0ce\xd3\xd8\xee\xdfN)\xf3\x01\xd1\xe5\xaa\
\x9e\xda\xa4zb5#\x7f\xee\xc2RR\xe7\x15\x14m\
%\x98\xd2JM\xc1\xee\x0a[\x97\xa6%\x8f4\xca\x85\
VZX\xb7\x16\x8d\xce\xb4\x00\xddX\xff\x00]\xd8\x92\
\xb3\xa3\xf9\xb7\xda\xf1s|\xbe\xa7\xb6m\xf9\xe2\xa2|\
\xb2\x11%C*\xc9Q\x944\x9f\xb8\xfcD\x0f\xd3\x0d\
\x9a\xd0\xad\xb2\xba\x86\xfd\xbe\x8a[\xeaB\xdf\xa7\x81\xf3\
\xc5>i\x96Tq\xba9V\xe1%][%\xfcF\
#\xad\xa1W\xab\xca\xab\xddVH\x81\xbe\x86<\x88\xc7\
\xda\xd44 \xcc\x14\xc8\xcf\x02\xfbB{\xb6\xef\x1c\xef\
\x8e-;\x1b\xfd\xe4af_Q\xfd\xce-L\xa20\
vPN\xec|\x063\x8c\xcf0\x949v2\xc4\x8c\
\xfb\x01m\x97\xd7\xbb\x19\x8fI\xb3\x99\xb4\xc18\x05\x07\
\xc6\xdc\xbe@c4\xe9]hiu\x9d\x14\xd11\xb6\
\x94\xd5\xcb\xf2\xf9bn\x91\xe7T\xc3M\x19\xf6{\xfe\
\xf9\xc9\xd9\x7f\xd3\xb7\xcf\x159\xdeeZ\xa3*C\xec\
\xa0h\xac\xbe\xb8\x96\xb2\xbedN\x8e\x08\x84\x82;\x80\
/~\xf3\xe5\xdf\x89\xa9\xe8j~\xc7\xa1\xa2Ee~\
\x1e\xcf}\xf7\xf2\xb7v$\x83%\xa5\x8d\x12w%\xeb\
yv\xbb\xde\xdd\xe3\xf3\xc5U%$\xd4\xfdx\x86\x9a\
\xa2\xaer\xa1b6\xdbo\x96\x12J\x9a\x9a\xbc\xde\xad\
\xe3\xd4\x05,g\x86A=\xdd\xdf\xfcb\xa2i:7\
1.\xea\x0c\x05\xbbR\x0f\x13\x87\xa6\x8d\xaa\xfa4\xee\
\xe2\xd2T'f\xff\x00=\xb1\x1f\xdb\x19|\x0d\x97[\
\xd9\xe6Q\xf6\x8a\x9blo\xe3\xfc\xf1IU\x92\xe6\xa2\
\xa3/\xa5\xb8\xa9YG\x11\x82\x93}\xf1\x1eeC\xd6\
2\x85\xad\xbcf\xbe!dF\xf0e\xfdqO=m\
rSflLt\xd9\xa4ix\xa7Ksn\xeb\xef\
\x88\xa6\xac\xa0\xe0\xd38\x14\xf5\x92!\xd5\x04\xa1\xbb\xc7\
\xf5\xdd\x8a\xac\xa31T\xfb\x22\xb9\xb5%\xaf\xa1o\xee\
\xb2\xf8b\x97!\xad\x93\xace\xc5-\x15\x93\xdeM;\
_\x09\x0dT\xfc|\x9e\xa0\x1d\x07\xee\xc1o\xca\xd8\x97\
9\x80ISOS\x17\xfc\xb3\xabM\xcd\xee\x07\x81\xf2\
\xfe\xe2\xc2)\xa9\x96\x921\xd9\x9e}\xdf_\x8a\x0cS\
d3\xac\xb5R\xcc\xdb\xa5;[G\x9b~x\xc9\xfa\
3\x05'\xec-mM/h\x14Q\xcb\xfd\xfcqM\
\xd1\x9a\x1e\x0c\x10\xc5f\xf2\xbe\x9e[yc,\xe8\xb4\
M\xc3\xa7\xa7\x0a$dKjknm\xe9\xfa\xe2\x97\
\xa3\x94\x11q\x92\x16H\xdd\xee\xc3\x80||\xf6\x0d\x8f\
\xb0r\xa9)\xb4P\x0d&*\x9d\xc4\xad\xbf\xcfI\xdf\
\xd7\x10\xf4j\x8f\xab\x9azM\xea\xc4\xc7G\x14\xf7\xda\
\xdf<\x0c\xaf\xa3\x90uzC\x18n\xbe\xcf\xab\xe3}\
\xfc-\xe3\x89\xa9i\xe0\x19\xc6m$v\x94)'\x88\
A\xde\xe7\xd7\x0eg49T\x00Z8\xb4k\xd0>\
x/?I\xda\xfbD\xcc\x84\x9d2\x0ed\x05;a\
$\xa1\xce\xa0\xaa\x82.\xcb\xf1)\xee\x1f\xc9\xf7\xc3\xdf\
\xfe-\x96\xcf\xab\x88\x94\xbd\xa4\x89\xb5[J/;o\
\xf4\xc5.k\x90I%F^X\xbf\x05\x06\xad \xf3\
\xf5\x06\xd8\xa2\xcc(\xe0\xe3\xe5\xb2\xaa\xd3T\xe5\xad\xb6\
\x82yzs\xc1\xa3mR\xf4n\xb2K+\xb1\xb9\xa5\
\x92\xfb\xfcG\xd7\x13\xf4g2\x93E:\xaa\xcfG<\
[\x03m\xb6\xbf\xae$\xca\xa4A\x1es\x95vc/\
\xb7\x11<0\x93\xa4\xf2\xc5\x9dd\x97\x1el\x84\xfe\x98\
\xaei\xa9bl\xb6\xb6\xfcH\xf8\xb71H\x07\xbdn\
\xeb\xe2\x5c\xa6\xa7@\xad\xa1\xf6~\xcc\xdc:\x8d\xaf\x83\
\x11>\xd2\xda\xad\xe5\xfd\x93\xca\xbe\xf2!a\xf2\xc4\xfd\
(\xad\x8e\xa1X\x12\xb1\x19f\xd7pl.<7\xdb\
\x19\xbek \x84\xa5\xcca\xe3\xb5\xb5y[\xf3\xf3\xc5\
V{UY\x1dkI\x0e\xb4\xe1\xea\xda\xfb\xf2\xf0\xc6\
a\x9a\xd4\xd5Sf\x11\xa6\xb9 \x91Ghw\xb0\xd5\
\xeb\xdd\x89\xbaU4g\xac=6\xbd%\xef\xa8\x9d\xc9\
\xf8\xe39\xcf\xb2\xaa9\x1ej\x83\xfb:\xb7j\xfc\xaf\
o\xf5_\xe5\x8a(Z\xd0\xe7Y\x8c\x8fiL]\xb8\
\xd4\x9b\x9e\xeb\xef\xfa\xf9b\x9a<\xc5\xfa\xeeu*\x08\
\xf4i\xb9H\xd9\xadk\x81\xe7\xcc\xe2N\x8f\xe4\x8a\x99\
}\x05>\xf5s\xa7g\xe1\x88\xb2~\x8c\xc2\x86\xa6W\
\xd3\xc7{\x9b\xf8\xbd\xed\xb8\xf3\xf2\xc2\xc3\x9d\xf4\x81\xa4\
\x9c\xa6\xf4\xb4\xeeu9\xf1\xb1'\xf2\xc4\x91Ue\xd5\
Z\xd2b\x88\xcd\xac\x96\x17\xda\xf6\xe5\xccbH\xb2z\
\xaad\xa9\x89\x99\x9f.\xe2\x96\x86N\xee\xd2\xfc\xb0\xf9\
fyJ\xe9\x98\xcf\xd8yc\xfd\xd9KlZ\xc7\xeb\
\xe1\x8c\xf7\xa3\x93?TG\x0c)bw\xbd\xaf\x7ft\
\xf7\xf8\xe2\x18\xf2\xbe\x14\xd5P\xb9\x86\xbe\x99\x96\xc2@\
\xdf\x8a\xfe\x06\xeb|.O2\xc9=&h\xda\xb5\xbb\
\x0e\x14^\x1aO\x8d\xf1\xc1\xa8\x9e\xf9\xb6T\xc6Zn\
\xd7nH|~\x98\xcb\xfaUL\x04uH\xfc\x1a\xa5\
^Z\xc7#\xf1\x18\xa0\xcf\xe9\xd4&_\x98\x94\xbe\xaf\
\xe2\xf7\x81\xfc\xf1E\x98E!\x8f.\xac\xd5\xafH\xec\
\xaf\xfbn0\x93\xd1M\x0c\x11\xc8\x04\xc4;~\xf07\
=>=\xf8\xa8\x86)\x03K\x03i\x91;\xc7\xf6T\
,\x0e\x8b#\xed\xda}7\x1d\xf6\xf3\xc5%\x02\x18\x92\
W\x0b\x19\x8f\x86\x0e\xad\xb7\xf4\xdf\xbf\x14\xb0\xc0\xdc\x1c\
\xc73\x95B\x1b\xf2-\xfe\xd8\xa7\xcb\xd6\xba8\xab*\
\x5c\x97\xab\x90\xdb\xfc\xd6\xf3\xb6!\xcb(\xe6H\xeaZ\
E\x22-vi\x07\x7f\xeaqEC\x12\xa7\x02(\xda\
\xd4\xe6\xed\xa8\x81d\x04\x0d\xf9\x9e}\xd6\xc2Pe\xf2\
\xcd\x14\xeb\xdbE\x8aA\xac\xf7\x92o\xdd\x7f\x0cRf\
5\x93\xb2\xe7\x1dK\x85\x138-\xdb\xb7\x87\xe2\xdf\x9e\
$\xcd\xeb\xdcW\xd7\xb4C\x86\x93\xb6\x9e\x12\xf3\xdc\x9c\
M\x96et\x04\xd6W\xc7\xc7\xac\xe1\x82\xec\x06(\xb2\
JI$9\xc5R,o+\xb5\xfa\xba\x93}\x03\x11\
\xa44\xc3>\xce\xf6\x85\xea\x02\xd8G\xb6\xca>XZ\
\xea\xdaJ\x16\xa3\x22\xd5\x10s\xd2/\xdf\xfd\x1c}\xa5\
\x91\xd5\xc3EN\x8a\xc6i8Z\xa7N\xf2\xb7\xc5\x06\
s7m\xe9[\xabWug\xf7\x93\xc6\xe3\xbb\x7f\xcf\
\x14}$\xcb\x918\xd1\x0e\x10Y\xa4 \x0b\x1b\x03\x7f\
K\xfc\xf1I<Q\xc2`\xcd\xd7L\x92\xf1ve \
)\x00r\xe6A\xc6q\x91\x0ay\x19\xe8?i\x80\xce\
\xdd\xa0G\xbcE\x87\xc7\x19NuQ\x97\xf5\x8a\x9a\xc5\
\x14\xd2I}!\x0d\xecM\xbcJ\xdb\x19\xfeSME\
O\x1ci\x0e\xa1\x14\xcf\xd9\x91\x86\xf7\xdf\xc8\xfd1\x16\
EY\xc2YdN\xb5\x97N\xact\x9e\xf2\x9f\x5c,\
\x16\xd1\x98d\xee\xc9$g\x99\x03\xbb\xe5o\x96:?\
\x99\xc0\x9dfZ\x19\xe3\x8e^\xe6\xd8n>\x83\x145\
\x90B\x16\x8f4\x88\x09[N\xfa\x82\x92?O\x97\xf6\
eYT\xf0-L\x92I\xc6\x00\xb5\xb4X\x1b\x1f\xcf\
\x0dM+\xb4QS\x04\x89&\x03\xb2\xb2\xb3n\x0f\xc2\
\xd6\xf5\xc6E\x96\xa0=R;T\xb7\x87g\xfa\xfa\xe2\
:I\x8b\xbbR\x91 R,\x88\xa3I>\xba\xaf\xf4\
\xc7\xec\xa9\x1c\xb2\xd3\xce\xa6i\xf8\x9d\xa4\xd2\xa6\xea\x07\
\x85\xed\xf1\xbe!\xcb\xe5C\xa3\x8d\xd9P\xb6\xbc`\x1e\
\xd6\xafPv\xc5<\x5ci\x19i\xd1\x96E#\xb0J\
\x1e_\x9e\x17,\xa2\xad\x82\xa7-\x95\xa2\x92\xc0\x03\xa5\
F\xe7\x7f\x86)\xf2j9\xb81pu\xca\xdc0\xf6\
\xfe\xb6\xf9\xe2`\xb52EOC\x15\xb5Fy\xaa\xda\
\xea\x7f\xd5\x8c\xe7:\xad\x92(\x03\xcd\xa2\x0a\x89S\xdd\
\x1d\xdf\x9e)\xa6\x10\xc36mV\x19:\xc2l\xdc>\
\xe6\xf5\xdcb\x0a\x0c\xce\xa2\xa2\xae\xb6\xae\xd2\xba<\x8f\
`\xcd\xe5\xf0\xef\xc4\xd4r\xc9\x0b\xd1\xf5}\x02$\xdb\
\xb1\xf7X\x8f\x9e'\xe8\xfc\xf1\xd3\xc18\xbf\x0bF\xfc\
E:\x88\x1e\xa0c<\xca\xd2u\xcc*\x15\x18\xf0x\
G\xb2\xcat\x9e|\xfb\x8e2\x97\xaaX)']z\
Z8\x83\x01\xd9\xec\xa8\xb7\xbaM\xfe\x98\xc9\xa5h\xa1\
\x9a\x9b1\xa6X\xdaP\x9d\xb6\xd7\xb6\xe7\xe5\x8c\xc2\x19\
\xaa*!jIR\xa1f\xaa\xdc\x9d\xb4[c\xe2-\
\x8c\xb2]\x10\xb45\xd4\xb6\xeb\x17>\xd0\x95\xb5\xfd{\
\xb1\x04\xc5\xe4\x96\xaf$\xaf(\xc0\x1b\x11\x19?\xccb\
\x96\xa9h\xc2\xd0f0\xa4l\xff\x00\xf5\x03[s\xe6\
1\x9c\xe4U\x1a\x96\x0a\x95\xeb4\xa4wX\xf3\xbf\x8e\
\xf8\x97.-,\x15\xb4\x92\x9bk\xf7\xaf\xef/\xe7\x8a\
G\xaa]\x15&1\xc4\x04[|C\x00\xa8Q41\
\xf1Z\x1e\x0d\xc9\xd8\x81\xdb\xee\xf7\xb1=\x1c\x941R\
E\xc4\xeb\x0du\xbc\x8fa\xd9\xdf\xd6\xc7\x12\xc3i5\
\x22/8\xf5.\xabw7\xdd\xd8\xe3\xa4\x97\xa7\x1dj\
&\x0a$\x0d{\x8d\xf4\xaf\xd3\x19\xb6q%\x17\x02\xa5\
!\xf6\xb7\x7f\xdeM\xb9{s\xda\xf6\xc5Ml\x92<\
\xfc8L\x88e\x16bZ\xc3\xf4\xc5~m4\x11\x04\
\xedF\xc5H\xd9\xbc\xb1\x98\xd1\x19DN\x88\xcb\x08X\
l\xf1\xf76\xe4y\x03\xf1\xc4\xf5\xd0E\x5c\xc2\x14\x95\
'\xa8\x9a\xda\x5c\x8b\x01kywzb\xb7;\x87\x89\
Y%{\xdb\x815\x93\xb5sq\x7f\x9e2\x0c\xba\x08\
\x04IWP\x92\xf5q\xba\xdb\x9b\x03\xe5\xda\xc4+J\
\xa4\xb4\x0di\xdcI\xd9\x11(\xe4W\xfc\xc7\xe9\x8a\xdc\
\xeeD\x84\xe5\x94\x92\x1fn\xd6\xd4\x81\x14\xda\xde\xb7\xbe\
2\x8a\x98\xd7U\x0dT6f\x08\x0f\x0f\xd5\xbe s\
\xc2T\xa5DM\x0ee*\xa3'\xdf^X\xcf\xa8\xdc\
M\xc7\xbc\xfc+\x01\xa1\x14\x9d\xcf\xcc\x0cf\x91\xadG\
j\x19\x12k\xa8#E\xcd\xad\xf2\x1f\x5cth\xcbK\
\x1c\xb2u\xb1\x00\x9aa\xda\x8d\x16[\x0b|1\xd2\xba\
~\x17Y\xa3x\xe4\x96D\x06\xdd\xa5k\xf3\xf5\xbe:\
7\x98\xc3M\xd4\xe9\x91\xb8*5]SC\xed\xbf\xf5\
\xcb\x1d'\xc9\xa7\x90\x96\xaaS*\x10\xbd\xe3u\xfab\
\x18\xdbR\xd5\xe5\xf5\x01xv\xb3\xdb\xee\xed\xfe\xa1\x8e\
\x8fg\xf5|Xe\x0e)'\x8d\x97\xba\xec5\x1f\x5c\
G.\xb3\xd5\xb3E\xb3\x82\xdf{\x97\xe7o\x9e&\xd7\
\xc3\xea\xbaW\x87o{W}\xfe\x98\xae\xad\xe2\x19\x9a\
\xa1F\xee\xdb\xa7\xf0\x81\xe1\x8a\xd6\x86V\xa8q\xc42\
\xb9\xe4\xa3\xb8|1\x98\xf1'!a\xd6^.\xe2\xda\
\x88\xf8\xed\xdf\xe9\x8e\x94\x16\x8eE\xbb\xb4g\x84\xc7Q\
7~^{\xe3=\xa4\x88\xb2\xc6\xba\x1c\xbdoeC\
\xf3`~X\xe9\x16iOb\x0e\xca\x92\x80\x80X\x16\
\xee;\x0d\xf1\x98u\x85\xe1I-:O\x1cC\xbdM\
\xcf\xd3\x15\x12\xc9V\xf2\xeb\x8aY\x9e\x02\xa7\xb2\xd7]\
\xc6:G5%=D\x0e\xa1\x95\xdav\x22B\xfa{\
Mn\xeew\xc6O\x93\xad\x13U\xa4\xd2%\xe2\x0df\
Q\xde\xff\x003\xf5\xc5\x08\xea\xf2\x08\xa9)\xc3$\x83\
\xdc\x1c\xf6\xfc\xb1\xd2<\xd1\xc8\xd5;\xb44\xba|\xdc\
\xff\x00<f\x93M\x1a\xd3\xcbY(\x88(\xfc#c\
\xff\x00\xbb\x19;;\xaaL'\x05V\x91\xbb\x12(&\
\xff\x00\x0bc.cN\xee\xbc8\xdb\x8a\xbd\xde\xfd\xbe\
\xb6\xf9c3N\xb2\x1a\x9e\x9a2\x8b\x0f#\xdd{|\
F3\x04\x87+\xd1<F!;\xd8\xe9\x97\xb5\xfac\
\xa3\x0f\xc4\xea\xab\x14\xcc\x85\xc8\xd4\x03\x0e\xff\x00\xa6*\
\x0fW\xe3\xc7\x98DU#R,\xfd\x91\xcf\xe3\x8c\xe7\
\xedn\x13%,\xbaS\xab\xc6\xac\x22>C\x96\xc4\xfe\
x\xe8\xf5u#\x9b\xe6\x0b\x16\xb2\x14\x0d]\xc7\xd3f\
\xc7Hr\xba\xa9\xe45\x12~\xed\x8b\xf6\xce\x92lo\
\xe3\xc8\xe2\xb6\x86uz\xa6\xa7m2GP\xda@<\
\xedq\xdc1\x96W\xcb\x12\xe6<\x13\x1f\xb4\xbe\x92<\
w\xee\xdc[\x10V\xab\xba\xa1\x86\xdc\x12<ln}\
1\x9a\xd5\xc4\x16*\x1dF\x02\xa5\xf5\x17u>\xf7\xe7\
\x8c\xd8\xd53\x17e\x93\x89*\xad\x94\x1b\xef\xbf<f\
U\xfa\xb5SI\xd9\x89\xcb\x0b\x91~dc\xa4\x0bO\
Z4\x99H\x8e\xab\x9e\xf6\xf7\xb7\xf8c\xa4\xadS?\
\x16N!\x81\xa7\x1c\x9e\xc0(8\xce\x12\x91\xe1\x95L\
\x05xpj._I\xdc\xdf\xc7m\x87\x86\x16\x875\
\x93EDt\xc7\xab\xc5\xa7\xb5\xa0\x9e\xf3\xf0\x1bb\xba\
\x9a(x]N=&\xa1\x87\xb4gbu\x1b\xfc9\
b)\xe9\xdeJ\xae\xb7T$\xa8\xeb'\xc1\xac\xff\x00\
\x968\xe6^=?\x00\x9b)\xfd\xd2\xf2\xb7\xcf\x19\xe5\
n\xa0\xe6\x15X\x04A\xb7f\x0c\xe2\xd68\xa4\xcb\xe3\
-S+{Y\x80\x8f\xb4\xa3\xbba\xcb\xfd\xb1\x97e\
Z\xaf\xd5c\xebs\x97\xbd\xaf\xc8&\xde:\x8f\xcb\x1d\
\x1c\xcb\xa9\x82\xd3:\x87}M&\xc8O\xdd\xbf\xc4\xe2\
\x86\x96\x13\xc0H\xe1W\x97\xb7\xfb\xc0\xb7#o\x8f\xe7\
\x8c\xf5\xba\xb4\x08\xd1!n0'\xc0c\xa4\xa6B\xc2\
KX\xf6\xbc\xb1\x97\xc9W\x11u5E\xc5\xbe\xef0\
?,eujX\xc3/\x0fGx\xb5\xec\xc0\x7f]\
\xf8\xe9tQI<m\xc1\x9ab\x1fk8bn>\
\x98\xca*\x13W\xda4\x93\x94\x04\xb0R\x017\xe4y\
\x9fw\x14\xb5\x13\xfb\x13QM\xd9~\xe7\x93\x96\xff\x00\
\x0cgt\xb5\x07\xb55\xdd\x95\xb6\xde\xfb\xed\xf1\xc5v\
L\xcc\xad2<\x8anvV\xbfd\xe1\xb8\xe66\x92\
\x9aN\x06\xa8\xf7\xd5`7\xc7Hi\xa9\x8e\xaaE\xa8\
\x05}H\xedo\xf0\xc7HhV\xef\x0cs\x5cj7\
\xbe\xec?A\x8a\xca\xca\x09f,}\x9c\x90;\x5c!\
\x1f\x9e3*SD!\x96\xfa$\x8d\xa4\xba\xbbi\xf2\
\xe5\xdd\x8c\xfe\x8auH\xbd\xa9dV\xfd\xda\xf7\x82/\
\xddq\x8a\xea\xa2a\xd1*\xe9\xd0\x1fpy\x8d\x87\xae\
*z\xd3\xaa\xd5\xe9u\xb1\xb9.o\xe2|1\xd2\xd8\
 \x91\x18\xbc|R\x5cn\xa4\xeb\xec\xb65\xcb\x97\xf5\
>\xa2\xae\x8b\xaa^\x1crI\xe0\x06+:C%\x85\
e{\x94\xa7\x87r\xa9\xb9\xfdnq\x98\xe79\x9ff\
\x95\xddd\x8d\xaa\xe3\x1cF{nW\xe6yb\xbf8\
\x86I\xa3\xa71\x9e2\xcc\x05\x87-\x22\xff\x00\x02q\
;\x0a\xaf\xf8$\x92q\xb8b\xc7V\x82\x02\x8f\x11{\
c3\xcc\x14\xb4\xb4\xd4\xb2*B\xcb.\x9e\x09\xd5\xb3\
[\xe1\xf5\xc6Y;\x08\xe4\x91\xa9\xb42\x9b\xea\x8c\xf0\
\xf5j\xff\x00\xd5lt\xb6R\x15f\x8a'K\xaf\xde\
\xb9ss\x8c\xea~\x17R\xeb-\x1a/Y\xbf\xbb\xe3\
\xcb\xcf\x192\xcc`\x86\xd2\x9bC\x11\xbe\xb09\x1d\xbe\
\xbe\xb8\xc8\x04\xb5\x10\xacq\xb4n\xb0\x83\xedI'\x9f\
\xa7dc2N9\x95\xe6Y\xc4\xb12\xfb\xaam\xdf\
\xf1\xc4\xacj\x04\x92E\x98\x1dL\x1b\xb4,4\xe3\xa1\
\xd5\xd2H{h\xa5\xb5\xf2\x1b\xad\xce%\xb5d\xdd}\
\xc9\xd4$\xdf\x89\xaa\xc6\xc2\xde\x18\xce\xe8\x12\x18\xa2H\
\x1dX<K\xbb\x927\xbf\x9d\xf1\x9cP\xeb\x99\xd29\
\xd8\xc5\xc4K\x0e}\xae^g\x19\xa9sN\xa6\xa6^\
$i\x0e\xd6[[\x963V\xd0.\x89\xa5\xe5\xb1\x05\
\x9bQ\xde\xdd\xdf\xed\x8c\xee\xa2m\x83\xcfvE[\x00\
w\xbe\xd8\xaa\x9f,\xac5\x14\xd56a\x1e\xaf\xdd\xf3\
\xc4\xd9%D\xc9V*\xa4\x95\x17\xda\x16(\x16\xe3C\
_\x97~%\xcbj\xa9[\xac(\xd3\x15N\x9dLW\
\x98\xbb|\xfeX\x8e\x9d\xb2\x98\xd2G{\x0a\x88\xc7k\
\xb7n\xd7\x9f6\xc4\x19D1\x9e-T\xa8j\xb4-\
\xaf\x16\xfc\xdb\xe1\xf4\xc5\x0eE\x0c\x8f\x1d-*\x19g\
\x8a\x1bh_\x0f\x8e(r\x1a@\xa7(\xa6\xdd\x9e1\
\xf8F\xe0\x1f\x96\x1b*\x8e\xa1\xa9r\x8c\xa1.\xf2^\
\xe3Q\xfe#\xe1\xfc\xf14M'\x1a\x5c\xc2]\x1a\xe3\
\xfc$w|\x01\xf9\xe1a\x89\xd6,\xe76\xb2\xa5\xdb\
{\x13\xfc\x8f\xd7\x19~K\x5c%\xeb\x99\x8c\xba\xe6h\
\x0e\xd6[\xd8~\xb8\xcd\xd28\xa0aO\xfb\xb9O\xef\
\x05\x94&\x91\xe5\xb1\xc7H\xaa+]\x04\xb5\x04\xa1\x97\
]\xc2\xfc|\xaf\x8c\xba\x0a\xb7z\x9av\xaa(\xf2S\
\xb6\xa2\xc9\xda\xd3k\xfa\x0ctN\x19\xa9\x0dk\xb2?\
\xec\xfa\xf4\xfb\xd6\xdf\xe7\x8a4\x9e\x97\x8b\x1a\xd3\x8e\x14\
\x80~\xe9\xf7\xe7\xff\x00\x90\xe3<\xaazAO\xd9\xec\
\xcc\xc7\xb8m\xe9\xdd|V;\xc7\x1c2\x1a\x93\xad\xe1\
\x1d\x92\xd7\xbd\xcf\xe5\x8e\x89Uk\x1aUV6\xd4v\
\xde\xc7\xf9\xe2\x92\xa0*\xb0\x9f\x86\x0d\xcd\xf9\xf6~\x18\
|\xb7\x8cM%sqW\xb0\x09\xb9\xf18\xab\xcb\x89\
\xd2\xa6>\xb1\x10\xbf=D\xea\xf5\xdf\x15nc\x8dz\
\xacB \xc0\xdd\xdbV\xfb\xfc\xb1\xd2:\x88\xa2w\xd3\
6\xa2\xbd\xe5\xf7\xec\x8f\xa7\xcf\x13\xba\xf6f\xcc}\xb2\
\xc6\xc3\xb5\xb2\x8b\x8cf\xba\xe2\xd1WJ\xe27\xea\xf6\
I\x00\xdb\xb4~\xbb\xe3*\xcf(\xe9\xfa\xe2\xd5\xacL\
%\xe4\x03\xf27\xf5\xbe3\x98)\xa2H\xe4\x9a\x05\x96\
9\xa6\xde\xef\xfc\xaeqzf\x11\xf4\x86\x8a\xcb$\x87\
\xd9\xbb\x0b\x1f\xe6~X\xcbk\xc5Lo\x9c\xa2uC\
\x13\x06 \xbf~\xc3\x97\xae*\xb8\xb2\xf1sj\xddm\
\xd8\x1b\xb3\xf9y\x0c._K,pgy\xa3\xdc\x10\
\x0fb\xe7\xf2\x18\x8b\xa3\x9da\xfa\xec\xea$\x9aE\x8e\
\xfco\xc5\xab\x19],<9(i\xd1\x8b\x8ek\xb1\
\xb3\x8b|\x86\x1a\x19\xc0\x93.\xa1\x8c\x85\xd2H\x11\x85\
\xef\xf9\xe2\xaf6N/P\xa2\x84\x84-\xcb\x97\x87\xcc\
\xe3\xa4\x95\x89$\xc6\x16\x83X\x95\x92\xcd\xfc[\x0f<\
2J\xf2\xf0\xe5QS \x1b\x1d;\x1d#\xe01\x91\
\xe5\xd9t=X\x13\xd6\x0a\xb4\x961\x8e\xe1\xff\x00\xab\
\xe9\x83GK\xc0\xea\xf4\x91\xc5\x03jn\xdf\xe2>\xbb\
b\xad\xf8\x8a\xd1\xc7Mh\xc0}c\xbb\x97\x87<t\
\x8d\x1d\x9a\xaaIY\x9e(c}^\xf3:\xfc7\xc5\
L'D\x13\xf5\x87\x84\xea\xf1\xbd\xc8\xfd1\xd1\xe6U\
\x8eb\x80(\x7f\x11\xa7\xf2\xc6AX\x94\xcb\xd5\x82,\
\xab\xe3\x7f\xc3\x8c\xba\xbc@i\xa3\x94F\xb0\x997\x05\
O?\xcc\xe2<\xc3B7\xb2\xd1\xac\x93\xa9y\xf2\xf9\
\xe1YR5\x9eU\xed\x1f\xbc\xca?\xa1\x8e\x93R\xd2\
,\xa97\x1bZT9\xe6\xcc\xb7\xb0\xf4\xfdq\x90\xd6\
\x1e\xb1t\x90F\x81m\xf7\xc5\xbbx\xae\xca\x0d\x17\x09\
+`\xd4\xf5H7bus\xf9\x1cf=\x19\xbe\x8a\
\x9ab\xc2\x03\x1d\xc3\xb6\x83}\xfd\x7f\x5cQ\xc9OZ\
\xbfn\xe5\xa1]\x9bA\xb9R;@\x8e\xff\x00\xeb\xc7\
\x09\x9ae\xb5\xcf\x05}$%$\x85Gi\xc8\xe5`\
{\xaf|u\xaa\xbdyFu\x1b^cL\x87\x8a\xa4\
s6\xf0\xc4\x95T\x95\x92\xe7\x95\xf3-\x81\x9aK\xd8\
s\xb7-\xb9r\xc2\xe7Y\xd3E&m\xda\x09b~\
\xf7w\xc3\x19\x8fI34\x82\x0e\x22iB\x97\x1a\x97\
\xf1o\xe3a\x8a\x9c\xcdi\x08\xaf\xab\x0c!\xbe\xf2\xba\
\x9e\xd5\xcd\xbe\x7f\x01\x89\xda\xaa\xa3\xabTf[\xad\x92\
\xef\xa7\xc3\xfa\xf1\xc5&X\x92Uq3\x13\xaaM\x1b\
\xba\x5c\x01a\xf1\xb0\xf9\xe3?\xa4\xab\xa8]\x14\xee`\
\xe2\x22\xdfM\xc0\xf9\xfb\xd8\xe8\xce[\x1c\xb3/\x18\xaa\
\xb6\x85\xed\x95\xb6\xdb|F)\xe9JoE\x0f\x14J\
\x1a\xde7\x16\xf8\xaf\xcb\x1d#\xcf\xa6\x8a\xcb\x17\xb3S\
}\xdfs\xf9\xf6q\x95\xe5B\x05\x12\xbd3\xcc]O\
\xba\x09\xbd\xbc\xf1\xd2>\xad:\xcfX$+\xc7\x89\xf4\
\x91m\xfe\x16$\xe0\xc9P\xce\x84\xd5\xf1\x14\xda\xfa\xcd\
\xad\xfc\xf1\x93\xbd5:\xd4\x81\x10F\xd5\xcdy\x0b\x8f\
=\xb1\x95e\xd5cU\x12\xd3\x8e*\xdb\xb5\x1b\xa8\xda\
\xcd\xf1\xc5,Qp\xd1\xa8\xbbe\x05\xc8\xd2\x01\xe5\x8c\
\xb6^#QK\xa5X\x80\x03j\x1e\x06\xf8\xca\xea\xe9\
\xc6\xa5B\xf1L\x09\xd8!\x17\xbf\xcdF3\x1a\x03\x03\
\xa4\x15\x87\x8a\x87U\xc16\xe7\xf4lf\x19WW\xe1\
0gh%\x96N\xd30mZ\xb9r\xdf\x14\x19\xdc\
\x15+\xd7r\xbd\xea\x13IK\x91\xb9\x18\xa6\xe9\x17G\
4T\xbd\xb8u\x09\x19\xf7\xb1\x97\xf4\x96\x92&\x82\x18\
Q\xa4\xa9\x89v\x93\xe5\xcb\xd7\x14\xf9\xf6L\x16\x96y\
\xa1\xd7\xa5e\xd2D\x97\xe7\xcb\xd7\x11\xc7\x9d\xe43\xbd\
`\x8e\xd2O\x03\x05\xd4\xbb\x03b?,\x192|\xa2\
,\xb28\xcf\xb4\x92\xb9x{Z\xf7\xdb\x9e>\xd5\xe9\
=LP\xd02\x84\xeaI\x15\xc3\xf7\xee\x0f~!\x89\
\x1e%\xc8\xc2\x87g[\x1e'\x92\xfe\x1b[\xeb\x88\xf8\
5\x00\xd1\xd0)\x8fDl|G\xe65\x0c<r\x8d\
B\x85!x\xb7\xec\xc7\xbf+r\xee\xe7\x8a\xce\x90\xcb\
$mK\x00t@W{/+\x1e\xee\xfe^8\x0d\
8\xe2\xbd}Ln\xea\xac\x1f\x99\x07o\xfc\xb8\xc9\xa1\
(d\x92($*K{\xbb\x0d\xf1\xd2\x0a\xf9\x03D\
h\xd4\xc2\x92\xe8\xfb\x9b\xfc\xce\xdf\x96(h\xc5M\xe6\
\xad\x98L\xdcC\xf7\x07\xf2\x01~\x98\xad\x8cRhT\
\x81\x91*\xaco`B\xfejq\x9a\xea\x05\x9aj\xbd\
n\xf2\xec\xc4\x06\x17?1\xf5\xc6_<\x90u\xca\x12\
\xe4p*\xbb\x0d\xba\xdbkxo\xbe2\x11A$\x94\
\xa2Tb#\x0d~\xc9\xb1;\xfa\xe2:}^\xce(\
x|=\xfb\xd7Qlg\xd3\xf0\xe6@\xa6F\xa5\x97\
\x91\xd3\xe5\xe9\x8ai\xf8\x5c!m\x16\xd5{\xdb\x99\xf9\
\xdf\x03P\xbd\x8d\xc6\x22\xcdj\x97z;\xd9\xfc\x03l\
qA\x9c\xc2\xb3\xd4\xddx\x1c\x08w\xd6\x0e\xfc\xbd/\
\xf4\xc2W%3>[^\xba\xa6$[Cx\x9f;\
[\x14\xb5\xb1=/\xd8\xb5G\xb6\xc1l\xdc\xae9\x0d\
\xfc\xb1\xc5*\xf5\xb96du\x86\x1b\xf0\x9c\xfe\x87\x15\
PK\x0dfR\xf27\x11*ie\xd3\x13\xf9\xe9\xbd\
\xbe\x18\xeb\x19fu\x04\xd4\x8f\x18*\xb5\xcc\x5c\x13\xde\
o\xccb\xa71\xcd\xf3d\xccb\xa5\xb7\xec\xf4\xea\x02\
+\xfe\xa7\x10f\xd5\xf1\xb5\x1eEN\x97\x8e\x1a\x9f\xf9\
\x8cG;b9\xe2\xbd\x0fFr\xdb\xf1#\xe4e#\
\xb8\x0f\x8e*sz<\xbdb\xebR\x08)\x82m\xc4\
\x0a\x0d\x98\x8e\xee\xfc!]K_\x99\xce8\xd2}\xeb\
1\xff\x00\xe3\xe7\x8c\xbf\xa3\x09\x14\xf3S'ne\xa7\
\xec\x8dD\xfd\xebr\x1d\xff\x00,<\x8f\x7f\xb3\xb2X\
\x87k\xee\xeb\x07\xeb\xcb\xe9\x8c\xce\xbe\xa6=\x0ei\xcd\
B\xc8\xed\xff\x00-\xad\xa0\x11\xdd`\xa7\x15\x0b$\xf1\
\xc9Y_5\x89Cu\xdf\xb8|\x01\xc6U\xd1\xf8 \
\xe2\x08\xe9\xf5<\x8d\xf7\x00]\xbf/\xae:K\x9c\xfb\
\xd24\xfaC1\xe6{\xbe\xad\x8c\xbe\x19e\x95\xea\xeb\
c\x0d\xb729\x9b\xf9o\x8e\x8f\xe5\xf0E\x1d\xdd\x13\
\xb1 R\xac\xc1v]\xf1\xd1\xda\x09\xcf\xb0H\x82\x95\
T\xbd\xdba\x89J\x80\xa2\x8e\x97A\xed\x0b\xb1\xdb\xbb\
\xfdX\xcd\xe9i\xe2\x9e*mV\x0d-\xf9\xdc\xdc\x0b\
\xf7r?\x1cWRKs\x1d=[\xc7\x1b\x11k\x81\
\xfd\x93\xe59\x93\xc7\x18\x98\x03\x18f\xb7\x10\x7f;\x8e\
X\xac\xcak\xaaG\x01\xa5\xbd$\x85\xf4\xc8o\xbd\x94\
xb\x5c\xb38\xaeJ\xe8j}\xa4\x1diF\xfb\xee\
\xbe}\xd8\x8f*\xadUzZ\xa7+L\xc9\xb6\x93k\
\xda\xd6\xec\xdb\xbb\x9e\x1a\x92\xa6X+\xf2\x97\xba\x81 \
<P?\x5c,\xd9<\xddr\x93ul\xaf0^\xd7\
=\xfd\xecSk\xc8TN\xe01\x828@\xd0\x7f\xcd\
\xdd\x81S\x9d\xc7\x14P\xd3;J\xb4\xb0\x9d\x9f\xc3Q\
<\xf1W\x97<0\xd0P\xc7b\xb3\x01v\xb6\xd6\xd2\
\xdf\x8b\x99\xc5\x16SO\x09\xea!\x83\xd5\x17\x86\xea\xfb\
\x1fx\xfc\x07\xc7\x02\x86:N\x1d\x0eSi\x92\xa1\x0e\
\xdd\x93\xb8\x03\xe1o\x81\xc0\xe9E\x5c\x92\xc3OO\x1b\
~\xcf \xb5\xad\xee\xed\xe9\xbf\xae3n\x91\xd6\xabI\
\xd7%\x0b\x02\xf2,9\xf7\xff\x00]\x9ce\x99S\xac\
K_\x98\xca\x0c\xcd\x0fz\x83\xa8\xfa\xed\xb63\xfa\xa9\
F\xb8\xea_\x83\x02D57.\x1f\xe7\x8e\x8ed\xc2\
?b\xad\xc4\xb7\xe1U]\x87\xc6\xc7\x1d\x22\xcfJ/\
\x01)\xda\x18_W\xbd\xa7c\xff\x00\xdb\x8a(\xf4\x94\
\x86\xb6e\x91\xa2W\xedZ\xdbZ\xfe`\x1cdy\x7f\
\x0a\x0a\xb3\xc1\xea\xa6\x1e!\x0e\x15\x80\x05\xad\xe1a\x8c\
\xc2A\xa5\xe0\xcaB,J?\xeaw\x9f\x87,d\xdc\
9]D\x86 V\xfb\x1e\xdf\x86'\xf6Q\xb8\xa8\xd7\
\xa9\xc5\xce\x95\xb7\xff\x00\xcf\xcf\x19\xb4r\xc4\xd14\xda\
\x9bK}\xd2\x08\xdb\xe5\xf9c5\x8ae*c\x98\xf1\
/\xcb\x88Y\xb9yi\xd3\xfd\x9c9.\xb3G\xda\x8a\
E\xe6\xa7\x0bE[\x04q\xe7\xd1\xc3\xec\xb8\x8c\x0b\x9b\
}\xf0|\xed\x892\xbc\xea%\x8b3\xa7\xba\x8e\xd7j\
\xe3\xefb\x1c\x8b7s<\xabn\x05K&\xcf\x7f\x0f\
1\xe3\x8aCK\xa6\xab(\x8d4\xbb\x12\xcf9\xfe,\
3\xac\x959vi*\xb1I\x1b\x5cf\xc3m^\x18\
\x86Y:MK\xd56\x8fUB\x83\xa8\xff\x00^x\
yi\xa2\xfbv\xa8\xc8\x18C\x13\x97Um\xb7\xb5\xf1\
\x1e[KK\x18\x9em\xa6\x99\x1fH\x89o\xb6\xd7\xbf\
!\x89\xf2*\x0c\xc1$\xcf\x9d/=L\x97\xfc\xfcw\
\xc1\xc9hf\x8a<\xcem\x0a\xef{\x16c\xdf\xf2\x07\
\xe5\x8c\x97\xa3\x86QP\xf5\x13\x8e\xb2\x9a\xbbE}\xe3\
\xf0\xdb\x14y\x0aC\xd6iQ5\xca\xb1I\xa7\x85\xdc\
\x09>^\x18\xae\xcd\xbb',\xa0\xa6\xd3Kb\x18r\
\xdf\xe3\xb7\xd7\x19f];\xbc\xb5\x15\x0ek\x9c\xa7g\
~{\xfcH\xc5t\xf1\xb4\x8e\x94p,|\xfb\x1a\xfb\
W?\xa7\xcf\x19\xa8*\xd4\xadWVB-B\x1eE\
\x85\xbe\x98\xc8\xf2haT\xa6\xa7Dn\xb0W\xdd\xfe\
\x10}\x17\x19\xc5v\xadkI\xd9]\xbe\xf7\xbb\xfa\x1c\
.\x92^J\xea\xf0\x17\xb3\xca\xed\xbd\xff\x00\xd4\x08\xc5\
0\x83/iZ\x9aH\xa3Y\xdb\xdc\xe5\xa9\xbe\x87\xe9\
\x8c\xf2W\x96\xd1\xa1ed\xe7\xf7\xb6\xc6}\x9a6\x8b\
\xbc\xfaC\x7f\x0f\xf5lM2\xca\x93{f\x1a\xe3k\
\xa9\xf0\xb7\xc2\xdf\xd8m\xcf\x14\xc8j\xa1\xa4\xceb\xf6\
\x91:\xee~\x17\xde\xc7\x11\xbdu2\xd1\xe6\xd0o\xa8\
\x1b\x13\xdduo\xbc0\xd3V\x08\xc8\x8d\xb5\x06\x1fu\
|w\xc5<\x8b_U\x1d<\xced\x1a\x13\x8c\x8ds\
s\xbd\x8d\xb9\xe3\xac\xae_\x95\xe6k\xc4\xba\x12o\xad\
;\xb7\xb7<M\x0dN@\xed\x0cG_\x0d#WV\
o\xe1\xc4pe\x994\x14\xf4{9\x92N\xcd\x87\x81\
\xfe/\x9e,jE~g4\x8b\x13i\xb7\x10\xef\xcb\
o\x0b\xe2\x9d#\xff\x00\x88f\xd2\xebX]\x93\xdd\x0c\
\xd7$\xf8\x9b\xe1\xd6\x9d\x8d\x7fI\xeb\xd3Y\x92M\xb8\
\x0b\xe2|1[4\x17\x91\xe9\x91\xd5\xaa\xe7>\xf4\xc6\
\xd7\xdc\xf8X|\xf0\xf9\x85AJ\x8c\xcf2\x16\x8f\x86\
{M\xab{\xf9\x9d\xf1\x94tr\x99\x9d\x1e\xbd\xbd\xa9\
>\xf0[]\xbf\xaf,fY\xb4\xfaR\x8b/\x06\x92\
\x229\xb7-_]\xb1$\xb4UL\xf3\xe6S\x01\x14\
\xf2\x0d<0|}\x06\xacdts?\x16\xa9\xaa\x11\
]\x94\xdfY\xb1\xfex\x05j\x09\x82\x9a\x9c;\xc2\x0e\
\xc2M\xc0?#\xf4\xc6wS*\xc5\x0c\xb5=\x91\xa2\
]!\xbd\xee\xde\xae\xe2uc\xa2\xf9(\x95\xbd\x9b$\
\x84\x0e\xfd\x1c\xef\xf2\xfc\xf1\x98\xd4\xabI--*\x96\
Q{.\xb0\x02\x7f\xf9c\xa49\xcak\x8a&\x90\xb5\
\xa7\xfc\x5c\xfb\xb9\xfb\xd8\xa9\xcf\xa6\xa7Za3\x9e*\
\xc29\xf6\xac?<u\xbas'\x0e\xa8\xf1@\x90[\
H\xf0\x03\xbb\xfbC2\x06#\x91\xb7,CO-\x1c\
5t\x12\x0b\x99K\x0b\xa1\xee\xdb\x13\xcd\x1c\xcd\x99\xe5\
\xc4\xdd\xe8\xdd\x01\x91G\xf0\x7f,@r\xf9l\x11\x09\
\x8a';%\xfe\xeb\x0f#\x84\x93\xec\x98\xf5\xbf\xef\x9a\
\x92{\x0b\xf8\xe96\xbe\x1e\xa86cb\xbd\xa8L\x8d\
\xa7\xe5\xfc\xb1QC\xd7\xb3H\xfa\xc2\x98\xf8n\xb2X\
\x7f\x94\x91\xfa\xf7\xe1NM\x96\xc9QV\x10\xc7OQ\
<@\x13ck\x96\xf2\xc0\xccM!\xad\xcd\x16\x05\x8c\
.\xab\xb1=\xff\x00S\x89\xe7v)\x9df\x8c;\x0c\
C\x18\xbcM\xbc\x07\xe81\x96drT<\x8d34\
\xd3\xd9?z\x06\xe7W\x80'\x13Wq\x19h\xf2t\
T\x8d-d\xb8\xb9\xd5\xfdxc3\xe9=Hi\xa6\
\x91\x9a:`\xa9\xb8A\xca\xdf[\xe3%\xcb\xd14T\
U\xcb\x10e\x97\xbd\x8e\xe4\x9f\x8e2\x5c\xba\x1e\x19J\
\x7f\xda$\x1an\x05\xac\x06\xdf<?\x1a\x02:\x84\xc0\
\xc4\xfd\xcct\x7f\xfbc;\xcc\x15\xc7Y\x95K\x07\xe6\
T\x01`/\xf5\xf8\xe3 \xe8\xfd;\xb3<\xe5K\xc8\
\x7f\x02\xd8\x9f\xeb\xcb\x159\xa5G\x11a\xa2\xa5'_\
4\xb5\xbb\xbc\xfd\xecg\xb9\x8clC\xcfh\x22\xd3\xef\
\x16\xbe\xf6\xf9\xe3-\x86bcz\xb9\x9aWK[R\
\xf7~\x98\xcb\xf28\xa0p\xc1\x12Yl\xda}G\x99\
\xb9\xbe!\x8e4\xe1\x22\xa8\x01<?\xb8\xd0MC,\
\xd1\x95\x1e\xd6&\xd2}\xee\x5c\xef\xe7\x85P\xcd\xa0\x00\
\x06\xbd\xcf\xcf\x12E[M\xd5\x9d\xe4\xd3\x14\xca\xb7Y\
E\xf6\xb9\x1c\x8f\xae\x1ajHb\xad\xa9\x8bm\x22]\
'\xd2\xf8t\xe0\xd6\xe5\x930\x04\xbb\x00@\xf2\x1c\xc6\
*\x1a<\xd6;\xc0\xab\x1bu\x88\xf6V\xf1<\xb9\xe0\
%<\xd40\x7f\x18\x8d\xbb>\x83\x12\xf5I:\xc5[\
r\x96\xa5\xaf\xdf\xf9\x0f\x0c-T\x10\xfd\xa9\x9d\xc8\xbd\
X4\x0b\xd9\x0c\x05\xc8\xf2\xfc\xf1!y'\xa8\xcc\x1a\
\x9b[\xae\xadS7\xa2\xf7n\xd8\xcbr*D\x13\xbc\
\xcc8\xd1\xb9\xe5\x08\xfcX\xa4\xcbr\xff\x00a\x97e\
\xcd\xaa\xa4\xc7\xb2_\xfe\x9f\xe7\x7f\x5cV\xe6\xe6\xa0\x8c\
\xae\x96\xd1F\x0a\x5c9\x1c\xc8\xf8\x9e\xeex\xae\xcf\xd6\
-\x15\x95r\x14S?\xf9\xb4\xa0\xf4\xc55J\xd3\x09\
+\xaad^\x22\xc6{ ^\xc5\xbd-\xf9\xe2\x86\x9b\
\xab\xb4\x94\x86^$\xae\xa4vt\x90E\xfc\x8e\xf8y\
\x9a\x9fO\x07R\xf1\x18o\xf0\xf2\xe7\x8a\xbda\xba\xe6\
uY\xa6\x18\xcf\xe0\xd8|\xac-\x8c\xbb\xa3\xd4t\x0d\
Z\xf1H\x8f,\xc0\x1d1\xef\xda7\xf1\xdf\x96)\xa4\
\x8d\x22\x9b-\x87T]\xa4\xbd\x8aX\xdc\x1e\xee\xd5\x87\
\xfaqS\x5cEBS\xd16\xc90\xba\x97\xb5\xbe\x1d\
\xc7\x01\x94\x86S\xb8#\xfb\x96iM>\xb3\xa1$\xb5\
\xfbG\x96\x15j\x1e:\xb8\xc8\x07Zm\xbf\x88\xdf\x11\
\xd3+\x14$Y./\xcb\xcf\x0c\x1e\x9e\x09\x97W8\
\x1bK\x11\xe3c\xfc\xf0\xd2E%Tl\xe6\xe5Q\xc1\
\xb7\xc1\xb6\xc1\x84\xc7)*\x01f\x96\x12\xa0\xe3\xab\x18\
\xaaj5\xb5\xf8\xbc;G\x18\xf0\xbe\x15\xaa\xb3h\xb2\
\xfaV\xf7b\x8d\x06\xb6\xf1\xdc\xfe\x83\x00\xd2&\x987\
\x93\x88\xd7'\xcc\xdc\xe2|\xf76\x95b30\xea}\
\xb3~\x1e\x9eZ\x7fLWg\x15s\xfe\xd1XtE\
\x1f\xd2\xc3\xc7`0r\xee8Z\xd9\xe2re\x0bm\
\xcf3\xf5\xc5\x0ePt\x98\x82\xdd\xd9\x1bC3.\xf7\
\x03\xd7|eyn\xbe\x0d\x14*\xd3\xc8\xa3\xbc\x0b\x7f\
<\x0a\xb42C\x95\xd2-\x90rI-\xdf\xe3a\xa7\
\x0bU,\xb6W\x1ac\x16\xb5\xef\xc8[\xc7\x12^&\
\xd5*v\xa3\x0fc\xcb\x95\xfb\xb1K+\x04\x12\xc3\x1e\
\x9au6\xb8\xdb{x\xe2\xa6t\x8d\x05h\x8f\x8a\x22\
m\xad\xe6\xd8\xa6\xa1JZ\x8a\xb9\xd8u\x8a\xb4\xa6:\
[I\xee\xf1\xf9xc-\xcb\xa7@\xf5\x95f\xe6!\
\xf7\x17\xc3\xce\xc3o\x87\xf7l\xb1,\xc0\x9b27x\
\xc5G\xecQ\xd3S\xa7kRr\xee8xi+\xde\
)?y\xed\xe1\xd6\xbb\xf9\xed\x86\x0f\x04S8\xe4\xea\
\xfaC\x0f\xd3\x1c6\x8a\xb2\x06\xf7\x04r\x8dK\xebq\
\x7f\xcf\x0ci3=/\x18\xed\xc2\xca\xac?\x98\xc35\
]\x22\xe60\x1f\xf9\x99}\xef\xcf\x96\x9cG\xd42\xb9\
SQ\x22I'\x89\x91\x97\xbf\xefw_\xc3\x12B\xb4\
\xb5\x15\x93*\x5c\xac1]O\xc7\x96)\xb3<\xee\xb0\
\xb3\xc6/\x0d'\xddW\xf2\xf1\xc56a2\xbbL\xb0\
\xeaJ$ \xf6\xb9\xfcps\x0c\xcd\xf8\x12?b\x1a\
`\xf7\xf8[\xbd\xb1,\xf5s\xc0*\xe4\xda;/f\
+\xf2\x1e'\x0dF\x92CU^\xe0G'\x15\xac\xec\
\xbc\xcd\xf4\x8f\x0c%\x15-RS\xd2\xc2t\xd4$>\
\xf5\xad\xeey`G,RRe\x94k}2\x01\xed\
\xef\xcb\xd3\x91\xfe\x8e#\xcdjs!\x16_Oa\x06\
\x89l\x8c\xff\x00x\xf9\xf8|\xf1\x0eg*\x09\xe3V\
\xf6\x1d\x9b\x96'n\xcd\xf16s\x9cR\xf5Xb\xda\
\x92\x94\xb7jV\x1b\x8dX\x93\xa4U\xc7\x89YWx\
\xe9\xa0[\xd8(\xe6}0\xd9\xc5U\x5c\x95\x09 =\
]_\xbe\xff\x00~\xdd\xde\x03\xfb\xbc\xed\xe9\x89XD\
jH\xe5\x1aZ\xe7\xe7\x843\xe5\xefJ[\xb8\xba\x9b\
z\xe3\x84[\xb7\xe9\x8f\xd9s\x08\xe20Ii\x96\xc1\
\xbe\x07\xc3\x0cx42\x10}\x9b\xb6\xab\x8f<\x7f\xe0\
^='\xb3\xdaN\xd7\xae\xf8\x99\xab&\xa7\x8e\xefh\
\xf4\x1d\x94y\x93\xcc\xe03\xd4\x07N\xed\x09l9\xa3\
\xa2\x83\xad\x06\xda\xa2\xa8l\x0d\xb9\x8e\xff\x00,@\xd0\
E\x0dMV\xc9!c\xa7\xd4\xfc\xf0\xf9\x9ec'_\
\xa9\x89}\x85\x1d8\xd3\x18\xf9\xfac\xed\x0c\xee\xaf\x88\
\x91\xb0xi\xa3\xd9\x01\xf4\xf2\xc5}N_h3\x1a\
\xbes\xc9\xda\xd3\xe9\x88\xe1\x89\xcd\xef\xaeY>\xf4\xad\
\xe2q\xa7[&\xf7\xec\xe2\x8a\xa70\x9cEOM\xab\
\xd87\xbb%\xff\x00\x5c \x9e>\xa5\x91\xd3\x12\xb0\xd3\
.\xcd.\xd6\xbd\xc7\xdd\xc42V9j:t\xd1\x15\
'\xba\x8b\x88e\x96\x99\x5c@\x9ac_\xba\xab\xe9\x8e\
\xb2\xabg1\x84\x1eK\xe9\xdd\xfd\xeb\xf7\xe0\x18\xb3\x0a\
x\xb4\xda\xca)\xf6o\x1b\xef\xf9a\xfa\xca\xc4?\x09\
\x89\x89\xbe?t\x09~m\xa7\xf3\xc5\xa6n\xda-\xac\
$+`}=0\x03\xc6\xd3\xaf;M#8\xfa\xe0\
\xacq\xc2z\xb5\xdfO\xbd\xc3\xd5\xe5\x8b\xc4\x09\x1an\
6\xb6\x16\x92F\x02\xb4\xf3\x82+\xc8W\xd6\xdc\xb1;\
\x0aI\x13A\xb4|N\xcf\x13\xcf\xcb\x1cz\x83\xa4\x0e\
a;[\xf8\x0f\x1c-Ed=N&\x04%\x1f\xef\
'\x90\xf7l1H\xd4\xf5\x03,\xa7\x1d\xb7R5\xc8\
\xdeF\xf8x\xf2\xbdu5\x13L\x04\x95\x0e\xe0\xe8\xdf\
\xb4~\x1e\x1ex\xd0;*o{bH!Pe\x89\
Wo-\xed\xbe\x1b\xf6\x84\xcbaG;\xc48\x8c\xe9\
\xf1\xe4qN\xb2\xc4\xd5\x0a\x86\xf6\x92Cc~\xf3\xe3\
\x80\xec\xa0I\xa6\xdd\x9f\xf0\x1a)!}'\xb3\xa8\x1e\
w\xdc\xf2\xc3k\xa8\x96\x0e\x00\x11\x96p\xf7\xf2\xe67\
\xc2\xcf\x05STFN\xcdk~\x98`\xe1J}\xd6\
_\xd7\x0cc\x8cH\xd6\xd8j\xb5\xce6\xa4\x89#>\
\xf4\x86N\xd7\xca\xd8\x92\xf2A\x0b\xed\xa3J\x96\xf5\xbe\
\x0bH\xb1\xf1\xdb\xdfx\xd6\xda\xb0\x17\xacI\x12\xd8\xdd\
#\xb0\xd5\xf1\xc0X\xa1c\x1c{,q\x0dG\x0e\xd0\
S\xad=KE\xb5K\xd8\xe9?\x87\x13u\x8a\x99\x99\
%\xb2\xe8\x0f\xa4\x01\xe0-\x86\xcb\xe8`\xd2\x91\x0dL\
@\xec\x03\xe1\x7f\x1cD\x92C%A\x95\x80UD\xd4\
\x01\xf1\xf2\xc4\xc2.\x1c\x0f~\xc3\xb0\xd5\x7f;m\x84\
\x9aI\x1a\xa2\xa5WO\x16C\xe3\xe5\xcb\x0d4\xa9\xc1\
\xa3\x88\xdba\xaeIO\x80\x03\x0a\xcf\x97=\x1c'}\
S8\xd5n\xee\xcf\xf8\x0b\xa3\x87\xa2\xfb\xea\xbd\xed\x82\
x4\xd5\x11Y\xbb*\xc5Z\xf7\xec\xf3\xc3\x09\xa8\x96\
\x9d4\xde\xe2]W?,\x1d\x14\xf4kJobe\
:\xc7\xd3\x0e\xb4\xd3\xc3\x03\x104\xbb&\xa2\x0f~8\
uU\xa9<\xdf\xf5\x96-?K\xe1\xdb\xac\xcb28\
\xdcJuo\xe3\xfe\xd8J\xae\xbe\xf4\xc1nLk\xa4\
\x07\xff\x006'\xea\xe4O\xc0!\x19\xc1\xba\xdf\x9e\xd8\
\x9c\x91\x1c\x11\xa5\xad4\xcd\xb7\x99\xc7\xfd\xfb\x84%\xed\
\xc74dl6\xe5\xe5\xeb\xe3\x88\xbd\x8bT0m\xad\
k\x8f<\x16b\x15G2pZ\xc4\xd8^\xc3\x9e\x0c\
\xbd\xa4\x0f\xda<K\xed\xf3\xe5\x87\x9a\x86%\x99\x8e\xa0\
\xc7P\x1d\xb56\xb1?\xd7,\x053\xa1\xaa\xef\x96]\
\xd6\xff\x00\x0bbw\xac\xab\xebfk.\x824\xa2\xdb\
\xb8\x0c\x05\x1c\x87\xf7\xe4\x92g\xb2\xeb\x0dv}\x95\xbb\
\xb0\x91\xc5Ueq\xec\xecG0y\x8b\xe2\xd1fT\
\xcc\x80\xefO\xa6\xedo[\xe2\x9bNc%\x00\x8e\xff\
\x00\xba&\xed\xf5\xc4S\xd4f\xd5\x93\xa4\x09\xee\xc8\xe1\
W\xd4\xdb\xf5\xc2\xc7,\xb2\xbc\xb5\x0b\xfb\xbe3Y\x87\
y\xb5\xed\x88\xa9\x95\x99%\x87h\xd6\xe6\xdam\xcf\xc0\
\x8c\x19\xf8bk&\xc5F\xa2G\x96\x16\x97\xec\xa9(\
\x93\x86d\xd4V\xc0o\xcb\x97>X\x10}\x96+\xa1\
m\xc3\xb3\xae\x90\x7f\x88\x1f\xf7\xc41\xd2C\x02\xc46\
!\x8d\xb4\x8f+\x0cS\xca\xd5\xddV\x10\xd61\xf6m\
!<\x85\xce$X\xa6\x12<M\xa5\xd5[\xdd>x\
\xb6]\x1c/1\xdbT\xed`\xbe~x\x97\xaf\xb8\xad\
\x96n\xcc\x81#\xb2\x91\xca\xd6\xc2\x88\xa9\x9a(-\xa1\
D\x09\xa8\xa1\xff\x00(\xc2\x1c\xce\x88G\xc3%\xa3Y\
'3\x12O2o\x83\x95\xd2K\xc6z\x7fxZ\xfa\
w\xef?\xe0T\x0d,:\xc3j{9\xe7\xe3\xe5\x8e\
\xa9$\xdceF6J\x8fy\x0a\xfd\x7f\x9e\x02RA\
!\x91\x8f\x03[C\xe5p?\x5c~\xd9\x03\x85\x89\xc3\
\x82\xc1\x97s\xb6\xd8\xac\x86\xa2Q$0\xa1Z\x81'\
r\xdb\xbf\x05\xa8\xa9\xea*c Ct\x8aI\x06\x9f\
\x8fv:\xbd.[q\xff\x00\xd4J\xd6\x8fO\xe7\xf0\
\xc4\x82w\xa6F\xb7\xb3\xe0\xa1\xb2\xe3\xa8\x93>eZ\
\x8b\xa9\xcch>^\x03\x15\x06ZzxA\x04C\xda\
\xed\xf9\x13\xcc`S\xd4\xe6\x8e\xd2]\x08\x96$\xd2\xdd\
\x9f\xe7\x8e\x15k5MAe\xfd\x9fS>\xfd\xdd\x9e\
Xh\xe9(\xa4k%\xca\x88\xca\xf6\xff\x00\x0f\x86\x1b\
\xabH\xd4\x8c\x9b\xa8qmm\xe7\xfc8\x86*\xb9=\
\xd1\xa8\xb5\xf4\x02G\xa6\x04T\xf1J\x94M\x1b~\xd0\
\xaa\x01\xd5\xddk\xf7|1A-ucj\xa7\x8e\xcf\
\xdb+\xc4<\xcd\xfeXi\xa2\xa6\x02Z\x93\xed$E\
\xe7\xb7\x7f\xf8\x1c\xaf|H*)\xa3\xac1\x11\xa9\x04\
\x5cF\x1b\xf8b\xf1\xe4\x92\xda\x14:d\x8a!\xb0\xb5\
\xec;\xef\x84\xd1\x0b=\xd8\x06\xee\xd2\x0f~\x0d\x1a\xe4\
\x12\xce\x8e\xdaVm}\x96\x1ex\x1dR*\x0ay\xbc\
$vp\x07\xc8`\xadnf\x22\x90\x8f\xfc\x1cam\
\xf17\xfd0 j\x85Y4\xdc\x06~\xd5\xbcq\x1f\
\xd9\x1d_\x5c\x8d\xda\x9aS\xb0\x1f\xae4\xb6rc\x1e\
1\xc2\xaam\x8a\x18*scQQM\xba\x16\x9e\xec\
I\xf1\xb7<q(r\x8a\x9a\xd6s\xef\xacZ\x01>\
\xa7\x08\xc5Q\x14\xad\xd9O0q\xa6I\xdcj\xb3\x18\
\xb5l@\xf2\xc7\xb1\x8d\x7f\x85}\xd1\x8b\xea\xb0\xf0\xc4\
r:\xac\xda7Ck\xdb\xcf\x12\x02\x9aB\x9b)\xbf\
\xbd\xb7\xf8\x1c\x86\x8f\x1b\xef\x85\xe0I\x1a\x0b\xf6\xb5\xa5\
\xff\x00\x5cJ\xf2\xd4\xf6\x18\x8d(\xd6\x01q,\x9do\
\x5cm\xbaX\x0b(\xfdpLU\x0a\x9e\x1d\x8b\xe2\x9c\
\xfd\xab<Z\x05\x9cA\xa5u\x9c\x17\x9e\xba\xb4\xad\xad\
\xc3\xe2\xf6G\xd3\x1a'\xa3\xe2\xb4(.\xee\xac\xc7\xc0\
o\xdf\x84\xa5V\x9e\x99\xc3iN\x0b\xc8\x82\xfe\x03\xbb\
\x0d^\x22\x9e\xb0\x198;\xebr[\xc2\xd8\x8d\xf2\xdc\
\x91\xcd[\x9d<1O\xc3+\xea\xd6\xb6\x19r\xcaJ\
t@m\xc4\xa8{\x93\xbf;c^c\x98+\xc6\x15\
\x87\x0a\x9d\x0cc\xd6\xf7\xbe\x0c0\xd7CQo\xbb\xc6\
\x0eqxuT\x1dZm\x08\xbe\xf6\xf1\xe412T\
\xd54\x14\xd2\x22\x8e\x1avJ\x9b\xefv\xbf\xf5\xe7\x88\
\xd68\xc2\xf0\x93\x84\xa7\xbfO\xf8,E\xb8\x96\xb1\xc6\
\x94]#s`0RjQ-Z\x1e1\xf6,\xc4\
\x1f\x1b\x81\x87Zy\xd0h\x0cYb\x89\x89\x03\x99\xee\
\xf5\xc4U\xaa\xdc\x05or@\xc6 \xff\x00\xcf\x0f\x15\
\x12\x0e\x14;\xb2\xc5\xdan_3\x88ZE~%A\
\x0a\xa1#\xdc\xfa\xf8|qS\xc0\xa5\xa8\x1c!\xb7\x15\
4\x09=\x0e\x09\x9a!\x09\x07\xf1\x5c\x1c<\xf1\xd2\xae\
\xb6\xed\x9d(.\xc7\xf9\xe1E-\x02,L\x81\xf8\xf5\
\x12X/\x96\x9b^\xf8ie\xacZ\xa6\xb7f$\x8c\
F\x9f=\xce#\xa8\x9e\xa5\xd6U\x04h\x84\xe9\x8e\xde\
\x04w\xe2\xa2\xa2\x9a\x9d\x22\x96\xa0\xdeB\x07?\xf15\
G\x09\x9d\xbf\x0a\x90?<\x19\x16\x9f\x89(\xff\x00\x95\
\xaf\xf5\xc4+\x15(\x91\x1c\x8drq-\xa7\xc7\xbb\x12\
\xc1%\x10\xe1\x91n(\xb1\x0c;\xc1\xf0\xc7\xb3\xcb\xa7\
\x95\x11\x82\x0e\x1a\x8b\x0f?\x1b|1P\x92\xd3AO\
\x02\x92\x12`\xc4\x96\xdbckb5\xac\x91'\x9e\xdd\
\xa6E\xb08n\xc1K~,QO\x99KL\xf1\xc0\
\xc5\xba\xbaFl|;\xf1\x96QF\xb1q\xaa\xd9\x81\
cr\x10\x0f,OS\x99W\xac\x94\xd2!W\xa7a\
h\x86\xfc\xc7\xc3\x0b;\xcd\xc1\x84\xbf\x0dZE)s\
\xe5|T,q\xf0\xc2\xed\x1c\xaf\xc9\x8f\xa7\x86%\x96\
I\xfa\xd3\xdb\xb1\x1a\x8d\x0b\x8aY\x04\x91\xd3vA\x9a\
\x13\x1e\xbd\xfb\xc5\xef\x8en\xfd\xad]\xa6'\xfcS\x16\
\xdatj\xfe\xc3\xb97\xf1\xc0*\xa0\x17;\x9c+o\
\xb7\x9e\x22\x92\xec\x1a;\xda\xc7c\xeb\x80l.;\xf1\
\xb8\xbf\xae\x06\xa5\x0dnW\xff\x00\x07\xff\xc4\x00(\x10\
\x01\x00\x02\x02\x02\x02\x02\x01\x04\x03\x01\x01\x00\x00\x00\x00\
\x01\x11!\x001AQaq\x81\x91\xa1 \xb1\xc1\xf0\
\x100\xd1\xe1\xf1\xff\xda\x00\x08\x01\x01\x00\x01?!\xfd\
`%@\xf3\x80$\x12\xa1\x80L\x1d#!G-*\
\xdc\x12{u\x8a\x05\xcc\xd7u\x07\x8a\x19\x11\x9c\x11\x03\
\xb2\x03\xbd\xe4\x8b\xdc\xb4g\x10D|^\x0c\x07+\x0a\
\xa9jl\xac\x87:\xb2\x15\xc5\x13zpT\xc9\x1c\xb4\
-\x12\xdbF\xf2\xdde|\xbc(\xbd\x96\xfb\xc4\x80\xa8\
I\xc96O\xfb}\xab\xf8]\x07/\x8c\xdd\xcd&\xb7\
HTTG9G\x06N\xb6\xedpa\x9dc\x9eE\
\xbf\x88\xa2\x8dq\x96$a\x1cr\xcc\x81\x8aN6g\
XVh\x9d\x84\x0b\xcf\xe3\x00\xc1r\x13\x1d\x13\x0a\xc6\
\x04\xaaE\xf6\xefl{\xc3\x83\x15[s\x09\xaa\x93\xdd\
\xe3\xd4csNh?\x13\x8c\xfb\xad<\xd8\xec\xaf\xb3\
\x86\xb2\x82w-\xcb\xc2\xc7x:{\xa4\xa1>3\x83\
t\x14\x22\xf1\x10\x06\x19\x5c\x12\x89\xb0\xe1\xff\x00V\xd3\
\xe8\x02`\x8d\x8diNR\x83\x06Q\x94>L\xb3\xd8\
\xf1\x8c\x8e\x03\xac\xe14\x91\xdc\xfa\xc5\xc9Tr@\x22\
\xae\x8e>\xb2\xed\xef\xad\xb5\x84x%=\xeb\x15\xd5g\
\x98(\x1f\xceU\x83-\xc5\x14U\xcb\x94\x9c1;e\
OE\x92\x7f\x18\xf2_\x1b\xb9\xa0\xcf\x1ese=>\
\xe8h\xb6\xa7\xac\xb0 \x11y1\x84N\x0c\x9f\xd2n\
0\x1a\x88\x95\xdc\x5c\xc7\x8c\x87}\x19\x9cX1\xb1P\
k\x9c\xb0q\xbd~\xeb\xe2p\xa3P\xf1\x02#\xf0c\
\xde,\xa8\x91\xe8s\x0f~\xf3\x83\xa8\xde7}\xd3g\
\xebr\x9cV\xc5\xd6\x1d\x86\xe16<\x0dML\xe3F\
M\x8b\x0eR\xe8\x00G\xcb\x07Z\xf9V\xdb\x14\x11\xbf\
\xc5c\xd6\x1b\x89\x14\x90J\xd0\xa8\xf9\xe74\xb9\xc5\x07\
P\x08\x00z\x99\xc4\x0b4\xd27\xa96\x11\xc1x\x13\
\xac#[\x09\xb21^D\xf5\x85,\x80I\x5c@\x82\
\xa2p\x0d\xb2\xc2)\xce\xcc\x81\x88\x9b\xcbL\x08\x84U\
\xf0\xdeIUu\x90Eu\x8c|T\x8c(\x09\xbbr\
R$\xfc\xb1\x92\x0bha\x92\x08\x9c\xd1\xf7\xbc\x0e-\
\xf1\xa8u\xd3_YF\xb2\x0fenK\xde\x10\x00\x08\
\x97jy/zp\x06\x1cE,\xc3X1\xc8\xf2\x1d\
\x10kaC\xd6\x00\xe6\x9f\x12\xa1\x9b\xe0\xbf?\xab\x93\
\xbd\x14\x0b\xe4&\xa3\x0aV\x8a\x15\xf6=\xc7\xe0\xe3x\
hI\xd9\x81\xb6Sm`\xeb\x96\xbfr\x9c&!3\
\xa5`#\xdc\xa0[\xe6k\x1f\x8b\xc7\xc2\xcb\x85R\x1e\
 e\x88\x98\x8e\xe6\xd8c\xf2\x05\x97I\xfe\xd3C\xd5\
S\xae\x10\x88}\xb7\xbc\x91\x10\xa2\xbd\x5c\x82\xbb\xcfC\
\xcb\xb0 }\xc6N\x97\x12l\x95\x9e)\xe3\x03gq\
\xad\x9d\xa4\xe7q4dX\x03IK\xd50qF\x12\
\xa2\xd6\xb74\x1c\x1d\xeb\x1a\xdb!M\x11\x88mvE\
k7{&\x14\xc1)3\xe6\xeb\xbcY?\x1a\xa8\xa5\
\x1c1~\x7f\x9c\x1d\xe3\x0d\x84\x0a\x1d\xbc\x8c\x9c\xdb\xcc\
\x17\x00\x0cM*\xf9F\xfb\xc1a\x98\x88\x1e\x1c_\x89\
\xc2\x88\xb2\x0b{\xfd\x13fE\x14\xa3\xdf\x9c\x9d\xe5Z\
\x95\x9a\xe4\xac\xf8d\x1dkV\x7f\xb6)k\x01\x94\xad\
\xf2ip\xa8\xf18\x8cU\x0f$\xc6\xd1\x02cz\xca\
\xc7z\x19\x09\x00\xe9\xae=\xe5R\xe6\xe8&ef\xfb\
\xbe\xb0\x02\xd4\x0f\x1e\x05O\xec\xe4\xd6Xs\xbba\x11\
\xc7\x04\x19Rw\xa0\x88\xc8JUp\xf9\xa9\xc3nb\
\x92\x97\x5c\xbd\xbdd\xaa\xc7U\xd1*\xdf\x19x2\xa2\
A\xa2\x0e[\x8e1q\x15y\x1f8\xdd\xe6\x021C\
\x98B4\x15eX\xf2\xc5\x09\x07.\xf7\xb8\x1e\x9f\xce\
I\xea\x0c\xf2\xe6\xba\xf0\xeb\x8c\x92t%\xa0\xaa\x9eS\
\xe4\xa3\xc4\x14\xd5\xc8\x1e\x8c\x9do\xbe=\xc1p\xc7\xd4\
\x0d\xf35\xc7\x1dez\xb2Hs)\x92Pn\xce\xb0\
l\x12\x9e\x7f\x22y\x1f\xaf\xd0\xdd\xf5\xc0\x1e\xbeV5\
\x92\xdfY\xa8\xdacd\xf8\x19k\xa7~(O\xe89\
\xb8\xf1?J\x1dJ\xe32\xd4\x19I\x02\x1e\x01\x0fe\
\xe7\x0dQ\xf1E\x01\xceY\x1a\xf2\x8f\xac\x12)\xc2L\
\x80\xaea:l#\x15^\xf0H\x03*$~\x9f\x1a\
\xdf!\x0d\x1a\xf7J\x0c\x92\xd5^-l\x05^\x01\xc7\
\xc3\xdc\xab\x907\xcd7\xd8\x1b\xde\xe7X\x0b\xb9\x19\xe1\
\x14\xf1\xe7\x9c\xb1\x09\x91\xe2\x15\x03\xe4\xc8U<\x066\
\x9d$\xaa,c\x1bg[PKc^\xb9\x8c\x0b\x03\
 !\x99TJi\xf7\x87\x8b\x95VHia<|\
\x19#\x16\x944\x13h\x82`\xd6\x22G\xc0\xa5;\x0f\
A\xea\x0b\xac*\xe8\x19\x97\x06\xb9\x88\xfb'\x22\xab\xd0\
\x98\x172\xd0\xee\xf5|a+P\xddr\xa6]\x0fK\
\xab\xfd\x13\xb8`\x83\xd9\xf0;\xec\xc3\x89t\xcanO\
\x04\xc3\xc6A\x0a\x0b\x9c\x00\xb9\x906\xe9\x83\xd5\x88\xa9\
\x0ah(8`\xbe(\xe1n?\xf58\x87K\xb87\
I)\xb5;\xf7\x92)\x0cV\x98\xd1\xc0\x95_H\xce\
\xc5\xd8@\x9a\xb7K~C\x10\x87\x85J@JQ\x08\
\x0fM\x06\x10\xe2#\x92; \xb7\x7f5\x93\x5c\x7f\x97\
\x8aP\x94d\xfa\x07f\x82\xc0xd\xc9\x0e\xd4s`\
\x94\x841\x1a\x0d\xe4m0\x80\x1c\x83\xac)\x9e\x98\x0e\
J\xa0\x04\x83\xc8\xb9j24\xdc@tZ\x94a\xf5\
\xde\x0bWS6\x174\x93=\x0epN\x02\x180\xe4\
L\xd98g\x16\xb3\xef\xa7O\xb9\x05\xfa\xef\x19V,\
T\x17\xfe}L\xef'`.\xa5\x8d\xa4\xbf\xab\xc7~\
\xec\xd2\x1f\x90i\xc8\xd5\xd0#\xe3?\xe04\x91\xcf\x22\
s\xc2\x9d\xadb\x16O@\xc6\xb3\xe7\xa2\x90\xaa\x1a\x8b\
yb\xc9A\xd2\x07\x90\x9aj\xb9\xd6TW\xa3FP\
\xac\x9a\x7fF+\xb3\xb5\x91o\x89Pp}\x091\xd4\
\x10m\x02\xd4\x94OJ\xc9o\xd5U\xdc\xd1b\xc3u\
j\x90\x0b\x04\x13m\x8dNB\xd4\x8c\x016\xf9\x7f,\
\xce\xb2\x8d\xce\xc9Jh\x06K@\xa20\x02@\x9f\xb6\
\xad\x0c\xf0\x0d\x19\xe2\x09\xaa\x15\x84\x88\x229;\xcdw\
\xcaV\xe4\x90\xd7bL;\xb7 :i\x0e\xc8\x12C\
,\x84\x9a\x90\x9c\x90\x88\x8f\xfe\xb1\x05'\xd3#XI\
\x84\xdd\x0d\x9a\xf6B\x99(\x16\xb8\xc3\xe5e\x13\xa1#\
\xb8K\xddz\xcf\x9e\x04D\x04k~>1\x92\x22\x09\
\x1e}\xf4\xd6T\xe4\xb9e\xd8'd\xc5\xc0+|\x02\
\x10re\xef8\x12\x8a,I]y\xff\x00\x10*]\
\xfe\xc0\xe4\x98\x0du8\xa2\x84[,\xc3KlO\xb4\
\xf7f\x03Z\x82|\xb9\xe7W\xa9\xc5Kt\x01\x8fn\
\x98\x5c_\x9a\xc2/N\x0es\x0d\x8aZ$Y\xdc\x17\
\x0c:\xd2t\x16r7_\xa1\xacA\x14\xde\x94\xa8v\
\x87\xff\x00XJ\x1c\xefL\xd2u]\x99, \xd4\x04\
J\xd9\xbf\xbd^%\xcfG\xf0\xe3\xbb\xff\x00\xe4\x0ap\
\x95 \x8c#\xa5?\x97\x8c\xd7\xd7\x09>\xcb}P\xe9\
\x80\xe7\xf07\xea-\x09#Ls\x18\xa9\x15\x95>\xf1\
i>\x1e\x98\x83\xcdf\xd3\x98DvD\x82\xf2(\x89\
pt%\x984\xb6\xf0\xc9\x04\x0c\x86\xe9W\x13\x99f\
2N\xccl=wa\x1e'\xbc\x9a\x96/\x10\xa5\xc0\
\xe13w\x15@V\xc7\x81\x17\xaf\x83\x18P\x09\xd2\xe9\
\xfd\x1cAP\x84\xc0\xda\xfb~\xcc]2\xfc\x8c\xea\xf0\
\xc7\xf4?\xc4\xd7\xa5%X\x86\xf5G\x81\xcaF\x87X\
-\xf6 \xe7l\x06W\x5cB]_\x88\x08:\xe2\x94\
\xd6\x9d\x01]Bf\x0c\xcd\xdc\x08\x22\x17\x91\x8c\xf6\xe9\
\x91ke;\x96B\x8c$UG\x19T\x0e%k\x0b\
\xd7'\xc1\xde-q\xae \x09\x0a\x89\xbf&\x5c\xe6\x96\
\xed\xdd\xe9\x0a?\x96J\xe0'\x89'}\x99\xf5\x9b\xd1\
~\xa3 \xf7\x04?8\x89\xf5'\xb1\xf6d\x94\xf78\
z\xd6\x0cE(`\xd86\x93\x22\xf4A\x92\x12\x0e\x04\
\xb0\x17\xcf\xac7\x86'\x84\xe4#\xc8\x1e\x13\xbcQ\x87\
\xd2\x0c\x07\x0a\xc4\x18\x88\xa5#\x9a\x09\x00\xdb\x8b`^\
\x80#\xc2A\xb3\xf6\xaeA-o\xb4\x8eD\xb4|b\
K\xbe\xa1\x93E\xd58s\xf5?\xadCL\xfaa\xf1\
\xac\x80\xc0\x00\x91|\x0e\x0fFYK^Y@:!\
\xf5\x89ID-\xd6n\x127\x88\xee\xc6\x827PG\
\xac\x8c\xdd&\xe8\x9e\x08U\xe4\xef\x1e\xb9HpY3\
j\x10\x9e\xb2j\x93\x93\xdb\xa5\x164M\xcf\xdd\xda\x10\
\x91\xe3\x06\x8fM\xcf\x8c\x0aH.\x01\xa4A(#\xac\
\x83\x17\xd6!\x1d\xb5`\x97Xj\xb5X\xac\x82>7\
\xcd\xe24\xb1\x17\x00\xa8\xc4-\x9eQ\x8e\x16c\xe6\xea\
\x87\x07\xec\xe3\x14\xe4\x05&\x9b6\xbd\xf9\x8dN \xc3\
F\x957,\xb6k\xae26\x98\x9c\x01\xea\xf7>\x99\
\xb5\x14\x03\x92\x99\x88%\x194\xcaO\xf2\x90\x16\x1a\xc4\
=\xe0\x18\xa0BG\xe0TOU\x82\xbd\xd6\x84\x97n\
^\xcf\x19 \xb7\x222\x7f4\xb2\xb0\x10\x1c;\xc6\x84\
\xf0\xd8\xc5d\xe6\xa1\xc3iiV\x19*\x97\xe0\xceG\
\xdc\xfc\xba\xc0S\xcb6\x81\xe5\x91\xf5\x83\xbd\xd9\xa4P\
v\x1a\x0e\xf1\x88\xb9R\xba:4\xdf~\xb0\xe2\xa2H\
\x03C\x1e\x9ffC16\xb26\xf8\xb8|\xe5\xa8\xa9\
4\xa6\xa0t\xdc\xfcs\x84?\x9e\xc3\x10\x19&S\x0f\
\x1a\xc9\x04\xc2T\x81]\xe8\x83\xc0\x1ce@\x9ct\xa1\
g\xa5\x1c\x84E\xfa+\xb3\xa3~\xf2l\x19ad\x99\
\x095\x1d\x18\xecRx\xe7\x17\xe8Cw\x8d\xeb\x91d\
'CT\x5c\xf8\xcf\xdb\xbc\x9cJ\x1c\x0cn\x220\xf3\
,\x85r\xfbe\xc5\xb1\xa0\xea\xaa\xb6\xf9\xf1\x93QQ\
R\xd3\x9f\xb0\xe3\xec\xb5\xb4\x9eNLZ\x14\xacP$\
\xda_q\x82R\xd5.\xfb=\xe30\xbc\xd4XAK\
\xe6\xbcB\xcdzB\xd9b\x13\x94q9\x0cm\xd6\x8a\
D\x1d\xa3\xef\x1efs\xbb\xc0^\x97=\xe1\x80Rg\
\x98\xae\xb4\xdf6\xc5\x86\xa0\xc2$[\xb3s\xfbd\xa5\
\xea1+\x87\xe0=c1\xf4Z\x22\x19\x19\x07\xfeb\
\xdc%\x99\x22\x91\xb6\xc3*\xd0\xe77.\x86\x09\x1e\x5c\
\x12[_<\x9e\xf9\xa6sX\xf8\xcf\xe2A$\xc7\xac\
D@\xcd\xc6J\x0b4o\xce,\x03\xe2a5\xf6\xd4\
\xaf\x0e1q\xc0\xefs\xb9\xe6pw\xaf\xd8\x04\xf9\x04\
A\x1d\x9c\x92\xe7P\xa0\xb2\x87&\xc7\x18\x17\xcb\x88\x1c\
\xda\x14M8F20\xb1\xea`\x8d\xfb\xee2\xb0\xc1\
`\x1c\x9f\xc5\xfc\xf5\x97cpW\x80\x1c\xc6\xa4\xe7!\
.d\x06\xcd\xf56~\xee\xd9\xf5\xe4\x00\xb1\xa2\xa1\xc3\
\x0b\x8c\xa2\x09\x82\xb5\x80\xee\xb2\xd1N(\x1cS\xb0\xaf\
\xbe\x98\xe6\x81r\xa4\xc5\xcc^\xda\xd8\xe4\xc5\x07h\x91\
(\x05\x1b\xb7\xfecl\xbev\xe1\x9e\xa6\xde\x1cY\xfa\
&Y\x05zrf\xb8\x04\xe3\xc4l\xe0\xef\x0f\xda\xdd\
\xc8aJ\xa5\xde;\xacD!c\xd1@\xf7\x18\xfe\xd7\
98\xb3(;r\xd8\xadS\xc895\x80n\x8er\
\xeeg\x8c?p\x1aV\xa7\xd8\x8f\x8cBeL\xab\x09\
y\xac\x0b\xee#\x96-Q\xe8\xbe|\xe6\xd0\x9d\xe3,\
\xce\x84D\x19\xb8\x82\x8aG\xca5\xf3\x19G\xc1q\x8c\
\x94\x04v\xca\x96!\x1b(\x91\x88\x09\x82\x94\x84\x12\xca\
h\xba.\x0ec\x11\x0c\x5c\xe0\xe6\x81\xb9\xf5\x93\xe0\xb5\
\xa0\xd4.\xad\xfcw\x9b\x0a\xe3\x22t\xacP0U\xc1\
\x8e:\x1e\x9e\x04\x1b\xc1\xd9a\x5ct9E\xbd\xc3\x91\
$\xf3\xe6\x01n\xcc\xfe|0\x82\xbf\xe2\x1bj\xe7\xf6\
\xc2\xf8<\xec;I\xdd\x05A\x06\x10o\xb5M6\xb2\
3\x8a\xe7\x10\x12bEI\x12w\xed\x84\xe4\xf1z\xfa\
5y{\xc1\xea(\x1cG\x90\xf0\xe22pKK)\
nFI<&#,\xd8\xdd\xf7L\xdf\xa3\x1b\x5cM\
2\x89\x0b^Y\x0bxq\x22o\x99\x1c\xbd\xd4\xc0\xa0\
\xc8@'\x83\xa8\xc0~\xfb\x80\x91<nu\xca\xbc\xe0\
?\x09r\x1b{A\xaf\x0f9\xd7\xfe\x10\x94G\xb2\xbc\
`_;\xac8F\xc6\xe2\xee\xb0\xf6\x89\x8d\xe0\x01\xb1\
#\xdb\x92\xe35\x94\xe8#PCA\x8a\xca\x9bI\xa2\
\x1a\xb4\x99 \xbb\xb0\xe2\x99\x16\xd1\xf9\xb62\x9aD\x11\
E\xeao\xd3\x91\x90[(\xa0\x8f\x16}\xb8\xd7\xda\x10\
\xd7\x22\x95\xff\x00\x85V.\xadI\x1a6\xbe\xa3\x96\x12\
D\x8a\x00!5\x12Ox_\xc4\xc8a_M\x5c\xbd\
ch\xe3K\xd8\x04\xe4\xf6x\xce\xbd.\xd8\x88\x8b\x06\
\xeb\xc6B\xdep#7T\xc2<FD\xedw\x0c8\
'\xd8\xfc\xe4\xf82\xf1\x22\xc9s$\x13\xd7\xbc\xbf\xa9\
+\xdciY\xa3\x1aY\xce(\x13\xa1\xe1\xbc9\x1f\x94\
c\x0e\xa4\x04\x0a\x13\xd1_\x5c\xaa\xe8MH\xca\xf8D\
\xd7X\x9b\x8c\x15\x09`[!\x12\xa7\xd5\xe1\x84\x12\xb2\
\xca\xbf$\xf18\xc6>\xb9\x0d\xf8\x06\x87\x97\x05J\x90\
@R\xa1^v\xfd\xd8\xdfnP)\x93\x8a\xaf\x95\xc1\
$\x89:\xe9X\xd9\x1a&\x9e\xb3f@F\x09cZ\
\xf7\x10\xce\x19\x91\xba\xa4\xc1\xe4'\xac\x9a\xc3\xb2l\xc0\
\x9a\xb0\xeb\xe5\x935)\x98HB]2j\x17x\xae\
\x10E\x17h\xa4\xc8\x96\xf2\xf9\x8c\x95\xc8\x1a8C\x0a\
\x03\x04\xf3.CA\x07\xe0\xca\x87\xc4\x83~\xb7\xac/\
\xd0\x8cG\xee\x82~L\x89\xe7\x13\x8c\xab\xbe\x1e\x9c\x8c\
{\xec\x92\xa5yj\xf5\x90\x0a\xa5aeZ&\xd1\x1d\
b\xff\x00*\xd7\x96\xd9\x13\x17\xb5\xc4\xca\xa4\x00\xa1E\
\xb5?<\x07H\xb3\x80h!x=\x98\xed\xa2\x1e\x84\
L\xa2\x95\xabv\xe0\x03\xbf\xbc\x10.l7\xe3 =\
\xb7\xee\x0d\xdc\x08\xf8\xc6P\xe9\x94@\xbdY?l,\
\xbb\x12\x06\x86\xdd@}\xe4qK\x11\xe5\x92\xb7\x95:\
\xd3\x80\xc7C\x10\xef\xeb\x145\xa3\xa8\x8f\x16\x0b\xf6\xc9\
\xc2\xe0D$Hrzhd\xcd\x22\xed\xcai0\x03\
!\xcb\x81\x02\x15\x09\xcc|\x22\xf2=\xe7\xa2v\x84\xbb\
P\x8e\xfd0\xce!:\x02\x91P\x90\xc4\xcczd0\
qI\x93\xaaf\x0c\xf8\xd6\x0e(\x9f\xfc\x0e\x18C2\
\xfc\xe7\x83\xa8\x8b\xad!=!*Q\x8d\xad4Q\x22\
<\xef\x12\x14N\xf2\xfa\x00\xe07\x09\xf8\xba\xd1\xac,\
0\xa2\xc1\xf9g\xe3FI\x80\xc3,\x82\xbc\xb2\x13m\
ycT<\x88xI\x80\x96\xef\x9f\x83\xc4\x02\xe4\x1a\
5\xb6\xbd\xcfx\xc0\xf7C\x04\x01Lw\x13\xc7\x8co\
\xc4\xd4!N\x91\x1c\xd3\x07Q%#H\xba\xe9+\x18\
\xb1e{\xb3\xb0[\xd7\x9cp)\x92\x11 \xcb\x0bC\
\xd6&|\x15?\xb89\xda\xf5\x92\xd9\xba\xcc\xe4\x0c\x92\
\x15w\x19\x05T \x80\x88\x1ed%\xeb&|\xed@\
Q\xb2\xba\xc4\xac\x98\x1c\xa2\x109!\xa8G)\xa0A\
h\xe7p~~\xaaE\x88\x87\xb1\x1b\xb8\x1d\xf1\xc1\x92\
\xdf\x04\xf8\xc8\xc3\x94\xc2ONsN\xf1\x90M\xbdC\
\xeex\xce]+\xd4a\xa6$\xe2|\x0eG\x5c i\
\xd9/c\x04\xe2\x09QfH\x86\xa0\x9581/\xf2\
;%\xca2N~\x13$DY\x97k\x93\x81\x1e\xa9\
L-\xa7\xa5\xd7\x11\x85D>F\xf8:3\xd2\xc6\x08\
\x1f\x9a\xa8\xcc\x91B\x10\xbf\xc6(\xd4T\xe0\x93\x1eg\
u\xc5E`\xa4r\x0f$\x92\x0bS\x09\xdbP'\xe8\
\x9c\x9ad@\x90\x03\xd9|\xe0gV\x93RG~^\
\xf0\xa2\x87\x80\x1f\xc8w\xd7\x0c\x90\xc9u\xb2\x086\xa4\
\x07\x9e\x18t*|\x907\x11\xf3q\xbe\x7fw$\x17\
\x96\x8b\xb3\xcb#%\xe0\x11\xde\x8e,2\x1c\xcf\x9c\xb8\
\xa0}\xdb\xf6\x91\x1a\x8d\xb9g\xd3\xf4\xdf\x1c\x86 /\
\xba\xc3E\xdc2\xd6\xbd<\xff\x00\xcc\xb1\x85bUD\
|\xe1[cM\xc3\xdeB3\xb0N\xa4\x1bo$\x95\
2;\x0dz9!\x93\x8e\x13\xbf,0hM\xa0\x86\
5\x19\x13\xa7\x81\xb3rM\x1f\x94=\xe7$\x01\xe4\x19\
:\xb8\xaf}Z]d}k\xbb\xbb\x82\xf3\x5cK\x8d\
\xb9H@\xe8\xf18\x5c\xe3\x82\xba\x22z\xa2u\x85\x09\
\x06I\xc3\xcb\xbawDo\x1bw\x22\x1b\xd4\x0b\x84\x85\
\xf6\xf3\x80i\x99\x9a\x00i:sY X\xe81\xc6\
<\xd2\x0e\xf82\xcaG !b\x81i\x1b\xc5\xca\xfa\
\xf0Y\xb1&\x05#\xed9\xd7\xcf\x84\xdd\x87!\xef/\
|\xa6\xe6\xf3\xf1\xf9\x98\x1c\x0f\xb2X#\xe7\xf82f\
\xbbct\x1e\xb4\xe3{\xea\xb9\x0cKN\x8c\xb8\xe7\x09\
\xa1\x83\xbb2\x9e\xb9\x8cw\x0ch2\xa0\xf44b\x02\
\x83\xa9\x22\xc0\xb2$_X\xc62UD\x10\x88\x00\x91\
\x7f\xb0\xe38~\xa4\xbfs\xfe\x15\x11\xaf\xb9P\xb1M\
E\xe3\xbc!|E\xd1\x00\x9a_\x89\x92!\xca\xa6\xec\
&\xcd\x8cB\x1e\x8d\xd7\x85\x8a`\x90\x94dB\x16\x1b\
\x1b+#xj_(H2\x0e\x5c`E#B\x16\
\xca\x92N\x88\x8f\x91\x91\xb6W:\xe9\x0fs\xe3\x06\xfe\
\xccT\xd9\x96\xe8\xad\xdfX\xf6\xcd\x04\xa590\x02\x06\
+X\xf5\xadF\xf12\x92\xff\x00\xd1\xa3&\xf4'}\
\x01w*\xc1\xaed\x14,\x8eV9J\x12 \xc6\x99\
\x19\xae\x94hA\xc7\xe1\xc4\xc1p \x85\xddca\x7f\
.P;\xe5.\x8a\xf0\x98\xe3\x10\xdcX\x17\x9a\x8fJ\
\xfaq\xeaqI`\xe9d\xb1\xf7\x8a\xfb-\xce\x93\x1d\
\x97S\x90B\xa7\xd2B\x15r\x9d\xe4\xf6\xa5\x5ce\x98\
\xb8\x1aLH\xc9X\x80.\xb7\xbb\xbeXC9R\xdb\
\xdb\xd0\xd4\xb0[\x9c\x9d^D\xfe\xa1\x8d\xda \xa8\x83\
\xf7?>\x7f\xc6\xcd7\xc3\x1f#\xd6V\x91\xc9\xaa\x1d\
/\xdc\xc4\x91\x06!\x10\x12\x1a\xd9\xe1\xcbyl:\x02\
\xe3\xca\xc0\x04\xaa\x01\x98a\x16\x97'\xbfY8\x1c\xa1\
p\xccp\xd50x\xc1U\xa8 wrJ\xc3\x82\xbb\
R3\x92\x90\x09\xe3\xcfW\x80\x82\x80h>p\x9b6\
pN7\xd5Y\x9e\xca2\x08\x07\x04\xbc`\xd9\xcb\x12\
e\x96\xf8}\x18@9\x93\x800u\xdd\xe37x>\
\xd5\xf8&\xfd\x8c2\xcc>x\x9c@WY\xa4\x9e\xbe\
\x8d\xd82\x10\x88\xe4\xc3>\x1a$\xd2\x00\xec'\x08\xd4\
\x9e\x062\xbb\xd7|3\xd6N\x90\xc5i3\xd8B\xbd\
<eW\x18\xf4!\xcb\xc7\xe7\xc9\x0bO#A\x0b\x99\
\xb0\xef\x1d\x84\xd1\x02\xd3\xf6\xc3\x1d`\x17/\xc4\x10\x84\
^ 2s\x02\x86\x10\x05\xf8\xaf\xc3\x1a\xa2\xad\xc6\x1f\
\xdc\x0f\x8ew\xfe8\xa9\x0a\x9dN\x0e\x80\xa4\xa3\x7f`\
\x8f\x99\xc2^\xda\x12\x94\x11,\xe9\xd7&\x15w\xf2\x09\
)\xba\xa1\xb7\xc5u\x913\x10\xd4\x89\x11\x19\xbb+\xd6\
\x0dl\xe0s\xc9A\xf3\x90Z \xff\x00\x16\x89\xd9\xdc\
\x18\xa6\xc6B\xcd\xb4 \x8e\xd1L\xb2\xfd!\x94R\x14\
N\x83\xde\xef\x10\xb8\xd0kX\x12\xb2\xe5\xe3\xdc\xaf\x12\
\xab(\x93#\xa4\xc7\x9e\xa0\xcb\x80HZ'P>\xac\
`uaPT\x9e\x0bQ\xc0c\x91\x1a\xf3]\xc7\xaa\
\xc4Z\x1c\x97\x1a\x9eh\x0b\xdc\xe3\x11\xd4\xee\xd4\xcfP\
)\xc9\xaep\x14I\x97r\x8c\x91\x0a\xb9&P\xd5\xe4\
%f\xcbAl\xb4\xcf\x8c\x15\x90\xde\xc5\x84\x9aW\xed\
\x7f\xe3\x22\xac\x85\x13N\xc7!\xe9$\x03\x09\xe4FJ\
\x01cF(\x8e\xdc8M6\xc9\xad\x11\xfb\xef\xfc\xd0\
e\xa1.'\x05\x19\x0fje\x8a\x16b\x85\xd3\x00\x96\
\x22\x07\xe3\xadbZ\x90\x9e$G\xb8\x08\x86\xc8\xde\x11\
\xd2Fj\xd3H\xe3\xbb\xc3\x1f\xd0}\xadJg\xe9\x92\
ZGjp\x95vi\x0f\x83\x8c\x87=\x81\x96D@\
\xb8ab\xb0V5\xa2Z\x83\xc6\xc52\xb9\xdc#\xe0\
\x0d\xda\xfc\x18:I\x1c\xd7\xcc\x13\xdcF$e\xd4Z\
\x01\xe8\x82\xbc8\x8c\xbc1\x09.\x13\x12K\xf4/x\
\x8f\x19%\x89\xfc\xe9\xc9\xd65\xf1\xf1,\xabp\xf3\x18\
0\x02\x83go\x8f\xe1\x84\x92Q\x885Rb\xc1\xda\
\xde\xd9\x22?g)<\xee1\x1e\xd3#\x02\xd0n6\
\xf4\x99'\xec\x94U\x83\x96\x0e\xbc\xe3\x01\x9c\x82\xa2\xe1\
\xe2_Y\x12\xc7\xb0O\xe5hzs\xc3\xbdK\x1a\xfd\
\x0f(\xdcqm\x06\x02 \xf2\xc9\xad\x06\xa8`\xe5[\
\xf3\xe79\xbd\xa7\xcc\x22\xb6:\xedX\x83\x03\xa0\xdb\x86\
a\xad8,\xcf\x81\xc7g\xe0\x09\xc9\x01\x1ff|W\
-\xe1\xf8\xc4\x8a!y\xe8\x8c<_\xe3\x22\xc9\xac\x80\
\x97\x92\x1c\x8d2b|\xe9u\xc8\x86\xd8\xbc6+H\
X\xb6h\xf0\xa0\xfa\xc0mk\x0aK\x91\xdcE\xec\x93\
\x9c\xbb\xd0\xba4\xf1d\xa3\xcb\x0e~\x00\x89g\xa4\x94\
\x1e\x03\xa8\xca\xb1\x09\x89~0\xd4\xfas\xaf\x90\xdd\xc5\
3\xa7\x8c)\xc2\x0e\x84\x04-\xd0`r\x108\x90\x9c\
G[S\xf4\xc1\xb9\xec(II\x1b\x85\x8fY/\xef\
\xa0\x92\xa4\xa9[\xa0\xe7\x13\x99\xb2\x09\xc6pw\xd8\xc4\
Uo\x05\x87\x1c\x0d\xeap\x0f\x8c\x94\x89\xdf\xe8\x94\xc4\
 C!\xf9w\x1c`z\xf2){\x82\x8f\x87\xbc\x95\
\xeb\xd4>\x12\xe6;g;J\xe1\x09\xbde\xd6\xdd\xf8\
\xc1cEe\xbbI>\x06u\x9d\xe8J\xd8\x0b'\x1d\
z\xc2B\xed\x10\x80#D\x9fl\xe2o\xd2\xf3\xfb\x1c\
\xb8G\x16\x1f`\xd9m\xc7\xe34\xc92\xd2\x886\xb3\
4o\x00\xe2\x18k\x10\x00\x0bJ\xda\xe21:\xe1\x8d\
\xbf\xc2\x9c\xa4\xa5V \x22L\xd6RD\x1e\xb1!.\
\x8d\xb4\x84\xf9\x95\xbeq_\xc4e\xce\xa1h\x10~\x1c\
s\xa1%s\x83ef\xdfR\xe4\xec\x11+y1\x98\
\x8a\xad\xd0&\xe9\xe7\x9c\xa5\x16N6\xb6D\xed\x89\xf0\
LN\x00\x1e\x1a\xb8\xbav\xa8\xb5\xf1\x85\xcbH\xd2\xc9\
\xbe\x02v=F\x00\x00 8\xfd\x11\x94\x88kw\x13\
S\xef#\x14B4\xdaD\xa8\x86\xeaJ\xf8\xc6\x0e\xab\
\xb2\x8d`\xd8\x0f\x03Y\x06\x8b\xfa\x0aF[\xady\xc1\
\x5cV\x0a\x840\x89\x1c\x0b\x83\xd8@\x12\xb7`H\xff\
\x00L\x1d-!(\xd2\xd9\x9a\xf3\x14\xe3\x98#\x1a\xc4\
\x19\x17\xa24\xea0\x03\xc9\x94\xa3S\xfeY!7\xf4\
\xa1,\x02lT\xf8\xc2~O5D\xd4\x8a'FE\
A\xc9N\x84 $O1\xa3\xcf\xd3l2k\xca\xfc\
\xf5\x88\x90\xa2\x1aQ\xc8\x16\xe2/\xce\x01\xee\xc3K@\
\xeb\x1f9-aZ4}\x14l\x13X6\x0f\xca\xaa\
D|a\xe3\x04X\xc1\x07\xf2\xa1\x0fUz\xbcy\x9e\
\xcd\x87\x94\x86\xc9\x04,-\xc1\x1dE\xea\x18.\x04n\
\xe8ysS\x92\x9c!N8\x90\xe9\xbd\xc7\xe9\x9a\x05\
\xe7\x89\xda\xd2\xe0}X1#C\xa6\xf8\xa3\xfbN\x10\
\x80\xf8\x9c}\xc4dg\xa0\x04ndp\x8e\x12b\xbc\
\x8a~\x87\xe7%\xe4D\x84\xcaw\xd1\xbe9\xc1\xfbj\
X'\xd88\x0dc\x93\xca\x9bDT\xb2\xfe#\x22\x8e\
I\xa94\x0bW\x86\xf9\xc7\xa1h-\x94\xbdm\x18r\
,\x12\x06D\xda\xd9\x0c\xbdx0KZ\x92\x0d\xdf\x9b\
\xe5\xef#\xbf\x22V\xcb\x87\x1c\xbe\xe3\xac\xa8\xa7\xf9i\
|\xbf\xf3!\xc4;\x1c/\x8c\xdb\xb8\x01%\xb5\xbb]\
o8\xe6\xaa\xa2\x9fB\x96!\xb3\xdeG\xed\x8e\x8c\x04\
\xa8\xca\xd7\xed\xd5\xca5\xd9^\xb0i\xfa\xbc\x0a\xb9\x05\
!4\xc0\xbf\xa8:\xfdS\xb0`\x08u\xf5\x8c\x15\x91\
\x09<\xad\x8e\xa8\x9ep\xc4q\xd4\x0f\x22\x11\x96/\x1c\
\x9ck\x09\xd8\xc9\xcd-0\x88V\x8e\xf2X\x91\x06u\
\x1ai\xc6\x1b\xa0]\x9e\xc5\xda&2\xb8@\xd6S\x82\
\xcc\x88po\x0cB\xc4m\xcel\x84\xb4\x82\x0d6'\
\xb2kX\xbe%,%\xd6\xa9SEd7\x81\xa2\xca\
\xc6\x9a\xe2\xf7q\x18\x91o\x90Z\x81Gw\xce^q\
I\x0e\x8bD4\x0d\x8f8\xb6I\x09\x22fg\xd6\xf8\
\xc2)\xf3\xd50?\x07\x0b\x87DH-\xc8\xf8\xa1\xf7\
\x88\x81\xe7\xc4\x06c\xd5\xef\x22\x95%\x92\x81\xd1\x83 \
\xeb\xf5\x9dq\xa6\x88s\x14\x84\x9e0c\xb6\x91\x7f\xf4\
o\x9e\xf1\xd0\x1d\x8d\xa5$C\xf3\x8c}\xdd'\x8a\x1f\
w\x83II}$\xc7\xe7\x1c*.\x0d\x1d-\xf7\x80\
)\xe2b\x9d\x0a\x93\xec\x8c\xf4\xa5\x84k\xcf\xe5\xc9\x1f\
\xda\x80\xae\x92o\x84\xdeG\x9f\x88V\xff\x00\xb6\xfc\xe1\
\x02T&D\x94\x12\xb1\x1e\xb5\x8f\xd6SF\xb8\x1bK\
w\xc6\xb2x\x9bI-\xdd\xed\xdb\xccs\xc6Er\x82\
\x93I\xd5\x92\xdc\xa0\xa4!\xa2\x0b\x07\xcb\x9e3\x9a\x85\
\xe6\x15\xc0\x81>\x0c\xb4v\x14\x82\xad1){\xad\x1b\
\xc92\xd0\x96x\x12\x8f\x86?\xd1\x13O\x0c`\xecG\
\xbf\xedc~x\x0e\xa4\x84\xd1\xa8\x9dC;\xc2\x85\xc0\
2\xe9\x83\xf2\xc2\xf0\x01%\x22\x97]\xf1\x82\x15$\xfc\
BA\xc62\x0e\x8d~C\xe7\x0a\x06\xb6\xef\x13\xc1\x1c\
\x08\xc2n\x10P\xeal\x5cF\xe9'y%\xe7\x81@\
\xb5\xc5^E!\xd7\x1a\x98:(\xb4\x9b\xc1\xaa\xc2P\
\xc6\xd4G\xe4\xfc2M\x0d\x1bDD\xe58_\xbc5\
\xe9*\x80\xc1\x8e-\x06W\xa3\x06\xd3\x110\xf0\xd7\xe0\
\xc7\xbf\xaa\x16\x04t\xf9\xb2k\xc8\xc8\xde\x1a\x91-\xd5\
\x81\xa0\xac\x98\x91\x8a\xf9F\xed\x95\x95p\x0d\x83\x80Y\
\xfdM\x98\x18\x0a\xb5\x04\x8e\xd5q]\xe5f\xe1<\xda\
\xe46y\xd6C\xff\x00\x114zNf\xf5\x96\xcd6\
$\xd1\xe0W\xaeq\xbd8\xe1\x93P]M\x9c[H\
\xb4\x16U \x1d\xba\xc89D2\xfc\x06\x08m\xd3\xe7\
\x05\x95\x880s\x1d\xa7'\x03'k\xc1\xd3IW~\
2\x9b+\xed\x06\x03\xc8zd\x0e\xade\xc2\x8c\x1a\x9e\
\xb8\xc0\xa6\x0a \xa2@\x9f\x83-\x15$x\x06sC\
c\xe9\x81\xf8V+\x96\x87\x9c\xe4\xad\x12\xcc\xbd\xe1\x16\
bhrXhb\xce\xfes\x88\xd9\xceI\x98q\x04\
\xb18\xaaG\x00\xa8F\x8d\x89\xfb\x7f\xa2%\xc0q\xa9\
\x88\x0c\xda\x8dF\x8c\x01\x8c7d\x12P\xe17\xa4\xef\
\x05\x88\xe4\x00\x89I\xd0\x83\xf6\xc4G\x04\xc6b\x8d\xeb\
^\x9c\x98\xcc\x88\xa8\xa61\xa4\x9b\xc7\xac\x0aQ\xf9\x11\
\x19u\x80<X\x09\xc4f\xa6ST\xe3\x06\xd8BE\
;e\xbfU\x8d (`\x9b\x12BF\x8f]\xe4\xb4\
\xb2Q%\x80\xd1\x05\xc4\xb9\x00\x90Q\xcc]\xb2\xad\xf1\
\x1c`\xe6\xbd\x88\xc9\x05l8\xe3-\xf1\x9b6!\xa9\
\x06\x19\xb6\xb3\xa4]H\xb0b\xb7\xa4\x01cy)\xe9\
\x14a-hs1\xff\x002G\x15D\x98\xd9\xd8\x9f\
h\xe3\x19\xe0R\xc8\xca(!}q\xd6\x1e&\x96P\
H\xbf\x88\xf6\xff\x00\xa2\x82ME83\x8b\xf1\x18\x1c\
\x05\xa9\x9c!1\x8e\xaa\x15I\xa8\x0f\x9c\xb98J\xf6\
\x0d\xc7!\x8bhQ\x91\xb9Q\x01\xef\x0feW\xe0\x82\
2\x82p\xe6U\xcc\xda\xf8\xc4\x1a\xd0$\x87\x97\xef\x91\
|\x81\xf7\x04\x03l~6\xca\xa1\xc8U~\xc8\xcb\x9b\
\xf7\xd4\xce\xdaT?\x9c\xbf\x0d\xb0C\x94G\xf1\x8f\x92\
\xa4\x96>\xa7N=\x18\xb6\xd5\x98\xf0\xab\x8d\xe0`\x0c\
\x13\xca?\x15\xf5\x8cg\x17q\xdf\xceqM\x99f\xc4\
w\xfc\x18\xd0\xcdHa\x06|Z\x9f\x1f\xe8a\x85k\
\xe4z\x8f\xe7;\x10C3\xc4\x08\xc2\x03Bj.\x87\
j\xee\xf1\xfe\x03~z\xf9^\x19!\xf8q\xf7\x8e\x91\
0A4\x8e\x98\xc5\x10\x91\x82\x07p8D\xb7\xa4\xe2\
\x92s.i\x19\xb9\x13w\x87\x19<\xc9W\xa1Iv\
\xd5\xd2\xe4\x0fwl\x06\x1d\x00{\xc0)\x0f @h\
<\xf7\xf1\x87Y\xe1\xcat\xf7\x82~\xf1\x8b\xdb\xa0o\
\xca\xb8\x93\xc39\xcc\x89}\x8b\xe3\x00\xa6\x9dLPY\
\xa8\xea\xd91\x1f\xb0YA\x15=Q\xf5\xfe\x96\xa0\x80\
\x85\xb0\xe2r\xd9F\x80J\xdf\xda\xe0\xee\xc2\x80\x81\x09\
\x1c\x04^4\xc0\xd9\x82\xba\x12\xda\x9fnD\x8dYj\
#To\xd3\xf8\xc0n\xacY\x90\xcb\x12\x89\x1e\x5cx\
V\x01\xe2\x93\x1c\xb1\x08x\x95r\xd4\xd4\xfb\xce\x93D\
\xd4\xd8\xff\x00\xd3,\xceh\xa6\xe4\xdc}\xbb\xc9vj\
S6\xb4\x1dV\x13<\x92\xc1\xe3\xf9\x13\x97\xd9g\xa2\
\xff\x00\xe8V\xaa0&\x17v\x7f\x1b_\x7f\xe1\x0e\xc9\
\xff\x00S\xe9T$\x1fh\xcd\x83\xf0@\xb7\xf0\xc1\x1f\
\xc2Q\xb9D\xa6#\xe6s]\x8e\x99\xc7\x93\xb6\xb9\x9c\
$R\xe1\xbe\x80\xd1\xe1z\xcd\xf0 \x89Ai/1\
\xa6\xb0\x0a=\xb7x1\x00\x1fP\x15\xf1\x15\x8a\xcb\xd5\
\xdf\xc9b\xe8l\xfb\xc0\xfb\x8cV&A\x0b\xd7\x18\x06\
:\x17\x05&\x8eC<\xdeU\xc3\x1b8\xa8$\xf2V\
3\x92\xc1\xccv\xed(\xab\xe6k.%\x92\xf5\xd1\xb6\
\xe4\xda\xf3\x96\xea\xc8d\xa2\x08\xa2,\xd3\x9c\xbc\xdb\x18\
\xc4W\x8f\x1f\xeb\x88{\xc0\x0dV\x0b\x02\x01.f\x7f\
\xc1r\x84\xdb^2\x1c\x01\x8a\xdasi\x05\x00Q~\
1\x0a\xc2\x07$\x22\x07?\xf9\x9cb \x85\x99\xae\x8f\
V1[\xf6a\x98{\xc0\x828\xc0\x00\x04\x06\x83\xf5\
\xff\x00\xff\xda\x00\x0c\x03\x01\x00\x02\x00\x03\x00\x00\x00\x10\
\x00\x00\x00\x92I$\x00\x00\x00\x00\x00$\x90\x01 \x10\
H\x00\x00\x00\x04\x80\x08 \x80A\x00\x00\x00\x00\x80H\
\x00\x92\x01$\x00\x00\x00\x10I\x00\x92A$\x82\x00 \
\x90\x09\x04\x82\x00 \x92@\x04\x00\x00 \x80H \x90\
\x08\x00\x92\x09$\x02\x08$\x00I \x92\x09\x04\x02A\
 \x00\x00 \x00I \x92\x01\x00\x82H\x00\x00H\x00\
\x02I \x90\x01\x00\x00A\x00\x82@\x04\x92\x08\x04\x80\
@ \x82\x00\x00\x12\x09\x00\x92\x00\x00\x92@\x04\x80H\
 \x10I$\x92@\x04\x00\x00\x04\x92@$\x82\x00$\
\x82\x08 \x82\x09\x00\x10\x09$\x80\x01\x04\x92H$\x90\
\x01 \x12@$\x90\x08\x00\x12A\x04\x10H \x12A\
\x04\x80H\x04\x90\x09$\x02A$\x80\x01\x00\x80I\x04\
\x02I\x04\x12H\x04\x80I \x12\x01$\x10\x00\x04\x12\
@$\x10@\x04\x10@ \x10@ \x12@$\x90A\
\x04\x00I\x00\x90\x00\x00\x02\x09\x00\x00\x08\x04\x12\x09\x04\
\x02@\x04\x10\x01\x00\x82\x00\x00\x12\x09\x04\x80\x00\x00\x82\
\x01 \x80\x01$\x02\x00\x00\x92\x00 \x10\x09\x00\x80@\
\x00\x00\x09$\x10H$\x90@\x00\x00A$\x02@\x00\
\x82H\x00\x00@\x04\x80\x09 \x82\x08\x00\x00\x01\x00\x02\
\x00$\x00\x09\x00\x00\x00\x04\x82H\x04\x00@\x04\x00\x00\
\x00\x12\x09\x00\x10I\x00\x00\x00\x00\x10I\x04\x12\x01\x00\
\x00\x00\x00\x12H\x04\x90I\x00\x00\x00\x00\x00\x08\x00\x80\
I \x00\x00?\xff\xc4\x00\x14\x11\x01\x00\x00\x00\x00\x00\
\x00\x00\x00\x00\x00\x00\x00\x00\x00\x00\x90\xff\xda\x00\x08\x01\
\x03\x01\x01?\x10m\xbf\xff\xc4\x00\x14\x11\x01\x00\x00\x00\
\x00\x00\x00\x00\x00\x00\x00\x00\x00\x00\x00\x00\x90\xff\xda\x00\
\x08\x01\x02\x01\x01?\x10m\xbf\xff\xc4\x00$\x10\x01\x01\
\x01\x01\x01\x01\x01\x01\x00\x02\x03\x01\x01\x01\x01\x00\x01\x11\
!\x001AQa q\x100\x81\x91\xb1\xa1\xd1\xff\
\xda\x00\x08\x01\x01\x00\x01?\x10\xff\x005\xc3EU\x00\
\xe5\xaa\x84{m<\x05=\xd8\x0fH%\xccQn8\
\xb1\x1b\x0al\xea\xb1\xb2\x9eh\xbe\xd6\x88\x80\xcb\xcc\xe3\
\x03K\xa2\x0fS\xc2\x14B9\xdbN!\xc2)Z0\
\xc0|\xe3\xe3:d\x09\x98\x03d\x88\xb3\xd18\xb6o\
!\x04\x96\x84!\xe3\xa7\x8c\x9c.Llh\xfep@\
\xc7\x87C\xc9P\x12\x13\x85\x15\x13\x0c\xd1\xc4\x80\x91\xe4\
X\x1d\x14\xd8\xff\x00\xdb\x8f\x8d\xad\x81Ck\x03\x00\xb9\
\xc1\x93O\xe9( a\xadP\x8cpDFl\x93\xf1\
\x82\x1c\x84\x9e\xb4oxZ\xf8\x8bi\xa1\x15\x04&\x15\
\xc5\x5c\xe9\x16\xb5\x02\xe7\xf0y\x92\xe4\x1ccdC\xb4\
\xd2\xcef\x1a\x1c\xd0qD\x0a6\xa7\x9dzQ\x0b\xb9\
4E<\x82\x89\xa1\x8a=\xde\x09\x1a\x86\x00E\xaf@\
^n\x90\xc0O_9/\xa7\xe9\xc6\x9f\xe0\xe2\xd7\xea\
3\xe4\xf8U\xe1};F\x07h,\x00jR0\x0b\
\xc5\x02.\xc2\x5c#\xe3\xc7\x96\xc3\xec\xa4$D\xec\xa2\
z\xdc\xd9\xf2'\xea\x03\xa3\xe3\xbe\x88\x98\x9f\xf5&z\
\xfayp\xd1\xea \xa3A\x8f\x13\x9e\x9f\x0e\xa2\x03\xb1\
M\x0c\x9c\xb4\xfdF!\xd1\x90~\xa4\xbclsWm\
\x05\xe6*\x82Eo\x093X:\xe5\x9a\x10\xc8*\xe1\
\x04\x1e\xe9\x10Z\x98\x09C\xf2\x19x\xf00\xf7\xc4\x0f\
:A\xfa\xde;\x97n\xefS50\xa0\xff\x00\xf3\x92\
\xa2\x03\xbeFo\xf4\xfa\x0fNL,\x9c@\xb5\x97\xf4\
>\x14.\x22/9\x88\x1fs\xc2*\x88\xfb\x95\x85\xd8\
g\x00'\xb6\x09A~\xbbj\xf1s\x17\x82\xa2&R\
\xad\xef6\xdb\x84\x1a\xc5u\xe2\xe2\x9a| \x16\xf3\xc0\
\xc7\xc6V\xa9S\xc1D\xb74//\xc1\xec\x18\xc7\x86\
\x81\xca\x93\x08\xa0Aa\xf2\x0b\x88\xbe\xff\x00\x96\x7f\xdd\
\x85\x8c\x05@\xaaj\x81\xea\x81\xd8P\xdax\xaf\x10\xc8\
 \xbd,\x9d\xf8\x19\xc3^\x08c\xf1\x0b*\xaar*\
X\x06-\x0f\x00PSX\xf5>#\xf1*c\x10 \
\xa8#\x9bt\xd8\xbe\x81\x13Q\x18\x04\x07z\xe8\x9e \
:\x9480\xc5V\x9cK\xbex\xebE\x12\x97\x18\x22\
\x07+\x90\xc6\x1bI\x05TE\x02\xbc=\x92\x15i\xfd\
\xe2\x16\xaab\x96\xe3o\xbdMJ\xde\xc0t@\x13\xb0\
\xefW\x989\xaf\x85\x83\xf9\xd6\xa7\x8f\xc4\x8aB@\x1d\
|\x17\x84\xc6D\xae\x88\xa3CD\x94\x89x$<%\
P\x83\x13\xe8\x0c\x1e\xb6y\x90;\x22\x00QA\x98q\
\xe5F\x99,\x92\x0f9\x1d\xc6\xc5\xcbf\x04I\x86\xdd\
E\x0dj\x9al\xa8Xc8\xe0/\xb8\xa5><\x92\
\x0a\x88\x03BR\x1a\x16\xff\x00\xa3\xfeD\x9f\xa2\xccE\
\x0a\x05U\xf7\xcc\xe2%\x1c%v\x1c\x964a)\xd3\
\xea\x96\xfd\x17\xe0\x9e\x05\x87\xd0\xe4\x95\x19\xb7\xec1\xd4\
\x80\xc8\x11c\xf6)k\xa4\x0dA$\x13\xda\x05}\x92\
\x85'a\x8c\xc7\x13\xa0\xf29\xfc\xb8}#<\x14\x13\
)o\x18\xa9L\x13`\x05P\xa8\x10\xef\x85\xd9\x0a\xc8\
\xb2\x15\x1f_sI\xd5\xc5O\x85\xb2\xf4\xfd\x07\xf7\xf9\
\xd0\xe6\x14g\xaa\x11Al\x03>\xf1\xebj\x8d(\xfd\
\xcf\x07o\xed[\x0f\x00I\xfb6\x02\x14\xa7\xce5\x8e\
\xc9x\x9aVp\x87\x8c\xf3\x8b\xf4<\x89\x92\xc1\x22\xb5\
|\x15#\x00A\xff\x00`..d\xc0\xece\xc8K\
\x88\x86Z\xd4w\x9e\xbe\xa5M\xea\x84\x10x\x93W\x8b\
\x18\x0e\x1e\x0a&\xd8Q@\x14}\xf98\xe88\xa1C\
\x11\xd8'\xc9\xca,\xc1@W\xd6\x19\xfe\x04\xaf\xa8\xd8\
\x1c\x08\xd5\x90\x93\xf7\xa5\xf8Z\xc0b\xc3\x88M\xebS\
\x85\xc6T\x02\xd6\x11X\x01\xa1\x5c\x222\xb9l\x7fA\
P\xac\x86{\xcanY\x90\x84Y\xff\x00\x9c\x08Z\xd5\
\x90*\xa1J`Z\xa5\xdcOO\x04\xf4\x11(B\x00\
\xa3H\x08\xe3g\x004\x81\xc8T\x17\xe4\xad\xe1qg\
\xe8\x90\x10\x1a\x13 \x00\x01\xd1}\xbc\xa5\xe2\x8c\xa8'\
I\xe8\xb2\x14\x83\x84'\x0e\x94\x19G\xe1\xc3\x89\x02\xe8\
\xf5N \x0e~?8\x14\xcahC\x16U$\x99L\
\xe0\xf9\x8d7A\x15\x09\xa2q\x85\xa6*{%\x81a\
\x0a$S\xf0\xe0\x00\x8a\xc1\xa0E\xa8\x1f\x01\x7f\xf8E\
\xd5\x9e&00\xaaX\xc7\xa3\xc5\xf5R\xb3f\x13\xee\
@\x0dI\x1c:\xc0f\xc9\x1d\x04\xe5O\x0a\xf7\x88\xe8\
\xde$$\xb0 \xfaM\x86l\xc1\xf0\x8a\x18\x1a\xcb\xec\
\x0bD\xde\x0d:P\x00\x90\x17\xc5Qg\xf86M\x07\
(\xa2\x12%\x07\xaf\x0a\xd8\xbe\x01\x98\x05$\xcf/\xe8\
\xe0.v\x95U\x0a:*/\x06\xa9\x8bo4u\xd4\
\x020V\xd2\xde\x22\xd7T\xf8T\x81\xe0\x22\xdax\x0a\
%\xfb\x97\x96)(\xdf\x00yM[^6J\x02J\
\x06\x84xn\x89\x82\x08 \xce\x12:\x93\xdea\x85\x13\
B/\xda\x16\x89\x82Y\x82\xf1\x08\xd5\xb6\xda\x0d\x04\x8a\
\x8f\xe8\x96hj\xea\x14U\xa4=N\xae\xb2u\x8a\xca\
~n\xbd\xf5\xeb6\xb6\x9b\x11\xe2H\xc1W\xed\xd6\xd0\
\x9c\x92\xf1\xac41\x81B\xb4J\xf5\x80\x0b\xcf\x84\x04\
V\xa9\x11\xd5\xcbS@\x81\xf1+\x09\xd8\xdfX\x16j\
t\x00\x04QQ\x11\xa3\xf2\x22\xd1\xe46l\xe6\x01\xe3\
\xafBPZe!\xa0t\xd8/\x0f\x18\xed\xcaQ|\
o\xe2|\x0f;\x96:1\xb4\xc4\x03\xca\x9f\xc3\x83g\
\xe2\x809\xaf\x15J\xaa1\xff\x00$.\x07\xe9\xed\xe9\
\x10\x10\x14t\x0a\x85&I(C\xe7\xd62\xd3\xce\x85\
W\x12\xb4\xc3\x0b\x18E7\x91(\xba\xc2\xb4\x8163\
_fss\x1f9\x04\xc4\x04\xa7\xf6\xd7\xde\x8a\x8bD\
D{\x99W\x81\xad\xc4H\x04\x06\x1f_ \xd4!\xfa\
0\xad\x82G\x80L\xb5\xd8\x00l\x17\xa4\xd2TI\x85\
\x19\x9c\x96\x8c\x0cH\xd4\x99\xa0\x81_\xf9D\x03\x8c\xf0\
\x15\x0b\x84.\x01\xaa?\x87Jt\x97\x19\x06\x8c\x1eb\
\x185\xaf\xa3\xf5\x12\xbd\x00->\xdbN|\x9bUF\
E8\x04\x85\x08\xaf0\xb5\x8c\x82\xb2\x8c\x09\xf2V\xef\
9\x96\xbf\x18\xc3\xd28\x82-PI\x17\xc6\x8e\x00f\
\x18\x0a\x8aM+5\x9cJ\xeePL\x05\xd2q8\xc7\
\xc9\x8a\xc5\x82\xfe>\x87C\x13\xc8\x83O\xc1\xaa\x85\xa7\
c\x91\x07\xc0$pH\x07\xc3\x7f\xc0\xbf\xe8\xef\x9f\xeb\
\xc2\xb2\xfc\xc1\x1fA\xcb\x04\x02\xd2\xf1\xa2\x8aK_\x9f\
\xbf\xf01\x9d\xe2\x88\x8c\xff\x00gR\x9a\xc0\x922k\
e\x00\xb8\x17\x94|\x05=\xc8\x14@\x06N\xd7\xb5\x1f\
\x05(\x064P\xd5(\xc1\xc6W\x8f\xdf\x82f\xe5,\
_\xf5\xca\x5c\x82U\x00\x94\xc2?\xcd\x8b\xce:\xdc\xa2\
\xa76\xab\xe0A\x09\xcdln\xb3\x89\xb3!\x08\xaf\xf4\
\x7f\xb4rs{E\xa2\x16\x04\x9e\xf5~\x87\xd4\x22\x12\
\xaf\xd2\x08\x12\xe1y\x1b2\xb8\x8c-@ \xe7L<\
,\x1a\x0a`\x19\xc8')@l\xac\x05b\xa3\x0b\xf4\
`g\x1c\x18\x80[\x02S\x04De\xe2\x08+\x9d\x88\
\xc4\x98\x97E\x01\xe1\x8a\xf8\x19\xd0W\xf2\x18\x0a\xea\xab\
\x85j\xc8\x0c\x87\x81\xb7\x04A\x9c\x86\x00\xc6J\x88\x9b\
\xce\x01\xff\x00\xb0m\x83uS\xaa\xcb\x0eD&\xa6\x8b\
\xed\x88\xc7\xd0HA\xf2B\xdb\xc7\xdf8\xbf\x1f\x86\xed\
\xf5_'\x19\x85Q0<\x06$4\x08`p\xb2R\
\xb2\xb0K\x08\xdcB\xe48\xf9\xfb\xd4\xe2\x8bhs\xc3\
\x19\xff\x00\x10\xd0\xce\x18>\xc36\xb4\x08\xf9\xc3\xc7^\
@K\xde\x0c\x86>kKt\xe5\xe9P\xd1\x0fO+\
\xef'\x12G\x08\x15\xe4-\xf3\xeb\x83\xce\x0f?\x05\xaf\
h\x04\x11\xb3\xbb\xce\x80m\xa1\x03R6\xa69Q\xd1\
|\xb4\x10R\xb4j\xa0x\xe7\x1c^\xcfK\x10\x92\xcd\
\xd7\xd3B\x91\xee\xfb 4\xf4\x0a\x01uK\xf4G%\
\x06\x1f@\xa6LS\xe9\xfb\x9c\x03P\x17\xdd\x80P\xbf\
\x8eoh}\xb8I\xa3\x91\x1cR\xc0\xf7\xcd9'\x08\
\xb8-R\xd4h\x11\xf8\xc3R\x95\xbaQ#6\xba\xac\
\x0aPp_ \x09>sh\x10A)a86R\
\xd4\x16\xdb,\x94\xd4\xb5\x0a\xcb&\xf5\x9d\xfd\xb4\x16!\
\x91\xf3\xc3\xe8!G\xd5\x04\xca\x9f\x16\x08\x8cO?\x9f\
\xbd\x89e\x16W\xc0\xc4\xd9\xef\xceeC*\xe7\x0a\x80\
\xf6\x8f\xb4(=\x95\x7f\xd2\x1f\x13>\x8f\x1bb<_\
\x96\x14\xaeA\xc0\xfdx[\x04\xb00O\xcb\xba#>\
\x1f\xf8Nt\x7f\xed1\x1b\x1a\x03\xe9\xc1,!\xc9P\
\x93U$E\xa8\x8fi\xf1G\x1d\xb8+\xacz\xc9#\
\xc31]W\x80\x8d\x15\x04Ex\x84T\x91f\x8bH\
\x07@\x90q\xe0i\x0b\xdb\x17@H\xd2k\xdf\x7f\xb9\
\x9f\xd5\x0d\xf8\x92\xfa \x9b\xb8\x19SU\x11DO*\
q\xab\x04X\x98\x18\x1fh`\x950q\xcd\x1e\xd38\
j:\xde\x9f\xe8\xf5\x5c8\xcf\x89\x911\xc1*_\xde\
\x187{\xb0\x9c\xb7u\x8b\x948(d\xf3\xd4i\xd5\
\x0aX\xfe\x02.\xba\xa7\xfe\xd6\x91U\x0d8\x82\x19\x81\
\xf9X@\xaa\x1d\x17R`\x06\xae\x16\xba\x12\x19\x0a4\
\xe0T\xd5\xc4\x80*5\x10^H\x1cL\x22\xa8\x89\xf9\
\x0c\x8d\x81\xfaqY#\xa0\x80\xa3\x16-\xd7\x1bx\x8f\
\x85&\xa5\x8d,A\x14\xdd^~\xcc\x80\x99/\x03B\
\x92\x91\x99\xccTZ\xf7\xb7\xdb\xfc\x1bJ\xe8\x84K\xb4\
@\xfew::\x8b\xf7\xa8\xfbHhE\xc17\x8f)\
\x9dT\xba 1n\x85*\x08X)\x15O4\xd0\xa8\
\x11\x82\xe6?\xc1S\xa0J\xf9\x98b\xc2#\xaf\x1ef\
0\x13\x00\xb01\x1d@\x9c\x06\xf1N\xbfK\xab)\x19\
Z)_\x0f>\x02\xe3\xb0\x9c\xa5\x5cma\x03\x8a\xeb\
@\xf3@DRB<\xde\xd2\x10\xfeM\x8dh\xab\xc0\
\xaa\xaf\x1er\x98B\x00\xb2+L\x88\xe6\xdaKr\xea\
&\xd6\xc1\xa4*\xe9\xb6X8\x8d\x14Z~\x19H8\
\x81\xb2\x98\x10\x06\xc3\x13\x06!\xc6\x16\x15\xaf\x86\xfa4\
\xf4DAJ\x90\xff\x00\x04\x9c\x11F\x90\xa4\x12N\x0a\
2\xa9\x8c[\x0c\x02\x8aS\x16\x9c[\x84\xb8\x8e\xa5C\
\x15^\x9cj\x0bZ\x8d\x04f+\xf1\x13x\xb7\x91\xb0\
(.\xaf\xfa\x11\x5c{#\xd2\xde\x00\x10\xa8\x8b?\xa5\
\x11\x19\x95\xa4d\xa4\x96\xa3\xa9\xf9\xccb\x0f\x5cq\x01\
D\x14\xff\x00\xeb\xae\x1e\x8a\xfa!P\x98\x7f\xe8\xdf]\
F\xd8[A\xe7\xe4\x04(\x07\xed\xe1_de\x0d \
\xa6\xc0\x14\x22\xfaR\x0e\x00\xbc\xc0\xa0@\xae\x11\xc2t\
U\xaab\xc2G\x8c\xd2\x1f\xa3\x9cJ\xe2\xc2\xca\xe6B\
/\x80\xa8\xf1\xbd\xa0\x00\x0b\x93\xb5\x0b\x04H\x9c\x92\xc6\
\xce\xc8\x8a&\x8a \x04\x1dsqs\xc7\x8ed\x00\x0b\
:n1FLm((\xc2\x08[\xc5)\xe4\x0af\
\x81\x89\x80v\xf9\xe8\xbbt\xd8\x0aJ_\x02\xcd\xf5\xa4\
\x0b\x1c\xfeq;\x08\x03\xc8#\xcb(%\xae\xd6\x92 \
J\xb6\xbeu\xb2\xf2\x08c\x9f\x12a\x85>%\x1c\x1f\
\x021b&\x10\x96\xc4\xe9\xb5\x05\x08(\x93`\xb7\x19\
\xf9\xcf\x8f\xb0\xf9c]+\xf5\xa6\x98\x9df\x85\xb2\xd4\
\x089\x8e\xae\x83g\x87\xbc\x8d\xac\xe0\x93J\xc6 \xfb\
\xdaYm`M\xb9\xaa}h\xc6t-\x03]6h\
\x85PG\xe6r\x07\xd8T\x81\xba8\xcf/\xe1\xc5\x17\
\xaa6\xd1\x0f\x9e\x0cn\xdd\x1e\x1a(\x1b\x88P?\x00\
$\x1e\xa2\xd8\x98\x06\x04RH)\x9a\xc2,H<%\
\x19\xf3\xfb%|\x1e`~\xa8\xab\xacz\x04\x15\x12\x04\
\xed\x00#\x85\x17\x94D\x11\xb5\x10tz\x1ajV\xa0\
\xd1H\xff\x00\xdb9\xc6\xdfC*\xb1\x14&\x80\xa4\x1f\
Kk\x08\xb2\xe0\xc8\xfa\xc0\xf3@\xa8p\xf4\x0fjU\
\xc2\x071\xe3\xd7\xecsHm\x95\xfa\x9b=\xfb\xc2\xf6\
\x02\x1a\x9a\xfbo\xa5T\xb5\xe0\xc3\x90f\x90\x90\xc1\x02\
\x83G\xbd,k2Z\xd0\x88>\xa3\xd1\xce_\xe8\xb8\
g\xa9\xf0\xbe\x01\x0cw\x08\xd1\x14\x96`\x9c\x04\x05:\
[\x1b&B\x07\xc5P\x07\xadg#\x12:\xd8\x1cE\
U\xe4t\xf8\x1e'\xb6\x0c(\xc2\xca,\x16\xb7\x92U\
\xb2\xf4H\x05&,\xcfgT\x96PS\xa8b\x00P\
\x9f\x8aW?\x06\xa0\x1e\xa3\x0d\xb1<\xd0M\x0d&r\
\xdam\x8d\x01\x19\xec\xb6q\x05m\x05\x10\x00h\x85\xf8\
/\xdf\xf4j\xb7E\x84j\xa0E\xa6\x15\x95!Mx\
\xa8\xe1h}x\x0b\x95\x0a\x80\xe4v\xf1\x0b\x859\x96\
\x91\x13\x14\x08\x80A\x16\xc1\xe7h\xa6\x92\x0fl\xa3\x22\
\xd4r\xe9\x94B\xae\x94\xe5\x16\xe92Fu,\xcf\x8a\
p\xe0W\x1d\xf6\x9b\xb0\x97\x08\xd2\xc4\x11\x1b\xb8}\xcb\
\x0c\xa9\xd1\x02B\x9d\x023\xe1\xad\xbc\x0d\xc1\xa4\xcf=\
SB\xfb\xbcD\xcd\xf1\x04\x96\x09*X\xf8Q\xdb\x8a\
6\xd5\x1c\x17\xf30=w\x9a*;\xba\xa6\xb8\xd2\x17\
\x81W\xb0\x12xK\x89)\xf8PB{$\xd9<\x5c\
\xbe!\xf0E\x08\xacnu%\xe3X\xf1\xb0Izo\
?\x13\x80(\xa8\x11A\xda\x16\x0b^G\xccH;t\
k\xd4\x05bq\x04\x9d\xe2\xc7\x83\xa0$O\x84y\xfe\
\x94\x00\xa4\xaf\x95\xa0b\xb4\xa9?\xfe\x84Plc\x11\
\x9f\xe7\xd4\xd5\xce\xa24\x8a\xcf\xa5\xc0g\xa8\x1e}`\
\x82J\xe7\x9fg=\xcf\xa3\xb9\xc6\xc8o\x01\x96\xab\xf1\
\xb1b\xbb\x10\xd1\xc4\x0f\xa4\x17\x80\x051\x03K\xd1Z\
_\x0a\x0ep\x89y\xca\xa0\x9f S\xe9\xa1\x0a\x14z\
\xa8J\xddI \x03\x03\xf3\x95#\xf0\x98iq \xed\
\xb9x\x96A~@\xdf!k\xe0\xf7r~#\xe3x\
,E\xab\x1a\x1f\x0aBo\x84\xce\xe9\x0bd=\x91\x8f\
;\x0c2s(\x19\x94\x01R\x1a\x03\x06\x85\xae\x06\x95\
\x09\xd0\xd0\xf09`\x0bG\xd9\x94\x04\xc0\xc8\x16\xa6\xdb\
\x03\x03\xd2\x89\x87\x0b\xe06\xf6\x85\xb5@*\xfc\xafc\
\xfb\xef\x08,t\x5cq\xd2\x87\x5cLQ\xc6\xa0\xdd\xc9\
H\x81\x00\x10\xd4PH\x95!kC\xa1\x9aY\xe3F\
\x87I\x9e\xadP\xd0\xe04\x00\x9b\xc0\x8e\x03b$\x0a\
\x91G\xca\x9a\xaf?\x06\x1f\xfb\xac\x8c\xbd.\x0e\xc3\xac\
\xc7O>\xb2\xf0L\x10\x9eNC\x04\x08\xea\x8b\x00*\
K\x10\xa1\xe7J\xa0F\x001\x17\xa4\xe2M\x87\x16h\
-\x10h\x1b\xc9\xa2\xb6N5\xab\x81j_\x84\xa4\x8c\
S\xecTCC6\x9c\x16\x98\xca\x01%\xa3\x18\xa1U\
\xb9\xc0\x83\x03\x16\x0d\xc8_\xebq\xc3\x86\xa0\xc1\x16I\
ac\xa21\xe6`\xb3\xc1\xa9v\xad\x10\x904\xab\xf9\
@\x90\xd0:\xd2k\x18_ \xaf\xfcv\x17\x9a\xde\x90\
\xc1\xe8 \xb1\xc1w\xd6\xd7p\xc0\xa3\x04X<g\xf5\
8=4N\xc1p@*\x90b\x9e,u5`-\
DX\x8a#\xc9\xc0\xfe/\xa18\x1er&\xaax\xf4\
\xc9V\xfa8\xe8\x13\x81[\x08\x02e\x900 <\x14\
\xe6Ao>%\x0c\xd2\xc32ZB{\x5c\x9ePi\
4\xd0\x04\xad\xf4Q\x8f4Uj\x19/\xcc\xe7\xef\xe4\
x\xfd\xff\x00\xa8\xe2r\x0b>\x94\x88\x0e\x8f`\xc8|\
\x00\x19$\xd3\x00\x93\x89\x87#\x17E\x9b\xf4\x18#\x81\
C\x90\x12\x92.\xaf\xe8|\x18\x14\x98\x9e\x06\x82\x94\xe9\
\x10\x91\xaaj\xf0\x0d\xa56\x86\x0d\x04Bx<gX\
\xcd\xfa\x19\xe2\xbf\x88E\x83\xd4zU\x8d\xe6\x00\x06\x9a\
\xfac\x01J(\xa5\x12\xfc\x8c\x8b\xc1\xff\x00\x80_)\
\x86\x1f\x0d\xc7\xf5S\xd0\xad);\xb1\x1f^\x95\xd7\xa1\
u\xe0\x84)\x12S\xe8\x00W\x1ejo\x89#e\xb5\
Z\x89My'+\x1e\x0aG\xd2\x00e|b\xeat\
\xe2\x05\xb2\x15~\x92\xfb\x02\x8d\x8a\x94\x18\xba\x09\x01\x5c\
s\xf4\xf1\xc6\xa2r\xdc\xfa\x87\xcb\x87\xfb\x1d\x9c\xd5\xa0\
\xcc\xed\x02cBvM\xd3\x18\x19\x92TP\xb9\x9e\xd1\
;\x22`h\x16QV\xa4\x9f\xf4\xb3\x1e\xd5\xb7\xc5\x05\
\xd5t;\xf1\x08E5\x10\xa1@@0\xf2RL\xf1\
e1\xcf\xe9\xd9\x04\xe6\x8a\x91\xd4J\x02f\xd0\xf8\x08\
\x8f%\x18\xec\xf2\xca\x18&\xb6\x06\x00n\xa0\xb0\x03h\
\x01\x0biQ\xed\x16\xc4&\xd2\xa2\x91`\xe9\x8dJl\
8d\xd0\x9at\xc4`\xc7\xceB\x02\xc5\xb7\x1c\x1a\xa2\
&\xb5\xb2\x8fO\xad\x09\x05\xd2aA\xc2Q|\x90\xb7\
M\x8bG\x01\xe0\x03*\x89!x\xd4\xd3\x10\x07\xed\xb5\
\x0bfo\x804D\xb6\x22\x9c\x0b\xe1\xda\x14\xda(\xf4\
\xbew\xc5\x82T\xf1\x7f\x88\x22a\xf6\xf0\x5c\x13\x18E\
\xbe\x89t\xa9\x8b#\xce\x15'\xeb\x0c\xa4\x80\x139C\
\x88\xa5\xa6\x904\x0c\x1b\xd4T\xa7)\xc5\x11\x93U~\
\x909P\xb8\xb5\x06\x97$Q\xf5\xe1\xf7\x88\xd4\x0d\xc2\
\xc5\xc8\x18B\xb3\xd4\x8b\x8a\xa3i\x01\x5c@G\x13\x8a\
\xb3\xc4e\xf0\x22\x5c\xda\xdf\xe7{\xda\x8a\x0a'\x0b\xff\
\x00\x01q\x12\xcc\x0d4a\xf4\x92\xa3\xf8\x91^\x00\x05\
\xb5\x05\xd1\x80\x910\x86\x15j{D=\x07I(\x84\
H\xa2\xf8\xd7\xbdN\x0a\x04\x0aD\x0d\x95;^\xd8\xdd\
&\xa6\x980\x05\x0c}\x0a\x08\x12\xa0\x88jk\xe4`\
\xa2\xb1\xe6*\xcc\x99\x18\x1e\xbc\xb2/\xd1 \x04\x89\x16\
\xdd]\xd9\xbb\x9d\xaf\x09<\x18\x00\x8c\xe8%\xfb\xc2\xa1\
\x9d\x0eF\xfaK\xf0\xd28I\xa6\xf5\xd46\x94\x90\xd8\
\x88\x93\x87\xb2\xcf0\xe3\xc7\x86`Y\xc4=\x87\x99@\
\x8a]\x15\xa0z\x08\xa2\x93\x0d\x18\xe0&L\xfc8Z\
\xb6\xcfVy2#\x00\x14\x0f\x0frK\x12\x11\xed\x82\
Rj\x0aR\xdc\xe9\xc4Z\xc3F\xfb\x14\x02\x95^\x03\
\xd7\xf8@\x93V(P\x92\xcc\xde\xa0/\xb1)\x00\x15\
[\x06\xcf\xa0\xe5\x97\x14\x1b\xd2\xa4K\x1c\xdf\xf3\x97\xc0\
\xf4(\x80\xa7\xe9@D\xf3\x9d-(\x10\xc2\x1c\x99\xc4\
\xa4[UDPW>\x87\x1ao\x1aC(\xd9\xa2\xee\
T\x1f\xf9\xbc\x8cH\xd1\xf4`Z\x0bj\xe2\xbb\xdf4\
@\xd8\xf8?\xa7*\x9a\xa6Y\x07\xd2\x10\x02>\xa6Z\
1!\xe6[$\xdc\x88b&\x87\x88\xa882\xb8I\
\x9d\xcd7\xc9+\xd2\xee\xe8\xa9cH\xd7\xee8\xe3\xc2\
\x98\xb6\x84\xf4\x02~\xc1W\x15\x82\x960\x18hU\xd0\
\x1a!\xe1\xa2\xa1}\x85\x14:SX\x87*m^\x8e\
\x90zRX&\xcb\x10\x05G:\xb2+\xf5\xa6\xa2\x1a\
\xe7\xb8\xb9\x03\xc0\x9c\x81\x08W*\xa04\x9a\x80\x84`\
@\xc1`.\xd1\xb91eA\xd8g\xc0\x1eR\xbdX\
\x0eR\x90UN{\x0d=\x0b)KC\xb6\xc0\x03C\
]\x81\xd1\x91^|\xb7\x18\x11+\xab\xe1N\x10E!\
\xda\x1bC<Z9\xa1b\x0dWB\x98\xb0\xaf\xc0=\
\xe3\xf2\x9db\x9c\x8d'\x10P\x01\xb3\x0b\xab7\xa5H\
0\x0b#\x86\xc1\xe6\xd7qZ\xda\xf4\x02\x90mT\xa2\
Y:\xcbZ\x13\x085\xfe\x0f7\xf2R\x140\x01\xfe\
\x80\x98\x9cp\xff\x000\xe3 \x08<\x15k\xc4\x1aR\
\x11\x88\xfe\xdb]\xf6\x5c\xff\x00\x80\x0d\x8f\x05\xc8\x01\xd9\
\xa0-\xc8\xe2\xc9\x88$\x82\x02\xb1\x80\x05\x10\x02XW\
!\xb2\x8d \xf4\xa1)\xcd\xe1&Y\x15}\x1c\x00\xa8\
\x8e\x19}e\xd8L\xc8\xa0\xa9h\xf6/\xf6)\x90\x96\
`\x02\x85\xab\xc4n\xe7\x8a\xfc+U\xfa\x9e'8G\
\x85\xb2\xa4\xea`R\xabv.\x7f\xf8\xe0\x00\x98]\x22\
>\xf5B\xba%S\xc1\xb0\x95UD\x14\x8e\xb2Q\xda\
@\x89\xf5\xa9\xf8*Bb\x80$\x9cF\xae0SG\
\x11\xc3`Y\xe3I\xe2B+\x81\xf0?\xff\x00d\x0e\
\x00\xdbXr\x9dn\x11\x82Qw\xea\xc0\xa6\xb3\x93\xb4\
]\xc5\x1f)\x02=I\xf3\xa3T:\x00h9((\
S\x82\xac\xc7\xa8(\xb6\xd7\x100\xf9U)\x0c\x99\xcd\
\xc2\xbd5$\x1e \x8f\xef\x89S\xd8\x03\xa5\xc4t\xd7\
\xc1T\x17\xe1\xea\xef\x8e\x9b\xbd\x8eJ\xe1d\x18\xac\xc4\
d\x17x\xe3\xc8\xa3K\xf4bC!x\x1dq\x22\xc0\
\x80?\x1e/\xd4\xea\x9f\xf8)_S$\xfd!\x10+\
<q\x07\xa0iY\x92\xc5ii\x12i\x82<\x9eu\
?\xda\x82\x0d\x0d\x830a\x9c)\xfd\xd1\xc1hH\xf0\
\x11\xa4\xe0L\xa6H=\x0b\x045C6r\xe2fv\
@\x1d\x04>\x95(*.J\x12\xf6\x90\xd2\xa14G\
\xf3\x80\x00_=@8\x8c\x0b\xaf\x84M\x03L`h\
E\xec*\x9e\x89\xe9\xb9\xf2r>\xf6\xf4(3\xda\xd2\
\x89\xc4\x98n\xb3\xedY/Z\xed\x9e\x5c\x81\x12IH\
\xc35P\xb1XA\xb1\x0a\x22\x81\x8dly\xcc\xb0\xae\
%\xda\x96\xef\xf4\x82(\xdba\x91\x9dC\xef.\x8a\x85\
\xcap\xd9\xd2@\xb8\xb1i;o\x8f\xaf\xf8U\xb3\x0b\
\x85&\xc3\xd0}&\xfe\x10\x02k\xcao\xb7B$\x0f\
&\xdc\xdf\x87\xf1@\xcf\xb0\x9evU\x89\x83w\x0b@\
p\xe0\xc9\xc8\x10\x00\x97-\xe0;CT\xb49\xa1+\
\x0d\xb7_\xb3,\x94\x9f\x88\x08DyC\xfa\x17O\x8e\
\xfd\x1e\xa5(p&\xc8\x04b\x11Sj\xb8\xa0T\xac\
\xa8\x8c\xa1\xe9\xc0:\xc7\xd0\xd0\x18\x0c\x01\xac\x84\x0dn\
\x0c$`r\x90M)\x00\xa5n\xf6\x081\xac\x06\x94\
\x1f\xa4i\xc3/\xce\xcbX7\xd5\xf6FgF\xcdV\
\xaa\xbcrQ\x84\x12\x1c 0\xf8\x9c1A\x8a/w\
\xf5\xe6\x09\x9d\x1e\x18\xb6\x05?f\xd2\x95\xc4\x8c\xdcD\
\xcf\x905]\x0d7\xdb\xe0\x92\x80)h!\x1cO!\
\xb6\xe1*B\x84\xaa\x00\xc1\xcd\xe5\x90{^\xd3}\xc1\
\xf81\x81\x03\xda\x88\x01\xf6L \xab\xac\xa25\xf8\xa4\
\x0f\xc2_#*\xf3\x88\x1e\xd2\xc8 h\xbd\x0a\xf3\xd6\
\x01\xcc\x05T)t0Z\x1c\x8d\x83q_\xa5%\xf7\
\xdd~t\x9b\x8c0\x96\xca\xae#\xc6`+w\x85\xd6\
\xca\x80\x7fS\xa7LZ\x90\xb1\x9a|q\xdb\xe7.\x1f\
#\x15\x1bA\xa6\x19\xb8\xd9\xd1!\xd0\x1b\x8f0)\x22\
\xac\xdcR\x93z\x00\x8a\xbe\x9aYW|\xe8\xf8\xe0\xf4\
0B\x0d\xa1n\x96\x8f\xfc\xad\xd2\x18MF\x8b\xa1A\
\xcf\xc1\xf9\xc8\xf3\xd4(\x05A\x08\x96\xbaN\x8f8z\
\x11\x00\x85\xb8\x11\x05\xf7p\xac\xbc\x98\xb5q\xa0\xc3\x1d\
<\xab\x8a\xcc b\x1a\xe3\xc1`\xf0-\xff\x00\xe4\xa0\
{\x02\x91*>\xe7OO^\xee\xa9\x9f`\xd4\x0f\x8a\
?0P\x22]\x07)\x82Tq\xf4Q\x07\x09\x05\x81\
\xd2\xfc\x00Vd.\xcb\xe5\x03LZ\x88nqA\x8e\
\x8b\xb1\xc5\x95\xb6\x81YN\xd0\x8ev\x1f(L \xad\
\x1f\x04\x89\xf8\xe9pEa%\x80\xc8\x0b\xbcz$@\
\xbd\xbf0m@\xd9\xd8\x0dc&&e-l\x0a \
\xf6i\xb2\x8e\xd6\x13\xf6\xfeQ\x8d\x10\x099\xed\x14\x02\
7$\x00ixt1\xf5\x11\x14Z\xd4x0\xbc\xbd\
\xeb@T\x09IDQ\x1c!s{D\x12\xa1\xb8\x03\
W\x058\xdch\xa2x)<s\xfd/+\x88u\x8a\
\xba\x8e\x8cE \x08f\x80\xdcnO\x7fS\xcf\xf0\x15\
\x16E\x00\x82\xa3\xce\xc8\x85I\xc6\x89\xf7\xc4\x04b\xa8\
\x15\xa6\xfan\x16\xb7<\x15\xb4\x13K\x17_@,X\
\x08G\x8c W\x90\xa2)\xbd(\x04+\x08\xa4\xec\xf5\
\xf05NB\x83\xd4\x86V\x05\x0d \xd0\x1fPm\xc4\
\x01\xb5$\x0a\x14\xbaG\xbd(\xb9=!\x87*B\x1e\
J*\xf4\xea\x10\x17I\xa0\x91\xca\x85\xb8PI\xd9+\
\x95\xb7\xe2IYYE\xc9$\xed^\xd8\x01\xf0\x0d0\
\x82`c\xb40\x0dP&\x05\x1aNp\x07Sep\
 $Q\xd68\x93\x8f\x90\xd0\xa7\x12{&\xba\xc8\xf5\
\x83\x92\xc9P!\x85\x95b/\xbcJ\x03\x82\xed\xc5\x80\
\x11\x81\x96\x9eW\x5c\xc8\xaa)\x10\xdan\x04o\x19\xca\
\xfa}\x08}b\x22S\x8daK \xb1}\x88\xd1\x83\
\xf9\x0e\x134}Tx\xfe\xb9\x12\x12\x09\x992\x9b\x9b\
\xbb8\x8c\xa4\x14\x13\x8d\x83\xc5,P&\x22}\xff\x00\
\x00\x13\xd7L\x82#\xa4>\x17\xd6\xa7\x07\x9a\xf6\x0b\xba\
\x04D\xd0}\x22\x05\xd4r\xf8\x06\x85\x18y@)\xe2\
\xf7\x99@\x93\xcb\xe2\x00F\x9a\x1ez\x8d\xab\x92\x80\x8b\
\xee;\x87.E,W\xd2\xe00g\xe2\xd2\xebm\x9b\
'\x9d\x83\xbfe\x98\x06n\x89\x82\x92\xed?\x01)\xb7\
\x8b{\xe1\xc87\x16\x0d\xfe\x0f\xe7^h\xf6kE,\
\x09!\xa9\xe7K\x07P\xc8Y\x0c\x05x[\xb6=\xcf\
\x07\xa8\x1bC\xd6\xff\x00\xf3\x82\xb1PCD\x91\xce\xa1\
\x95\xf5@\x85Aq\xe7\x14\xad\x9f^\xbc<\xabP\xb6\
m\x8a0\x0a\xaf\x83\xc9t\x0a\x15\x18\xf8\xc0\x12\xfb\x85\
x\xcax\x83<X\x80A\x08\x94\x8e\xf2\xe5\x06\x22\x84\
A\xb06=:\xde_=\xa2\xb6\x09\xf6\x92\xe9-\xa0\
(\xf0\x9e\xac\xa8\x84\x07Y\xa0(\xb3QAHT\x8a\
e\xa5aB\x86@\x10\x04\x03\xfc\x08d\xadN\x9b0\
\x1b0\xc4\xfbyMek\x04\x04\xc3*A4o\x05\
8\xff\x00\x85\x1b\xa0\x94\xa2\x19N\x9a\xf35\xf6\xb6G\
T\xba?R\xd9\x88\xbc\xc1%U\x01tL$\xff\x00\
\xab\x16JA\x02Z\x99\xeb\x9c\xe1\xd6\x95D\xedU\xa3\
@(\xca\xe1\x9c;\x99\x06\xb4Y\xa4D\x14L$\x08\
p.k\xc8\xd1\xff\x00\xde.\xd80\x98g,\x04r\
U\xe1V[i\x86&\xb1$\x85\x01G\x98\xb4\x81+\
\xe8$\xc6x$\xaf+-\xde\x0c\x90\x00\x80\xd5\x8c\x00\
8#S\x0c\x1a`\x88\x11B\xb7W\xbf\xf7J\x11\x04\
d+\x90\x92M\x7f\xe0\xb9\xca\xd7cZF\x89\xe1\x04\
\xc7K_\x05\x02G\xf0h\xa7=\x22\xb2\xf2&\x11\x1a\
(\x850rJc>&\xb9 ~\xac\x8bCH\xd6\
\xab\x88\xa9\xac!\x05\x11\x5c\xed\xe3\xeak\xddEGP\
\xcb\xfc\x1dR|\x95?\xfa'\x1c\xe1\x8ch\xf7N\xd0\
\xa8I[\xc4\x93\x95\x99-k)3\x07\xff\x00\xbc\x82\
\x81\xe5K,L\x1f\xc1E\xe2\xb5\x06]PH_\x8f\
\xf7\xef&-\xda?\xc0a\xf7\x0f\xb2\xbe\xa1$$\x82\
'\x80\xfazZ\xa4\xd9\xc7e\xf2\x22\x1dU\xf0\x02\x1a\
\xf0\xd2 \x81\x97\xd6\x81Z\x02\x87\xccq5\x02\xc0(\
M!\xc0\xa7\x02&\xe3\x8dS\x00!B\x07*\x98l\
\xef\xfe\xc3+g\x7f\xd6Hb\xc2N\xe8\x0eAb\x05\
\x01\xd8V\x1d\x02\x88 i\xd5\x17\xea\x06\x22\xb0\x04\xe5\
m\xe6{\xee\xd9\xaf\xf0\xf8Z#H\xb3\xfajQ\xc6\
\xff\x00\xf9$\xe9\xfc\xd04\xd4\xbe\xde\xa4*w\xf7\x96\
\xf7\xda[\x80\xc0#B\xe9]c\xc7\x96>\xd2\x04\xda\
d\xfdp2D\x0d\x0bzO\xad^-\x87f:\x8f\
\x98\xce)K\x01`\xf8\x9f\xe2\xa4\xba\xa1}\xcdj>\
\x1f\xff\x00\x7fx\x80\x0b\xd0\xe9.\xd4\xb0\x91*8 \
\xb6\xa9\x0d\xdb/\xe2\xfb\xfc\xdb\xf0\x90\x0b}\xd1\xd6>\
{\x1f\xce\x15mOK\xf1 ~$\x1d{@dw\
\x15\xf9J)\x8a\xa6\xafV\xfdL\xc5\x15\xa9\xb8\x07\x83\
\x0d\xe15\xe1\xbe($\x0ey\xe9\xf4\xe0D\x88A<\
J@\xac\x05\x1b57TE\xbc\x8aZ\xc9\x94P\xa8\
p1\x95\xf0@%\x07\x00.a\xde\x7f\x85\x0b?\x19\
-\xfd\xd5\xa2r\xac\xacZ0\x0c\x025\xa1s\x92@\
\xe5\xe9,\xac$\x8aayE\x00\x16\xab:jT\xf8\
\x8f\x9cM\x97B\xa1&,\x15m\x96\xfe\xf4\xe3\x88\xbf\
Q\x0c\xb1P \xfapg`>\x83j|=\x00@\
\x06t\x950\xfb\xb9\xa8e\x0f\x85\x87\xe7Y\x06\x8b\x1f\
O\xf3\xc7[\x02\xc8\x80d\x05}a\x9c\xc3`\x0d(\
\xa5g\xce3*\xb1,\xe7\xc2TT\x8c(\xf8\xbbO\
\x9d\x100\x82\x04\x0b~\xda\x86L\x83\xea\xb78\xed\x04\
I\x01\xaa\xfcO\x1b\xcb\xcb>\xae\x16\x0b5\x02\x99W\
\xe4P\xce\x0f~\xd4\x7f1<\xd9\xf3\x89fDO\x82\
j\xf8\x98\xc3\xca\xf4\xf7Q\x8d@\xb4\xe5\x05g\xeb\xaf\
\xfcE6\x08Z\xaa\xd5>\xaa\xf5\xe4\xaaq}\x88\x10\
\x0a\xff\x000\xbf\x0d\x16\xdf\x0e\xd6\xd2\xd8\x8a\x85\xa2\x8e\
c\xb4G*\xea6\xa4\xa0_A\x9a\xdb\x0d\x85 \x03\
A\x92\xe0/\x04\xb4\xda\xdb\x96\x04P\x17\x81}\x9c\xa8\
\xa9\xf1q\x11\x94\x1e\x1e\x06\xce\xd6i\xa0H(\x8f\x02\
iD40\xec\x0b&\xb5\x06U\x83\xf5\xcf\xfa\x10d\
c\x90\xe4\x0aF\xc1#\xe5\xf5\xcd\x18\x99\x89\x08\x12w\
\xba \x01W6\x01\xb7\xa4\x84\x0f\xa7\xd9\x8f\xa6\xb9\x02\
^d\x17\xc8\x8b\x85\xbf8\x99\xd2Yzb\x1f\x0c\xcf\
\x7f\x9cZ\xd5\xe43Gc\xd9\xe0\xba3h}\x1f\x9d\
j\xd8\xc8\x22\xa2\xf5\xda\x19\x1f\xc2\xb9\x84\x1a\x1fO4\
\xdcRw\xba\x84\xc4\x83\xd8\x0a\x8c\x89\xd8\xa4\x16\xc0H\
\x88\x14\x0f\x00(\xe3\xd8\x99\x15\xd4\x8al\x196\x8eC\
}\xfa\xa94(\x14&\xea\x1b\xc9\x8c\xc0\x83\xfa\xaf\x9c\
\x83\xac\x0c\xa1`j\xb3\x0f\xbc\x0dY<\x90\x851\x86\
!\xfc\xde\x1e\xabBh\x83\x93!\xf0\xba6\xceZf\
\xac\xda\x96\x87\x02\xbcV\xc2\xc2a\xd3\xa2!\x08|\x0e\
j\xc08@xUW\xff\x00\x7f\xc8P\xa9~\x9c\x18\
\xdf\xce\xf3\x00u\xf5\xc5\x19\xbc\x07o\x1d[\xc4\xa9\x04\
bx\xf6\xc3\x1ey\xee|&Zb\x12}\xefUB\
\x0d\x01\x13\xc8\x0a\xb7@\x97\xb4\xd0S\x81\x17\x95\xf9C\
\xef\xda\xc4M\x19&\x1d*\xd0<\x01\xe1\xc7+8W\
iZ\x01\xb9\x03\x11[BX\xc0\x93l|\x03\x1aq\
e\xee\x17\x85\x08-\xbe\x82\xca\xe9\x05\x9b \x1d|0\
b9\xaf\xae\x87bg=\x08\xbe\x22\x81\xfa\xd3\x95\x95\
\xf5\x99L\x0a\xa0(\xaf\xde\xd4F\xa4\x9aH\xe3\xee?\
\x9f\xce\xd2A\x16\xff\x00\x89\xe2n\x1f\x8d\xdc\x94?\x08\
P\x18\x02/\x05C\xceJ\xaaA\xf4\xebIT\xdd\x01\
y\xb7\xe6\x1b@\x00a\xf5\xe7\x93\x9c\x13H\xa9\xa0c\
\x22\xba\xae\x95\xbf\xf4xY\x07\xba5\x96m\x8f\xe0F\
\x82\xad\xb8{\x994j\x08E\xeb\xe3\x9a\xad\x92\x04\x07\
O\xd3<\xe1\x7f\xa7tV\xc1\xa4Q\xa2 (\xa0\x11\
\xe2\xc3\x00\x17\xc2\x1b\x18\xbc\xc9t\xf9K\x8az\x14\xf8\
\x80\xf9\xd4\x08\x22\xb82\x0e\xa3\x8b\xc3A\xa7\x9e\xb2\xc0\
\x10\x13\x931\xf1\xef=i\xbf\x04\xd3\x07\xf5\xae\x16\x8b\
\x09\xae\x83\x91\xe9R\x82)'A\x91K\x96o\x8b\xd6\
\xfc\x00\x96\x95\x184GO\x22\xaaE\xaa\xfa\xbc(\xcb\
\xb5\x01\x01\xdb#\x01}\xe5ti\xa0=N\x11P\x12\
\x1d\x81\xc8\x83\xba\xc7*\xc3\xf6X\xe8\x7f}\x8a\x1a\xa9\
\xac\x11\xf8+W\xb5\xbe\x04\x9d\x22\x8e\xc7h\xab\xa1-\
\x8f\xb4O\x94\xc6\xab\xf1\xfd\xbf\xf4kd\x0e\x04\x05\x16\
\xbe\x5c\xcf\xde\x9c\xb5]\xac\x1a\x0a,*\x0d\x9d*,\
\xb5M\x1bb%\x02\xc7\x0c\x91\xb6\xa3\xeb\x1a\xc0\xfd\x85\
\xe3rZ\x1b^\xfcU\x8b\xc7\xf7:\xf7X\x0e\x92\x11\
+\xbf\xc3\xfb\xc4\xdea\x83\x18\xa3\x0e\x09S\xfb\xe2\x92\
\x80<\x93\x0a\xa5\x96'\x0c\xa7\xb3c\x1b\xcb\x1fi\x0f\
\xf7E\xb5\xba\xa8\xd4\xc0\xcak\x0f\xee\xf3\xf0FK4\
W\xd0)GO\x5c\xde\xe2\xfd\xc4\xbab\x11\xaf1\xce\
\x7f\x0d!\xb4\x91\x80\xc1\x7f\x8f\xef$\xba\xa9\x8c\x9b(\
\xd3\xe0\x8a*3\x8f\xa9w\x1e\xa3\xb1m[\xa7\x5c\xef\
n\x1a\x06`\xf5n5\xc9\xef\xf3\x9dk\xa8'JE\
\xf9\xbe\x8f\x87\x1a\xec\x08:\x88lCw\xdf\x89\xff\x00\
@V\x15\xab\x07\xe0\xc9?\xb1\xfe\xb9\xa40Bv\xda\
\xad>\xa3\xc6\xa7\xca\x9b7\x02\x96\x97\xe0\x04\xd5\xed\x00\
\x9c\xa0\xbeV\x93FG\xc1/\x06\x13\xe8\x02\x1ds]\
\x1bC<x0\xb0\xa1Q\xaa\xc3\x10\xc4\x9e}\x1e\x08\
\x95^\x84\x1b\xae\xaa\x9eX\x1cQ\x0e\x920\x15\x5c\x00\
\xab.\x01\xce\x99\xd2\x22\xd6\x9beb\xe1\x9era&\
\xcb\xa9\x10\x02jQ>\xce8\xd8\xaf-\xed\x8a\xe8\xc7\
7\xd8<\x1d\xed\x10\x9c\x00**\x81+B\xea\xeb&\
\x89J\x06\x08\x0f\xf1U\x1b\xaa0\xfc*\x80\x98\xb7\xcf\
zH\x84\xe9.R\x00\x11\x80\xb3\xd2\x1d%gM\xa6\
\x05\xa0\x84\x90\x03\xc0\xd08P$\xfb\x7f\xfe\x8f\xfaA\
\x8a\xf2\xadV\x17\x063\xff\x00xI\x0f51\xd7\x82\
\x8f\xf6\xbd \xf5M\x01\x05\x8c>\x00\x0f\x9c\x99H(\
\x9a\xb0\x0e\x9f\x14}z!J\x0e(\x06\x99<\xb4t\
\xda?\xa3\xde\xedL\x15]\x09.\x1d\x03j\x80T\x98\
\x00\xafBW=\xe4F\xb3\xb0\x1dH3\xd6D|\xec\
\xc3k\x11\x1eQ\xfa\x988\xfao\x01G\x02o\x10\x8d\
\x12\xa0\xea\xfa+\xd9\xa5i\xd7K\xff\x00j\x8f\xd4\xef\
\x19\xab\xea\xe1L\x87\xff\x00\xf0|\xe6\x0fL\xb0\xb5\x0a\
\xb2\x8d\xaa\xd0\xb4D\xca\x16\x11\xb6~\x15\x01\x05/\xab\
\xff\x00\x15\xe1R\xd2\xd9\xff\x00S%!n/\xa8\x10\
\xb7\xf7\xf0\xe5f#\xc3\x0a\x08\xd4\xdd\x87\xf7\x84v\xdb\
3P$\x80\x14\xa2f\xa1\x96\x11\x16\x84\x90L\x16 \
\xa1c\x0f^KVA\xb4X\xac<\xe0Ykz\x80\
e\x06*\xf1\x88\x8a\x81\xacnS*\xb3!~\xeb\x0b\
8\xfaa\x06\x94\xfa\xa4\x1f\xc5\xff\x00\xf3\xaf\x14\x1fL\
\x07c\xf1#s\x93B4\xcb\xf4\x15JQ}\x86\x90\
\x7fEF\x90\xca\x10\xf5\xdd\x09\xd1A\xf1\xaf\xe3j\x05\
,\x81F\x1c\x09+W\x94\x00 {\x01\xd3/\x1c\xf4\
\x15\x82\x1dU^\x90\x0c\x06\xd0\xd3\x93%\x04\x1f\xcc\x1f\
M\xdf8\x1a\xd1\x07?\xaaa\x17\x19\xab.\xff\x00\xd6\
\x88&\x83\x7f\xaf\x03\x00?\x02s\x0a\x08\x87FKd\
\xcf\xcf\xf8F\xa9\x96\x85L~\x19\xe7\x0c\x0a\x12\x04b\
\xbf\xc998\x83\x10\xf2\xaa\x18\xb9\x8aeg\xaf:n\
\x01GA\xc3\xa2_\x10\xfc\xefzY\x84?\x07\xd9\xc6\
\xa2\x89\x87\x87\xf1\xcf\xbc\xd1$\x01\x04\x88\x07(\x82>\
\x93\x80\x00\x00\x80\x18\x1cm\x8d\x01\x00\xfc?\xcf\xff\xd9\
\
"

qt_resource_name = b"\
\x00\x09\
\x0a\xc8\x139\
\x00m\
\x00a\x00t\x00e\x00r\x00i\x00a\x00l\x00y\
\x00\x0f\
\x01Y\xe1\x07\
\x001\
\x001\x001\x00-\x00z\x00d\x00j\x00e\x00c\x00i\x00e\x00.\x00j\x00p\x00g\
\x00\x0e\
\x08\x16\xe9'\
\x001\
\x001\x001\x00-\x00o\x00d\x00c\x00i\x00s\x00k\x00.\x00j\x00p\x00g\
\x00\x0f\
\x05Y\xe9\x87\
\x003\
\x003\x003\x00-\x00z\x00d\x00j\x00e\x00c\x00i\x00e\x00.\x00j\x00p\x00g\
\x00\x0e\
\x06\xf6\xebg\
\x000\
\x000\x000\x00-\x00o\x00d\x00c\x00i\x00s\x00k\x00.\x00j\x00p\x00g\
\x00\x0f\
\x0fY\xfc\xc7\
\x000\
\x000\x000\x00-\x00z\x00d\x00j\x00e\x00c\x00i\x00e\x00.\x00j\x00p\x00g\
\x00\x0e\
\x0cV\xe9\xa7\
\x003\
\x003\x003\x00-\x00o\x00d\x00c\x00i\x00s\x00k\x00.\x00j\x00p\x00g\
"

qt_resource_struct = b"\
\x00\x00\x00\x00\x00\x02\x00\x00\x00\x01\x00\x00\x00\x01\
\x00\x00\x00\x00\x00\x00\x00\x00\
\x00\x00\x00\x00\x00\x02\x00\x00\x00\x06\x00\x00\x00\x02\
\x00\x00\x00\x00\x00\x00\x00\x00\
\x00\x00\x00\x18\x00\x00\x00\x00\x00\x01\x00\x00\x00\x00\
\x00\x00\x01\x7f\x92\x8b\xdbw\
\x00\x00\x00^\x00\x00\x00\x00\x00\x01\x00\x00\xffa\
\x00\x00\x01\x7f\x92\x8bd\xa6\
\x00\x00\x00\x82\x00\x00\x00\x00\x00\x01\x00\x016#\
\x00\x00\x01\x7f\x92\x88\xbb\x03\
\x00\x00\x00<\x00\x00\x00\x00\x00\x01\x00\x00H~\
\x00\x00\x01\x7f\x92\x89Z`\
\x00\x00\x00\xc8\x00\x00\x00\x00\x00\x01\x00\x02#t\
\x00\x00\x01\x7f\x92\x8a|\x9d\
\x00\x00\x00\xa4\x00\x00\x00\x00\x00\x01\x00\x01\xda\xa4\
\x00\x00\x01\x7f\x92\x8b\xb2>\
"

def qInitResources():
    QtCore.qRegisterResourceData(0x03, qt_resource_struct, qt_resource_name, qt_resource_data)

def qCleanupResources():
    QtCore.qUnregisterResourceData(0x03, qt_resource_struct, qt_resource_name, qt_resource_data)

qInitResources()
