# Resource object code (Python 3)
# Created by: object code
# Created by: The Resource Compiler for Qt version 6.10.3
# WARNING! All changes made in this file will be lost!

from PySide6 import QtCore

qt_resource_data = b"\
\x00\x00\xcf\xdb\
\x89\
PNG\x0d\x0a\x1a\x0a\x00\x00\x00\x0dIHDR\x00\
\x00\x00\xc8\x00\x00\x00\xc8\x08\x06\x00\x00\x00\xadX\xae\x9e\
\x00\x00(\x9azTXtRaw prof\
ile type exif\x00\x00x\
\xda\xa5\x9cY\x92\x1c\xb9rE\xff\xb1\x0a-\x01\x8e\x19\
\xcb\xc1h\xa6\x1dh\xf9:\x17Q\xa4^\xf3\xb5>Z\
\x22\x8d\xacbVf\x0cp\xf7;8<\xe8\xce\x7f\xfd\
\xe7u\xff\xc1\xaf\x1e\xbdw)\xd7Vz)\x9e_\xa9\
\xa7\x1e\x06\xdf4\xff\xfd\x1a\xefo\xf3\xe9\xfd\xfd~\xad\
_?\xb3\xbf\xbe\xee~\xff \xf0\x12G~\x7ft\xac\
\xf2\xf3\xfe_\xaf\xdb\xef\x03|_\x06\xdf\xe5\x7f9P\
[??\x98\x7f\xfdAO?\xc7o\x7f\x1c\xe8\xe7D\
QW\x14\xf8f\xff\x1c\xa8\xff\x1c(\x86\xef\x07\xf6s\
\x80\xf1\xdd\x96/\xbd\xd5\x7f\xbd\x85y\xbe\xaf?\x9f\xff\
\x96\x81?N\x7f\xdd\x15\xba^\xcb\xf3\xfb\xd9\x9f\xffN\
\x95\xd5\xdb\x99\xf3\xc4\x10N\xb4\xe8\xf9;\xc6\x9f\x0b\x88\
\xfa\x13]\x1c\xef\x9b\xc1\x9f\xca\x1b}\xec|\x9fy\x9b\
^\xf9u%,\xc8\xdf\xad\xd3\xef_\x9c\xd6]]j\
\xfa\xdb7\xfd%*\xbf\xbf\xb3\xbf\x7f\xdd\xfd\x19\xad\x14\
~\xde\x12\xffX\xe4\xf2\xfb\xeb\xdf\xbe\xee,\xff}T\
\xde\xd2\xff\xcb\x99S\xfb\xf9.\xfc\xf5u_B\xfc\xae\
\xe8\x8f\xd5\x7f\x8b\x7fw\xbb\xef\x9e\xb9\x8b\x91\x0aK]\
~n\xea\xd7\xad\xbc\xefx\x1f\xe1H:Ps\x5cZ\
\xf1\x95?\x99C\xd4\xf7\xbb\xf3\xbb\x91\xd5\x8bT\xd8~\
\xf9\xc9\xefe\xdd\x02\xe1\xba\x96l\xdb\xb0k\xe7}]\
\xb6\xb8\xc4\x14\x8e\x0b\xc4*\x84\xb0B|/6b\xd7\
\xc3\x22z\x16\x93~\xdb\x0d\x95H\xee\xd8\x88\xe2za\
O1\xfc\xbe\x16{\xa7\xed~\xb9w\xb6\xc6\x99\xb7\xf1\
\xd6`\x1c\xcc\xf8\xc8?\xfe\xed\xfe\xe9\x07\xeeU)\x98\
\xf9\xf6{\xad\xb8\xae\x10\xb4\xd8\x5c\x86\x22\xa7\xbfy\x1b\
\x11\xb1\xfb\xb3\xa8\xf9-\xf0\xaf\xdf\x7f\xfeR\x5c#\x11\
\xccZe\x95Hga\xe7w\x88\x99\xed\x7f\x90 \xbe\
@G\xde\x98\xf9\xfa\xd5\xa0\xd5\xfds\x00\x96\x88Sg\
.\xc6\x22\x11 j\x16\xb3\x15\xf35\x84j\xc6B6\
\x024\xb8t*$L\x22`9\x87\xcdE\x86\x14c\
!6-\xe8\xd4|\xa4\xda{k\xc8\x81\x97\x1d\xaf\x03\
fD\x22\xc7\x12+\xb1\xa1\xd6\x08VJ\x99\xfc\xa9\xa9\
\x91C#\xc7\x9cr\xce%\xd7\xdcr\xcf\xa3\xc4\x92J\
.\xa5\xd4\x22P\x1c5\xd6\xe4j\xae\xa5\xd6\xdaj\xaf\
\xa3\xc5\x96Zn\xa5\xd5\xd6Zo\xa3\x87\x1e\x01\xcd\xdc\
K\xaf\xbd\xf5\xde\xc7\xe0\x9c\x83#\x0f>=x\xc3\x18\
3\xcc8\xd3\xccn\x96Yg\x9b}\x8eE\xfa\xac\xb4\
\xf2*\xab\xae\xb6\xfa\x1a;\xec\xb8\xc1\x8f]v\xddm\
\xf7=\x8e\x1dR\xe9\xa4\x93O9\xf5\xb4\xd3\xcf\xb8\xa4\
\xda\x8d\xee\xa6\x9bo\xb9\xf5\xb6\xdb\xef\xf8\x1d\xb5\x9f\xb0\
\xfe\xdb\xef\x7f\x105\xfb\x89Zx\x91\xd2\x1b\xeb\xef\xa8\
\xf1j\xad\xbf\x0ea\x82\x93\xac\x98\x11\xb0\xe0\x92\x11\xf1\
\xaa\x10\x90\xd0A1\xf3\xcdR\x0a\x8a\x9cb\xe6;\xf0\
\x17s\xe0\x22\xb3b\xb6M\x11#\x82\xe9X\xc8\xd7~\
\xc5\xce\x85/\xa2\x8a\xdc\xff+n\xae\xa6\xbf\xc4-\xfc\
_#\xe7\x14\xba\x7f\x18\xb9\x7f\x8f\xdb\xdfEm\x8b\x86\
\xd6\x8b\xd8W\x85ZT\x1f\xa9>~~\xda\x08m\x88\
\xec\xfe\xed\xab\xfb\xf5\x0dg\x0e\x15 \xcb3\xaf^\xd7\
\xdc\xb1\xacP&\x87\x9f\xdcT\xb6\x96rl\xebX\xe7\
\x0f+wN\x99s\xedpy%s\x9b\xcb\x01y}\
\xac}t)e\xa7\x1a\x0b7\xc1}\xed\xees\xb7\xce\
\x01G[\x83\x8b\x85\x85+\xef\xb4r\xe3\xdei\x9e\xbc\
\xe7\x8a!\xcdPb\x9c%\xba\x1cV\xbd\xc1\xf2\x0e\xa7\
\xcf\xeb/K\xd4G\xb7IF\x94\x10\xf6\xf1\x1c#\xf1\
j\xa3vS\x1d\x10{/v{\xae\x1c\x81\x05\xcb\xdc\
AK\xa9M7\x0a\x07\xe0*\x80\x82\xdaw\x0f\xe5\xd1\
\x1d\xebK\x8c\xea)\xf1v\xee\xf6\xc6A\xfe\x1c\xcf\xbd\
\xe4\x15Y\xd0\xb0\xeb\xa8'\xc0\x11\x1bq\x10y\xdd\xad\
\xca=\xa7\xcaa\xe2\xbde\x95\xb1\x88f\x8bw\x8e;\
-\x5c\x12`\x9f\x09\x8a\x93xy\xd4p[\xa8 z\
?\xf9\x92-\x95\xc3\x9e\xdd@\x9c\xebX\x9cy*\xe9\
\xb9\xe6\x9d\x05\x12ig\xf7[\xc6\xd9\x81|\xf3\x9d\x83\
\xec\x11\xd2\xad5\xceyS\x5c\xb9\xc4L\xec\xf3&\xe9\
|\xba\x1c\x91\x88\xee\x0aA\xf2\xb95\xb8>.7-\
\x82\xe5I\xaa\xc2\x9b\xae?\x19-\xc6j-e\xaf'\
\x91\xbb/\xa4>\x05R2Q\xe8ggp\x0cZj\
y;\xd2\xf8\x90%P\x22\x8c\xb4Ch\xd9\xa8\x0d\x02\
^9\x02T\xb597t\xc6Y\xcb(,\xd9Z\xbb\
\x84M\xca\xae\xd9o\x1f\xa5'\xfdl\xa1\xd8\x10:\xb9\
O\xa2\xc6Y\x8c\x0cZE\x87\xed\xe9\xf8z\xfd\x9a\x86\
Z\x19y\xa7P\xda\xe0\xb6\x0f\xb8z=\xf5\xc2e\xf4\
\x16\xc6)\xa4MN\x01\xa65\xbbT&X\x91N\xa4\
\xd2)\x87\xc2\x81\x17\x01>\x87;}\xfc\xc3\xd7zg\
\x1e\xb7\xfbj\x5cj\xe0$S\x0a\xe9\x9e\x09\xbc\xdc\xdc\
\xaa[\xe1\xda\xe6\x83\xb5f\x0e}\xc8_h\xd3'8\
5\xaf\xb3\xa97\x0f\x92\x02\x14\xab\xe6[\xc9\x5c\xae9\
\x92Yy\xa5\x5c\x16X\xc2i\xb3@\xc0\x85\x90\x8d<\
;y\x0c\x0a7\xcc\x1e\xc9x\x22\xb9\xc1\x83MY\x93\
\x16\xe3\xc5%\x96\xc6!\xf8\x8eT\xef\x87\xbb`\x91\x02\
\xc1\xe7\xed\x8b\x1ap|\xc3\xb1\xe2M\xe0S\x22mO\
\x5c\xbe\x8f\xbbX\xea]\xae\xb0\xa6s\xc8@\xe8\xb8\xd2\
1\xa9D\x7fN\xac\x80\xe1M\x83\xf2'\xbe\x85j\x8c\
\x8e\xe3\x9eP\x1b\x97\x1eY\xf1DU\xad\xb6u\x10\xfd\
\xa6\x92|\x8f$E\x0eu\xc6>Q\x11\xab\xe9\xf3\xd7\
\xf2=\xa3\xcc\xcc%\xd5\xdamU\x17)\xa0}z,\
w\x0c\xca\x10\xe0\xa6L@d\xd2\x22\xd9\xba\xc8\xec5\
\x83\xb0F\xd7K\xc9 \xf0\x0b\x02\xa5\xa5\x99\x06\x89P\
\xfaH\xdb\xcemnwJo\x1daE]'\xcfP\
}k\x1cy\xfb\x92\xa9\xa42{\xdb\x19\xce\xd5_\xdc\
A) 6\xdf\xfa\xc8U\xfbCfZC\xea4\xf2\
(\x9e\x1cw\x9d\x12\xae\xeb\x8e\x07U\xa8\xec\x7f\xf0\x95\
\xb4\xa0\xf0\xdd\x8dgL \xc7\xc0s*s\x9d\xaeJ\
\xeb\x85\x93\x90S=\x9e\xe6\x91~\x0f\x8e\xb2\x22]\x8b\
\xb4|\x872DK\x8b \x9ff\x00\x0dW\xd4Z:\
\xfd\x92C\xac]eUX\xdc9\xe1\x0a\xe9\xa0\xceB\
\x1d\xb8\x00\x5c$\xednOmQ\x91d\xdcm,m\
\xe4v\x80\xf6\x19@%79\xed=\xa9\x92\x14\xb3s\
\x11\x00c\x01C\xe3f\xd5\x06i\xda\xf3\x9cs\xdfs\
\x08uJ\xf1\x90\xcb7\x1dn\x8b8\x86\x99YsR\
\xdc\xf6\x00\x8f\xec\x08Y\xac\xec=-\xb7F\xa4ID\
\x98\x10H\x0b\xafX9\xd6\x82\xdf)\xeb\xc8!y\xe5\
TB\x16o\x86\x9fO@\xfa\xf0\xef\xe9HR\x083\
\x86\x83\xcc\xe1\x05\xcf\x9a\xa0\xa5\x04\xc0\x88\xd0\xc6M\xf8\
\x8df\xe2\x86\xc2\x9e\x94\xa8\xa0\xe4\x0e\x8b\x0d\xb8\x052\
s\x06\x83)\xcb\x81\xd0\x8a\x07\xf6\xcb08\x10J\xa4\
\x81@b{\x8e\xc8\x05\x1fc\x02\x999*\x15\xa7;\
\x9d\xd4g\x96\x0e&\x0a\xcaG\xd6\xbc\x14X0U\x97\
\x06\xc8r\xc3\x92\xd8{E\x02\xe0 ^\x86\xc9\x07]\
\x1b\xdcN\xe7.\xe3EX\xdc\x96\x0b\xe0H\xf5\xa7R\
\x00b\xa8\xa8>\xf1\xcc\xc7\xf0kG\x99\x9d\x89\x92\xa9\
\xd2\xc0\xaf\x1b\x01\x8fa\x03\xdc[%\x9eB\x01\x0cP\
\xab\x10\x903)g\x80/\xcfv\xea\xd6[=\xa5\xcd\
\xabd6\x90\xb5\x97\x9d\x9cxo\x02\xab\xe3\xa4\x90\xea\
\xd9\x91\xb5$\xd9\x10\xe1\x5c~\xb6\xbb\xf7a\x81\x11\xed\
HJ\xd0?\xbf\xd4\xa2v\x1f\x8d\x8c\xe0\x9a\x16\xdf\x83\
\xc0\x17Z\x82\x96\x0d\x08[\xac\x16\xc4r\xf9\x04\xa8F\
:\xd8\x05\x5c\xa8\xdc8\x17'\xcc\x13u\xa0\xb3['\
\x87D\x9e(\x18\x97/\x85\xc6\x22\x97\x0b\xc6\x1c\xa0\xfa\
\xacA\xd6\xc0\xd7\xd0\x22\x04\x92\xc3<\xe4\x1f\x5c\xc0-\
\x01F\xe7\xbec_\xf1)Y}\xda\xac\xc4}u\xe7\
)\x942\x03y|\xa9x\x13\x90\xe0(\x12IG\xed\
\xed\xea\xd7\x1a\xd4%\x0c\x1b\x00,tW\x12!T\x12\
\xa1\xa3N\xca\x1c\x88\xa9\xdb\x91J\x8e\xa4\x03\x7f)0\
@\xe5N2\x13\x9a\x19\x90Ayl\x04PY\x5c\x1d\
<\xe3~\xa8\x81\xcaZR\x00S\xa7\x1aQ)rm\
!\x98\xf6q\xe3\xf1eA\xbcuH\x86@!\xe6\x09\
\xe7\x95j\xea\xabQ\xb4\x18\xa4\xc4\xf2&E\xe9-p\
\x12c\xfd\xf9\xd5}\xdf\xb0\xa0\xe9\x02\xcb\xb7rj\x10\
g#!\x16\xd2a7\x12:{\xf4ND\xbb\xd5\x01\
\xb6\x01\xae\xfe\x95N\xab\x14-2\xee\x88z\xb2\x13\xb1\
\xb2\xa0\xfc\x8cJ\x15o\x84U\xa8\xa8N\xads)\x1b\
\x1d\x8a\x22\x1b\x15\xdc\x03\x9a\x85\x9e\x88?\xcacR\xa7\
Q\xb9%\x9c\xc5\x13F\xf7\x8c\xcaE(\xc38\xd9F\
>\x1d\x92\xb9\x13\x03o\x85\xb8xj<\x01\xfb\xed\xa2\
$=P\x1a\xe3\xa6\xbe\xd4o(\x15LIp\x0a\xf9\
e\xd7\x91\xfc%\xcc\x80X$t\x14<)\x0d\xea\x00\
\x1a\xa4\xf0<|\x18\xcf\xc3\xe2T\xdb3\xa5[X\xd1\
\xeb\xb1\xb9\x08\xa0#U1\x1ax\xc5\xe7\x93C\x12\xa3\
\xa1\x0c\x14\x84\xa3\xd1\xaa\xdc\x91R\xab!\xbb\x07A\xdc\
\x00\xcb\x12@\x02\x8fp\xe9m[J\xac\xf1\xde\x07\x0c\
\x14H\xf3\x07@\x0c\x8e\xec\xec(\xa4RQa\xbc\x17\
\x01\xe9s\xdb\x90\xa1\x7f\x07\xf6T'\xd7\xca\xad\xb5M\
z\x00\x80\x14\x1aU\x88\x86\xf2\x09iX\xe2fm\x0f\
\xe1\x87\xa5+\xc2\x9e\x9aVu\x9e:.GC.\xa2\
\x08\xceH8\xeb:r\x85\x1d\x04nQ8\x0b\xc0w\
\xa4#\xc6|vH\x91+\xea\x12\xd2N\xe4\xc1\xb2w\
\x98g\x00\x9a,T\xa4J\x81\x03\xb8~Q\xa5g\xa1\
\xc8/\xb8\x81\x16\x09\xe9c\x9bQ\x88&\xece\xe8\xe9\
2\x10AT\x91\x83\xd4G\x12\xc2\x5c\x84b\xe3\xb3\xb0\
\xd6R\xca\xce\xd4%\x01\x13Zq\x03\x81C\x8a\x9f\xc2\
G\x1a\x0b~\x10\x85E\x82#\xc9z\x92\xe2\xe6\xa8\x9f\
\x03\x9a\xce\x99t.\xab(\xab\xa5\x12\xdaP\x93\xe2M\
\xc5\x87M\x18\x91\xb4\x88\xa5\x05\x9aD\x5c\xad\xb4!r\
*Q M\x19\x1a\xb7\x0b\x87%\xcc3>\xbe\xc7.\
\x5c(\xb9\xdb\xe18\x15~\xbd8$\xaa\x10\xb9\x09\xb5\
N\x92\x88d\x03\x90o\x1b\xc8\x80[\xc1\xd2\xb23\xef\
.\xc7Q\x81\xf01\x95\xcf\xc5\xcc5P\xcc{*\xad\
\x05e\xc0\xe5\xdc\x88_\xb2;$\x93\x8a\x04b\xe0x\
\xb42\xd8\x85\x96\xe8\xf8\x8bx\xc5]\xc7!A\x1a\xfa\
\x17u7\xf1C\xca$D\xe0e9\x114\xb8\x05\xf9\
\x0a$UI\x04wo\x0e\xb7J%\xb8B\xc5S\xc3\
\x90\xf6\xa3\xec\xc9>W\x9a\xc8\x032l\xba\xbf\x09\xa3\
\xe2$8/KG\xdd\xcb\xad\x9f\x03\x0a\xee\x7f\xaf\xfa\
\x80\xbf\x8a\x13F\xf2iZt\xea\xf4\x1c\x5c\x03\x85\x82\
\x08-\x0d\xb5\x06\x97\xc3b\xa2l\xc2Z\x95\x95{\xc5\
!\x89\xcb\xc1\x09$y\xb1\x94[ V$\xf4\x11\xfb\
R\xb1\x10\x1b\xf1=G:\x90~ke[\x16p\xe1\
T\x02\xc5\x01\x9e\xfb\x81\x00\x05&\xd0\xf4\x11\xa6\xd2=\
\xa3\xf1\xb7\x10\x9eD\x90\x92\xd9F\xa4\xaec\xc9\xc9\x15\
\xdeO\xc8Y\x1e\x80\x90\xd5C\x90\x94\xe3I+\xce.\
t\xc7\x1b(\xe6p \xc0\xb0\xaa\x18PTrV`\
q\xa16\xa4\xb3\xf3\xca/|\x15!\x0b\xed \xcd\x84\
\x11\xc0\x18\x82^.\xfc\xdeq\x86\x14\xa4\x01\xeaK\x94\
\x15\xe5\xe5\xb0O\xb8\xa5\xa5R\x0f\xa3&|\x89\x93P\
\xb6\x22\x94\x8b\x01\xc2Kh\x88A\xf5\x0e\x1c\x11\x19e\
\xf8\x84\xc4j\xa9\xd2\xc7,\x85x\x91-\xc9\xb3\x06\xe4\
\xa8\x12Q\xf2\xa6\xa4=]:\xa3\x01/B~H\x01\
\xbd\x80\xbd\x22\x5c W\xaa@+KL\xadAb\x93\
\xbb\x87\xa6\xc8Vr\xba\x5cr\x14\xfc\xa1\xbe\xf5\xc2\x84\
\xa8]\xa0\x82\x0d\xcc\x03\x1a\x0d~#\xf8\xb0\x12K\xa2\
\xe0\xa2`\x85H\xfcD1R\xd7\x06\xc95E\xad8\
\xc5\xae\x0c\x81m\x0c\x8b\xb7ou\xe4\xe2P\xd3\x00C\
\xa3\xbc\xaa*\xd7\x12\x10\x9e\x87J\xddF\x02w\xd9\x01\
\xa8\x1aC\xcd=\xa3\xb2M\xfe%\xfag\xbf\xf1,\xd4\
\xc3\x8e\xd3\xe1x:\xf9\xcb:T\xf5{\x8f\xb5\xf7\x91\
\xc4\x89\x07\x02\x22\x90\xd1aBT\xa1\xe3\xb6\xa8U\x12\
\x12\x1d\x9e3Uv\x0d+&\xa1\xc8\xdb\xab\xeb`\xe3\
\xc6\x94\xe2$\x8f\x08\x8c\x9b\x22\x91\x88>\xc5H\xaa\xa1\
\xd1@\xb9\x81s$8`\x8d\xc5\xd2Y\xe9\x93\xf6\x80\
G3\xec\xa3\x7f \xc9\x1c\xa7\xa7\x16d\x04\xc1\xb2\x86\
(\x80@\xa09\xb5\x06A8\xdf\x0e\xf0r\x09\x8b\xd5\
\xdc\xa9t\x84\x94\x9a\x04\x978\xe1\x91\xb17\xf39\x15\
2\x1b\xe916`\xabv\x09\xa8\x14 \xc9\xa2\x15\x86\
?\xba\xe0\x00\x00\x16a\x1f\xee\xa17\xac\xa4Ds\xf3\
\x10\xc0\x95lG>\xde\xaf\xf4\xf0k\xd8\x1bn\x8a\x9a\
O\xd8\x8a\x0c\xa5\x91Q$\xfe\x9d\xa8D\xe0ob\xfb\
\x87t@+u[\x026\xd0mT\xd7(\x17\xdf\x8f\
\xcbG\x01NS\xad\x15dbF\xedR\xf1\xd4\x19\xb7\
\x87\x14F\xbdDh\xcf\xc0\xe1\x81\xdf\x99\xc2^\xec\xf2\
\xc6\x86\xef\xb1\x09*n\x1f`\x9a\xe9\x092\x12\xed8\
\x5c\xe3B\xc9G\xe0:q\x9dq\x00\xb4\x8b\x88O\xf2\
\x0b\x12\x0c*\xaeSE\x83@\xc6\xd8\x1dT\xbehi\
r\xaf\x016\xe8ut6\xb7\xe7]EC\xa1\x8fX\
\x8d\x05WTm\x16@$\xc4Br\xa1#a\x01,\
\xf4\x17\x94\x0f\xcc\x82Z\xbd\x97\xa6\x8e\x22\xe4\x8d\xae\x1d\
\x9ezcA+\x99\x9d\xf0\xab\x04\xdb\xa4\x8b\x90\x18K\
N\x85e\xe6\xfa\xf1\xd0\x02#\x0f\x11\xdc\x22\xba\xc2\x84\
\x09\xba`\x1d\x1d\x83\x8a\x8dO@\x16\x99:W\xb0\xc4\
c\xb7)\x89B|\xc0\xfd\xce\xd9`F\xa4)B\x11\
\xbb\x0d\xca\x09\xf3}4\xc4)Q\xdf\xbeJ\xb3\xb6\xb3\
\xa9\xe3\x06V\x01\xb9+)j\xb8\x16\xce\xd2|\x06\xce\
\xebQg7\x11\x0a\xaa\x18\xad\xd4\x8c\x8a\xf3\xea1\x88\
t,dy\x93\x0d7A\xaf\xa8\x88L\xf1\x8dD\x06\
e\x97\x8d\x9b/Ov\x14\x8aR\xf5\x87w\x1c!\xa2\
\xcd\xbb43\x0bRF\xd4\x86\x04\xa9\xd6s\xa4\xee@\
&~&\xdb\xe7\xd5\x0cHBFG\xa6\xbcJce\
1\x82\xa0\x1341\xe4\xcd\xcah\x94/\x9f\xd6\x8f\xb1\
\xe9\xc6\xcd\xc5\xa2\x8d\x15,\x14\x82\xd6\x8c\xa5F\xd2\xe6\
\x0c\xc8\x9d\xeb\xb8\x12\x98p\xa3\xdb\xb5\xea\x99S`\x5c\
\xb1%\x89\xf2\xad\x88\xa8\x9ba\xa1>\xb9\xd5L\x99!\
K\x16\xce\xa4\xb0\x12`\x8f\x80!t\xea\x08Xu\x18\
\x8e\x80\x13\xc8\x98V\x92\xbbYm,?\xd8YP\xa6\
H\xef\x10H\x16\x14S\x22I\x11\xf0Z(\x9c\xael\
\x16i\x1e\xd5\xd5\x22\xda\x97\xa5u\xa4\x5c0\xee\x01+\
\xd5py\xc0\xde\x05\xc0\xfc%\xdb;\xc7>\x22=\x8f\
\x5c\xe64\x01\xf8h\xa9u\xb5N8Z\x07.\xd4\xed\
D\xb7m0\x1b\x8f\x1aA\x08\xd6\x9c\xa5\xaf\xd2\xaf\x84\
f\x82\xf4\x98\x00`\x00\xce@>\x06~\xd2&\xe9\xff\
\x018\x1e\x9a\x02\xa7|\x22E&\xbd@N\xe2E\x16\
\x95\xb4$|q\xf1\xf8\x87V\x17\xf1B\x85\xe2(\xd5\
\x18\x93fXH,\xcc\x0e\x82\x8dP\x94\x02\x85\x91\x1d\
\x80\x0c\x9a(\xadh\x9dj\xd3\xbe\x08\x9a\x94\x02\xcd\xc0\
\xce\xc5tI\xc9e]\xb1\xfa\x5c\xc0\x04'l\x0d\x1d\
\x16e\xe6\x1a\xce\x1f\xa50\x1b\x19C~.*\x174\
\xa4\x0e\x155 \xb5\x07m\x89X\x13$\x18\x12\x1d\x97\
L\xd4)\x15N\x9e\x94\xd5P\x027\xb9\xc7 \x18\xe0\
\x0a\xa5\x07\xe1,\xf2\xa7\xed!\xaeB\xfa\x95\x86|B\
\x92UR\x0dq\x8f\x1a\x85\xf2Pk_k\x08%]\
\xd4/\xe3:\x88-\xea\x93``\xd8\x9e @\xd7`\
\xa0\xd2\x00/\xa8#\x07y\xc9\xc0\x9f\xc0m\xa0\x1f\xd4\
'\xb8\xc0R\x82\xec\xc02h\x9bw\x13UV\x07C\
\x02L\xe5\xaeFcE\xe4C\xce\xa8aP\x11\xc6Q\
\x8b\x15\x13r^\x92\xf5\xd7\xbf\xc3\x97\xa3\xc5\xc2ij\
8S\x0b\xd4\xc0\xf6\xe8\x06b\x9a\x10\x98RD\x98\xde\
\xc6=\x13d,m\x16!\xf3\x9d\xa3v\xb6z1\xac\
\xf0\x80d/GME\xed(X\xc7\xf3:\xce\x0a3\
\x9b`\x06\xee\x95U\xcb\x0f\x9d\x02n\xa0\xa8\xb1\xc5b\
O\xa5Kvx\x93\xa6\x0d\xdb*!G\x91\x0e\xf2\x10\
Z\x1f\x07e\xa3+\xa4\xc0\xf2B\xb1\x17\xb4\x1f\xc4\xc6\
\x85\xcb\xc8U\xf9b\xe46\xd6\x11\xbc\x9f\xd3G\xd7Q\
\xd6v\x85\xd7(\xc9\x85\x06\x13]'\xd4\xc0\xccj\xde\
A\x83\xd4x\x12\x06O$=~\x12:\xa8\x16\xda3\
Z\x06\xb7\x01\xdae\x1e\x5cv%\xb2cm\xf5\xfe\xb8\
~\xecpZ\x06\x8a@=\x13\x0dEn\xb7J\xfc@\
-\x0bi\xad\xd7\xd9RR \xa3evU\xe58\xde\
88P*\x0dr\x00b\x88\x0a\x02k\xb6wK\x01\
\xd3\xc7\x15\x92<\xed\xc3Yd\xd8\xe9\x83\xbb4\x9bH\
n\xf51\x10\x0c\xac\xdb\xa0\x82BV\xcf\xbfQ\xab\x0d\
W\x1c\x03\xec\xc5\xcd\x05\xf1\xb7t\x0f%\x0e}\xb0\xe2\
\x04\x09n\xd4\x1715\xac0\xb8\xe0\x8auK\x90\x14\
v\x15\xcet\xeb>j\x00\xb3e\xc6'\x1e\x90l%\
\x85\xd11\xdatz\xf2\x95\x9b\xdbi\xab\xb1\x8aT\x9e\
\x9e\xfc\x9b\xda\xac\xc6-\xe3-\xb7`n^\xd7\xd41\
\x06\xb8Y\xc9\xcb2]\xb5\x05\x91nC;\x89\xa3\xbc\
\xb6\xc7\x11\xb5\x1eb\xb4G\x83\x9cBR\xfb\xc9\xb8\xa8\
 \xd4\xc1X\xe0r\x92ca\xd4\x12\xd9H0\x05M\
\xa9\x89\xe8\xd2^CV\xdf\x06\xc9\x88R\x12\x98B\xdb\
^\x91!\xf3c\x9b\x08_8@\x9d\x13\x9c%6\xa0\
;2\xbdV\x0a\x0b?jP\x85\xb1\xf2\x9br\xa8x\
\x19\xf5\xf1V\x84\xb4\x89)r?\x92'\x8d\x17\xef\xf1\
(\x14\xa0rzd\x00\xd5gH\xd9\xe7\xfbU\xd6\x9e\
\x15O\x94\xd4\x0d\xb2|\x12>\x08\x81\xf8\xd5\x0c\x98\x04\
\x84\x91B\xe0\xd0A\xad`8\xb5Qp<\x8a\xf1n\
.\xd3\xea\xf1\xae\xe3\xc3\xb1t$\x80\xc0\xdb\xab!\xc2\
\xca\x1c0s\xb1\x84\x8b$M2\x1f1\xae\x1a\x0a\xbe\
\xee\x00~\xd82d\x22\xab\x89\xbe\x0c\xaf\x07\x80\xa9I\
\x1c@\xfd\x85\xd7\xa5\x8e^\xbd\xf6\x13\xd5J.q\xa0\
\xdd\xb0\x0d\x06\xfc\xf8A\x8d\x01\x8e+\xd6dr\xe9\x5c\
\xc8\xbb\xdc\xbe\xd0I\xe2z\xb7\xa9\x82\x8d\x85@\xcc/\
\xad\xfe,0,R\x1b\xbe\xc6\x8b\xb7E>\x83m\x94\
6\xfe\x9d\xc0\x1d\x1c\xec\x95\x1c\x84\xe5\x0ar\x8b\x95\xc8\
\x1e\x81T\x11\x11hp2c\xa1\x93\xd1\xbb\xf5\x1dn\
\xaa\xaf\x81\x16L\xf2\xe5\xe95\xcc\xa4\xb4u\x8b\x08\x11\
\x14\x12D\x8d`\xc4\x8aay\x17\x97\x0f\x1e\xc9\x5c\x0d\
1\xc2U\xca,J\xd5\x93\x17\xe4\x84\xfa\x02^\x1d\x99\
\x02\xea\xa3\xab\xb4\xfb)\x89\xb2\xb4?T\x01;\x0a\x9f\
BD\x8a\xab\x16\x97\xe3VT\xc7\x1d)q\xd0\x92H\
\xb9q\x04\x08\xc8#\xf5o\xb4\xc5\x11\x1f\xa8\x9d\xf4\x81\
\x1aAO\x01Q\xc9\xbf0\xc0T\x22\x5c\x00\x8e\xb9\xb4\
Z\xdb\xadtb\x81\xd0/Tw\xb3\x9d'\x1e\x03U\
\x9f\x03~P\x1dsd\x10\x12\x86bY\xa2\xa7\xacm\
\x98\x918\xec\xd5\x06.\x99\x8b\x1ai\xdat3$\xcd\
%6\xa5{\x22\xa0M\x0a\x94a\xdb\xd0\x92\xff:\xd6\
\xd4\x15W\x81aA\x83!:\xbd\xc4T\x1eF>\xc0\
\xc5h\x09\x94?r\x19\xca2\x0a\xfd6A\x06\xd7Q\
\xd5T\xa7\xfe\xd0\xc2\xf29\xd4\x1d\xfa\x11[\xbd\xa8\x16\
C[`}\xe1\xf7\xb2aC\x94\x05\x8b5'\xb5\xc6\
\xe2\xb61\xd4\xbb/\x9c\x834\xe1\xdd\xdc&\x07\xc6M\
{\x22\xb7\x9e \xefu\xd7'\xc9\x8b\xf6N8s\xd7\
-<$\x02\x88`(\xf7\xba\xdaiS\xc9\x90E\x07\
\x90\xd54\x16`\x04\x00\x86\xc3gm!rW\xbd\xc5\
\xa8N\xc0\x84}\xa0Ny(\x1c\x0f\xeaD\x0d\x15\xee\
\xdey\xa15\xf6\x8e\xcf#\x1f\xaa\x92<\x12,\xce\xd8\
$vL\xe8\x9d\xf6\xc5]\xe2\xbf\x9fy\xd2\xae$R\
\xf6\x96X9\x12+\x92\xc8\x9d\xe3l\xc1\xeb>Gj\
Je\xac\xb6\x10\xb2np+\xa3s\xf8\x8cy\xf7\x0b\
\xdd\xcc\xf9\xb0+\x0d\x84\xd8\xa0)\xf7\x91*\x99\x83$\
\x02\xa8\x82\xc2\x7f\xa355=7\xae\xe96\x8fu!\
\xcf1\xbe(ce\x9b\xb6H\xbdQ\x1dP\xc4\xf4\x0a\
\xc8\x93\xb3\x12\x5cSQ\x02\x7f\xf1v\xdb\x07\xe7\x1bZ\
\xed`\xec3p\xa2\x03@\x02\xac\x02\xb7I\xc5c\xfb\
\x01=\x821QKx\x22C\x22/m\x98\x11Y\xc3\
\xf5\x16\xb2\xe44jrn\x08\x12\x9c\xb7\x89\xda\xe5\xc2\
\x0c\x8b\x85\x1d\xe8Hy\x16\x0a\x1b\x05\x93S\xde\xe4\xf6\
:\x5cC\xd2N\xf4\x95\x0a\x87\x11\x8a\xb65\xb5\x0d\x8b\
\xa5\xa5*\x9c\xda\xd1\x00\xc1l\x01\x9f'<\xd0\xdab\
\xd6\x9a6\xd4\xfaxDQ\xb5U\x84H\xf5j\x9cE\
5\x9fdS\x92\xb6\x96IQ\xdd\xe6\xb8$\xe4\xce\xc0\
\xd0\xbe\x91\x14\x04\xd6@O/\xdf\x0c*`\x04v\x0d\
\x10\xab:\xcf\x09d_HX\xa0Z\x88#_Y\xd5\
\x1e#\xaeh\xe1j\xf8~\x0a\x0a&W\x93o\x92\xa6\
\xb5-\xe4V\x03\xa4RVkV\xe2\x08\xcd\xb7\x1b\x95\
\xca\xfd\x0em?l \xea\xca\xbe\x14R\x9a<%\xe1\
\x0dwd\x83\x9b\xeb\x90$\x92\xd2F|[\x81\x00\xa9\
\x0c\x06TJ\x1c\xc1F~\x84\xbaY\xb5\xcb\x8epF\
\xb8\xa1\xa4\xb7\xa1\xd8\xb9:\xdcHw\x1b\xcd\x1b%\xdd\
C\x94R8\xd0O\x1a\x14)\xb1\x88\x18\xf3\xa1v3\
\x99\x7fSB\xd6\xb3\x8eXH\xbej\xeb\x84\xb7L5\
?U\xe4\xa7P\xfd\xa8n%\x10\xfej\x9f\xa0t?\
\x01\xcb\xb2\xa2\xa0\xc0\xc3H\x88i8\x83\xa2\xd6\x95\x82\
a-q\x11\xe8\xa2\x85\x1e\x22\xcd\x82\xfe\xcd\x81 f\
\x0412W\x9c\x1eO`\x91\xfcK\x96\xad\xe2\xc1=\
\x22+\xb0\xc5\x14\xaf\x86p\xa8\x80\xad\xc6\xcb\xce\x8bB\
\xe9\x1c\xc2p\xa4\xa8\xd2\xeb,\x22\xc0)\x11-\x07\x17\
\xa9\xddO hv1]\x02X\xc8gu\x94\x06\xae\
\x09\xe2\x85s\x8fv\x88\xc0\xae\x85\xf9\x0b \x84\x8c\x0b\
\xcc\xe9\xb4\xc5\x07\xfa#\x8d\x0d\xa9\xa7\xbd\xd4\x85\xf0Q\
\xabN[\xd1\x94\x96\xc6'.\x1f8z\x1f\x8am\xd5\
\xa5\xb8\x22\x98\xf0\xdcxP\xf0\x17\x88\x8a\x0eh\xc2e\
\xd4%\xfe\xc8\xda\xe2\xef\x94&\x02 s\x1b\x1a)\x0a\
JE\x10\x8cS\xc0\x1e\xfc(k\xa7\xaf/\x99o\xd0\
%\xcf\x00\xfd@J\x8e\x12$jJ\x99C\xdd\x80\xa0\
\xca\xee\x05iaZd\xeb\xc6\x1eBM0\x15\xfe\x95\
K\xe0\x126@\x88\xc2zb[\xee\xeb\xeei.\x9d\
\x0b\xc7S\xb4\x98>\xf8\x09\x00\xe5\xbb\x08QU>\xca\
\xadDm\xd1\xaa\xff\x02\x1aon\xbfW\xc8\x0c\xed\xa6\
\x8e\xd9\xd6^-\xe1Ec\x5cW\x88\xe8\x86\xcfJb\
5\xa36EB\x00'6\xdc\xd2\xd5<\x86\x13\xb7\xd8\
5B\x8c\xe8\x1a\xe9\xdb\xaaz\x16\x9a\x1f\xee\xa2\xaa\x85\
\xb8\x0b.\x1bj\xc5\xe5Q\x82p\x8b\xd7\x1e\x11\x80\x87\
\xa4Z PD\x98\xef\xe0\xb5q\x0bba\xff\x86\xbd\
=+>\x8b\xf6nY\x9ebj\xb2`\x8bi[\x09\
\x0d\xaf>cRj\x83\xdcQ6\x07\xed\xce\xc1S\xd2\
\xfea6\xea\xb3h\xaf\xfb\xb5\xfb\x12\x17\xc7\xdb\xb3d\
:uL\xec\x85TX\xd1\xa4Q\x19\x10\x87EGC\
.\xd8\x0e\xb2>\xfeb\xe3f8O\xe1zq\xd6k\
\x90\x80h8mt:>\x05@\x1b\x03\xe0\xe0\x1ec\
D\x8d\x8c\xd2\xb0\xee\x03P\xc3\x8f\xcb\x95\xc7\xf06\xc0\
kB*%\x10\xa4\xa0\x18Q\x88d\x14\xaa\x0df\x03\
\x00V\x9a\xda\xff\x80!(:>k\xd9\x91\xa1\xb7\x15\
iY\x81\xbf\xbc\x97\xb2\xe6\xed\xcbA\xd7h\x12\xa2\x8a\
\xb3'\x09\xc3C\xb3\xbc\xb4AZ~\x16\x07Y\x816\
0\x94\x84\xcb\xa8\x1d\x8b\xb0\xe3\x15\x5c\x15\xa0\x09\xc9\x8f\
\xa5\x97`\xb9\x08\x8a\xf2\xc6\xb9.\xe4\xc7\xc1\xecC\x07\
xB\xdd\x07\x8f\x0dA\x04\xa8\x01\xe5\xab\x03\x83rz\
l/\x80@\x94\xd4\x8e'\x83\xe2\xf9\x10\xce\x15\x09i\
\xaf\x88\x03\x81\x98{%\xff\x1517\xa1!\x05\x92\xe9\
\xcc+c\xe0\xc0\x9c\x87'TL\x90\xc0M(T\xea\
\x84\xba\xd2\xc4\x9eZ\x9c\xb3cj\x7f\x8eG\x81Q\xc3\
:A1\x01\x0a\xc6\xbb\xc4\x073\xee7\xce\xb4\xfc\xbb\
\xf0G\xc7\xc8\x92\x94\xc2\x87#e\xb5\xe4\x93\xe6\x1b\x7f\
z\xc0\xc6\xa5\x07M\x09\x18\x14\xc6\xcd\xeb\x08\x0eyN\
\xb5\xb0\x08mW\xb5B |\xac!\x02w\xb2Zo\
W\x0a\x00\x81#!\xfb\xae2O\xda\xaaF\x8a\xad\xbe\
\xe1>\x8e3 \xab\x131~\xc4L\x9eF\x92An\
L\x18\xd7\xce\xd2>B\xd5\xbc\x10*\xd2\x93\x09]\xbb\
\x1a\xc0/\x94\x8e\x92\x0b\x02\x0c\xf5c\x17o\xc1\x8d\x98\
\xa4\x1f\xc6\x9b\xa0C\xa8\x80\xe3Q\xe7\x02\xb0\xad\xa1\xcd\
\x02\x89\xbd\xc3h\xff2\xe4\xce\xa17\xae\x1d\xa2\x90\xeb\
\x97(o\xb8:\xdbH\xad\x01\xbb;t\xa4\xc60o\
\xf9f\x22\x88\xa6\xb6\xec\x0e\x88\x82p\x84\xce\xb9\xacR\
\x1f\xf1P\xd1\xa8{\xafl\xbbs\x95\xc1:m,\x05\
'\xd4\xe9\x1cQ\xd4VQTkQ\xc3\x04C\xda\x9c\
\xb4=hz\xfe\x8d\xff\x05\x0d\xa7 K[\x09\x8f|\
\xb4\x0bx\x8eF42\x95\xb3E\xe6\xa6n\xcd\xc67\
k\x9f\xd1\x84\xe9{\xa7\xf2\xf2.u\xc4\x19\x8cu\xc5\
\x9b\xda\xe8Dq\xe0\xcf\x02\x08\x02\xe9\x98\xf6nHs\
k\xc45e|\x9b\xd3\xbc`\x01\xb1\xe6\xc6Nu\x00\
f<e\x92\xb4\xbb\x09\xa6Q\xe6JN\xeetk\x7f\
\xe7\xbe\xdbG\xce\xc1\xf4\xaa\x05\xe8nb\x14\x97u\xae\
h\xf6\x9eP\x9cb\x16\x94\x8a\xd7\x1c\xe6'\x83HX\
M*\x04Q\xb6\xa9\xd9\xcd\xb5\x09\xa11\x88\xb0\xee\xbd\
\x08\xa1\x83:Ip\xf7\xaa\xaeU\x14\xca\xd6\xce>\xf5\
-\xdb\x8c=\xe0L`F\xbf2\xf2\xda\xdb\x81\xa2\xd7\
7B\x00\xa8&\xd0z\x91p\xbd\x14\xb5\x06\x0e\xc7\xd2\
\xf8\x8azl\xb83\x1c\xa8:\xc6@)\xf5\xae\x19\x95\
\xf1\xb6\xdf\xd5\xdd]\x90\xc2x\xbdNU+\xfe\x15\xb2\
U\x81C;\x804k\x8e+ \xc1\x1ci\x0d\xc64\
\xed\x89%@\x1a\x94\xd6\xc4\x1c\xd2\x11L%\xdc\xac\x17\
\xf7\x8d\x85\x17\xaaUH\x08\xfd\x1f\xb3J\x03i\x06\xf0\
a\xcd\x05x\xa18\x99J+@\x86>\xc5EV\xf2\
m\x1c\xcdrNmg\xe1\x07\xf9\xac\x8c>\xf7\xc1\x07\
\xc9\xed\xf3\x90\x9f\x0c64\x0d\x18B\xcd\xef=\xdd\x80\
\x04Eb9rS\xbc\xda5\x0f\x95\xdf\xd6\xd7;a\
6\x80t\xe2\x01y#b]\x0dm\xe0N\xdb\xd1\xaf\
\xb9\xc5\xfa#\xa7KnZl\xc1\xf3\xd5\xadh\xeb\x00\
p\xc5\xd2fmE\x12\xfax4W%\xd7Cz\xe2\
\x91\xd5\xb3l\xcf\x9aD\xed\x91\xf3\xb6_\x90\xe0\xd2\xfe\
\xcaT\xf7\x8c^\x16\x94\xf3\xe6H\x18\x8d\x8b\xe1\x9aX\
\x7f\xf4\x15\x1a7@\xaf(\xfao#\xe6\x007\x18q\
\x8c\xbb\xc9\x9c\xec\xe8\x1a\xb0\x83?M\xdaX\x00\x86\x91\
ah\xaet\x9e\xd1\x22w\xb6\xae\xb7\xaa\xef\xd8\xc1\x0d\
\xdcEZ\xc2\xc9\x95\x89f\xd2v\xd0\xd8\x88L\xee\xd2\
\x15\xf5\xe0q}K\x0e\x03\xbc\xbe\xd2\x07Q\xb1\xefQ\
\x1d\xc3\xb2ae\x82\x08\xe9\x81\x1c,\x14K\x04\xbb\x18\
\x02\x03\xc1-`Ug\xe8T\x878\xe2\xf2\xb9\x80\xad\
\xa9\x0e\xc8\xcdp\x0e\x9d\x88\x0c\xec|\xaf\xc0\xaa=I\
\xfcpt\x8c\x82E\x0cj\xc9\x98rJC:8\xee\
\x8a\x96r\xa3a8\xa5\xb9=\xbe\x1e\x9d\x81|\xd24\
\x93\x97M\xb0\x8e\x98\xa5h\xc8\x9dj\x1d\xa4ISR\
\xf8\x9c\xa6\xed\xf5U\x7f6\xc4\xc1\xc0\x1c\x9d:\x19 \
6Rz\xd4\x8d\x07\xefY\x93h\x88t)a4j\
\x81\xf9W\xc5\xa2\xf6\x97\xd2h\x18\x08\xb4\xa3\xb6y\x1b\
k>\xeb\x04\xe01$\xb8\xa3B\x1e\x80\x1b8\x13M\
\x97\xc9\xf7\xe1.\x9fJj\x92\xbaH\x85\xe0\x1b\x0a\x92\
\x15;]=O8V\x84\x8f\xa4B\xb0/\xb5\x8b}\
\x9f\xee\xe4\x86_T\x8fa\xc2\x80\x1a\xaaYRHW\
\xa0\x04\x04\x22\x1cnE\xef\x80X\xd4\x0e\xb7\x15\xf5\x03\
C\xb5rv(\xb6\x81\xb0[r\x88\x03\xa9\xd9T\x8e\
ZcU<\xb0F\x03\xae\x80\x95\xcf\xc84\x12@)\
\x8293\xb9m8\x81\xbb\xc7qjS\x8fS\xfa\xa5\
iy\x04\xfb\xd7\xbd\xf3\xc2\xb3\x090W\xce\xcb\xa9F\
!\xb1\x0f\x94A~I\xf6\x9c\xa5\x8d\xe9+\x8f\x00\xac\
a\x7f\xb6\xb2\xa9\x8a\xbf\xd1\xd3\xda}u\xac*j\xb9\
\x0d\xa0\x03\x0f\xd3\x0d\x091X|\xb2\x1aiF\x16\xc9\
\xcb\x17$&\xf2\x1d\xd7\x88\x0d\x0b\x0a\x84\xb5\x9f\xd9G\
j+s\xb3=8\xb5@\xaea/\xb3\x9as\xa8t\
\xb0?\x89wZ&S\xaav\xd3_\x97\x08)\xa4f\
!\xde\xe2P\x1c\x947.\x07)\x08J\x96\xe7|\x9c\
\xf5\xb7\x17\x17\x84\xbc\xbdq_\xd2\x1c`\x01j\xb4#\
9\xb4\x8d\xb1 \x0b\xe8\xc4C\xe6xe5\x8f\xfcg\
\xa2sF\xa5b\xfdP\xec\x09\x11\xd1\xb2\xd4\x90\x1ct\
\x0b\x99\xe0\xc7'$\x1b\x22\x8a\x04\xc1\x94\xb7\x880\xb7\
*5\x15f\xd6\x90 I\x82\xee>\x9c\xc6\xc4\xd6v\
)7\xb7\xb5W\x18\xb4W\x02\x17\x8c!U\x8a7\x0d\
\xe88\xca?hN\x19\xf9\xc2\xcbR\xd9M=~\xcd\
\x12F]\xff\x00\xd8\x92J\x5cK\xdc\x5c\x02\x99\xce\xd0\
\x84\x22\xf9\xc8\xaar\xa0\x8d\x01\x9c\x13A\xaa\xbd\xb5\x9c\
\x1b\x90N\x8e\xa1F'\x1e\x02\x92\xd5D\xaf\x1dd\x05\
\x9e#\x15m=i\xf4\x5cM\x97\x0c\xefU\xc0E\xb3\
<M\x06p\xa2\x08|\x03k\x0f>:\x91\xa6\x03\x1a\
\x96\x80U?\x0c}\x87\xeb\x06\xee\x8a\xda\xbd\x1c\x12\x83\
\xd7\x96c\xdd\xd4#\x01\xfc\x16.\xba \x89UK\x12\
\xf09\xf7\x81\xb2~\xf3\xd5\x82\xb6zk\x13\x1f?\x8a\
Am\xb7\xee\xa7\xbc/:(\xed\xe2\xe4\xfa\xd02\x13\
n\xd6\xfa\x10W\xa0Zm\xf9\xa7C\xb4\xd7<\xc4\x16\
\x9a\x01a\xc9b\xa5x\x05\x5c\x1av\xbd\xe0a\xc30\
#\x0bJq\x1c\x1f\x86\x0c\x91\x94\x93\x1bQ\x0f\x1a\xf3\
\xfcZ \x88\x15uM\x8e\xe0\xdc\x80\x84yj\xcc\xed\
\x84\x14\xd5\x1a&\x94\xa0\xb2\x06c\x8e6\xc8\x9c\x0a\xca\
\xd0wp\x07\xd2u\x018\xe2\x01\x84\xa2\x86b\xa6\x8c\
\x03\xa2\x83\x14|\xe3-%\x16\x8d\x96\x13T\xb2\xfbm\
\xbfW\xc9\xfc@\xba\xa3\xfc\xd5V\xd0\xb0\xcf\xde\x87[\
:j\x8ej.\x00\x16@\x0dv\x9cQ\x9e\x1abR\
\x1b\xaa\x9e\x8e\x968\xea,\x15\x8d\x87\xa0\xe3\xc3\x01P\
w]\x8eE\xab\x08\xa6s\xb5\xdd\xd2\xa1\x22\x0e\xf3`\
\xd5\xe4\xec\xaf\xa9\xcd\xac+\x8aRy\x18\x17\x8b\x1da\
\x09\x02B\xd5\xaa95-;\xc8\xe9Pc\xda/\xd0\
v\xf7\x0d\xb7\xe3\x13\x1b\xd6U\xfb\x02$F\xeb\x82\x9c\
\xa5\xd1\xba\xf9\xc0(\x1f\xa3,(*\x8c\xc3\x9a\x91\xa2\
\x8aA\xf9\x03\xd3R\xeeH%\x15E}\xbe\x1d\xd5J\
0\xd5\xba\x82\x0f7\x12\x0c\xf0F\x95C8\x9a\xd5\x91\
\x8e%%\xc13n\x88\xec^\x1a\x9b\x1b\x9aet\xa9\
j\xb0\x94\xec\xc8\xbb\x86\xa5aU\xed>\xf7\xae1\x1b\
\x16|\x06r\xb8'-*\x05w\xa5dk\xa1\xf4\x17\
1\xd9\xda^\xfa&$;y\x04#\xc2\x1c\x9a\xe7\x22\
\xe5D\x19~\x96\xd7\x02\xa7b\xf6~\xa4D\xcdc\x0f\
2\x95\xd4\x90>\xc0\xb8\x9a.ZR$\x1cB\x18\x9b\
3\xcc\x95\x00\xcdT\xed\xb6PG\xfeM\xae\x8d\xa8\x96\
>Ev\xa5f\x88\xda\x01\xd5\xd0H\x89\xb0c\xb10\
\xdf-f\xccI\xc2\x9d\x15\x8dCi\xa7\x07\xa1\xa5\x11\
\x98LMjB\x13\x1d\xdc\xdf\x1c\x10\x0a\xe8]\xf2k\
\x1fi\x83\x18\xee\x1d\x9ae~\xee/5M=\x99*\
Z[\x06TmpG\xcb\x86l3p\xfd5\xf6@\
\xca\xbb\xdf$p\xd1~\x12N\xa4\xa3\xf3\xda\xa3gd\
\xb5\xd76\x5cz\xbb\xed\xc0\xf3\x99o\x93i\x0d\xbc\x08\
v\xa7f4{\x12R5\xb3\xc3A\xd5\xa0\x85\xc0z\
\xde\xf2\xfa\x1aC\xe8\x9a\x08\xdd\x1af\x5c\xe2dV_\
\x18\xady\x80-\xc2\x8f\x1c\x08\x9a\x0bh4\xf5\x1bx\
q\x15mr\xa2f\xd7\x0a\xd0\x9c`qi\xeaA\xe3\
\x95\xed\x8d\xb2h\xaa\x12N\x0b\x14H\x80\x13O\xd5r\
\x16\x1c$\x81\x91x\x0f\x98\xf4\x05\xe8?\xad\x18T{\
M\x93\xa3\xb0\x1ff^\x0eU\x0eR]\x8b\xc5\xd2J\
\xa2\xc3\xf7c\x92\xfc\xaf/\xe7#\x99\xad\xc1\xa1\xb8\xd4\
\x8f\xc18\xd5\xf5\xfa\x90 \xc4\xb9\xda\xd4\xc4K\xe0\xe8\
\xba\xf6\x93\x0b\x01\xa98\xac\xa5F\xa4v8\xb9a\xf0\
\x89+\xc9xJ\xa7:/\x1a6\x90\x1b\x89\xea\xf8Q\
*\x8d\x9c\x81\x07\xb5\xebV\xde\xc2\x92\xcf&\xf8\xc1\xda\
\xa0\xbe\x08\x0f\xd2p\xe89\x8f\x8b\xe1:J+\x87\x9d\
G}Cv\x84\x0fA0\xa2\xb4C\xa2\xa8\xd4m\xe5\
\xcdd\xa1z\xc6\xb3Wys\xe4\xf9\xbe\x9a\xf5\xf6\x5c\
\x9fv4\xfc \xd14\x84\xeb\xf4\x88\xe1\x8c\xe2\xfb\xfc\
f\xa6\xbc\xed]\x9b\x06r\x16\x97\x1c\xb5\xc7\xa6\x01\x10\
2\x07\xed\x89\x0e\xe5\x0e/2:TU5\x1c\xee\xdf\
\x00\xf8(\x0e\xb6\x90\xa0\xce\x17\xd2\xb2\xa8\xb1&\x0d\x97\
\x88\xab\xea\xaf\xe1\x92\xaf\x91M\xa5h\xcb,B\xe0A\
\xd3)\xdd'\xfb\xa6S\xc2\xf5\xa7\xb8q\xe6\xd1\x0e}\
/G;\x18\x1a\xb2T\xef\x10i\x185\xf6?\xdff\
:\x95\xfe\xd9\x22\xbe \x15\xd1\xb9\x98nn\x08Ux\
4\xad\xc4j\xcae\x83o\x08\x10\x8d\xd6\x80W\x1a\xad\
\x19\xeal \xa0\xc0u\x9c\x8d:\x0f \x02\x8a\x8e\xea\
*Q\xfe\xe95\xc4\x0dK0\xde$C\xcd\xa7\xa3\xb3\
\x0b\xe40\xc4\xadA\xf7\xafI+VH\xdb\xcb\xda\xda\
\xd3\xde\x87i\x93\xd5\xbf\xb1\xe1\x84\xf5\xe4}A\xcfE\
X\xd7<\x03\xc7}\xc3\xdan\x82\x10\x88P\xd8\xb5)\
\xb8\x96\x1b\x00\x22\x10XP3\xcc\x06C\xbc\xb9\xdf\xf3\
\xe2\xe0\x1f\xeejw\x8c\x7fe\x90OO\xaf\x0c\xbeM\
\x8e\xc5TCT\xcfr\x0c\xed=^\x8f:\xc5\xf9\xe3\
+5\x0c\xaaGm\xb5Y\x12\x1e\x8ajtk\xe6\xd2\
\x07\x8aF\x9b+'iC\x1bL\x99\xc15\x918\xcc\
L-\xe1\xea\xba\xfa\xa4i@*\xda\xfdB\xa1D=\
\xce\x835H*\xdf\x8f\x93\x826\xd2`HR\x9a\xc4\
\xd1\xd4\x1e\x9a>;m\xbd\xca\xe2\xb1\xaaz^'\xa1\
\xa8R*\xa1kT\x85\xf2\xd14\xc6\x89\xef\x19\x8c\xbd\
\xde7\xc8(\x14{\xd4`l\xfa\x19\xa2\xd2cQ\xae\
c\xd3\xf0\xa2z\x16 M\xb5\x98'jV\x8c\xd4)\
\x8e\xb7M\xa7\xeen\xfa\xb5\xfb\x80\xf9Zak'\x0e\
\x9d\x01\x95!il#\xb8\xb6\x8b\xca\xb6\x8c\xd6\xc2g\
\x1f\x14T,\xa6B\xc1Ph\x1e:\x0c\xd3\x88.\x89\
\x1cPCT\xad\x84)\x8b\xab]\xe9\xa1\xa7\x9e\xde\xe1\
X\xf5\xeap;m\x82\x95H\xe0\xa0\xf6\x0a\x01\xad[\
=\x0bB\xc3\xe2#F\x8a\xda\x06\xf5\xcd\xfc\xc23+\
\xf765\x1b\xd3:\xf7\xc8\xa9\x08\x02\xffl\xee\x8f\x87\
\xac4\x86\xbe\x07\x8c\xa1\xe15\xdc.7\x02\x00`\xa4\
\xc8\x15D\x0cH\xec%\x11\x85xgi\xa8YYq\
\x01v\x87_\xc5c\x22\xd0\x8a\x89\x17\xd18\xd0V\xd4\
\xa3\x14\x18\x84\xa2\x09\xd7\xa5\xfdu\xf8E\x13\x95E\x88\
sM\xd2>m\xd4q\xa5\xd24\xee\x80\xd0\xaa\xe1\xe8\
\xd1\xb7od\xf3\xebTk\xfbU\x130\xf5~#\xa1\
T\xe1\xceWO\x80Q/H\x16\xb0\x1eQ\xaeAy\
\x04\xa8\xa7\xc8%\xd3]y\x13\xcf\x08e\x02\xa4y\x1f\
T@\xd7\x08\x1a\x82\x0b`\x05\xf0R\x06\xf3\xc8x\xb5\
t4~\xda\xde\x0e\x04\xefA\xe2\x80~z*e\xc3\
\x80\xdc\x1a(\xcf\x0f\xb4Y\x94\xd1\xc7\x98{MEj\
[\x9b#hTi\xaai\x84\xd4\xfd\x0aU\x13\x1f\xe8\
)\x92\xb6\xda\xdb\xd0\x16\x99\x12\x19\xa7aQ\xed\xd1'\
\xe5\xde\xac\xea\x93\x9a\x9e\x13\xebs\xaa\x115*\x82\x5c\
\x9b\x95\x9eR\xaco?DO\x0cd5\xf6\x00\x90\xb5\
\xb5\x1dD\x80\x83\xa3\x8a\xb6\x08\x93\xcfpz \xc1\xde\
\xf4|\x99y\xa8U\x8a\x1a@hm\x16z\xea9\xd4\
%PT\xa72\x87\xa1\x06\xb5\x9e-\x91\x1b\xaaz\xe6\
\x18\xe5\xf6I\x0c=?\x01\x80\xeb\x09\xd3!^1\xa8\
djvJ\x8f\x19\xaay\xd6p\x07\x1b\x8c?\xb2\x8f\
\x1e\x0b\x82l\xd8\x14\x1d\x96\xc4\xdc\x1e\xc94B5\xbc\
T[\x7f8\x08!\x06\x0d`\xc3\x962\xaf\x12\x7f2\
\x18\xa9?\xef\x0d\xd0h\xa0=\xbd\x8d\x9f\xa0\xe1\x02\xe2\
\x92\x1d2~NB\xa3\x11\x0f\xbeS\xb5i\x9c%\x11\
\x9d\xeaC\xd7\xd3\xcaD\x5c\xedg\xd0\x19\x1f\x12\x10\x03\
\xb3V\x14a\x1c#E\x80l{\xdd\xa0\xd3t<\xda\
J\x0d\xf4O9hp\x99\xcb\xce\xdaEK\x91T\xca\
[\xcd\xa2\xa0&\xc6E\xd1I\xd2\x10\x1d\xcaR\xa8*\
\x13+\xb7\xd0Yl\x8c\x81\x9eS\x0f|\x8e5U\xd3\
\x1cM\xd9;\xda=h\x84`\xdaF\xa3w\x0d\xfa\x1b\
%\x0c<y\x19l\xe0\xaak\x9f\x1d!\xc6\xa5\xce\xed\
\xd4\xa1\xd4\x0c3\x85,O\x85_@)\xdd9\xc53\
G\xa9\xfb\x90\x11\x85\xa7\x1d\xed\xadS\xe9\x81:\x8c\x8d\
\xb6E\xf1\xb8\x88*\xf5Q6\xb7\x06\x7f\x9f\x15\xc8y\
\x8d5\xc6\xff\xfd\x11#M:\x97QY\xe9\xa8\xe7\x89\
\xae\xda\xdd\x11\x01\x8c\xcc!\x03\x1c\xd1\xd4\x81p\xe3\xa7\
a\x97_\x0f1\xea\x93\xf8\xdf\xab\x01mV\xa36\x8d\
_\xdc\x22\x04\x94#\xd1\xe3iS\xcf\xd5\xe9I\x90V\
'\x89\xb8\x1dl\x9cfz-\x11p_\x0f\x8d\x8a\xdd\
\xeb\x1a2\x09z\xe8\x0e\xce\x07\xf44Y]d\xcd\xb9\
\xf3\x1a\xbc&T\x81w\xf2\x05\xaa4=\xf3\xe0@\x96\
\x19\x04\xf5H\xce\x8a+%S\xe1\x86\xc5g\x96F\xc8\
0$QM#\x0d\x1ej\xb3\x91\x02\xf7\xdfp\x80\x1e\
\x89\x03}\x10\x14\xdaq:N7#\xe5I\x8eR\x83\
7u=\x1c\xa1!\xc8\x00\xf7\x80\xa7\xa3t\xc5\x87\xcb\
\xf7\xef\xf9H\x8c\xc0\x9b1\xe5B\xbd\x9e\x81\xb3 K\
r\xbb\xe3|W;\xce\xe9\x0a\xe8\xea7\xa8\xac\xc1\xc4\
O\xe1\x22\x940\x08\xe4(\x96\xa4#\x85\x94\xf1\x9e\xc3\
MM\xe0\xf3\x1e=\xa7#*io\x94A\x8dJ\xf1\
\xb38R\xb9\xe6\x85\xf9T\xa4`\x94\xfb\xbfS\xfd`\
ppjj%\xe8\xc1\x15\x9c\xf8\x88\xd0Sy#d\
\xea\xdd\xbb\x0a\xfc\xdd\xf74P\x93\xb1b\x9d\x8bt\x15\
\xb9\xd2\x0c\xcay\xf3\x9c\x00f\xd2\x14\x8dZ\xbfIl\
\xa8y;\x8f\x11m$f{}\x83\xe2x\xd3\x1b\xaa\
\x9e\x9a\xa5\x1fz\xa2\xab\xaa \xa9\xffU\xf5\x18A\x02\
6\x08\xa3\x9e\x1b\xfaF\xad\xd4yd\xdd7^=\xa0\
}\x8b\x16\x22!F_\xe6\x92\xe7\xefA\x17R\x00\xa7\
\xfe\xc6\x865\xac\x0ct\x18\xde\xe6u\xbf\xb2\x02\x9d\xa2\
\x11Z\xd3\xf8~\x1d\xda\xfeE\xe3\x07a\xb8\xe6\xb3\xbd\
\xba\xfdG\xd3\xe1\x8a\xbf\x14=\xd8$\xcf\x8b\x7f\xd6\xd8\
\xea\xd1`O\x9f2Z\xdc\x92\x1e\x12\xc5\xa4\xf8g\xde\
\xc8\x83\xc3\x02\xacx\xe3v\x5c\xb5\xea\xe8Ty)\x0d\
1\xa3)\x87\x12\xf7\xa2\x1c1\xcb\x1d\xd1\x0a\xf1ba\
\x10\xc8\xc8\x06(4\x98\x1e\xb1\xf3\xd6U\x8a\x01\xb3\x00\
\x9fv\x14\x9b\x9e)@\xf6Qi\xef\xf1.\x1f\xe5A\
\xf4\x5c\xe2=\x11\x9cV\xe3\xbb\x9f\xd6\xdfS\xd2\x15\xf4\
SJb\x1f\xb0\x94\xbb{=\x03t\xb4x\x0ey\xab\
\x87\x1c\x0a\x11S\xbf\x93\xd4D6\xc0\x1e\x88\xca\xa2\xe1\
\x17M\x89\x99\x92ZJ\xe6\xfd\xd7\x1dG2L\xdb\xc2\
\xfb\x917\xf2\xe9=0 \xfe\xd6\x5c\xf3\xea -\x18\
\x08Rp\x9f0\x08\xd4\x8ft\x81?\x81]P\xf1\x16\
M.i&\xf1\x83\x89?\x1fDp\xff\xcb\xf3H\xff\
\xf3\xb5h\xe4\x5c{\xfcs\xb0\xfcz\xc0\x8f\x85g\x85\
\xc8\x13\x12\xb6~J\x03\x18\x09\xa6aT\xb4\x19\x90J\
\xae\xbcX\x5c\xb9\x84(\x99\xaag\x0dzP\xbe\xd7\xa8\
\x99]=em\xe0'w?\xb4\xa9\xf43\x1e\x9a\xb5\
w\x04\xe4\xef\xa7P\xb2\x9e\xd0\xd6\x5c\x22\xc1\xe9\xa4_\
\xa1\xba)\x98\xf6\xe8\xea\xc4\xde8\xce\xd2\xd0\xb6\x9e5\
\xa5\x18\x8e\xf6\xe0\x97\x9e+\xa6p\xc7{\xe8\x14=\x16\
P\xd1A}MD\xf8\xd1\xe3\xa8>u\xb1\xbdi\xd7\
\xb6j\x1a=\xbe'\xa2A\x84\x8b)\x9c\xda\x02yJ\
\x02x#M\xeb\xe5@\x5c*\xd1x\xd3@\xa9\x98\x86\
\xa85\xc9\xaa\xcd;>F\xb1i[\x15\xb3?\x83'\
\xdf\xd4\x9a\x22?\xb6\xa6\xf0\xaa\xc6\xd3\xbf\xf1A\xbcH\
Y\xdaM\xccB\x11=wB\xae4\xb9\xa7\x09l\xc2\
\x15\xd8\x08\xfd? \x88\xa1\xf7\xe4\xeeN\xfa\x16\xcb\x1f\
\x8f\x91cI\xdbGT!\x9f9\xe8#Kz\x18\x06\
\x9b_\xcbIR\xa0[\x9a\xea\xdb\x14\x02\x97\xf44H\
\xc0|\xe24\xb94~$;EJ\x94nP$7\
2@\xf91\x9dF\x0f\xf5\xbcg\xd4V\x17\x0e\xb6Q\
\x85\x06H\xeb?\x19\xd1\x03\x08\x11\xb3\x1d\xf4\x04\xbb\xe6\
}\xf4$v9\x82\x88\xc4\x07<w\xccRu\x09\x0d\
\xd6(\xdb\xd2\x9e\x15\x89S\xf4p\xde+\xeeezX\
rs?\xc7Ct\x15\xe6\x9e\xbaX\xf5\x1d\xfc\xc6\xf4\
\x1b\xb7\xb9\xe03\x0e\x1e\xd3i\x08b\xb8_\x89\x0a\xf2\
\xeb\xc9\xdb\xfc\xfe\xf7\x01\xc8'c\xad\x965\xd4^\x13\
q\x82\xb7\xeb\x89\xb5\xd1d\xd0\xf1\xb5UM\xaf\xd9U\
\xda\x03\xd7\x10\xcc\xc11*\x88\xab\xe70\xd5\xca\xc4\xf9\
\xea\xb1\x09\xe96\x92\xcak4\x19G\xaf\xd9\xb8)\xf8\
\x04\xa1\x8a\xd0\x1a\x9b\x89\x03\xd6\x03\xf0\xc8XmQ;\
\x89\xca\x0a\x82\xe9a\x1cQ\x99&\x18\xd4\xec\xa4\x849\
\x91\x1e\xab\x0f\xda\xbe%\xabp\xc7zb\x1eP\x02\xa6\
mOM\x00\xbc\xe7\x86\xa66X]Xj$\x1c\xfd\
\x7f\x05o\xa0\xe4\xe8\xe1\x9b\xab\xff\x03\xa4\x11\x8e\xaa\x87\
V\x11JQOC\xbe=i=\xc3\x8b\x93\xd4\xff)\
\x11\xbd\xba;]\xe3\xa5\x92\xc7\x5c\xe6\x95\x19\x0e{\xa7\
\xaa\xa1\xc2\x10\xf4\x0d\x90P\xd1\xa1\xd7K\xc0h\x9b\xb2\
|\xff\xe5\x80\xfe\xb7\x87\xf2&\x12\xa5\xb9 \xaf\xaa\x87\
^\xf4\x5c\xf6\x0eTB\xd3(\xb55\x8dD~\xf37\
z\xee\x0a/\x04\x80\xb3\xf6]\x8f\x17\x05\xcd\x00.\xe9\
\xc7\x1a\xd5\x11\xe7G\x09w\xab'\x09Qe\xc5\xbd\xd6\
V\xac\xf9=QA\xc1\x0f\xe4\x14\x98\x88\xd5\xd6\x08\xc0\
\x9b&\xfa\xfeC\x86\xf2\xe1\x12\x0e\x03]Ue\x1d\xfc\
\x8f\xc1\x7f_\xdd\x9f/<oqww\xff\x0d\xbb\xe5\
\x96\xc2\xcb\xae\x00'\x00\x00\x01\x84iCCPIC\
C profile\x00\x00x\x9c}\x91=\
H\xc3@\x1c\xc5_S\xa5E*\x0ev\x10u\xc8P\
\x9d,\x88_8J\x15\x8b`\xa1\xb4\x15Zu0\xb9\
\xf4\x0b\x9a4$).\x8e\x82k\xc1\xc1\x8f\xc5\xaa\x83\
\x8b\xb3\xae\x0e\xae\x82 \xf8\x01\xe2\xea\xe2\xa4\xe8\x22%\
\xfe/)\xb4\x88\xf1\xe0\xb8\x1f\xef\xee=\xee\xde\x01B\
\xa3\xc2T\xb3k\x1cP5\xcbH\xc5cb6\xb7*\
\x06^!`\x08AL#$1SO\xa4\x173\xf0\
\x1c_\xf7\xf0\xf1\xf5.\xca\xb3\xbc\xcf\xfd9z\x95\xbc\
\xc9\x00\x9fH<\xc7t\xc3\x22\xde \x9e\xd9\xb4t\xce\
\xfb\xc4aV\x92\x14\xe2s\xe21\x83.H\xfc\xc8u\
\xd9\xe57\xceE\x87\x05\x9e\x1962\xa9y\xe20\xb1\
X\xec`\xb9\x83Y\xc9P\x89\xa7\x88#\x8a\xaaQ\xbe\
\x90uY\xe1\xbc\xc5Y\xad\xd4X\xeb\x9e\xfc\x85\xa1\xbc\
\xb6\x92\xe6:\xcda\xc4\xb1\x84\x04\x92\x10!\xa3\x862\
*\xb0\x10\xa5U#\xc5D\x8a\xf6c\x1e\xfeA\xc7\x9f\
$\x97L\xae2\x189\x16P\x85\x0a\xc9\xf1\x83\xff\xc1\
\xefn\xcd\xc2\xe4\x84\x9b\x14\x8a\x01\xdd/\xb6\xfd1\x02\
\x04v\x81f\xdd\xb6\xbf\x8fm\xbby\x02\xf8\x9f\x81+\
\xad\xed\xaf6\x80\xd9O\xd2\xebm-r\x04\xf4m\x03\
\x17\xd7mM\xde\x03.w\x80\x81']2$G\xf2\
\xd3\x14\x0a\x05\xe0\xfd\x8c\xbe)\x07\xf4\xdf\x02=kn\
o\xad}\x9c>\x00\x19\xeaj\xf9\x0688\x04F\x8b\
\x94\xbd\xee\xf1\xee`go\xff\x9ei\xf5\xf7\x03\x90\xcf\
r\xb3\x5c\x84\xa2\xd8\x00\x00\x0d\xf7iTXtXM\
L:com.adobe.xmp\x00\
\x00\x00\x00\x00<?xpacket be\
gin=\x22\xef\xbb\xbf\x22 id=\x22W5\
M0MpCehiHzreSzNT\
czkc9d\x22?>\x0a<x:xmp\
meta xmlns:x=\x22ad\
obe:ns:meta/\x22 x:\
xmptk=\x22XMP Core \
4.4.0-Exiv2\x22>\x0a <\
rdf:RDF xmlns:rd\
f=\x22http://www.w3\
.org/1999/02/22-\
rdf-syntax-ns#\x22>\
\x0a  <rdf:Descript\
ion rdf:about=\x22\x22\
\x0a    xmlns:xmpMM\
=\x22http://ns.adob\
e.com/xap/1.0/mm\
/\x22\x0a    xmlns:stE\
vt=\x22http://ns.ad\
obe.com/xap/1.0/\
sType/ResourceEv\
ent#\x22\x0a    xmlns:\
dc=\x22http://purl.\
org/dc/elements/\
1.1/\x22\x0a    xmlns:\
GIMP=\x22http://www\
.gimp.org/xmp/\x22\x0a\
    xmlns:tiff=\x22\
http://ns.adobe.\
com/tiff/1.0/\x22\x0a \
   xmlns:xmp=\x22ht\
tp://ns.adobe.co\
m/xap/1.0/\x22\x0a   x\
mpMM:DocumentID=\
\x22gimp:docid:gimp\
:02b5f7e4-fe18-4\
b9e-a77d-c902142\
a940d\x22\x0a   xmpMM:\
InstanceID=\x22xmp.\
iid:c0c23396-af2\
6-4959-bff8-0bbe\
43df648d\x22\x0a   xmp\
MM:OriginalDocum\
entID=\x22xmp.did:5\
54e5736-ec73-4ea\
2-9646-a53b48372\
91e\x22\x0a   dc:Forma\
t=\x22image/png\x22\x0a  \
 GIMP:API=\x222.0\x22\x0a\
   GIMP:Platform\
=\x22Windows\x22\x0a   GI\
MP:TimeStamp=\x2216\
77488004722161\x22\x0a\
   GIMP:Version=\
\x222.10.30\x22\x0a   tif\
f:Orientation=\x221\
\x22\x0a   xmp:Creator\
Tool=\x22GIMP 2.10\x22\
>\x0a   <xmpMM:Hist\
ory>\x0a    <rdf:Se\
q>\x0a     <rdf:li\x0a\
      stEvt:acti\
on=\x22saved\x22\x0a     \
 stEvt:changed=\x22\
/\x22\x0a      stEvt:i\
nstanceID=\x22xmp.i\
id:a1dee62d-5ec3\
-4ebd-bb80-4d376\
f75ed84\x22\x0a      s\
tEvt:softwareAge\
nt=\x22Gimp 2.10 (W\
indows)\x22\x0a      s\
tEvt:when=\x222023-\
02-27T09:27:27\x22/\
>\x0a     <rdf:li\x0a \
     stEvt:actio\
n=\x22saved\x22\x0a      \
stEvt:changed=\x22/\
\x22\x0a      stEvt:in\
stanceID=\x22xmp.ii\
d:27df53ce-c126-\
4feb-864f-48bd72\
10a49e\x22\x0a      st\
Evt:softwareAgen\
t=\x22Gimp 2.10 (Wi\
ndows)\x22\x0a      st\
Evt:when=\x222023-0\
2-27T09:53:24\x22/>\
\x0a    </rdf:Seq>\x0a\
   </xmpMM:Histo\
ry>\x0a  </rdf:Desc\
ription>\x0a </rdf:\
RDF>\x0a</x:xmpmeta\
>\x0a              \
                \
                \
                \
                \
                \
      \x0a         \
                \
                \
                \
                \
                \
           \x0a    \
                \
                \
                \
                \
                \
                \
\x0a               \
                \
                \
                \
                \
                \
     \x0a          \
                \
                \
                \
                \
                \
          \x0a     \
                \
                \
                \
                \
                \
               \x0a\
                \
                \
                \
                \
                \
                \
    \x0a           \
                \
                \
                \
                \
                \
         \x0a      \
                \
                \
                \
                \
                \
              \x0a \
                \
                \
                \
                \
                \
                \
   \x0a            \
                \
                \
                \
                \
                \
        \x0a       \
                \
                \
                \
                \
                \
             \x0a  \
                \
                \
                \
                \
                \
                \
  \x0a             \
                \
                \
                \
                \
                \
       \x0a        \
                \
                \
                \
                \
                \
            \x0a   \
                \
                \
                \
                \
                \
                \
 \x0a              \
                \
                \
                \
                \
                \
      \x0a         \
                \
                \
                \
                \
                \
           \x0a    \
                \
                \
                \
                \
                \
                \
\x0a               \
                \
                \
                \
                \
                \
     \x0a          \
                \
 \x0a<?xpacket end=\
\x22w\x22?>\xb4I\xe2l\x00\x00\x00\x06bKG\
D\x00\xff\x00\xff\x00\xff\xa0\xbd\xa7\x93\x00\x00\x00\x09p\
HYs\x00\x00.#\x00\x00.#\x01x\xa5?v\
\x00\x00\x00\x07tIME\x07\xe7\x02\x1b\x085\x18\x85\
\x03\x09<\x00\x00 \x00IDATx\xda\xec\xbdy\
\x94]gu'\xfa\xfb\xce=w\xbe\xb7\x06\xcd\xb2\xac\
\xd2\xe0A\xb2F\xdb\x02lcc\x19;\xe0\x10\xe60\
\xac\x97d%\x90\xa4!\xddI\x13Vz\xd1kex\
\x9d\xf7V\xba\xfb\xa5_w\xbf\xe4= \x81\xb5\xd2\xd8\
`b\xc2\x10l\x13\x1b\x220\xb6\x11\xb6\x91\x8ceK\
\xb2-k\x1eJ%\x95J\xa5\x9a\xef<\x9c\xf3\xbd?\
\xee\xdd\xdf\xfd\x9d]\xa7\x04$\x81@\xa2\xbbV\xad\xaa\
\xba\xe3\xb9\xe7|\xfb\xdb{\xff\xf6o\xff6p\xe5v\
\xe5v\xe5\xb6\xe0\xcd\x5c9\x05?\xf9\xdb\xf9\xf3\xe7\xaf\
:}\xfa\xb4\x7f\xe2\xc4\x09\x9c9s\x06\x17.\x5c@\
\xa5RA\xadVC\xbb\xdd\x06\x00d2\x19\xacX\xb1\
\x02CCC\xb8\xe1\x86\x1b\xb0a\xc3\x86p\xfd\xfa\xf5\
\xe7\x8d1\xf6\xca\x19\xbcb ?\xd3\xb7g\x9eyf\
\xeb\x81\x03\x07\xb2\xabV\xad\xba\xf7\xe0\xc1\x83^\xa1P\
X\xe7y\xdeM\xc3\xc3\xc3\x98\x9a\x9a\xb2CCC\x9b\
*\x95Jrnn\x0e\xa5R\x09\xb5Z\x0d\xadV\xcb\
\xfd\x04A\x00c\x0c\x92\xc9$\xf2\xf9<\xfa\xfb\xfb\xd1\
\xdf\xdf\x1f\xee\xdf\xbf\xffp>\x9f\x0f\xb6n\xdd\x8a\xc1\
\xc1\xc1\xe1\xbd{\xf7\xbe\xf0\x8ew\xbc\xc3\xbc\xfa\xea\xab\
\xbbn\xbc\xf1\xc6\xea[\xde\xf2\x96\xd3W]uU\xe9\
\xca\x15\xb8b ?\x15\xb7\x91\x91\x91%\xfb\xf6\xed\xdb\
\x1c\x04\xc1\xed'O\x9e\x5c^,\x16\x7f\xfe\xc2\x85\x0b\
\xd9D\x22\xb1\xbaT*\xa1\xd5j\xa1\xddn#\x08\x02\
\xb4\xdbm\xf7\xc3\x86 \xcf\x91\xff\xe5\xf9a\x18\xc2Z\
\x0bk-\xc20t\xff\xf3\xef0\x0c\xd1l6\xe1y\
\x1eV\xaf^\x8d \x08&6l\xd8P\x9d\x9d\x9d}\
b\xe3\xc6\x8d\xa7\xa6\xa7\xa7\x9f\xfe\xe5_\xfe\xe5C\xb7\
\xdf~\xfb\xc4\x95\xabu\xc5@~\xac\xb7c\xc7\x8e%\
\xc20\xbc\xea\xe8\xd1\xa3w\xd4\xeb\xf5{K\xa5\xd2\x96\
R\xa9\xb4\xb1\xd9l\xe6\x9b\xcd&\x82 \x88,xY\
\xf4\xda0\xf8\x7f\xbeO\xde#\xce\x10\xd8 ~\x98\xfb\
\xe5'\x9f\xcf#\x9dNW\xde\xf0\x867\xccU\xab\xd5\
oe\xb3\xd9o\xbe\xfb\xdd\xef\xde\xdbn\xb7G\xde\xfe\
\xf6\xb7\xb7\xaf\x5c\xd5+\x06\xf2\x8f\xba=\xf9\xe4\x93\x85\
0\x0c\xdf0>>~/\x80\xb7\x95\xcb\xe55\xcdf\
\xd3\x0f\xc3\xf0\xb2\x86 \x0b^\xf2\x09\xcf\xf3\x90N\xa7\
\x91\xcdf\x91\xc9d\x90N\xa7\x91H$\x90H$\xe0\
y\x9e\xfb<\xf1\x18\xd6Z\xe7M\x9a\xcd\xa6\xfb\xa9T\
*\x98\x9b\x9b\xc3\xe4\xe4$fggQ.\x97Q\xa9\
T\x10\x04\x81{}\x9c\xb1\xc8{\x02@\x7f\x7f\x7f\xfb\
\xd6[o\x1dY\xbf~\xfd\xf7\x06\x06\x06\xbe\xdaj\xb5\
\x1e\xff\xc3?\xfc\xc3\xf2\x95\xab}\xc5@~\xa8\xdbS\
O=\xb5htttg\xb9\x5c~\x1f\x80\xb74\x1a\
\x8d\x81d2\x09\xcf\xf3\xe6y\x08\xde\xf9\x13\x89\x04\xb2\
\xd9,\x06\x06\x06P,\x16\x91\xc9d\xe0\xfb>\x00\xa0\
^\xaf\xa3Z\xad\xa2Z\xadbnn\x0e\xe5r\x19\xd5\
j\x15\xadV\x0b\xcdf\xd3\xe5 \xe2A<\xcf\x83\xef\
\xfbH\xa7\xd3\xf0}\x1f\xc6\x18g`\x85B\x01\xa9T\
\x0a\xbe\xef#\x99L\xa2\xddn\xa3V\xab\xa1\x5c.c\
bb\x02\xe7\xce\x9d\xc3\xd8\xd8\x18.\x5c\xb80\xcfp\
\xac\xb50\xc6\xc0\xf3<\x18c`\xad\xc5\xf6\xed\xdbg\
\xd6\xad[\xf7\xcc\xf6\xed\xdbw\xad]\xbb\xf6\x91w\xbe\
\xf3\x9d\xe7\xaf\xac\x82+\x06\x12\xb9\x9d>}z\xe0\xf9\
\xe7\x9f\xbf\xfb\xd2\xa5K\xefo6\x9bon\xb7\xdb\x83\
\xa9T*\xb2\xcb\x8bq\xb4Z-Xk\x91\xcf\xe71\
00\x80\xc1\xc1A\xa4R)4\x9bMLOOc\
rr\x12\x17.\x5c\xc0\xc4\xc4\x04\xc6\xc6\xc6P\xadV\
\x9d\xa1\xc8\xa2\xb4\xd6F\x0c-.\xa4\x92\xbf\x8d1\xee\
\xc7Z\xebr\x14\x00h4\x1a\xc8d2\xb8\xfa\xea\xab\
\xd1\xdf\xdf\x8fe\xcb\x96\xa1\xbf\xbf\x1f\xb9\x5c\x0e\xd6Z\
T*\x15\x8c\x8d\x8daxx\x18G\x8e\x1c\xc1\xdc\xdc\
\x1c|\xdfw^K\x0c\xc5\xf3<\xb4Z-\xdcq\xc7\
\x1d\xedf\xb3\xf9\xd5-[\xb6|\xf9\x9d\xef|\xe7\x93\
w\xdcq\xc7\xcc\x15\x03\xf9W|{\xf4\xd1G\xb7\x9c\
;w\xee\x83\xf5z\xfd\x03\xf5z}I\x22\x91p\x0b\
\xc8\xf7}$\x12\x09\x18c\x10\x86!r\xb9\x1c\x06\x07\
\x07\xb1h\xd1\x22Xk199\xe9\x16\xdf\xe4\xe4$\
\xea\xf5:R\xa9\x14<\xcfs\x0b9\x0cC\x00p\xe1\
\x12#Ubhl\x10\xdaP\xc4\xa3H\xa8f\x8cA\
\x22\x91p\xef+\x86\xdbh4\xe0y\x9e3\xa8F\xa3\
\x81B\xa1\x80\xe5\xcb\x97c\xed\xda\xb5X\xb4h\x11\xf2\
\xf9<Z\xad\x16FGGq\xea\xd4)\x1c:t\xc8\
y+1\x141\x16\xdf\xf7\xb1q\xe3\xc6\xa9\x1d;v\
\xfc\xfd\xf5\xd7_\xff\xc9_\xfb\xb5_\xdb{\xc5@\xfe\
\x95\xdc\xf6\xef\xdf\x9f=z\xf4\xe8\xbb\xc6\xc7\xc7?:\
;;{\xb3\xe7yI\xcf\xf3\x9c\xb7\x10\x03I\xa5R\
X\xbat)\x96,Y\x82\x5c.\x87\x89\x89\x09\x0c\x0f\
\x0fcxx\xd8\x19C*\x95r\x06 \xf1\xbe,~\
1\x10\x09\xc3\x1a\x8dF\x04\xd5\xe2dZ\x9e\xa7\x8dE\
r\x111\x166\x14^\xdc\x8cf\x01@*\x95B\xa3\
\xd1p\x86\x04\x00\xedv\x1b+W\xae\xc4\xc6\x8d\x1b\xb1\
b\xc5\x0a\xe4\xf3yLMM\xe1\xcc\x9938p\xe0\
\x00j\xb5Z\xac\xb1,Z\xb4\xc8^s\xcd5\xcf\xdd\
s\xcf=\x7f\xbbb\xc5\x8a\xbf|\xfb\xdb\xdf^\xbbb\
 \xff\x02o\xbbv\xed\xea;q\xe2\xc4\x87\xca\xe5\xf2\
Gk\xb5\xdaj6\x0a\xf9I\xa5RX\xbe|9\xae\
\xba\xea*\xe4\xf3y\x9c={\x16\xc7\x8e\x1d\xc3\x993\
g\x5c=\x22\x9f\xcf\xbb\x85h\xadE\xa3\xd1p\x8b\x9e\
\x0dA\x16t\xadVC\xbd^\x9fg8q\x10p\x10\
\x04\x91\x84Z>\xc3\x18\xe3\x0cQ\x9e#\xc6$\xdf\x83\
_/^\xa0\xd9l\xc2Z\x8bd2\x19\x09\xd9\xc20\
\x84\xef\xfb\xd8\xbau+\xd6\xae]\x8b%K\x96`v\
v\x16'N\x9c\xc0+\xaf\xbc\x82z\xbd\xee\xbc\x95\x18\
J\x22\x91\xc0\xbau\xebFV\xaf^\xfd\x97\xbf\xf1\x1b\
\xbf\xf1\x85\xd7\xbe\xf6\xb5g\xaf\x18\xc8\xbf\x80\xdb\x13O\
<\xb1vdd\xe4\xf7\xc7\xc6\xc6>P*\x952\x12\
:In\x91H$\xb0x\xf1b\xacY\xb3\x06\xfd\xfd\
\xfd\x18\x1b\x1b\xc3+\xaf\xbc\x82\x93'Ob``\x00\
\x85B\x01\x99L\xc6\xfd\xc8k\xad\xb5\xa8\xd5jh6\
\x9b\x08\xc3\x10\x8dF\x03\xe5r\xd9%\xdcb,\x0c\xdf\
\xb2\xb7`\x83\x91\xc5\xad\x17?{\x006\x18~\xbf \
\x08\x5c\x22\xcf!Y*\x95\x8a\x84i\xe9t\xda\xbdF\
<\x1f\x87u\xdb\xb6m\xc3\xc6\x8d\x1b188\x88K\
\x97.\xe1\xd0\xa1C8y\xf2d\xc4\xab\xc8\xc6\xb0y\
\xf3\xe6\xfa\x86\x0d\x1b>\xb7m\xdb\xb6\xff\xf6\x9e\xf7\xbc\
\xe7\xcc\x15\x03\xf9\x19\xbc=\xfd\xf4\xd3C\xc7\x8f\x1f\xff\
\xe3\xe1\xe1\xe1_j4\x1a9m\x18\xe9t\x1ak\xd6\
\xac\xc1\x9a5kP.\x97\xf1\xf2\xcb/\xe3\xe5\x97_\
vHQ6\x9bE:\x9dF2\x99t\x88\x92,\x96\
t:\x8dF\xa3\x81R\xa9\xe4<H\xbd^G\xb3\xd9\
t;t\xb3\xd9t\xf71\x14,\xc6\xc3\xc5Am\x1c\
b \xfa>w\xd1\xba\x09;\x87^\xb2\xdb\x1bc\x9c\
\x97\x12Cn4\x1a\xee\xbb\x8bA\xf9\xbe\x8f \x08\x90\
L&\xdd1\x8b\xb7\xd9\xb1c\x07\xae\xbf\xfez\xf8\xbe\
\x8f\x13'N\xe0\xe0\xc1\x83\xa8\xd7\xeb\x11\x8fb\xad\xc5\
\xd0\xd0Pu\xc7\x8e\x1d\x7fs\xe3\x8d7\xfe\xc9;\xde\
\xf1\x8e\xb3W\x0c\xe4g\xe0\xf6\xc8#\x8f\x14FGG\
?6>>\xfe\xb1J\xa5\x92\x97\xbcB.n\xb1X\
\xc4\xf5\xd7_\x8fe\xcb\x96axx\x18{\xf7\xee\xc5\
\xe4\xe4$\x06\x06\x06\x5c\x9dB\x16\x90\xc0\xbb\xc9d\x12\
\xc9d\x12\xadV\xcb\xfd/\x8b\xd0\xf3<\x07\xe3\xb27\
\x11\xef\xc2(\x95\xae\x98k\x0f\xd2j\xb5\x16\xccG8\
\x17\x91\x9b\x18\x8d\xbc\x9eC\xbfv\xbb\x1d\xd9\xfd\xdb\xed\
6\x92\xc9\xa4{\xffd2\xe9\xde\xc7\xf7}Xk\xdd\
oA\xc8\xae\xb9\xe6\x1a\xec\xd8\xb1\x03\xcb\x97/\xc7\xd8\
\xd8\x18\xf6\xef\xdf\x8f\xc9\xc9I\xe7y\xc5P\xd6\xae]\
[\xbd\xee\xba\xeb\xfe\xe7\xc0\xc0\xc0\xff\xf8\xd8\xc7>V\
\xbeb ?\x85\xb7\xc3\x87\x0f\xa7_|\xf1\xc5\xdf>\
t\xe8\xd0\x7f\xa8\xd7\xebW\xb3ax\x9e\x87\x81\x81\x01\
l\xda\xb4\x09\xc5b\x11\xaf\xbc\xf2\x0a\x9e}\xf6Y\xa4\
\xd3i\xe4r9\xa4\xd3i\x08\xac\x9bJ\xa5`\x8cq\
\x06\x22\xf1\xba\xc4\xe4\xc5b\xd1-8YH\x95J\x05\
\xadV\xcb-0\xf1\x1cL'i4\x1a.\xe4\x92\x1f\
F\xb4\xd8P\xe2\x0a|b\x10b$\xfa11:\xbe\
\xaf\xd5j\xb9\x1d_\x0cF\xc2+1&\xf1>\x8c\x92\
\xc9o\xf9\x8e\xb9\x5c\x0e\xb7\xddv\x1b\xae\xbb\xee:L\
OOc\xff\xfe\xfd\xb8t\xe9R\xc4\xa3\x18c\xb0t\
\xe9\xd2sw\xdf}\xf7\x9f\xdfz\xeb\xad\x7f\xb1c\xc7\
\x8e\xc6\x15\x03\xf9)\xb9=\xf4\xd0Cw\xbf\xf4\xd2K\
\x7f:55\xf5\xbad2\x19\x09\xa5\x06\x07\x07\xb1e\
\xcb\x16\xe4r9\xec\xdb\xb7\x0f{\xf6\xec\xc1\xc0\xc0\x80\
\xabh\x8b\xb7\x90]QB\x0eY4\x12^\x09:$\
\xb1\xbd<.a\x95,R)\x02\x8aA\x88w\xa9\xd5\
j\xce@4\xffJ~tM\x84\xff\xe6\xf0J\xe74\
\xb2@\xf9\xfeD\x22\xe1>G\x0cB\xee\x97\x90\x8a\xc3\
F\xa9\xcd\x88\x91Kb/\x8f\xc9\xcf\x1b\xde\xf0\x06l\
\xd9\xb2\x05sss\xd8\xbf\x7f?&&&\xdc\xf9\x16\
c\x19\x1a\x1a\xfa\xfe\x1dw\xdc\xf1\x07\xbf\xfe\xeb\xbf\xfe\
\xe4\x15\x03\xf9g\xbc=\xf5\xd4S\xcb\xf6\xec\xd9\xf3'\
\x17/^\xfcM\x00>\xc3\xb4\xc5b\x11\xdb\xb7oG\
\xb1X\xc4\xf3\xcf?\x8f\xbd{\xf7\xa2\xaf\xaf\x0f\x99L\
\xc6U\xa2\x19\xda\x95\xdf\x82\x1a\xc9N+\xb4\x10k-\
R\xa9\x94\xab_d2\x19\xe7I|\xdfG\xab\xd5\xc2\
\xf4\xf44\x84\xa4\xb8\x90\xe7`\x8f\xc1\xc6\x11\x07\xfd\xb2\
\x91\xb0w\x90Z\x88\x18\x95\xa0Sb\x04\xedv\xdb\xfd\
/\xef+\x06\x14\x04\x81\xf3\x92l8\xf2}\xc4\xdb\xc8\
cl@\x5c\xac\xbc\xf3\xce;\xb1u\xebV\xcc\xce\xce\
\xe2\x85\x17^@\xb9\x5cv\xcf\xedn4\xed-[\xb6\
<p\xef\xbd\xf7\xfe\x9f;w\xee\x1c\xb9b ?\xc1\
\xdb\xe8\xf9\xf3\xdec_\xff\xfa/\x9d:u\xea\xcfJ\
\xa5\xd22^\xe0\xe9t\x1a[\xb7n\xc5\x8a\x15+p\
\xe0\xc0\x01\xec\xde\xbd\xdb!Q\xba:\xee\xfb\xbe[,\
\x92\xb0\x02p\xb9\x87\x84Z\xcdf\xd3\x85\x5cA\x10 \
\x9b\xcd\xba\xc2\x9b\x18\x83\x84Zl\x04\x12j\x89\x810\
E\x85\x17w\x5cm\x84Q,1\x06\xf9,Y\xbc\x9c\
\x9f\xb4Z-\xe7\xd5\x04F\x960J\xe8\xf3bXb\
\x1c\xadV+\x12rI\x92\x9f\xcdf].#\xdf]\
^/F*\x06s\xd7]wa\xf3\xe6\xcd\xb8p\xe1\
\x02\x0e\x1c8\xe0>K\xdeo\xf9\xf2\xe5\xe3\x1b7n\
\xfc\x0f\xef~\xf7\xbb\xff\xe6\x9ak\xae\x09\xaf\x18\xc8\x8f\
\xf9v\xff\xfd\xf7/\x1b9\x7f\xee\xd3\xe3\x17\xc7\xdf\x0d\
\x00^\xc2\x83\x9f\xf0\x91\xf0<\x5c{\xed\xb5\xd8\xbcy\
3\x8e\x1f?\x8e]\xbbv\xc1O\xfa\xc8d\xb3\x0e\x89\
\xf2<\x0f\x09\x13\x0d\xa5$\x8c\x90\xfe\x0b\xd9\xa1%f\
\x97E\x97\xcf\xe7!\xe1[.\x97s\xf4\x8c0\x0cQ\
\xaf\xd7Q\xa9T\x1c\xa2%\xde\x82k$\x9c?0\x83\
W\x13\x1e\xd9H8\x11\x97c\x15cc\xd8W\x16\xb2\
,NF\xb2\xe4\x7f\xe1\x8b\xc9{\xb2\xb7\x14#K\xa5\
R\x91d]\xbc\xa7\x84\x92\xf27s\xb9\xac\xb5\xc8f\
\xb3x\xd3\x9b\xde\x845k\xd6\xe0\xf0\xe1\xc38y\xf2\
\xa4\xdb\x84\x04\xf5\x1b\x1a\x1azx\xfd\xfa\xf5\xff\xf6\xb7\
~\xeb\xb7\xc6\xaf\x18\xc8\x8f#\xcf\xf8\xda\xc3f\xea\xd2\
\xe4/\x9e>}\xfa\x7fMNO\x0dp\xde\xb0h\xd1\
\x22\xdc\xf2\xda\xd7\xa1V\xab\xe1\xb1\xc7\x1e\xc3\xcc\xccL\
'\xf9\xce\xa4\xe1\xa9bW:\x99\x8a\xec\x80\x9c\x94\xca\
\xce-\xdc\xa9L&\xe3\x10,\xc9C\xc4\xd8$\x9e\x0f\
\x82\xc0\x11\x0f\x19\xe2m4\x1a.\x17\xe1\xa4]'\xe9\
:T\xe2x_\x8e\x93C(c\x8c{\xad<O<\
E\xadVs\x1e\xc6\x18\x83Z\xad\xe6\xf2(\xf6\x22\x82\
x\xf1\x06!\xbf%dd87\x95J!\x9dN;\
C\x94\xcf\xe3\xdaH\xb3\xd9\xc4\xd0\xd0\x10\xde\xfc\xe67\
#\x95J\xe1\xc5\x17_D\xa9T\x8a\x84i+W\xae\
\x9c\xd9\xb6m\xdb\xbfo\xb5Z_\xf8\xf0\x87?l\xaf\
\x18\xc8?\xd1m\xcfs{\x07\x9ez\xf2\xc9\xff:r\
\xee\xdc\xbf\xb3\xd6\x1a\x09\x93\x92\xc9$\xb6o\xdb\x8e\xa1\
\xd5\xab\xf1\xf4\xd3O\xe3\xf9\xe7\x9fG\x7f\x7f\xbf\x0b\xa5\
\xe0\xf5\x0c@\xbc\x833\x0c\xe3E\xe2ty\x9e\x84i\
\x8chI\x18\x02\xc0\x85\x1fbpL\xe9\xa8\xd5j(\
\x95J\xce 8!\xd7\xd4u\x86s\xc5Hdqk\
\x04K\xe2~Y\xac\x126\xc9g\xcb\xee\xcfa\x98,\
v\xce]\x18\x0a\xe60MB.6\x0a9\x06\x0e\xc1\
\x12\x89\xc4<C\xd1d\xcaf\xb3\x89\xdbo\xbf\x1d\xb7\
\xddv\x1b\xce\x9f?\x8f\xc3\x87\x0f\xbb\xf7\x15o\xb2n\
\xdd\xba\xbf\xfc\xb9\x9f\xfb\xb9?\xba\xf5\xd6[g\xae\x18\
\xc8?\xf2\xf6\xe8\xa3\x8f\xee\xf8\xd6\xb7\x1f\xffd\xadV\
\xbb\x95a\xdbeK\x97\xe1\xb6\xd7\xdf\x86\x8b\x17/\xe2\
\x91\x87\x1ev\x17\x8f\x11\x15xQ\xc3p\x89\xa71\x80\
\x85\xdb5\x05\xfe\x94<\x83\xf3\x14A{8\x06o\xb7\
\xdbH\xa7\xd3\xc8d2\x11\xfeU\xbd^\x9fg\x1cb\
 \x9c\xacsM\x83C*\x86ou\xa2.(\x93\xe4\
J\xe2\xc5\x98\xa3%\xf5\x19\xf9L\x09\x15\xe5o\xf1X\
\x0c\xe1\x8aA\xc8\xfb\xc9wf\x0f#\x06(F$\x1e\
\x95s\x1dy\x9d\x18x6\x9b\xc5/\xfe\xe2/b\xc9\
\x92%8p\xe0\x00\xe6\xe6\xe6\x22\xfd/}}}{\
\xdf\xf4\xa67\xfd\xfb\xb7\xbd\xedm/\xfc4\xaf\xbf\xc4\
O\xf3\xc1=\xf0\xc0\x03\x1f|j\xf7w\xbe\xd0h4\
\xaee\xd4\xe9\xa6\x1bo\xc4\xb6\xed\xdb\xf0\xd4\x93O\xe2\
\xdb\xdf\xfe6\xb2\xb9N\xd5;\x91\xf4\x01c\x00\xd3\xc9\
M\xe4\xa2\xc9\xc2\x93\x10(\x08C\x98\xee\xde \xdeF\
B6Fq8~g~\x92\xd0N87\xe0\x5c#\
\x8eZ\x22\x8fs\xec\xce\x86\xc1^$\xee=x\xf1\x89\
\x07b\xe8WxW\x5c\xc0\x13\x08[\x8cB\xa0[9\
\x8f\x92oq\x98\xa5=\x82\x80\x19\xbaf\x22\xa0\x80x\
\x14N\xce%?{\xf1\xc5\x17a\xad\xc5\xed\xb7\xdf\x8e\
t:\x8d\xe9\xe9i\xe7\x89\xc20\xbczdd\xe4\xfd\
\x1f\xf9\xc8G.>\xf4\xd0C\x07\xaex\x90\x1f\x05\xa5\
\x1a\x1d-|\xeaS\x9f\xfa\x8f\xe3\xe3\xe3\xff)D/\
\xa4*\xe4\x0b\xb8k\xe7N\x94J%|\xe5o\xbf\x82\
\xb0\x9bHJ\xc2-\xa1\x82$\x99|\xc1\xc5\x8b8\x8f\
\xe1'\xe7\x19F\x10\x04.\xd7\x90DW\xe2oYl\
\xb2\x83\xcak\x92\xc9\xa4\xf3\x1cA\x10\xb8z\x07\xb3x\
\xc5\xabp[\xaex\x19\xde\xf1\x99Z\xc2\x098{@\
c\x8c\xf3L\xec-e7\x97c\x13#\x93\xff%\xb7\
\x10C\xf2<\xcf%\xde\x1c\xda\xc9g\xf0\x06\xc1\xe7M\
\x8cU<\xb34sI\xb8\xa9\x0d,\x08\x02\xf4\xf5\xf5\
\xe1\xbd\xef}/\x0a\x85\x02\x0e\x1e<\x18\xa9\xf2'\x93\
I\xbb|\xf9\xf2\xff\xfc\xa1\x0f}\xe8\xbf/Y\xb2\xa4\
r\xc5@~\xc0\xed\xff\xfao\x7f\x9ao5[_;\
{v\xf8\x9eD\x22\x01\xaf\xbb#\x0e\x0d\x0d\xe1\xd6[\
n\xc5\xf7\x9f{\x0e\xbbw\xefF__\x1f\xfcT\x12\
\x06\x80\xe9\xee~\xbcX\xf8\x22q\x95\xd8\xf5{x=\
\xd2\xa1\xe4\x1e\x9c\xa3\x081\x91\x13V\xf9\x9f\xbb\xfcd\
aHN\xc0\x14\x93J\xa5\x82j\xb5\xea\xd8\xbc\xba/\
D{\x1d]!_\xc8@\x98()\xf7\x8b\xa7\xe0\x8e\
D\xc99\x84&#^D\xfe\x8e\xe3z\xc9\xeb\xc5[\
0\x08\xc0y\x0a\x03\x1ar\xaes\xb9\x5c\x84z\xaf\x1b\
\xc4\xee\xbd\xf7^\xbc\xe65\xaf\xc1\xab\xaf\xbe\x8a\x99\x99\
\x19\xe7\xed\x8c1X\xbdz\xf5\x13\xe9t\xfa\x9d\xbf\xf3\
;\xbfS\xb9b \x0b\xdc\x9ex\xe2\x89m\xbb\xbe\xb9\
\xeb\x81\x89\xc9\xc9\xed\x5c\xe1\xbe\xf9\xe6\x9b\xb1z\xf5j\
<\xfc\xf0\xc3\x18\x1d\x1dE.\x97\xeb\x18\x03\x8c\xfb\x06\
r1y!Ih\xc1\xdc!\xbdx|\xdf\x87\xe9\xe6\
#\xf2\x99\x9a\xed+\x06$\x8bM~3+\xb6^\xaf\
crr\x12\x95J\xc5%\xdf\x12\x0aq\xa8\xa5\xab\xe9\
q\x14\x93\xb8\x1fY\xcc\x927\xb0A\xf0\xa2\x16DM\
\x8eS\x12m\xf9[j9\x92\xb3\xf0k\xc5;1,\
,\xbb\xfdB\x1eE\x13%S\xa9\x14\x92\xc9$\x1a\x8d\
F\xc4\xa8\xc4H6l\xd8\x80w\xbd\xeb]\xae\xbf\x86\
\x8dd\xd1\xa2E\x07_\xff\xfa\xd7\xff\xda\xce\x9d;_\
\xbab \xea\xf6'\xff\xe5?o\x9b\x99\x9a~|f\
nv\x99,\xd0t:\x8d\x9d;w\x22\x0cC<\xf8\
\xe0\x83n\x07\xd4H\x8c\x5cP\xb9HL\xa9\xe0X\x9b\
\xe3ly\xdcZ\xeb\xc2-~\x8d\xfcfc\x91\x85&\
\xbb\xa6p\xb0$\xdc\x10\xa3\x13\xe8\xb7^\xaf\xcf\x0b\xb5\
\xf8>m q<,m$L%\xe1\x90\xa7\xddn\
;\xaf\xc7H\x98|^6\x9bu\x9b\x80@\xda\x82|\
\xc9\xe6\xc2\xc9;\x87]\xdc\xad\x18g(\xf2|\xf6&\
\xd9l\xd6\x85}:\xe4\xca\xe5r\xf8\xc0\x07>\x80T\
*\x85\xa3G\x8fFP\xb2b\xb18\xbeh\xd1\xa27\
}\xf8\xc3\x1f\xfe\xa90\x92\x9f\x8a$\xfd\xff\xfb\xc4\xc7\
\xef8r\xf8\xc8c\x8df\xc3\x19G__\x1f\xee\xbd\
\xf7^\x9c?\x7f\x1e_\xf8\xc2\x17\x90\xed\x16\xfc8\x9f\
\xe0\x93\xce\x8b\x82\xbd\x85\xfc/\xcfcO\xc3^\x82c\
o\xfe\x9b9Fa\x18bff\x06\xe5r\xd91b\
\x17-Z\xe4\x08\x8c\x1c\xefK\xf8\xc3\x95n]\x08\xe4\
\xd0j!\xba\x89\xee\x09q@\x83\x92\x08\x92\x86-\xf1\
R\x02*\x08\x11S\xce\x85\xd0\xd6yC\xe1s\xca\x9b\
\x03\xc3\xb8LK\xe1\xd7\x89\x81\x88G\x93\xe7\xc9f!\
F\xc8\xcfo\xb7\xdb\xf8\xde\xf7\xbe\x87\xf5\xeb\xd7c\xcb\
\x96-\x98\x9e\x9ev\xdf-\x08\x82|\xa5Ry\xcf\x9b\
\xdf\xfc\xe6o=\xf1\xc4\x13\x17\xff\xd5\x1b\xc8W\x1f~\
\xe8w\xf6\xef\xdf\xff\xa5V\xabU\x14\xe3X\xbe|9\
~\xee\x9e{\xf0\xfd\xbd\xcf\xe1[\x8f\x7f\x0b\xc5b\xd1\
\xe5\x08|!5\xc6\xcf\xb4vN\xd0\xe5\x02q.\xc2\
FaT(\xc0E9c\x0c\xca\xe52\xca\xe5\xb2\xdb\
\xfd\x06\x06\x06\x90J\xa5\x5c\xef\x08\xa3F\x5c\x9f\xe0\xe4\
Y \xd68\xc3\xd0m\xb6\x9c\x7f\xc4=\xc6\xe4H^\
\x94ql^\x06\x06\x84l)\x0bX\xc2']Yg\
o\xa0\x91.\xf6\xde\xbav\x22\xe7\x8c\xbd\x8e\xf0\xd6\xb8\
\xa8)\xd7`\xff\xfe\xfd\xc8d2\xb8\xe5\x96[P*\
\x95\xb8\x8d8\xef\xfb\xfe\xaf\xfe\xc1\x1f\xfc\xc1\xdc\x03\x0f\
<\xf0\xfc\xbfZ\x03\xb9\xef\xb3\xf7\xff\xf6\xb3\xcf<\xfb\
\x89j\xad\x9a\x90E\xbbf\xcd\x1a\xbc\xfe\xf5\xaf\xc77\
\x1e\xfb:\x0e\x1e<\x88|!\xef\x8c\xc3y\x88\xee\x05\
\xe6E\xc3j\x1dr\x81\xb9\x05U\x9e\xc3^\xc2\x85\x5c\
\x0a\xb9\x91\xc5&\xc4\xc3t:\x8db\xb1\xe8\x10-a\
\xc1f2\x19\xb7\x10$\xcc\x92\x90F\x16\x1a\x17\x069\
!g\xcf\xa7\xf9M\xda\x9bq\xc8\x13g$z3\xd0\
,\x5cf\xfa\x8a'\x13C\x11\x88\x98Q>\xde\x88\xe4\
\xdc\xb3qhC\xd1\x9e\x88\xab\xf5Lma.\x98\x84\
\xaa\xc7\x8f\x1fG\xa5R\xc1\xed\xb7\xdf\xee\xd0\xbf\xee&\
\x97\x9a\x9a\x9a\xfa\xf9\x8f~\xf4\xa3\x13\x0f>\xf8\xe0\xf3\
\xff\xea\x0c\xe4S\x9f\xfe\xd4\xbf{\xe1\x85\x17>\xd9l\
6=q\xe7\x1b\xaf\xdf\x80\x9bo\xba\x19_\xfe\xd2\x97\
qvd\x04\x99\x5c\xd6\xedl\x0cA\xb2q0\x95A\
s\x91\x98c\xc5\xdea~&f\x22\xf5\x84j\xb5\x0a\
c\x0c\x0a\x85\x82\xcb{\x04\xb1\x92\x02\x99\x10\x1d\xf9o\
\x81xeq1%\x84\x8dO\x1b\xc1B\x1e\x84A\x02\
~.\xf7\xa3\xb3\x01\xf1\x06\xc1(\x92\xde\xe5\x99\xbf%\
\x00\x04\x1b\x91\xfeL\xbeO\x0c\xc4- B\x02\xf9s\
\xc4CsX\xc8\xe0\x02?\xff\xfc\xf9\xf3\x18\x19\x19\xc1\
\x9dw\xde\xe9\xf8f\xdd\xcf0333o\xf9\xc8G\
>r\xe9\xc1\x07\x1f\xdc\xf7\xaf\xc6@\xee\xfb\xec\xfd\xbf\
\xfd\xc2\x0b/|\xb2\xd5j9\xe3\xd8\xb2e\x0bn\xd8\
x\x03>\xf7\xb9\xcfazf\x1a\xa9t\x0a\x09/\x11\
\xb9\xe0\x9a\xe1\x9aL&\x91\xa0E\xc1|*A\x9a8\
6\xd6\x0b\xd3(\xc3ht\xe3s\xa1~\x0b\x22#\xde\
I\x16\x93\xa0AR<\x13J\x8a\xc4\xf7\x1a2\x96\xe3\
\xd55\x10\xf9[7M\xe9\x1c$.7\x92\xef\xc49\
\x15?\x97\xc3&~\x9d\xe6Q\xb1\x8a\xa3l$\xec\x95\
\xe49\x1a\x14a\x03\xd2\x7f\xeb\xcf\x10\xe3\xd0\x904\xf7\
\xbaONN\xe2\xd8\xb1c\xd8\xb9s'<\xcfsm\
\xc2\xc6\x18S.\x97\xdf\xf2{\xbf\xf7{\x13\xff\x1c\xe1\
\x96\xf7\x13'\x1d>\xf2\xf0\xef\xec\xdb\xb7\xef\x13l\x1c\
\xdb\xb7o\xc7u\xd7]\x87\xcf|\xe63\xa8\xd5jH\
u\xa9\x1d\x16\xbd\x0a\xad&\xf39\xb5\xc3\xee\xc2\x13\x88\
R.\xa2\xec\xf4L\xde\xe3\xddZ\xdeK\xc4\x16$\xa1\
\x95E'\x10.\xe7\x12r\x1c\xacL\x22\x17\xbe\xd9l\
\x22\x9b\xcd:\xf4F\xd4L\xb8\xb3P+\x91\x88w\x92\
\xd0M^\xcf=+\xb2\xd8t\xdf\x8a\x84\x81\xf2\xdd\x19\
A\xe2\x85\xafC!\xf6\x22l\xc4\xf2\xdd\xea\xf5\xba;\
G\xf2]\xd9\xb0\xb4\xb7\xe0d^{\x0d\x0e\xb94\xa0\
\xc0\x85F9\xfe\x8b\x17/\xe2\x93\x9f\xfc$\x16-Z\
\x84\xe5\xcb\x973\xbd\xc7\x1b\x1e\x1e\xfe\xc4\x9e={~\
\xe7_\xb4\x07\xf9O\xff\xc7\x1f\xbf\xe6\xd0\xa1C_\xac\
\xd7\xebI6\x8e\xb5k\xd7\xe2\xbe\xfb\xeeC;\x08\xe0\
'{\xbboh-<c\x10\xb4\x03\x846\x8cP\x1f\
\x12^\x02\xcdV3\x1220\xa7*h\x07\xf3\x16\x06\
\xdf\x84\xa6\xce;~\xd2OF\x16\x1a_|\xa6\x8b\xf3\
}\xe2=d\xe1\xd4\xebu7\xe7\x83wSY\xb0\x1a\
\xad\xe2\xf7c\xb8\x93\xf3%\xee*\xe4\x82'\x7f?\xe1\
Z\xf1\xe8\x049'\xfc9\x9c(\xc7),rn\xa3\
A\x8e\x85\x10/\x8dt\xb1\xe7\xe4\xcf\xe0\xfb5\xffK\
\xde\xa3V\xaba\xff\xfe\xfd\xd8\xb9s'R\xa9\x94\xbb\
F\xd6Z3>>~\xe7\xdb\xde\xf6\xb6\xaf?\xf6\xd8\
c\x17\xff\xc5y\x90\xff\xf2_\xff\xcb\xb6s\xe7\xce}\
\xbd^\xafg8\xacZ\xb7n\x1d\xee\xbf\xff\xfeHH\
 \xc6a\xbb!\x8c\x18\x87\x84;\x00Po\xd4\xe7!\
7\xb9l\xce\xed|0\xf1^Cj\x14\x92\xc8sl\
\xac\x93`\xf6\x16\xe2EdG\xe5pFC\xba\xcc\x1e\
\x96\x1a\x88\xe8e\xf1bea\x08N\x8c\xe5\xf3\x05)\
\xcbf\xb3\xce\x109\xc6\x97\x82\xa9\x9cO\xe9Y\xe1$\
Z\x0a\x85\x5c\x07b*\x0b\x1b7\x87U\xcc\xb9\xe20\
L\x03\x1cqI:\x87X\xfc\xbd\xf8\x988,\xe6\xcf\
\xf5<\x0f\xa5R\x09\x1f\xff\xf8\xc7Q,\x16\xb1x\xf1\
b\xe6\xbb\x15Z\xad\xd6\xe3_\xfa\xd2\x97\xb6\xfd\x8b2\
\x90\xef~\xf7\xbb\xdb\xa6&\xa7\x1e7\xc6\xb8\xee\xbf\x8d\
\xd7o\xc0\xc6\xeb7\xe0\xb3\xf7\xdd\x8f\xb0\xbbXy1\
\x1b\x00\x96\xa8\x10\x82\xbaHh\xc3E\xadD\x22\x81B\
\xa1\x80z\xa3\x1e\xa9\x1bDT\xce\x83\xd0\xb5\xc0J5\
\xd9-dI\x90M\xd40\xe4B\xca\xc2\xe6\x1dP\x1e\
\x17\x9a\x89\x0ee\xd8C\xe8\x82\x1f\xc3\xbcR<d\xb6\
/\xdf'\x8bHB1\xa6\xe8{\x9e\x87l6\xeb\x16\
s2\x99\x9c\xd7\xc3\xc2\x8bT\xce#\xeb\x0d\xf3\x82\x8d\
\xab\x05\xc9{\xb38\x1eW\xf5#,i\xa5\xcc\xa8s\
\x14\xcd\xd3\xd2\x85H\xf6\xa0333\xf8\xf8\xc7?\xee\
\xc4\xc0\xe9\xbc-\x9b\x99\x99y\xfc\x85\x17^\xd8\xfa/\
\x22\xc4\xfa\xef\xff\xf3\x7f\xe4\x0f\x1c8\xf0\xd8\xf4\xcc\xf4\
5\x0c\xe5\xdet\xe3M\xf8\xfc\xe7?\x8fz\xa3\x0e_\
\x16)\xedj\x5c\xfc\x138\x95cn\xd9\xc1\x05\xdb\x17\
\xe4\x83/\x003xE\x90@^\xc7EG\x09\x15\x82\
 \x80G\x17Q+\x9ah\x14\x8c\xa9\x1a\x8c\x02q\xb3\
\x94\xee\x1b\xe7\xb0I\xf3\xb14\xc3W\x8fQ\xd0\x8b]\
\xc8\x95\x8cX1-]\x0c\x8a9j\x5c\xf7`C\xd1\
EA]\x0cdM`\xb96\xba\xc0\xaa_\x1f\xf7{\
\xa1\xe7q_\x8e\xdc*\x95\x0a\x0e\x1f>\x8c\xbb\xee\xba\
\xcbm\x18\xdd|/?>>~\xdb\x07?\xf8\xc1\xbf\
\xfe\xcaW\xbe\xd2\xfa\x99\xf5 ccc\x85F\xbd\xfe\
\xb5K\x13\x13\xdb=*\x02\xde\xf2\xba[\xf0\xe5/\x7f\
\x19s\xa5\xb9\x8eq\x00?\xd08\xb8\x1f\xdb\x85T\xdd\
\xd6Wa\x91\xeaX_\x16\xa1,\x00a\xaf:\x03\xeb\
\x1e'+\xa6\x876*\x16\xadG\x07\xf0\xf3\xc5\x00\xc2\
0t\xbaX\xb2 s\xb9\x1c\x8a\xc5\xa2c\x1bsx\
\xc8\x8dMq\xc4D\x8dV\x89\xc1\xf1\xa86!,J\
\x01\x93C$\x81\xa4}\xdfw\xf4\x13\xd6\xfcb\x0f\xc7\
\x80\x07\xa3}\xbc\x88\x19\xd2\x95\x05\xcc\x05Q\x0d\x82\xc4\
\x85\x5cq^%\xae\xe6\xa2\x05#\xce\x9d;\x87\xfb\xee\
\xbb\x0f+W\xaet\xb0\xba\xb5\x16\xa5R\xe9\xc6\xd9\xd9\
\xd9G\xa6\xa6\xa62?\xb3\x1e$\x93\xc9\xfc\xd1\xc8\xb9\
s\xbf.\xbbU_\xb1\x0f?w\xcf=\xf8\xfac_\
\xc7\xd9s#=\xb4\xaa\xeb=tX\x94\xcdf\x9d\x01\
\xe8\x85S,\x16]\x01\xce\xc0\xcc#+2<,\x09\
3\x8f!\xe0x\x9ccc\xe9Y\x97\xe3b\xa9Q6\
\x1c\xc91\x18\xfe\x15\xdd^F\xbc8\xf7`X\x97\xab\
\xe0\xf2\xbd\x17\x92\xfba*\x89\xae\xc0s\x85^<\x0e\
/>\xee\x01\x91\xfb\xb9=\x80s\x03VY\x8c0\x0d\
T\xef>\x9fkn\xe5\xd5\xf9G\x9c\x91\xc5y\x13\xdd\
\xf6\xcb\x82\x13\xc6\x18\x8c\x8d\x8dann\x0e\xb7\xdez\
+\xa6\xa6\xa6\xdc\xb9\xabT*\xeb\x8f\x1d;\xd6\xfa\xc6\
7\xbe\xb1\xfbg\xce@\x1ex\xe0\x81\x0f\x1e9r\xe4\
\xcf\x8c1&\xe1'\x90N\xa5q\xef\xcf\xdf\x8b\xe7\xf6\
\xec\xc5K/\xbd\x84\x0c\xf5\x8b\x87\xdd\xa4\x1cT,c\
\xe3\xd0\x08T\x7f\x7f?j\xb5Z\xef\xa2y=\xe9L\
\xe9\x14\x94E*\xa1\x95\xbe`\x9cd3\x81\xd13\xbd\
\xaa\xbbT\xe3\xc5\xbb0\xdbW^/\x0bO\xc2\x19N\
\xe2\xc5\x80\xd9\xc04\xbf\x8aUM\xd8\xf3q\xe1P\x17\
\x09\xf9=XY\x85\xe9'\xe2\xa5\xd88d\x83\x90\xdf\
b\xfc\xba\xf9J\xce\x97\xf6\x06\xbch\x99,\xc9J+\
lPqaT\x5c\x98\xa5ag\xde\xd4\xe4\xb9g\xce\
\x9cA2\x99\xc4\x8d7\xde\x88\x89\x89\x09w\x0e\x1a\x8d\
\xc6]\xbf\xfb\xbb\xbf;\xfc\xc5/~\xf1\xc0\xcfL\x88\
\xf5\x8d\xbf\xff\xc6\x8e\xbd\xdf\x7f\xee\xcfCX\x93\xf0\x13\
H\x18\x0f;w\xde\x89S\xa7N\xe1\x99\xef=\x8bt\
6\xea\xeaa-@\x17^\x12O\xc6\xe4\xe5D\x0e\x0c\
\x0c\xa0Z\xad\xce;\xc9\x0e:\xb5\xd1\x99\x1c,U\xc3\
\xa1\x85\xa6e\xb8\xc4\xd13H$}4\xbb-\xb4\xe2\
a\x12\xa67f@\x12t&E\xca{g2\x19\xe7\
I\xa4\x9e\xa2\x8f\x81?/\x8e\x9c\xa8uw9\xe6g\
\x82&\x17P\x99\x0c)\xa1\x8f\xd4gd\x8a\x15C\xcf\
\x82\xa2I\x18\xc6F\xc1\x86\xa2w}\xbd\xfbK\x0e\xd4\
\xa2\xf3\x15G\x95\x89\xa3\xcck\xfe\x1bo\x0c\x0c\x22\xc8\
\xb1|\xedk_\xc3\xd1\xa3G144\xc4^\xd3\xbc\
\xfc\xf2\xcb\x7f\xfe\xdd\xef~w\xc7\xcf\x84\x81|\x7f\xdf\
\xf3\x03\x7f\xbfk\xd7'[\xad\xd6\x80,\xa0\x9bo\xbe\
\x19a\x10\xe2\x91G\x1eA\xb1Xt\xe1I\xdcT%\
\xa9b\xd7\xeb\xf5y(I\xb1XD\xb9\x5c&\x92\xa1\
\x89\x88\x1f\xc8\xf3\xc4\xeb\xf0\x85\x90Ed\x80y\xe1\x12\
\xd7Wz\xc5\xb2p^\xb7\x1e\xd7\x03\xe41\xe6]I\
\xf2+\x06 \x95x^\x5c\xb2\xb3W\xabU7c\x90\
E\xaey\x92\x15\x8b]kY\x1f\x16r`\x8a\x09\xe7\
-r\xdc\xac\xe1+H\x99VC\x14\x1a\x8d\x84dr\
]\xb8\x8f\x5c'\xe3<\x8fD^W\xab\xd5\xe6\x01\x12\
\x97\xab\xbckO\xa9\xc3K\xf6N\xe9t\x1a\x7f\xf5W\
\x7f\x85r\xb9\x8ce\xcb\x96\xb9s\xdel6\x07\xbe\xf3\
\x9d\xef|r\xdf\xbe}\x03?\xd5!\xd6\xfd\x9f\xff\x9c\
9x\xe0\xc0\xff3>>\xfen\x09E\x86\x86\x86p\
\xc3\xc6\x8d\xb8\xff\xfe\xfb\x91\xedr\xab:\xc9\xb0\x8d\x08\
1\x8bq$\xbcDD\xf7\x895q\x85#\x15\x97@\
\xcb\xc5\x22\x1eO\xc4}\xeb\xa2\x99\xee\xf3\xb0\xa1\x8d\xc4\
\xef\x9e\xf1`\xe9B\xf9~\x22R\xa0\xe3\x9dO\x92G\
A\xd4$_\xa8T*\xb8t\xe9\x12.\x5c\xb8\x80\xd9\
\xd9\xd9\x88`\x83\x1c\x83\xe6[\xc5U\xa8\xb9\x06\x13\xa7\
\x04\xcf^Ts\xbd4\xc7\x8b\xa9\xffR\xd1\xd6\x05P\
&\x872\xd1S\xb70\xebj\xb9\x84kb\x80\x0b\x19\
\x96N\xea\xe3h9\xbc.t\xb8v\xe8\xd0!\xec\xdc\
\xb9\xd3\xc1\xe1\xdd\xcf\xbczff\xa6\xefc\x1f\xfb\xd8\
\xdf?\xf0\xc0\x03?\x9d\x06\xf2\xaew\xbe\xeb\xfd\x87\x8f\
\x1c\xfe\xbf=\xcf3R\x9bx\xe3\xce\xbb\xf0\xd5\xaf~\
\x15\xd5j\x15\xc9T2\x92\x90\xf2M\xea\x1c<\x9a\xcc\
\x00\xf0\xbc\x04\x8a}=\xe3\xd0\x17]B\x1dV\x17\xe4\
\xc2\x93n\xa4\xe2\x90H\xf2\x06-x\xd0\xb90\xe1\xbc\
\xc5\xcaI\xb3\xc0\xa9\x5c\xe8K&\x93\x98\x99\x99\xc1\xe8\
\xe8\xa8{\xbfT*\x85|>\x8fB\xa1\xe0\xea\x12:\
\x8cZ\xa8YJ\xc7\xeb\x0c\x00p\x8f\xb8\xa6\xa2k\x01\
\x06\x86Q5OK>S\x8a\x96\xbaX\xb8Ph\x18\
\x87L\xf1k\xd8K\xfd\xa0\x04]\x8b\xe4\xf1\xdf\xec\xa5\
\xe5\xd8\xaa\xd5*.]\xba\x84;\xee\xb8\x03\x13\x13\x13\
.\x1a\x98\x9b\x9b{\x8d1\xe6\xc5G\x1f}\xf4\xd8O\
\x9d\x81<\xf0\xc0\x03\xcb\x8e\x1d=\xfa\xcdZ\xbd\x96\x95\
\x13\xf3sw\xdf\x83\xfd\xfb\xf7\xe3\xd0\xa1C\x9d\xd0\x89\
\xe8\xcf\x9c\x13\x88\xb7\xe1:\x87\xb0l\xfb\x07\xfaQ\xa9\
T\xe6\xc5\xae\xb2\x88D\x17\x97\x1574\x834\xaeA\
Jtv\xf5\x98\x80^\xa8\x96p5\x91\xae\xcb\x03\x94\
\xc1\x00@__\x9f\x03\x14$&_\xb6l\x19\xf2\xf9\
\xbc\x0b\x91d\x11p\x9e\x10W\xa0\xe3\x85\xff\xc3\x84$\
\xb2`t\xa8\xc5\x95pM6\xe4\x0d\x86\xf3\x1a6\x94\
\xb8\x8e\xcd\xcby\x13m(\xacr/\xd76\xae\xb2\xae\
\xbdD\xdct-\xde\x00\xf9\xfa_\xb8p\x01\x85B\x01\
\x1b7n\xc4\xf8\xf8\xb8\x1c\xbfi\xb5Zo\xf9\xcd\xdf\
\xfc\xcd\xfb\x1fz\xe8\xa1\xcaOM\x0erv\xf8\xac7\
<r\xf6\xd3S3\xd3\x03b\x1c\xdb\xb7oG\xa5R\
\xc1\xee\xdd\xbb\x91\xcd\xe7\xe0\xf9\x89\xd8\x13\xc3\xa2\xd1\x9c\
t\x1ac000\xe0\x8cC\x9f4\xd9\xb1%vg\
C\x80E$\x11g\xd8R.\x98\xc4\xca\xbc\x008)\
\x0cm\x88\xc0\x86h\x05]\xe4\x096\xb2\xfb\xcaH\xb6\
 \x08033\x13)\x082\x0c*\x89\xb0\xae6\xc7\
u\x13j\x01\x07\xd6\xf0\x15C\x13\xae\x99\x0e\xc7\xf8\xc6\
\xc4N\xce\x974\xba\xa4s+\x8d\xbc\xe9\xf1t\xbc9\
\xe9\xcf\xd4\xb9\x86t2r}\xe8\x871\x06M\x85\xe1\
P\x8f\xafO\x22\x91\xc0#\x8f<\x82\xa9\xa9)\xacX\
\xb1\xc2\x9d\xb7\xc9\xc9\xc9\x81\x91\x91\x91O\x0f\x0f\x0f{\
?5\x1ed\xd3\xe6M\xbf|\xf2\xe4\xa9?2]%\
\xc3\xa5K\x97b\xdb\xb6m\xf8\xecg?\x8bl6\x1b\
! F [\xaa\xfc\x8aK\x96\x85],\x14Q\xad\
U#\xcdL|\xd2DnG\xd3<\xac\xb5\x8e\x87%\
\xef\xc5\x839\x1d\xba\xe5y=\x98Y\x91\x06\xf9\x22u\
\x16\xa0\x07\x03\xe3D\xab\xe5\xc23\xdb\x95\xf5\xa7\x00\xa0\
Z\xad\xba\xf7\x10\x14\x89\xa9\xedq#\xd7\xe2T\x0ey\
\xd7\x17O\xc1\x09,\x7f&W\xb7\xb5\xaa\x08\xf3\xcd8\
$\xd2m\xb4\x9c\xa3\xe8\x02\x22\xf7\xbb_\x8e\xee\xce\x0d\
QB@\x8c\x86\xafv\x1e\x09\x93#\x0b\x8ddiV\
\x04\x1b\xe4\x89\x13'\xb0s\xe7N\x97\xe3YkQ.\
\x97o(\x97\xcb\xc7\x1f}\xf4\xd1\x97\xff\xd9=\xc8\xb3\
\xcf>{\xd5\xa9S\xa7\xfe\xcc\xa2\xe7\x0dn\xbb\xed6\
<\xf1\xc4\x13\x80\x01\xfc\xa4\x0f\x83\x1e\xe2\xc4\x0b9\xdd\
\xad\x92\xb3>\x931\x06\x85|\x1e\x8df\xc3\x85Yz\
\x97\x91\xe6\xa4H8\xa6\xc8wa\x18\xc23^D9\
\xb1\xd9h\xf6\x12Y%*\xc75\x09}\x9cI?\x89\
|>/q.\xca\xe5rD\xf6S\xe8\xedR\x9b\x11\
5F\xa1\xcfk6,{\x12\xbd\xa8t\x0e \x08\x91\
 L\x9cG\xc99\xe3\xf0G\xe7*b\x08\xfc]9\
\x8c\xd3\xbd\xfd\x8c\x1a\xb1\x92##^\xac\xf5\xab+\xe2\
:)\x97\xf3 \x02\x17qm\xc4\xec\xed\xf4\xfd\xfa\xbd\
5\xca599\x89'\x9ex\x02\xd7^{m\xa4`\
z\xfc\xf8\xf1?{\xe6\x99g\xae\xfag\xf7 \x1b6\
l\xf8\xb3\xf1\xf1\xf17\x08\x05\xfd\xe6\x1boB\xadV\
\xc5\xe3\x8f?\x8eB>\xdf\xd9u\xac\x85E\xafx'\
\xca\xe1\x92 s2\x9d\xc9d`\x09\x9d\xd1\x03\x5c2\
\x99\xcc<\xe3`o\x11\x09\x01\x0c\x90J\xa6\x9c`\x9a\
\xa6\xaa\xc7\x9dx\xde\x0dS\xa9\x14r\xb9\x5c\x07\x1d\xeb\
z+\xcd\xbd\x12A61BY\xb4\xe2\xad\xa4\xfe\xa0\
C'\xf1$z\xd2\x94.\x14\xf2\xce\xba^\xd8\xc2\x00\
\x00 \x00IDAT.;8\xf7\x94\xb8:\x0d\xd5\
H8\xa4\xd3=\xf6\x1a\x1d\x5c(\xcf\xd1l\x03\xf9\x8e\
ZDN\x1bw\x9c\xb1\xc8q\x0bu]\x17\x06\xe3B\
\xac\xb8\xe9Z\xba>\x22\xb7\x13'N\xe0\x86\x1bn@\
\x7f\x7f?\xa6\xa7\xa7a\xadE\xb5Z\xcd\xcf\xcc\xcc\xf4\
?\xf9\xe4\x93\x8f\xfe\xb3y\x90\x87\x1f~\xf8\xee\xd1\xd1\
\xd1\x0f\xfa\xbe\x8f\x84\xefc\xd1\xe2E\x18\x1a\x1a\xc2C\
_}\xa8#\xec&s\xf0b\x92<\xcd\xb9\x12\xfaF\
'Y\x0fb\x85\x94\xd3\xe9\xb4\x0b\xab~\xa0q\x10u\
B\xa8*\xba^\xc0H\x92\x8e{%\xf1\xaeT*\x91\
E.\x17Z\x0c\x8e\xc3\x0eM}\x97\xe3n\xb7\xdb(\
\x97\xcb\x98\x9d\x9du\xdeG\x0f\xbe\x91\xb6]\xce14\
\xc2#\x1c/\xe1v%\x93I\x14\x0a\x85y3\x15\xd9\
 X\x1fK\x0b\xea\xb1\x0a\x8c\xee\x99\xd1\xca\xf1\xb2\xfb\
\xb3\x90\x9e\x84\x95\x9cLk\xd4\x8b\x89\x9d\x12\x9a\xf2\xf9\
\x8f\x03\x1d\xf81\xcdW\x93\x08\x80\x81\x9ed2\x89/\
~\xf1\x8bX\xb4h\x91\xd3K\xb6\xd6bxx\xf8\x83\
_\xfa\xd2\x97\xee\xfeg\xf1 \x87\x0e\x1dJ?\xf1\xd4\
\x93\x0f\xd6\xea\xf5\xd5~\xb2\xb3\xbb\xdcy\xe7\x9dx\xf6\
\x99gqib\xc2i\xd7r\x88\xa1yL\x9c\x5c\x0b\
u[\xea\x18r\xbf\xc4\xdd\xe9t\xda\xed\xb8F1n\
\xb9\x0e \xbbg*\x95\x02,\x10\x84Aln\x117\
\xdaL\x8e-\x95JEj\x16\xc630\x9e\x87V\xb3\
\x15\xa1\x9chF+\xa3Asss\x98\x9d\x9d\x8d\x90\
\xefd\x03\x88\xeb\xc9\x88#\xfa\xc5\xb1{\x19u\x126\
\xaf\xec\xca\xcc\x0f\xd3\xbd\xe1l\x04l\x14q\x1eE#\
\x86\xec\xb9\x98\xaa\x22\x8f\xf1b\xd5\xc9\xbbfBpN\
\x12\x97\x97r\xb8\xab\xeb q\x92\xacr\x93\xf7\xdc\xba\
u+.\x5c\xb8 \xe7\xc7\x9b\x99\x99\xb9\xe1S\x9f\xfa\
\xd4\xe7?\xfd\xe9O\x07?Q\x03\xb9\xe3\x8e;>z\
\xe2\xc4\xf1\xdf\x10T\xe8\xdak\xafE&\x93\xc1c\x8f\
>\x86b\xb10\xaf\xbf\x83\xab\xae:\xefH$\x12\xc8\
\xe7\xf3N\xcb\xc9]\xc8\xb0\x97sp3\xbf^P\x8c\
.\x19\x18\xa4\xd2)\x84A\xa7\x0b\x91Q*\x1d\xe7\xea\
\x845\x9dNG\xd0#=\x92\xcc'\xc4-\x0eF\x95\
*\xb5\xa0\x5c\x83\x83\x83H\xa5R\x91\xe4\x9ag\x13\xea\
\xc5/\x8fi.\x16?\x87\xe7\x90\xb0\x88\x9c\xfcf&\
/\x1f\xa7\xee\x92\xe4J\xb9\x96D\xd2a\x17W\xd4\x19\
\x9d\xbb\x5c\xf3\x14{h\xbd\xa8%\xb4^\xc8\x98\x16\x92\
^\xd5\xa0\x83\xae\xa5\x9d8q\x027\xdex#\x12\x89\
\x04J\xa5\x92\xb0~We2\x99\xe9\xaf}\xedk{\
~b!\xd6W\xbe\xf2\x95\xc2+\xaf\xbc\xf2{I?\
\x09?\xe1#\x93\xce`\xf3\x0d\x9b\xf0\xf5G\x1fC_\
_\x1f\x92~2b\xf5\x5cH\xe3\x89\xab\xf2X:\x9d\
v!K\xc4\xc5\xc2\xba\xd8\xb7^\xafGP\x908\xb8\
\xd8\x98\x8eq\x04A\x80PI\xe1\xb0\xe7`\xef\xc1\x8c\
]a\xder\x8f\xbb\xd6\x99\x8dSd\x17\x83\x92\xe2(\
\x0f\xf7\xe1\xf0\x22n!\xb2\xb0\x1c\x8fJX\xa8\x9f]\
\x101\xb9_\xfefx\x97\x9b\xa9$\xc9g\xe6\x00\x8f\
\xb6\xd6T~\xde\xed\xb5\x91\xb0\xc1I\xf1\x8e\x0d/\x0e\
\xc6\xd7\x05@\x86\xda\xe3\xc2\xd1\x85\xe0_\x0d\x9cp\x97\
'{\xba]\xbbva\xf5\xea\xd5\x91\xeb\xfe\xdcs\xcf\
\xfd\xde}\xf7\xddW\xf8\x89\x19\xc8\xc5\x8b\x17\xdd\xa8e\
\xcf\xf3\xb0u\xebV\x9c8q\x02\xd3\xd3\xd3\x9d\xe4\xdb\
\xeb\x22)ATB\x86\xeb\x03\xdc\xac\xcf1\xb6f|\
\x0a\x9c\x1b\xa7\xec\xa1\x1b\x9e\xd2\xa9\x8e\x07\xb0\xe1|\x9d\
(=s\x83\x8d\x83\x8bxr?\x87r\xfaBi\x92\
\xa4&\xdcqc\x92\xa8\xa4h\xba9kF\xc55L\
\xf1\xd8\x04\x8d\xac\xb1\xb6/\xd7.\xc4\xc8\x22\xe4\xcd.\
\xa2&\x9e[{\x08\xde\xb4\xf4n\xae\xbd\x0f_'\xce\
\x1d\xb9\xde\xa2\xc5\xb0\xd9Hx\x93\x12\x0f\xc7\xdeU_\
\x1bm$\x1c\xaa\xc7%\xf3\xc6\x18\x1c;v\x0c\xa7O\
\x9f\xc6\xea\xd5\xab\xdd\xe3\xd3\xd3\xd3W\xcf\xcc\xcc\xfc\xef\
?\x11\x03\xd9\xb3g\xcf\xd0\xc4\xc4\xc4\x7f\x94\x1d\xa9X\
,b\xe5\xca\x95\xf8\xe67\xbf\xd9\xdb=\xbb\x94q\x18\
D*\xcc<\x15V\xdc\xa4\x845\xec\x1dx\xba\x910\
z5\xbfH+\x8f\xa7R)\x04!\xe5\x0c4\xd5u\
!\x1a\x87\x90\x139\xa4\xe2\x813\x9ab\xce\x00\x03\xf7\
f\xe8\x1d\x8d\xc3:\x81gyA\xf2B\xd2\xa1\x09C\
\xb0\x1aH`\x0a\xb8\x18\x083vy\xc8\x8e\x188\xd3\
\xec\xc5\xa30QQ\x16\xb6\xf0\xc9x\x03\xd0\x92C\x9c\
(\xeb>\x11\xae\x1b\xc9\xf7\xe2\x02\xa46\x02A\xfa\xb4\
\xf1\xc7y\x12\xfdz6 \xedE|\xdf\xc7\xae]\xbb\
\x5cx+\xdf\xe9\xe8\xd1\xa3\x1f\xf9\xf6\xb7\xbf=\xf4c\
7\x90\xa3G\x8f\xfeq\xb9\x5c.\x88\x9b\xdc\xbe};\
\xf6\xef\xdf\x8f\x84\x9f@*\x9d\x02\xbc\xced'\xdei\
XoI0t\xd9Yy\xd8\xbd.\x04\xf2\x08c\x8e\
u5\xa4(\x1c\x22\xfe\xcc\x8e'\x09c\xa9\x0d\x1a\xe7\
\x97\x13\xcd\xc7\xa2\xe3_\x19\xe9Vo4Po6\x22\
u\x05\xdeI\xc5@d'\xe7A;\xccz\xd5\xf5\x0e\
-\xd6\x16\xa7\x22\xc2u\x0aVfdO\xc9sFt\
\xd7\xa2\xe47BogB$\x8bs\xeb\x16\xdf\x85H\
\x86\x9a\x9e.\x06\xcb\x09>\xf3\xa8\xe2\xea\x1fB\xf9\x89\
\xebs\x8f\xa3\xc7\xc4\x19\x93\xfe{zz\x1a\xaf\xbe\xfa\
*\xd6\xad[\xe7\xde\xf7\xe2\xc5\x8b\xb9\x83\x07\x0f\xfe\xf1\
\x8f\xd5@\x9ey\xe6\x99\xb5g\xce\x9c\xf9%\xd9\x05\xa5\
\xa1~\xf7\xee\xdd\xc8d\xb2n\x96\x073U\xe3\xa8\x10\
\x1a\x09\x89k\xed\xe4\x5c%n\x841\xf7\x09t\xc2\xb9\
`^\x8eb\x11?c\x83U\xd1A\xf4w]\x91\xe7\
\xa6(\x11|\x10/\xc5\x0b#N\x1d\x84\x13`k-\
r\xb9\x1c\x06\x07\x07\xd1\xdf\xdf\x8f\xc1\xc1A\xf7\xb7\x8c\
\xa8\x96\x96\x5c\xbd\x18Y\x0fK\xc3\x9bq\xc6\xc9\xb17\
K\x9c\xb2a\xc9we\x04\x8c\xcf=\xb7\xbe.\x14\xda\
jI\x22\xad\xc7\x1b\x97\xbf\xe8k\xc1}.q\xed\xc7\
\x9a\x06\x1f\xc7`\x8e3*\xcf\xf3\xf0\xf8\xe3\x8f#\x9b\
\xcd\xba\x99%\xd6Z\xbc\xf4\xd2K\xbf\xb4k\xd7\xae\xb5\
?6\x039y\xf2\xe4\xef\xd7\xeb\xf5\x9c\x9c\xd4\xcd\x9b\
7\xe3\xf9\xe7\x9fG\xa1P@2\x95\x9c\xa7\xa4'\xbb\
&\xc7\xe3\xcc\x1ce\x03\xe0\x1f\xe1X\xc5\x11\x0f5\xbd\
Z\xde\xc7\xa8\x9aI\xdc\x05\xd1\xed\xad:g\xd0\xf9\x86\
\x1817 \xf5\x8co\xfe\x05\xe3\xf1\x07\xf2\xd8\xec\xec\
\xac\x0bE\xdb\xed6\xa6\xa7\xa7155\x85r\xb9\xec\
\x06\xebp=D\x12z\xae^\xeb\x1f.\x0e\xb2\x17\xd1\
\xb0u\xdc\xf86\x0eq\x04&\xd6RA\xe2M\x98\x04\
y9ZI\x1c\x05F\x1b\xefBu\x0f\x9e\xef\xaeY\
\x0d\xba\xcbP?v9\xe8\xbe\xd5j\xe1\xe5\x97_\xc6\
\xda\xb5k\xdd\xf7\xbet\xe9R\xee\xe0\xc1\x83\xbf\xffc\
1\x90\xbf\xfd\xdb\xbf\xcd\x0f\x0f\x0f\xbfGv\xb3\x81\x81\
\x01\xe4\xf3y\xec\xd9\xb3\xc7\x8d(c\x03\xd04qf\
zJ\x95\x99\xdd\xbb\x90\x0c\xb9\xf8\xb4\xd0\x05\x91\xcfJ\
w\xdd\xb3\xae\xb6\xc7\x15\x9e\xe2\xa0\xc78\xc1\x01FD\
\x04\xc5\xd2\x036;O\xc6\xbc\xddP\x12k\x9et+\
\x17W\x0a\x8e\x8c.q=\x83\xab\xe9\xacv\xc2\xca&\
\x1a\xfdb#\xd1\xd2\xa3\xbac\x8f\xc9\x98|~\x04\xa5\
\x93\x8d\x8c7,\xb9N\xdak\xc5i\x1c\xeb\xf3\xa3\xbd\
\xac\x96@\xe2cl6\x9b._\xd0\xbd\xfa?L\x9d\
d\xa10\xfa\x89'\x9ep\xdabr<'N\x9c\xf8\
\xc0\xdf\xfc\xcd\xdf\xf4\xfd\x93\x1b\xc8\xd8\xd8\xd8\xbfm4\
\x1aKd\xd1o\xda\xb4\x09\xfb\xf6\xedC___\xa7\
\xed\xd2\xcc\xef\x15`\xb2\x1b\xe3\xf2Z\xd1\xcf\xa1Z]\
\xb2#S\xd0\xf5\xeb\xf8\xbd\x9b\xdd\x9cAt\xb4\xf4N\
\xaak\x1e\xec\x82y\xe7\xd5\xb2\x9a\x9c\x9f\xc4\xc5\xcd\xbc\
+\xcbsDQQ\x16\x9c\x84),i\xaa\x07b\xea\
\xe19\x1aT\xd0\x0b\x90\xdbo5\xaf\xca\x85\x9ad\x08\
q!l\x5c\x8d\x81Y\xc8\x5c\x85\x17\x8f\xa6U \xd9\
S\xeb0U{\xab\x08Cz\x01#\x91\xd72\xec\x1c\
\x17\x0d,\x14ji\xc3\xe4\xfb\x0f\x1f>\x8cu\xeb\xd6\
\xb9\xfbO\x9f>\x9d\xd9\xb3g\xcf\x87\xfeI\x0d\xe4\xc0\
\x81\x03\xd9r\xb9\xfcQq\xfb\x85B\x01\xc5b\x11{\
\xf6\xecq\xfd\xe3\x9e1@h]B.\xcf\xd5\xa1\x95\
\xec\x14z\x0c\x81\xbcF\xb7\xb5JB\xafw\xb6y1\
2\x85\x1f\x11C\xb1\x98\xa7\xae\x11\xe7\xbd8\xe9gq\
\x85\x858B\x81\x0d\xd1\x0e\x03\xd4\x1au\x97\xb4\xb3(\
\x82$\xfd\x1c\x1ah\xa1\x83\xb8\xc9Q\xbax\xc8\x1eS\
/\xb8\xb8!B\x02Z\xc4\x15\xe7\x16\x0a_\x18F\x8d\
\x1b\x9a\xc3 \x08\x83\x02\x1c\x12\xf1\xe2\xd4bp\x1a\x9e\
\x8d\x0b\xb7x\x12\x95N\xbe\xe3\x9a\xac\xb4\x17\x89\xcbs\
\x8c1\x9dv\x8bl\xd6i5w\x09\x8e\x1f}\xfc\xf1\
\xc7\xb3\xffd\x06r\xe4\xc8\x91wU\xab\xd5\xd5\xb2[\
]w\xddu8t\xe8\x10\xfa\xfa\xfa\xe6\xb9f\xc9\x0d\
\x98O\xc4\xbd\x18\x11\x1ay\xcc\xcc\x09f\xab\xf2\xfd\x1c\
^\xe9\xf7\xf5b4l\xdd\x853\xf3O\xaa\x0c\xcd\xe1\
\x13\xcf4oVU\x8c\xcbe\xa4\xf6\xc0|,\x09w\
\x04\xfe\x15\xa8X+\xb3H\xb2/\xe1\x1b{\x91\xb8\x82\
\x98\xe4(ZN\x94\x81\x0f\xe6Gq\xee\xa1yb\x0b\
\xcd\x1e\x89\xeb\xf0\xd3\xb9\xa1\xec\xee\xac\xfc\xae\xe1sF\
\xd3dc\xe3\xffu\xa8\xa5\x7f\x1a\x8dFD~6\xee\
\x1a\xc4\xc1\xc6:\x17\xd1\xcdd\xa7N\x9drB\x0fA\
\x10\xe0\xfc\xf9\xf3\xabO\x9d:\xf5k\xffd\x062>\
>\xfeQ\x9e\x1b\xb8l\xd92<\xf3\xcc3=\xefA\
pk\xc2tF,'\x13~\xc7\xa3$|\xb7\xbb2\
\xcb\xd4\x18\x13\x99\xcb!^A+\x85\xeb\xd9\x81\xc2\x93\
\xf2\x13=i\x7fK\x04\xc4\xb8a.\xbc\xd3:\x83S\
\x82\xd1\xaeX\x17\xcew\xe5\xfc\xb7\xe4\x04\x0eE\xeb\x1e\
\x9b,z\xee\x8do\xb5Z(\x95J(\x95Jh4\
\x1a(\x95J\x98\x9d\x9dE\xa9Tr\x13pe\x96!\
W\xcf\xc5p\xb4\x1e\x96F\xf3\xf4l\x0e=SQv\
\xf9\xb8*w\x9c~.\x87\x9c\xb2\xa3k\xe4\x91\x0dB\
\x90Fm$\xac\xe7\x1b7\xcfE\xcf\x8b\xd7\x1e(r\
=br\x9686\xb0\xae\xd5\xf0\xefg\x9f}\x16\x83\
\x83\x83\x91\xf0\xf0\xfb\xdf\xff\xfe\x07\x7f\x98\xb5\xef\xff\xa0\
'|\xeb[\xdf\xba\xe9\xb9\xe7\x9e{M\x82\xc61\x9f\
={\xd6\xf5(\xe8\x06\x7fA\x7f\x98\x14\xd7\x0e\x83H\
b\xde\xe1Y\x85\x08c.\x94\x1e\x02\xc3\x92\x94~\x22\
\x81F\x97\xc3c\x15B\xa2O\x1aW\xc9\xb5\xc6\x93n\
)\xe5P\xc1\x18\x03\xd8\xf8]\x95\xc3=G\x81i4\
\x901\x06\xc9\x84?\xef\xa22\xf3\xb8\xd5jarr\
\x12\x93\x93\x93\x98\x9b\x9bs\x14\x11-\x22\xa1C\x061\
\x10\x91:b/\x225%\xbd\xe0\xe3\x1a\xadd\x13\xd2\
\xbd3\x0b\x19\x89\x8c\x8b\xe6\xe1C:\x7fc#\xd1y\
\x5c\x5c#\x9b\x9e_\x12\x17rI\xc2\x1e\xd7\xfd\xb8\xd0\
\xeb\xe2\xe0d\x0e\xd5ggg166\x86U\xabV\
\xe1\xe4\xc9\x93\xc2\xf4\xbd\xe5\xc1\x07\x1f\xbc\xf5W~\xe5\
W\xf6\xfe\xa3\x0c\xe4\xe4\xc9\x93\xbfb\x8c\x89\x8cH\xfb\
\xd2\x97\xbe\x84|>\x1f\xd1\xb6b\x0d[\x095\xe4\x02\
&\x93Ix\xc6\xa0\xcd_\x06\x80\xe9~Y\x19\x1b\xcc\
\x0b\x9a\xdd\xbc\xcb\x0f\xb8\x01\x08\x80\xa5\xdd\x86/6\xb3\
\x84\x17\xd2g\xe2\xddL\xf7\xc8/\xc4T\xe5\x1cH\xc2\
\x01\xc9\x9bl\x10:\xcf\x12'N===\x85j\xb5\
\x0a\x1b\x02\xc63\x91\x02\xeaB\xe1\x8e\xfe_\xc2\xb2F\
\xa3\x81\xd9\xd9\xd9\xc89\xd3\xc5S\x9dK\xc8\xe2\x13\xc0\
\x80\xcf\xc5B\x9f+p;\xd7\xac4\x07\x8aU$\xe3\
\xd8\x10\xda\xa8\xb8\x90\x1aW\x90e\x967S\x7ft\x01\
\x92\xaf\x95\x1e\xd0\xa3\xc9\x8d\xdd<\x1ao|\xe3\x1bq\
\xfc\xf8q\xe9:4\x87\x0e\x1d\xfa7\x00\xf6\xfe\x83C\
\xac3g\xce\x0c4\x1a\x8d\x0fH\x92\xb8x\xf1bT\
\xabULMM9\xef\xc1s\xc3\x19u\xe2\x188\xe5\
';\x10\xae\x97\x80\xef%\xe0!ZA\xd69\x8c\xec\
\x8e<\xe3Bv4\x9f\x16m\x1c\x8bTOae>\
\x11\xc7\xed\xbaX\xa8\xa1IN~\x99\xfa\x22\x88\x95\xd3\
\xe9m\xb6\xd0\xa8u\x10\xac\xb9\xb99LMM\xe1\xe2\
\xc5\x8b\x18\x19\x19\xc1\x91#Gp\xe2\xc4\x09\x8c\x9e?\
\x8fZ\xb5\xdaUi\xe9^\xc0N\x12\xd4)f:\xa7\
e\x00\x18\x18\xc3\x97\xc5\xc2\x98\x10@\x88d\xd2G>\
\x97\xc3\x92\xc5Kp\xcd5\xd7`\xf5\xea\xd5\x18\x18\x18\
\x88\x18\xa4NR\xe5{K}\x85\x05\xe7\xe2r\x8d\x85\
\x8c$\xae\xae\x11\xd7\xbb\x11\xa7i\xc5\x1b\x96\xde\x9c\xe2\
\x92w\x1e\x84\xa4i-\xda\x9b,\x84r\xb11{\x9e\
\x87\xe3\xc7\x8f\xa3\xd9lbpp\xd0]\xf7#G\x8e\
\xbck\xef\xde\xbd\x03\xff`\xba\xfb\xed\xb7\xdf\xfe\x0b\xe3\
\xe3\xe3\xbf.\x0by\xe3\xc6\x8dx\xe5\x95WP\xab\xd5\
\xdcl\x0a^\x90\xb2\xa8\xf5\x8e\xcd\xa3\x0a\xdcN\xe5\x99\
H\x9fGdA[\xc0K\x90by\xb2\xc3\xb3\xe2\x93\
\xab/\x14\xbbb\xd6\xa3\x0d\x83\x00\xc6\xf3\x9cB\x89\xde\
Y\x16\xc2\xd0\xdd\x09\xee~\x87L&\xe3<\x04\x8bL\
\xb4[-\xd4j5T\xabU\xcc\xce\xcebjj\x0a\
SSS\xf38d\x80\x8f\xd0x\x08\x0d\xe0\xc1t\x5c\
\xb7\x80\x05\xe8\xdcg`\x9d \x1e\xd01\x1e\xe3y0\
Hv\xf62#y\x93u\xe7[*\xf4\xc2\x88fm\
/\x0e)\xf5@ \x81U\xb5\xd7\xd1\xe7S\xeegn\
\xd7B5\x0e\xads\xa6w\xf7\xb8.\xc28Z{\x9c\
\x97\xd0\xb5\x9d\xb8|#\x0e\xc5d\xe3\xc9\xe7\xf3X\xb5\
j\x15FGGe\xa4w.\x0c\xc3\xe7\x9f~\xfa\xe9\
\xc3\xff\xa0\x10k||\xfc\xfd\x12k'\x93I\x0c\x0c\
\x0c\xe0\xa5\x97^\xc2\x92%K\x22E@\x867\x99\xca\
 \xc4DV\xfa\xe0\x18\xd2K\x18\xf8^\x02\x81\x97p\
\xf39Z\xad\x16\xbcD\xcf\xa8|\xdf\x87\x97\xf0\x104\
\x83y\xb4\x0e\xdd!'\x048\x09\xf9\x82\xaeq\xc4\xc5\
\xdd\x0b\xd1\x14\xe6\x15\x0c\xbbF_\xab\xd5\x225\x0c\xd9\
\x89\x9b\x8d\x06\xea\xb5\xdeT\xa9\xb8Q\xc9\x9d[\x1b~\
\xd81\x84\x96\x0d\xd1\xf0\x0c\x16\xf5\xf5a\xe9\xa2\xc5\xc8\
\xe7\xb2H\xa7;\x9d\x84\xb0\x16\xedV\x1b\xf5F\x13\x95\
Z\x0d\x93S\xd3\x98+\xcdu\xfbQ<\xe7\xf6C\x85\
J\x89\xf6V\xbd^\xc7\xc4\xc4\x84\x0b\x8dX\xebJ3\
\xaa\x1b\x8d\x86\x1b\xd1\xacsA\xddP&a\xb3\x86|\
u\x18\xccr\xaf\x9a\xc4\xc9\x14\x16\xad\xe4\xaf\x13v1\
`=\x9eA\x87o\xfa\xda\xeaz\x0b\x1b\xe7\xc1\x83\x07\
q\xfd\xf5\xd7G\x90\xbe\xc3\x87\x0f\xbf\x1f\xc0C?\xb2\
\x81<\xf5\xd4S\x8b\x0e\x1e<\xf8f\x9e]>::\
\xead\xf4y\xf7\xe1\xa6\x1a\xde\xc1\xa5}Tz9\xf4\
n\x22aS$_HXx\x09\x0f6\xb4\x80\x97\x80\
\xe7'\x5c\xbc\xcf\x88\x0c_\x08A\x97\xb8\xa3.\xaey\
G\x1b\x80\xde\xa1t\xf8%\xef'\x9f\x1f\x06\x1d\x1da\
\x91\xf6\x94\xb1\x04\x0c(\xc4\xdd:\x9bA\x027l\xb8\
\x1e\xd7\x0c\x0d\xe1\xeaEK\x90O\xa6a\xdbU4k\
5\xb4\xcb5\xb4\x1b\x0d\x84\xed\x00\xc6\x86@2\x033\
\x98\x82\x97M#\x91\xc9\x00\xc9\x14*\xcd&\xc6\xa6\xa6\
qjt\x0c'FF\xe0\x05-\x98\x98\xdc!\x9b\xcd\
bhh\x08\xe5r\x19\xe3\xe3\xe3\xee:\xc4\xd5\x9d\xc4\
3\x08\xd3\xfa\x075:i\xe5u\x9e7\xa8GN\xb3\
\x97\x16:\x09C\xbf:\x1c\xba\x1c\xbd]\xff\xbdPM\
%\xce\xdb\xb0!\x97J%'\x134<<,F\xfb\
\x9e\xaf\x7f\xfd\xeb\xab\xde\xfa\xd6\xb7\x9e\xff\x91\x0cdt\
ttg\xab\xd5\x1a\x94:\xc7\xaaU\xab\xf0\xcc3\xcf\
8J\xbb,.9\xf9b\xed\xd5j5\xd21\xc8\xde\
C\x9f\x14F\xbb\xf8D&\x12\x094\x83n\xc7\x99\xba\
\xb0:\x81\xe6\x93&\xbc,\xa1\x89\xc4\x09%\xc7\xf5*\
\xe8$U\x8c\x83\xeb\x09A\x10 l\x07n.\x86\xe8\
=\xf5\x0c\xc3t\x01g\xdb\xfd\xbb\xf3^\xdb7o\xc2\
\xb6\x8d7`\xa8\xaf\x0f\x95\xa9I\xcc\x0c\x9f\xc1\xd8w\
\xbe\x83\xc6\xd9\x11\xf8\xe3cH6\xdb\xf0\x0d\x900\x06\
\xd6\xa0\xa3\xbfe-\xda\xd6\xa0\x09\xa0\xe5\xfb\xa8/]\
\x82\xe4\xaaU\xe8\xbb\xe6Z\xdc94\x84\xb7l\xdd\x8c\
\x91j\x15\xc7N\x9f\xc6\xf13g\x5c]\x07\x04\x9d\x17\
\x8bE\x14\x0a\x05LLL\xa0\x5c.G\x8c\x80%F\
\x19\xd2\xd54\xfc\x85H\x83\xdax\xe4ZK\xae\xa2\xdb\
\x17t\xb8\xc3\xa1\x18\x1b\x946,\x89 \x98s\xa6\x0d\
x\xa1\x90m!i\xd3\xd3\xa7O\xe3\xba\xeb\xae\xc3\xa9\
S\xa7`\xad\xc5\x81\x03\x07\xfc\xdbo\xbf\xfd]\x00\xfe\
\xe2G2\x90J\xa5\xf2>\xe9\x1dH&\x93\xc8\xe5r\
8~\xfc8\xae\xbe\xfajw\xd0\x5c@b)\x18\xa6\
\xb9\x0b\xff\x88;\x0b\xe5o\xddY\xc8}\x1e\xf2\x19\xd5\
zm\xde`z\xe6%\x85\xd6\xa2\xd5\x9d0\xcbt\x05\
M\x9f_(\x86\xd5\xff\x8bq\xb4\xba\x09g\xb2\xfb\xd9\
A\x10\xa0\xd5\xe8 H\xa2\xaa\xe2\xfb~gl[\xd8\
]\xdc\x06\xf0\xc2\x10\xe9L\x16o|\xfd\xeb\xb1m\xfd\
z`z\x0a\xa3/\xbe\x80\x83O?\x8d\xec\xa5\x09\x14\
\xc3\x10\xabl\x88\x94\xb1\xf0\x05\x965\xe8\x04M\xa1$\
\xec\x06\x81\xb1\x08\x00\xb4\x83&\xeac\xa3h\x8c\x8d\xa2\
\xfa\xe2\x0b8k<\xd4\x07\x06P\xdc\xf1\x1a\xbcv\xcb\
&\xbc\xf6\x86\x1bp\xe2\xc2\x05\x1c8\xfc*\x82V\x00\
kl7\x9f1\x08\x13\x09\xacX\xb1\x02\xe5r\x19c\
cc\xb1\x1d\x8d\xdc\xdf\xc2\xf0\xeaBF\x22\x06\xc5\x80\
\x07'\xc3L\xd8\xd4\x1c9\x8d\xb8\xc5\xe5\x80\x1c\x92\xc5\
\xdd\xaf{\xee\xe3f\xcb3X\xa3\xc3\xea\x97_~\x19\
[\xb7nu\x06\x9dH$\xf0\xec\xb3\xcf\xee\x5c\xc8@\
b\x93\xf4\xdd\xbbw\x17&&&\xfe\xd2Z\x9b\xf1}\
\x1f\xcb\x96-C\xa9T\xc2\xd8\xd8\x18\xfa\xfb\xfb\xe7\xb9\
l) \xc6\xc5\x83q3\xb6y:\xacT\xddY\xe4\
\x8d\x0b\x86\x92\x9cG\x8a\x7f]\xc8\xd7\xf3<W\x0f\xf1\
\x89G\xe4>\x1f&\xf6$-4\xc0E{\x0e\xbf\xfb\
\xfe\xed\xae\xd7\xa8w\xb5\xaf\xa2b\x0d!`\x02x\xb0\
H%\x92\xb8\xfb\xce7\xe2=\xf7\xecD\xb1T\xc2\xe9\
\x87\x1eF\xf9\xaf\x1f\xc4\xe0\xa1W\xb1\xb2\x5c\xc6rk\
\xb1\x14\xc0 \x80\xa2\x01\xd2\xc6 k\x80\x8c1\xc8\x1a\
\x834:\x7f\xa7\x0d\x90\xea\xfed\x8c\x87\xacg\x913\
@\xdeX\x14aQ\xac\xd7\x80\xd3\xa70\xb6w/\xc6\
/\x5c\xc4\x8a\x95+\xb0\xe3\xa6mH\xe6\xb2\x98\x98\x98\
Fh\x0c\xacg\x91@\x00\x18\x0f\xe9t\x06}}}\
\x98\x9d\x9d\x8dT\xe5u\xf2\xae\x15\x10\xe3()z\xd7\
\xe7z\x8d&N\xc6U\xe9\x17\xaaY\xc5\xf1\xaax3\
e\x83\xd0\xe2qq\x14\x938\xcf\x22\xc7\xbdz\xf5j\
x\x9e\x87\x99\x99\x19i$[\xf5[\xbf\xf5[\x7f\xf1\
\xf8\xe3\x8f7\x7f(\x0f\x12\x04\xc1\x1b\x1a\x8d\xc6\x80\xc4\
\xe0K\x96,\xc1\xde\xbd{\x1d\xb5DP\x10\x09\xbf\xe4\
>\x81?%\xee\x95\x93\x167\x90\x9e\x17%_0\x86\
\x8c\xeb\xf5:\x12\xc6\xeb\xa06<\x07\xd0\x86\x1d\xb8\xb7\
\x0b\x08\xb0\xf7`\x15\x11k\xec\xbc\xbcGK\xe0p\x08\
\xc5\x10\xb5\xc0\xc9\xadv\x1b\x8dz\x03\xb5j\xd5\xc5\xdf\
\x91x\xde&\xd0\x0e\x13\xd8\xb4m\x13\xdez\xeb\xeb\x10\
\x8e\x8e\xe3\xd8_\xfe\x15\xf2\x07\x0e\xe2Z\x84\xc8\x19\x0b\
/\x01\xe4,\x90\x80E\xc2z\x9d(\xc8\x98\xce\x5c\x94\
\xce\xc9\xe8\xc0\xbc\xdd\xbbB\xd3I\xc2Ct\xfe\x0e\x8c\
Ah\x81\x8c\x05r\x06h\xc3\xa2\x0a\x83\x01\x84\xa8\x1c\
9\x84KG\x0fct\xfdz\x5c\xf5\xc67b\xdd\xdd\
o\xc0\xbe\xa3'1zn\x0c\xc6\xebQmR\xa9\x14\
\xd6\xad[\x87\xf3\xe7\xcf\xbb\x91u\x1cV\x89\xc7\xe7\x0a\
\xfa\xe5\xda\x068Tb\xeda\x1e~\x13\xd7)\xca\x1b\
 \xd3Z\xb8N\xa2=\x8bn'\xd0\x0a2\xfc>:\
\xa4\xd3\x0a1\xc6\x18\x8c\x8c\x8c`hh\xc8\x85YG\
\x8f\x1e\x1dx\xcb[\xde\xf2&\x00\x0f\xffP\x062:\
:z\x0f#\x08\xb9\x5c\x0eg\xce\x9c\xc1\xea\xd5\xab\xe7\
\x8d\x0d\xe0\xf8\x91\x17\xb9\xef\xfbN\x91\x9d\x17(\x8f\xfe\
\xe5\xca17&\xc5A\x94\xccA\x92\x93\xdel\xb5\x9c\
~\x95nk\xd5\xd5^\xed\xda\xe3\xba\x12\x852\xc2j\
\xf1\xcdF\xcf8\xe2\x94\xca\x13~\x02\xff\xdb/\xbc\x0d\
\xd7\x0e\x0c\xe2\xe8#\x8f\x22\xf9\xcd]Xc\x81>\x00\
9\x00)xH\x06\x06\x06!\x5cVm;\x10n\xd0\
\xad~X\xd1\xc7\xee\xfe\x1dJ]\xc4\x08\xaf\xde\xeb\xb4\
/\x1b \xd9\xc11\xe0\x87\x1eR\x06H{\x16Y\x84\
\x98;}\x02\x93'O\xa1\xfd\x9a\x1d\xb8e\xe7]\x18\
_\xb1\x12{^>\x04\x84\xadHh544\x84\xf3\
\xe7\xcfG\xe6\xaf\xf0\x82\x121\xf0\xb8:\x83\xee7\xd1\
\xca\x96qhe\xdcs\xe2\x80\x00=dTs\xdf\x12\
J&6BY\x8a)\x1c\xc6)\xea\xc85?z\xf4\
(n\xb8\xe1\x86\x88\xd1LNN\xbe/\xce@\x121\
-\xb5\x89\xd1\xd1\xd1?o\xb7\xdbK\xc58<\xcf\xc3\
\xf9\xf3\xe7188\xe8\x06\xdc\xf0\x81e\xb3\xd9H\xb3\
\x94\xee\xb0\xd3\xf2\xfd\xc2\xeaeY\x1d\xc9u$\xcc\xe1\
\xa2\x17\xd30\xf8\xfd\xea\xf5:\xb2\xb9\xacC\xc4\xb4\xc4\
\xa7n\x84\x8ak>\x12\xe8VW\xf3;\xc6\xd1D\xb5\
\xa2=G\xefb_\xb5b\x05>\xf4\xbe\xf7 wq\
\x1c\xc7?\xf9I\xac8x\x10W\x01\x184@\x9f\xf1\
\x906\x06Ic\x910\xa1\xf3\x1a\xd6XX#\xc9\xbc\
\xd8\x8bA\xd8\xa9\x82t\xc2#\xdbK\xf7a\xa4\x22b\
a\x8cu\x15\x12cBx\xc6\x22\x09\x0fIx\xf0=\
\x8b\x8c\xb1\xb0c\x170\xfc\xf2!\x0c\xac\x5c\x89\xad\xdb\
7\xe1\xe2\xcc\x0c\x1a-\x09Y=\xd7\xddX\xa9T\x22\
Mi\x1a\xdd\xd3\xdea^}(\x06\x85\x8ac\xf2\xc6\
\x89\xd5iZ\xd1B\xfd\xe6Z\x82Tw\x95\xc6\x15\x08\
\xe3\xd8\xcbq\x92C\xeb\xd7\xafG\xbd^\xc7\xdc\xdc\x1c\
\xac\xb5(\x16\x8b\x85?\xfd\xd3?\xfd\x8b/|\xe1\x0b\
\xe1e+\xe9\xf5z}\xb0R\xa9\x5c+\x8c\xd4\xc1\xc1\
A\x9c={\x16}}}N\x9dC\x16t*\x95B\
\xb1Xt\x9e\x84\xe5Au\xab(\xcf\xf7c\xce\x90\xcc\
\xf6f#\xe3\x1d\x9f\x07\xbch\x81\xb4|>\x0f\xdfK\
 \x9dLu\xaa\xf3\xe8\xd4U\x12\xc6s\xfd)\x9ae\
\xcc^N*\xe3B\x80L$\x12\xb0A\x88\xb0\x1dt\
*\xe4]\xf2`\xcf8,<\xeb!\x84\xc1\xf6\x8d\x1b\
\xf0\xe1w\xbc\x1b\x93\xdf\xfd.\xc6\xfe\xec\xff\xc5\xf5c\
\x17\xb0\x12!\x06a\xd0\x07 c,\x92^g\x11\xf7\
.\x18\x5c\x01\xb0\x13By\x08\xe19c\x08a;?\
\xe2E\x8cAh\x0d,<X\xd35 X\x84]\xc4\
\xca3\x06\x09c\x914!\x8a\x00\x06\x00,C\x88U\
\xe5Y\x5c\xfa\xea\x97q~\xf7n\xdc\xb9u\x0b\xae^\
\xb6\x040\x1e\x10\xc2\x01\x0e\x8b\x17/v\xb5\x10\x96\x16\
b\x1d\x00M\xd4\xe4^\x15\x9e\xc5\xb8\x10Q0N\xd1\
D\x0bQh*O\x5c\xbf9W\xe9\x99M\xac\xc7\xef\
\xc5Q\x8b\xf4s\xe5\xbb]\xbat\x09K\x96,q\xc7\
\xf2\xc2\x0b/\xac\x06\xb0\xfa\x07z\x90_\xf8\x85_x\
\xe7\xcc\xcc\xcc\xfb\x85$w\xddu\xd7a\xdf\xbe}\x18\
\x18\x18p\xf3\xe8dq\xca\xee/-\xa9b\x04\xb2\xe0\
\xe4\xe0\x04N\x94\x1d+\x93\xc9D\x04\x0c\x04\xf2\x15r\
\x1c\x9fD\x96\xaa\xe1\x09O\xb5Z\xcdu\x8a\xc9B\x8f\
\x9c\x88 @\xc2O\xc0\xc0\xcc\xf3\x22,\xf4 \xe8\x9b\
\xbb\x18]*{\xbd^G\xa5R\x89\xc8\xe4t\x8c\xa3\
\x89\xd7\xed\xb8\x19o\xbf\xedV\x1c\xfe\xf2\x97\x90}\xec\
\x1bX\x1b\x84X\x02\x8b\x82\x07da\xe1\xc1\xeb\xb2F\
\xbaCE\x01\x84\x1dW\xd0i\xd5E\x0f\xad\xb2\xdd|\
\xc3\xdd\xef\x99\x1e\x05\xa5\x93@ \xec\x1aY(\xcf\xe9\
\x1aHhm7\x1c\xeb\xee\xd0\x9e\x85\xd7M\xee\xd3\x00\
j##\xb805\x8bm7\xdf\x84\xbag013\
\x0b\xdb\x0e\x11\x84m\xa7\xb82;;\x1b+\x8c\xc0\xac\
\xde\x85\xc2\xac\xb8F\xa88j\xbb\x86o\xf5\x00\x9e\x85\
\xe8\xeb\x1a\x85\xd4\x03\x94\xe2j]\x0b\xb1{5q\xd2\
Z\x8bu\xeb\xd6\xb9<\xa4\xd1hx\xc6\x98\xe7\xf6\xed\
\xdb\xf7\xcaes\x90Z\xadv\xaf\xc4\xdf\xf2fR\xe8\
c\xaf \x07*E\xb4B\xa1\xe0\x94\xffX>Tk\
\xb7\x8a\xc7`\x9a\xb4\xc0\xc9<\x99\x96\x19\xb3\x9a\x1e\xe2\
y\x1er\xb9\x9c{\x1dO!\x8a\xcc\xcc\xf0\x0c\x02\x04\
\x1d\x12\x87B\xd38.\x95\xfcB*\xe42>M'\
\xe4mcq\xcb\xcd\xb7\xe0\xad;n\xc2+\x9f}\x00\
K\xf7|\x0f+\x00\x14\x0c\x90\xea.N\x84\x9d\xe9T\
\xdd\xdc\xdb%\xde\xb6k\x1c!q\xafB#\x0b\xbew\
?\x9c\x11\x18\xf7\x98\xa5\x0a\x8b{-l\x97\xcf\xd5\xfd\
 \x0b\xf8]\x92\x8ag\x00c\xc3\x8e\xc0\xcc\xab/\xe1\
\xe5z\x15\x1b\xde\xf6V4\x9bM\x9c\x1c>\x87\x90x\
[\x83\x83\x83\x98\x98\x98\x88\xe8\xee2\x94.\x1b\xd7B\
\xad\xafq\xb9C\xdcB\xd5\xaf\x95\xe7\xf2g\xc6\x85J\
\xdc\xe4\xa6Q\xca8\xa6\xf6\x0f\x12\xaf\x93\xe7\x08\xec-\
\xdf\xaf;\xeb\xfe^\x00\x7fs\xd9\x10\xab\x5c.o\x11\
\x97\x9b\xcb\xe5099\x19iR\x92\x1emF\x22$\
\x9f`\xec\x9b\x153|\xdfw\xde\x87\x9b\x9dd\x22\xac\
x\x02F\x95\xc4\x18y\xc0\xa4t\x86\xb5\xba\xc9\xb9\xc0\
\xc5\xdc\xeb.\x9e!\x99L\x22\xe1%:\xbd)~\x12\
I\xdfG:\x99r\x9f+J\xf2R\x8c\x92\x8b\xd0\xec\
\x0e\xd8\x8cS*\xbf\xe9\x86\x8d\xf8\x85\x1d;p\xe8s\
\x0f\xe2\xea\xef\xed\xc1J\x9b\xc0\x80\xed$\xe3ik\x90\
\x0a:5\x11x\xdd\x85l\x80\xa0\x9bW\x84]/\x22\
\x9e#t\x8b>j4\x16\xe8\x86U\x9c\xbc[g\x10\
\x82nY\xf4\xd0.\xeb\x10\xb5\x1e\xb4\xed\x1b \x9b\x00\
\x06\x13\x01\x16\x9d:\x8e#\x8f=\x86-\xcb\x96b\xe5\
\xe2\xc1H\xb8\x02\x00\xb9\x5c\x0e\xf5z\xddm\x10\xdc\xd5\
\xb8\xd0\x08j]\x1b\xd1y\x89\xae|\xf3P\x1f\xcdd\
`\xa2\xa5\xd6\x06\x8e\xe3i\xe9\xe9\xc4\xcc\x03\xbb\x9c\xb7\
\xe3PO\x86\xb5.Z\xb4\xc8}~&\x93y\xf3e\
\xd9\xbc\xa3\xa3\xa3\x03sss\x1b\xc4\x13\x0c\x0c\x0c`\
ll\xcc\x89\xbb\xd5\xebuT\xbb\x88\x8ex\x169\xb1\
\x8c\xf2pc\x94\xcc\x87\x90\x13$\xf9\x86\xd0\xe5\xd9M\
j5\x0f\xf16\xe2)\xb8\xee\x92\xc9d\x9c\xd2y\x9c\
\x10Zg\x1cC\x971\xecyHx\x89\xc8Xf\xd1\
\xabb\x02_\x18\x86.\xef\xd0\x88\xd5U+V\xe0\xdd\
w\xee\xc4\x91\xbf\xfd\x0a\x96\xecy\x1a\x8b\x8dE\xbf\xb1\
\xc8\xa1\x83,y\xb6\xb3\xd0\xdb\x09\xeb\x92\xec\xc0\xe5\x1a\
\xb6\xeb\x11\x0c\xac\xedR\xf5)\x9f\x10\xd4\xca\x1a2\x0e\
\xf4B\xb3\xde\xdft\xbfx&\xdbc\x07\x87^\x88\xd0\
t^\x914\x16\x19kQ\x0c\x0d\x8a~\x88\xfe3'\
p\xec\xf1'p\xd3\xfa\xb5(\xe4:\x9bK\x10v\x07\
y\xa6\x92\x0eA\xd4\x93\xae$\x1a\x88\xeb\xcbgu\x14\
nX\xd3\x09\xb6fL\xcb\x06\xabG\xe3\xb1a.\xe4\
\x05t^\x13\xd7\x0f\xb2Pk\xaff\x02LOOc\
\xf1\xe2\xc5\xeeu\xbbw\xef\xee\xdb\xbd{\xf7\x92\x05s\
\x90\xdbo\xbf\xfd\x96K\x97.}X\xba\xe6\xae\xbf\xfe\
z\x1c<x\xd0-@M\x11\x99\x9c\x9cD\xa3\xd1p\
\x9d\x85\xd6Z\xcc\xcc\xccD\xdap\xe5\xe4\x0ay\xae\xbf\
\xbf?\xd2\x97-\x8dW\xda\xc2\xc5`XHA\xbc\x03\
\xd3&$Y\x14\x03\x11\x18\x99\xdb`9w\xc9\xa43\
h\xb7Z\xf0\xfd$\x9a\xcd\xee\xc5\x0fB\xb4\x9a\x1d\xc4\
jnn\xae\xbbut\xc3\x15\x0b$\x92\x09|\xf8\xfd\
\xef\xc3\xe8SO\x22\xfb\xe87p\x15B\x0cX\x83\x1c\
BW\xa7\x09M\x07\x8d\x85\xcb\x0f8\x97\xf0`M\xe8\
\x10,\xf1 \xa1\x81\x0b\x93B\xca9\xc4\xfb\x84\x92\xb3\
t\xff\x97P-\xec\xb4\xff;\xc3\xb0\x9e\xe9z\x13\xa2\
\xcf\x9b. \xe0uR\xa1\x84\x01\xea\x93\xe3(\x05\xc0\
57\xdf\x84\xd3g\x87\xd1\x08B \xe8\xf4\xd7'\x12\
\x89\xc8\xfc\xf9\x85P\xa2\xb8\xb6V\xbd\xe3k2\xe1B\
a\x8eN\xf25\xfb!N|#nf\x0c{z]\
D\xd4p/\xbf\xce\xf7}\xac\x5c\xb9\x12\xa7O\x9f\x16\
\x0f\x98\xaaV\xab\xdfx\xf1\xc5\x17\x87c=H\x10\x04\
\xb7\x8a\xe4\x8c\x84\x1e\x93\x93\x93\x11E\x0d\x99\xa6$3\
\xbeeQ\xd6j5T*\x15T*\x15\xd7\x96*\x84\
>Y\xc0\x12\x0e\x09\x94\x9b\xcb\xe5\xdc\x80\x1a\xee\x92c\
\x18\xd8\xf7}d\xb3Y'\x95#\x94\x08y?\xf1P\
\x9cWp\xaf\x8a\x84i\xe2\xcd\x84\x22\xee\x19\x83$y\
&q\xb9\x9d\xd8\xdb\x83\x17\x1a\x00\x01\xda\x16x\xff\xdb\
\xde\x86\xf6\xe9\xd3h~\xf5k\xb8\x0a\x16Ec\x902\
]\xca\xbe\x84H\xe8\xed\xe8A\x17\x9e\x0d\xad\xca\x1f\xba\
\x1e!\x94\xccB. \xe5\x1cn\x16bWw\xab\x97\
s\x90\xd1\xb0qH\xb8f-B^\x94\xddp.a\
;\xd5\xf8<\x80Ac\xd0xq\x1f\x9ag\xce\xe25\
[6\xc3\xb6\x80 \x04L\x10\x00\xa1um\xcf\x1c\xf2\
h\x19\xd38\x95\x17\xe6Iq\xd8\xa3\xa5^\xb9\xa8\x17\
\xb7\xab3\xb10._\x89\xab\x9d\xb0\x80\x84V\xa8\x89\
C\xce8\x07\x95\xf4A\x1e+\x95JX\xb2d\xc9\x1b\
\x16L\xd2\xcf\x9d;\xb7\x96\x8d\xa3\xd5\xedu\xd0\xf0\x9a\
fm\xd6i\xfa\x92x\x0b&\x10v\xb9]\x91\x85-\
\x07V\xadV\xddn/\xb9H\xadV\x8b\x08<\xf3\x09\
\x14\xc3\x12F\xadn\xf3\xcdf\xb3\xb1\xbd\xe9\xf2Z)\
^vxV>l\x10\xba&\x9d\xc8\xdc\x0ac\xe0\x01\
\xd8\xb4m\x13\xae\xed\x1b\xc4+\x7f\xf1\x17\xb8\xbe\xd5\xc4\
 ,R\x9eE\xd2\x1ax\xd6\x22p\xe1Qw\x81\xdb\
^\xe2\xdd\xd9\xc9-\xac5\x14.\xd9\xees\xad{\x0e\
\xe7\x1c\xee\xb7\xa5\x84\xdc\xb2G\x91\xe7Z\x17\xa6YD\
\x8b\x8b\xa15\x08`\x1d\xda\x05t\x90\xad\x22,\xda6\
\xc4\x85\xef<\x85\xab\xdf\xf3\x8bXu\xd52\x0c\x8f\x8c\
\xc2\x86\x01B\xdb\x09M\x85\x0d\xa1%\x99.\x97\x80\xc7\
\xc9\xed\xc4QAt\xd2.\xeb\x8c\x15l\x16\xa2\xb8\xc4\
i\x15s\xe4\xa0C\xb3\x85hN\xecqdDB>\
\x9fG\xa5RA2\x99\xc4\xb1c\xc7\xd6/h \xd9\
l\xf6\xcdSSSh\xb7\xdb(\x14\x0aN\xad\x9d\x17\
=\xc7\x8b\xe2m*\x95J\xc4\xbdI\x95V\x16\xad,\
>\xf1 \xb2[\x8b:H\xb1X\x8c\x18\x9f\xe4\x1e\xfc\
\xa5\x85F\xb2h\xd1\xa2\xc8\x05\x11\x19\x7f\xf1Z\x5cQ\
\xd7\x17NOa\x0a\xdam\xb4\x9b\x1d\xa16\xf1\x1e\x9d\
\x93g\x11\x1a\x8bt\x22\x8d\xb7\xde\xf2:\x1c\xfd\xbb\xc7\
\xb0rl\x0c}\xc6\x22\xdd\xadh{\xb4\xab[\xcb\xbb\
|o\xd1\xba\x1d\xdeH\x0eb]\x92\x0dx\xb0\x08\xe7\
\x19G\xc7sD\xbd\xc5|\xe3\x90\x1a\x89|\x9ex\x0c\
\xdb\xf5`\xbd\xcf\x0fM\xb7n\x02 \x09\x8b\x9cg1\
\xd8(ad\xdf>l\x7f\xdd-87r\x0eu\xdb\
\x81\xb7e\xa3\xe1\xb1r\x5cg\x88\x13\xe8\xd3\xf4y\xad\
\xae\xa8\x87\x89r\xa1\x8f\x05\x1d\xe2\x06\x07\xc5!Sq\
\x95s\xfd\x19:\xec\xe2\xfa\x9a\x9e,P\xab\xd5\xd0\xdf\
\xdf\xef\x8a\xc4\x83\x83\x83\xf7\x5c\xce\x83$\xc5\x83\x0c\x0c\
\x0c`rr\xd2\xc1\xae\xbc;x\x9e\xe7\x86V\x0aZ\
%\x93\x832\x99\x8c\x83\x85\x05*\x94\xf7\x14\x8f\xa1e\
i\x1a\x8d\x86\xf30z8\xa5x\x1b\xcf\xf3055\
\xe5\x0cG\xc6\x95\x89\xf1JmC\x1e\xd7\xe3\xc5\x9c\x1a\
J\xb7\xee\xe1'\x12\x08\xdb\x81\x9b\x9d(\xb0\xae\x04(\
\x09\x0b\xec\xbcc'\xec\x85KH\xed\xfa&\x16\x01\xc8\
\xc2 i-l\xd8\xd9\xd5\xdb\x09W\xea\xe8x\x8en\
1\xcfy\x0fJ\xd0\xd9h\x00\xd3\xf54\xcas\xd8^\
\xfe`A\x86GF\xc8T\x14k$\xbc\xf3\xdc\xf3{\
\x9f\xd3\xedH\x14Q=\xd3I8\xd3\xc6 \xe7Y\xcc\
\x1c;\x0c\xbb\xee\x1al\xban=^|\xf5\x88\x9b\x0b\
),WV.Y\xa83\x90\x17\xaf\x5ck=`4\
\x8e\xdd\xa0\xc7VH\xd2\xae\x87\x8e\xea|\x82=G\xdc\
\xb1h\xa2+\xc3\xc3zn\xa3\xbc\xa6Z\xadb\xf1\xe2\
\xc5\x98\x9c\x9cD\x22\x91\xc0\x91#Gr\x17/^,\
._\xbe\xbc\x14\xc9A\xbe\xfb\xdd\xefnM$\x12\xab\
\x05\x91*\x16\x8b\xb8p\xe1\x82\xf3\x00\x82\x5c\xc9N]\
.\x97\xc1\xf9J\xbb\xddv=\x12\xf2#r6\xf2x\
\xadVC\xa9Tr#\x94e\x22S\xa9Tr\xaa\x84\
B'\x17\xa8U.\x8eH\xe1d2\x19\x14\x8b\xc5H\
\xe2-9K\xbe;4T`a\xc9q\xd8\xcb\xa4R\
)d2\x19\xa43\x19$\x92>\x82\xae\xfa\x88\xe4J\
\x22\xa6\x95Jg\xb1\xe3\xfakp\xfa\xd1\xafa\xa9\xf5\
P\x04\x90\xed\xee\xd80@\x98\xb0=\xe3\x88T\xc2\xc3\
h\xde hU7\x99\xee\x18@\xd8\xebI7\x04\xd9\
\x1a\x1b\x0d\xab\x18\xe1\x12\x830.8s\xcf\xb1\xdd\xd7\
\x05\x0c\x19w\x01\x81\xd0x\xdd\x02e\xe7\xf3|X\xa4\
\x8dA\xbf\x09q\xf1\xc5\xfdX\xbbt\x19\xbc\xc4\xfcz\
\x15\x93\x07\x1d\xdd\x9f\x94r$\xfe:\x00\x00 \x00I\
DAT,\x19\xbd\x8a\xeb\xb7\x89\xabvk\xfe\x9d\xe4\
;\xec\x01\xf8\xfd\xb4\xc7\xd2\x0cr=\xda\x9a\xfb\x5c\x98\
\x9e\xc4\xa2\xdc\xcc\xee\xf0<\x0f\xe5r\x19\xc5b\xd1\xdd\
\xef\xfb\xfe\x92\xc7\x1e{l\xdd<\x0fr\xe8\xd0\xa1|\
\xb9\x5cv\x09y&\x93\xc1\xe4\xe4dd\x88=K\xe4\
\xc8\xc4R\x16=k4\x1a.\xb9f\xe4\xa9\xd1h \
\x08\x02\x94\xcb\xe5\x08\xc5Cr\x0d\xf9\xf2<\x82Mz\
\xacEtM\x8a\x91\x12\xda\x95\xcbe\xa7\x8cn\xad\xc5\
\xdc\xdc\x9c#\x1cr\xe2-\xdeF<\x9b\x0c\x02\x95\x10\
O\x00\x06]\xf3\xb8\xeb\xf6\xd7\xa3|f\x18\xb9\xfd\x07\
\xd1o\x80,:l\x8d^\x12L\x04C\x86`yA\
\x8b7\x91\xe7[\x95s\x10Y\xf1r\x09\xb9\x85!\xaf\
\xd2\xab\x878\x04\xcc\xf6\x0a\x8a:\xe9\xb7\x96\xa8+]\
\x91\xbd\x8c5\xc8z\x16\xa9\xf1\xf3\xa8\x8d\x8fc\xf3\xfa\
k\xb0\xff\xf0\xe1y*%:a\xd6<+\xa6\x81p\
\x98\xc5\xe7^{\x1a-B\xcd\xb2G\xcc\xf0\x8d\xd3\xef\
\x8a\x9b!\xcfMw\x9a_'\xc7\xc1a\x183'\xba\
\xc5A\xa7\xaf\xe0\xfb>FGGq\xf0\xe0\xc1\xdc<\
\x03\xb9\xea\xaa\xab~\xfe\xd5W_u\x0b\xd0\xf7}\x5c\
\xb8p\x01\xfd\xfd\xfd\x11\xee\x8d\x843\xb2\x9b\xf0\x18-\
\xf1.\xcc\x7f\x12\xcf\xc1|,\xa1\xa6\xc8\xc1\xb1k\xe7\
\xa9\xacr\x93pJ\xf2\x1d\x1e\xa7,\x17\xa2\xddn\xbb\
/*_^P,\xf9L-V \x82l\x0e\xda%\
w\xbe}\xddZ\x1c\xbb\xffs\xb8\x16\xb6C\x1f1\xa6\
\x9b\xefZGI\xb7\xe4!\x1cu\xc4\x82r\x8e\x98\x85\
|\x99\x9cc\xe1\x84\x9c\xab\xe7\xfcy\x9d\xf7\x8b\xe6<\
\x88\xf0\xb6z\x10\xb1u\xe1]\x02\x16\xbegQH\x04\
\x18\x7f\xf5\x15\xac\xbe\xe3\x0dx\xe1P\x18+\xc6\xa0\x13\
\xdd\xb8\xb9\x81\xbc\xd8\xe5|\xb3\xa4\x92\x86\x81e\xd3\xe4\
\xd7j\x03\xe3\x1c\x85\x85@\xb4v\xb0F\xbc\xb4\x12\xa7\
\x90Xu\x83\x98\xac\xd7R\xa9\xe4\xd2\x04Y;\x1b7\
n\xfcy\x91\x03r\x06\xb2\x7f\xff~\xcb\x05\x1fA\x9e\
\xfa\xfb\xfb#0/\x1b\x8a,<v\xb9B\x13a\xd5\
\xbdz\xbd\xee\x86\xe5p\x81H\xde#\x8e\x83\xc5\xe1\x93\
\xb4\x90NOO;\x0aL2\x99D\xb9\x5c\x8e\xecR\
\x0c)g2\x19W/\x99\x9c\x9c\x8c\x10#\xa5?\x99\
\x93sv\xdf\xdb6m\x02ff\x91\xd9\xf7}d\xbb\
\x14s\x01d]\xbf\x06\x877.I6T\x14\x94\x22\
\xa0\xf0o\xc3\xf9\x0b^'\xe1\x0b\x18G\xe8\x16x\x07\
\x9d\x02\x19G\xc09\x87\xe9\x15$\xd9h\xb8\xda\xde\xe1\
{uX\xc0)/\x84\x7fq\x04\xa8T\xb0f\xd5U\
8uv$\x96B\xc2\xa1\x16w\x0ej\x89%f\x01\
\xeb\x16^\xf6\x22\xa2+\xa6\xa7i\xf1\xf5f\x15\x1c\x1e\
\x98\xaa\x93yMSa\x19Vy\x1d\x17~\xb9(,\
\xf9\xaf\x94\x00\xe4u\xbbv\xed\x9a\x9f\xa4\x17\x0a\x85u\
\x17.\x5cpq\xba\xa8xH5\x95\x91$\xd9\xb1\x05\
#g\xea\x09O\x14b\x9d#\xd95\xf4\x1c\x09a\x93\
j\xc9I.\x1e6\x1a\x0d\x0c\x0e\x0e\xba\x22d\xab\xd5\
r\xd5}\xdeI\xc4\xe0\x04\xea\x15\xe9\x9d\x99\x99\x19\x0c\
\x0e\x0e\x22\x9f\xcf\xbb6`ym\xadV\x9b\xc7\x00\xdd\
\xbei\x13F_\xd8\x8f\xc5\xb0Hx\x1eRa\x88\x04\
\xd73,\xe6\xf3\xa3(A\xd6\x09\xb9\x05\x10ty#\
\xd1\x04\xdc\xf6\xbc\xcc\x0fJ\xc8\xa5Fbd\xb74*\
!7\xf4~\xca8l\x144\x08\x01\xa4\xc2\x04R\x1e\
\x90\x87\xc5\xec\xf00\xae\xbez\x08'\xce\x0c\xcfS\x1c\
\xd1\x09v\xdc\xa2\xe4\x02\x9e\xee\x16\x8c\x1b\x0d\x9d\xc9d\
\x5cT\xc1\xafac\x910\x9c\xc9\xaaZ\x0coA\xb1\
7\xd5|\xa7\xa7\xf92\xf3B\x22!\xa6\x1d\xdd|\xf3\
\xcd[\xff\xee\xef\xfe.j \xc6\x98\x9b$\xdf(\x14\
\x0an\xe1h\x15u\xd7H\xd4U\xc3\xe0\xd1_\xf2!\
Z\x09\x5c<\x87\xe42|c\xba\xb5\x1e-,5\x11\
\xc9W\xe4\xf5\xe5r\xd9\xf1\xa9xV\xa1$\xe7z4\
\x801\x06sss\xa8\xd7\xeb\xee\xc4\xcb.533\
\xdd\xcd\x06|\x18\xb4aL\x02k\x0aE\x1c\xf8\xeew\
\xb0\xc2\x029t9E\xb00\xc6\xeb\xa2U\x9a\x95\x1b\
\xadKDk\x12\xa1c\xdbF\x0c\xc8\xccG\xaf\xe6'\
\xe4\xbd]?\xc2\xd7\x8ax\x8e\x1eb\x15\x09\xdf\x9cG\
\xb2\xf3@\x03X\x0b\xeb\xb5\xe1[\x8b\xa4gP=y\
\x0cW]{M\x0fvE\x00\x84Ix^b\x9ep\
\x9b\xa6t\xe8Z\x85np\x8b\xd3\x00\x16\xd0\x84s\x86\
\xb8\xfa\x05\x1b\x87\x9e\xe1\x18\x97\x0f\xb1\x163\xcf\xc1\x94\
\xf6\x0c\xf6\x22z\x90S.\x97s5\xb9R\xa9t\xed\
<\x0fr\xf6\xecY\x17\xd3g\xb3Y\x87\x22qH#\
\x8fK\xd2\xcd\x88\x03\xb3s\x19\x8a\x13\x03\x91\xdd\x9c\x0f\
P<\x06W\xe9\xf5\x18\x02\xf9\xb2\x95J\xc5\xbd\x87\x18\
\x0d\xc7\xac\x92\xe3\xc8\xf1\xf2\x00\x18i\xdf\x95\x8a\xbc\x18\
\xd9\xe4\xe4d\xa7p\x08\x83\xc0\x00\xc9\x10\xd8\xb4i\x03\
*\xd3S\xc8NL c:\xf1\xba\x91\xfa\x86\xb51\
\x94uD\x8b\x80\xe8\xb5\xd3\x86\x8a\x95\x8b\x18v\xeee\
\x13r\x09\xe9\xd0\xeb\xd3\xea\xd4U\xa8\x9a\x1e\xfb\xd3+\
N\xda8\x10\xa1[\xf1O\xa0CjL\xb5\xeah\x94\
+\x18Z\xb1\x1c\xa7\xcf\x8f\xf6\x8a\x981<'M\xf5\
\xe0\x0eO^\xf0\xbe\xef\xbb\xfcT'\xdbB^\xd5\xd7\
P{%m l\x04L-\x8ai\x19\x8f\xb4Rp\
\x07,\x87\x85\xb2f\x82 @>\x9fw\xcc\xf4c\xc7\
\x8e\xcd\x0f\xb1\xa6\xa6\xa6\xac\x84J\xe9t\xda%\xae,\
\x03)\x06#\xa1\x12\xab\x9c\x8b\x87\xe0\xae2\xb1fI\
\xc8\xd8\x8d\xea\x1ep\xddM&^\xc7\x18\x83B\xa1\x80\
\xb9\xb99\xa7A\xa5\x11\x16\x86\xfa\xe4~9\x19\xb3\xb3\
\xb3\xc8d2.?\x91\xe3\x99\x9d\x9d\xc5\xe4\xe4$\xac\
\x05\x8c\xb1\xdd\xf6%\x83\xf5\xabWc\xea\xcci\x14\xc3\
\x10\x19\xdb\x95\xe3\xe9\xee\xc40f>e\x9d\xd0\xaa\xde\
\xfd\xdd]\xdb\x1a\x85j\xa9\xd7\xc6\xe5\x1c`\xe2\x22\xf3\
\xaa\x84\xa6\x82yU\xf7\xb8$=\x12\xb6a\xfesM\
W\xc91i,2&Dmj\x0aK\x07\x07p\xea\
\xdc\xf9\xeeq\x06\x00,\x82 \x8c\x14\x0dyaI\xe8\
\x1c7SDZ\x1bt\xcdD<@6\x9b\x8d\xac-\
-&\xce\x9f\xa5\x05\xd1u\x92\x1e\xd7\xb4\xc5^\x89!\
aF\xe9\xb8\xc58\x97\xcb\xb9qySSS6b\
 \xe7\xcf\x9f_\xfe\x89O|\xe2\xfaS\xa7N\xb9P\
\xa9\x5c.;\x83\xe0\xca9\xb3=\xe5\x0bJ\x81\x86\xd5\
\xca9\xb1\xd3\x93l\xf9\x00YiO'\x7f,\xa8 \
\x8a\xe8\x9c\xbci.\x8e\x9c`A.j\xb5\x1a\xa6\xa7\
\xa7\x1d\xba%\xc5M\xa9\xbd\xcc\xcd\xcdu=\x82A\xc2\
\x02-\x1b\xe2\xeaEKp\xe1;\xdf\xc1\xd56D\xb2\
K\x97\x8aPCb\x8c\xa3G\xf7\x90\x84\x9cj\x14\xc0\
\xfc\xbc\xe0\x07%\xe4\x92+t\xd1/\x87V\x19*H\
\xd21\x84@$\xbf\x09\xa9\xf9*\xe4|F\x9e\xeb\xf5\
(1\x09\x00)X\x94\xc7/\xa0\x7f\xf3\x16\x04]\xb9\
U\xd1\xf7\xe2nL\x0d\xb3\xb2p\x87\x86\xc9\xb9\x97\x87\
\x17\xae\xbcW.\x97\x8bD\x02q-\xd2,\x15$ \
\x8e.\x00\xc7\xe9i\xb1\x98\xba\xac!\xd6\x8df\xd6\x87\
\x18H6\x9bu\xb5\x90\x1bo\xbcq\xf3\x17\xbe\xf0\x85\
\xab\xd6\xacY3\xeawE\xaa\xd3\xf5z=+\x8b\x5c\
\x04\xe0X\xb1\x9b\x13r1\x0cV\xc0\x10C\xd0\x10!\
'\xf0\x1a\xbec>\x8e\xeeN\xe4\xc4M\xa8)\x92\x5c\
k\xca\x80x\x1b9\xf9\xdc\xec%4\x18\x1e+-\x0d\
Q\xc2\xcb\x82\x01|kQ\xf7\x0c\x0a\xa9\x0c\x1a#\xe7\
\x904\xb6SEe\xc0a\x9eqDw\xe7^\x85\x1c\
\xf1\x15\xf2\x1f\x90\x90\xebZ\x87N\xc8\x85Z2\xaf\xbe\
\x22\x09\xbc\xa5\x5cE\x90/\xf4\x04\xe9\xd8\x90\x04^\xee\
P\xba\x0d\xda3\xd3\xc8%}\xd8\xd0\xf6t\xbah\xa1\
K\xd8\xa4eF\xf5\x00%]\xd7\xe0\x8d\x8c\xb9W\x99\
Lf^\xa5=n~\x08K\xd82\x0b<n\xa6<\
\xaf-\xa6D\xf1w\xe0<\x8a\xf3\x18\x9e\x1f_\xa9T\
\xfc\xc3\x87\x0f\xfb\xce\x83\x1c?~\x1c\xb3\xb3\xb3.\x17\
\x90E&\xf5\x10\xb18\xf1\x10\xbc\xf0\xb5\x81\xb0%s\
\xb5\x95\xa76I\x17\x1f\xbf\x87\xa0PL\x96\xe3\xf1\x5c\
R\xb9o\xb5Z\xb1\xb1$\x17\xab8T\x93\xf0N\x12\
2\xf9\x1e\xc2:\x96\x9d)0\x06\x8b\x8a\xfd\xb0\xed*\
R\x17/\xc2\x07\x10x\xc6Q\xd9\xcd\xbc\x22\xa04,\
\x91dO\x17\xca\x85!D\x89C.\x95\x90\xf7D\xad\
;\xbbv\x00\x0f\xa1\xb1H\xd8\x8e\xc8\x83x\x83hB\
n)\x84\xeb&\xdd\xb20\x22\xbb\xb5\x18K\xaf\xce\xd2\
{L\xc6\xd6u\xa82\x9e\xb10\xf5*\x12\xad\x16r\
\xb9\x0c\x1a\xd5z\x17\xd2\xee)\xebKM\x89A\x11A\
\x1b\xf5t+A<9\xa7\xd4Z\x5c\x1a\xf6\xd7\xe3*\
\xb4\xa06\x87y\x1cEp\x98\xa5\x13yY\xbbR\xd4\
\xd6\x95u\xde\xfc\xf9\xfbU\xabU\x9c:u\xaa\x17b\
\x9d9s\xc6-\x18i|\x92\x22\x9a|\x98,NN\
\x9e\xd93p_\x06\xc3\xbb\x5cdd\xb7)\xef!\x07\
\xc7\xd3\x94t\xbb\xaeH}2h\xa0\xd1\x0d\xf6:\x1c\
\xe6\x89W\x93\xa4Q\x0cD*\xe9\xa6\x8b\x00\x01\xc0\xd2\
\xc5\x8b\xd0\xa8\xd6\x90h6;\x85AD+\xe7\x92S\
\x84\x94@[F\x9alLBn\x17N\xc8a\x13h\
\xfbm\x04A\x02\x85_\xfd\x00\x86\xee\xb9\x07\xc6\x00\xa3\
O|\x073\x9f\xff\x0cL\x22D\x18\xfa\x1dTI\xb7\
\xe2Z\x0b\x09\x86\xa4N\x02p\x88\xd63\x94\x88q\x90\
7\xb1p\x05\x1e\xf8\xddQ\x0e\xc5B\x01\xd5j-\xb2\
#s\xb7\xa6.\xe8\xb1:\x8d\x1e\xff\xc6R\xb0L\xef\
\x90\x96\x04\x96Xb\x8f\xc1\x94\x14\x96\x88b=h\xa6\
\xaepyA\x0c\x83\xc7\x00\xb2\xda?\x1b\x05\xab@r\
\xe3]\xab\xd5\xc2\xf8\xf8x\xcf@\xc6\xc6\xc6\x5c\xa7\xa0\
,fY@,\x10\xc6\x82`\xcc\xaf\x89\xd39\xe2P\
\x8cU\xf8\xc4\x1bq\x0b\xa6\xfc/?Lt\x13\x03\x11\
DD\xbc\x94fr\xea\xe4KC\xcc\xec\xa2%\x94\xe3\
9\x86\xb0@>\x9bE\xbb\x5c\xed\x0c\x1b\xe8\xc9\xdc\xaa\
~\x0dDY\xb9f~\x9b\xac\xce9\x22\x099/r\
/D\x10\x18\x5c\xfb\xbf\xfe\x0a\xafy\xef\xfb\xe0%S\
\x00\x0c\x82w\xbe\x0b\xcf\xdf\xf9z\xbc\xfc\xa1_\x87\xf1\
\x82\x9e\xea/W\xc8\x09\xed\x92\xbc\x04\x5cW\xe1*>\
{<E\x88\x94\xd2\x8a\x81E\xd8j#\xd5\x95Su\
\x1dY\xdd\xf0\x94\xe7\xa9\xf3\xce\xce\xd4\x22\xe6S\xc5\x89\
m\xc8\x82\x95\x05)\xbb6G\x1e\x0b\x19\x88<\x97\x87\
\xf5\xc8ue\x98\x99[\xb5\xe5\xb7\xd4\xcet\xfd\x83k\
5lT\xd6ZLOO\xf7\x0c\x84\x89\x87\xb2\xe32\
\xa3\x93\xd5)8\xf4\x91\xc5\x1c'\xff\xc2\x89\xb3V\xcd\
\x8bK\xc6\x99\xbc\xa6C4\x1e\x98)\x9f\xa9\x0d\x84\xc3\
@v\xd5qF*y\x88s\xb9\xb6\x83\xe8\xa4\xd3)\
\x04\x8dFw\xc8M'I\x15\xe1\x85\xb8\x1er8R\
\xe1\x8fP!\xe7~s\x03\xf4\xfd\xeao\xe25\xefy\
?\x90\xcawB4\x03x~\x12\xaf}\xef\xfbp\xee\
\x99gQ\xfa\xfcg\x10\x5c\xaeB\xeeX\xc4*7r\
\x9f\xd5\xf3,\x11\x0ffHU\xa2\xbb\x19\x04\xad\x16\x92\
~G\xb12Aa\xaa\xc0\xb2\xecA\x98\x00\xc8\xa1\x8e\
\x84\xd3\x12\x9a\xe9!\xa0\xb2C\x8bWZhr\x94\x1e\
\xa8\xc4\x0b\x7f!tK\x8e\x95\x17;\xa3W|\x9f\xee\
^\xd4F\xecZ6DB\x87\x07\xd8s]#n6\
8\x17\x8at\xfb$/V\xf18q\x8aw\x8cF\xb0\
\xa7\xe2\xe7\x8a\x81H\xdd\x85\x8dR{\x0e\xd9Q\xb4\x81\
\xe8\xc1=\xdc\x13\xed\xe0a\x89K\x93\x09\x04\xedVg\
\xc1\x84n\xe0S\x84\xad;\xbf\xb1\xc9\xcc\xf7\x14\x5c\xeb\
\xa0\x84\x1c\xba\xa7\x1c\x09,\xbb\xfb\x8d\xf0R\xa9\xee+\
<\xc8\xafD2\x85Uw\xdf\x85W>\x7f\xbf\xd3`\
\xbc\xbcq\xf4\x92\xf0\x90\xc2\xc1^X\x15M\xec\xc5A\
\xc8w3\x06\xb0\xed6<\xf4,\xdf\x9a\x9eRe:\
\x9d\x8ex\x0b\xae\x83\xe8a\xa8rm\xa4\xff\x87s\x12\
\xb9O\x8a\xba\x0b\x09\xcci\x03\xe4\xeeP-8\xc8\x0b\
\x9ds\x09y\xbd\x004l8L\x8e\x14\xc3\xe2!\xa8\
\x0e\xe5\x92E\xa4\x8buq\xc2\xc2qj{q#\x06\
x!jD+n\xc8\x896\x10-T&\xf0r\x5c\
\xcdD\xf7\x14\xe8\xceGM\xc7\x8e\x13W66D\x98\
\x00\x12\x143\x85^\xb7\xee\xc04\x8d.\xe4\xebB\x19\
\xe5\x0d\xdcsc\xea\x1c\xbd\x1er\xdbQO\x04\x10t\
5z\xa4rN\xb0U\xf78<X\xe3\x016T\x15\
r6T\x1b\xad\xc0\x93\xc4\x90\x18\x87d0\xa1\x968\
\xb5,\xfe\xd0\xc9t\x8c\xe9\xf4\x90\x84f~\x0e\xc2\xc3\
v\xb4.\x15\xd7\xb7\xe4\x7f\xddb-\x0bQ\x92{\x16\
\x1b\xd4\xd1\x05'\xdaL<\x8d\xf3`\xfcz^\xe4l\
\x10\xfc\xc3F\xc0\xb9\x11\xbf\xd6\x09\x90\xc8A\xe9Y\xdd\
\xdc\xb4\xa2\x15\xeetO\xb2\x1em\xc6\x8b^\x1bJ\x5c\
3\x8c~\x7f\xfd\xd9q\xe8\x19\xe3\xdcq\xad\xb9\x0c\x09\
\xea\xb9v\xda#vF\x9b\x01\xadv\x1b&\x9d\xedU\
\xa2\x0dQ\xc5m\x94N>_\x9a\x07\x97\xad\x90s\x0f\
\xb9$\xd9\x09\x1b`\xf4\xdbO!|\xc7\xbb\xe0\xf9\xc9\
nwNg\xd5\x06\xed\x06\xce=\xf9$\x0c\xda\x91\xf0\
\xaeg\x00T\x9c\xb4\xca\xabQB\x1e\xd0\xdf\x9a\x9e\x0f\
\x15\x96\x01@\xbb\xd5v_\xc2vG\xbd\xa5R)\xa7\
\x09\xc0L\x08\x8d6q\x0e\xa85\x08\x84[\xc7RQ\
\x12\x8eq\xd7\xa7x\x01y?\x1e\xaf\xc1\xca\x9c\x1cN\
\xf1\x9ae\x06\xb7\xbc\x0f\xc3\xd4,%\xc5\xf9\x8eN\xee\
\x85\xcf\xe7s\xa2\xc5\x0bLb?\xc6\xa9uW\x99\xd6\
BZh\xe8\x0a?O{!\xad\xcc\xadU38\xa1\
\xe7\x05\xae\xc7Dk\x03\xe1<F\x0fi\x99\xdf\x84c\
`B\x8bZ\xa3\x093\xe8\xa3\x8d\x0e\xd7)\xe8v\x94\
9\x18\x97k\x0b\x0b\xb5\xc9b\xa1\x22\xa0u4\x91\x90\
\xea\x1c\xb3\x0f|\x06\xcf\xdfy;^\xfb\xde\xf7\x22\x91\
\xec.\xa8v\x13\xdf\xff\xeaW0\xf9\xf9\xcf LD\
G\xf3D\xc9\x8b\x88e\xecb\x81\x84<\xd2\x9a\xebj\
<\x9d\xaa{`\x0c\xbcD\x02\xadv\xd0sE\xa6\xb3\
\x083\x99\x8c\x9b*\xa67#\xce-\x98*\xa2\xc7Z\
\xe8pK\xea \xba\x05\x81\xf3LY\xf0\xf2\xb8\x1eI\
-\xc6\xa0\xebi\xec5\xb8\xaa/\xf7\xe9\xba\x98\x06\x13\
\x92\xc9$\xf2\xf9|\xcf@\x96/_\x8e\x8b\x17/:\
\xae\x93\xd0M\xf4\xe2]\xc8\x004\xdc\xba\x90|\xbd\x16\
>\x96\x05,\x05'=\x84\x91C/\xad\xa2\x11'[\
\x19\x17\xfe\xe9\xdei6Rg\x8c\xb0\xf0,P\xae\xd5\
\xe0g\xb3\xa8[\x8bvW\xf4\xcd7\xac\xc0n\xe2\x15\
\x0e\xf1C\xf6\x90;1\x87^\xb1\x0f~\x88\x97\xff\xcd\
\x071\xf2\xf4\xd3\xb8\xfa\xee7\x02\xf0p\xee\xc9'1\
\xf1\xc0g:\x92$H \xec*\xc3\x87\xd4\xce\x1bZ\
;\xbfB\xce\xc6\x81h\xbd%Z\xf5\xef\xe5#A\xb7\
\xce\xd2\x0c\x81\x9c\x9f@\xbd\xd9\xec>\xa3\xb7K\x8b`\
\x1f\xef\xc8\xda\x93s.)\x0b\x90\x15\xdfs\xb9\x9c\x03\
~\x84^.\xff\xcb\xe2\x97\xeb\xcc\xbb?\xf7\xc8KR\
\xcf\xe5\x01\xee\xf7\x10\xa8V\xc2;N\xc8\xa5\xa7H\x8e\
\x9dCs]\x0cM\xa7\xd3X\xb2dI\xcf@\x86\x86\
\x86p\xe2\xc4\x09\xcc\xcd\xcdE\x10\x1e\xcd\xef\x8f[\xe0\
\x1c\xe2\xc8\x81\xea\xb6\xcb\xb8\xd0\x8acV=\xb0\x9e\x0b\
\x90\xda\x83h#\x91\x9d\x8bIk\x1cf1z\xc5\xee\
\x989]@\x08c<LNO\xc3O\xa7\xd1L\xa6\
\xd0\x0a\x9a]\xc5\x92N5\xcd89\x1f*\x02\xfe\xa8\
=\xe4\xa4\xa5\xeb\xfe\xb7><?D\xf9\xc1\xfb\xf0\xca\
_\x7f\xb6;\xf96\x00|\xc0\xc2\x07l\xbb\x87\x96\x99\
\xa8HD\x9cqD8\x5c\x883\x0eE\x7f\xef>\xbf\
m\x0c\x8c\xe7a\xb6R\x8ex\x22\x99I)\x06\x22\xd7\
I\xfa|d\xd1\x09\x5c\xcb\x8bU\xd0*\x163\xef*\
\x18\x22\x9dN;\xda\x0f\xeb\x1apU\x9b)\xeb\x02\x12\
H^*\xc7\x91N\xa7Q\xadV]\x9d\x86\xb9x\xdc\
\xad\xaa'0K\x9e\x11\x04\x81s\x06\x12be2\x19\
\xac\x5c\xb9\xb2\xa7\x8bu\xc3\x0d7\xb8y\xdb\x02\xf1j\
E\x0b6\x08N|\x17\x1a\xd5\xb5\x90\x5c\xa4\x96m\xd1\
\xdaK\xb2\xa8\xe3>C\xab\xf9\xe9\x90\x8c\xf3(\xfd\x99\
L\x85\x91\x0b\xe1>\x13\x09X\x03\x94J\xb3\x08R\x19\
4\x97.E\x13\x16\x01B\x04\x06\x08\xbaj\x88\x80\xa6\
\xac_\xae\x87\xdc\xc4\x1b\x87\xf4\xa4\xbb\xf2_\x00X\xdb\
m\x84\x0a`m\x80@r\x00\x1bD\xf2\x85h\x85\xbc\
g(\x0eZ\xf7\xba\x09\xb9\xd7]\xf8^/\xf4\x0a\xa8\
v\xd3\xc9\xab:\xdf)\xb4\x16-\x00A*\x83\x96\x01\
\xea\xd5F\x17\xbd\x0b\x9d$\x8ex\x10\xe9\xf3\xcff\xb3\
n\x81\x8aF\x80h\x93\x89\xc7\x91\x05\x9f\xcdf\x1d\x17\
N\xc6i\x8b\xa6\x003{y\xdc\x9fx\x0bN\xa8E\
a\x93\xe7\xb9\xb0\xbc-\xa3l\x5cc\x91\xf0\x8e=\x0a\
\x87_\x0c&\xc8g\x15\x0a\x05\xac^\xbd\xbag \x9b\
7o\x0e\xfa\xfb\xfbC\xae\x11\xb0\x92\xbb\xec\xe0\xda\x0b\
\xc4\x85<:\xc6\x8f3\x22\xd6\x7fe&0W\xe25\
h\xa0\x0dF\x8eI\x0b\x05\xc4\xc9\xf5k\xe2\xa4\xec2\
2N\x0dn\xee\x87E\xa5\xd1@r\xe5J4\x00\xb4\
yAu\xc5\xa6\xe3(\xe6\xf3(\xebV\xf1\xaa\x08\x15\
\xd2\xcdNp$H\xa3\x18\xbd\xd6A\xcc\x1c6]\xae\
B\x1ei\xe4RrD\x91\xe7QN\x12\x00h\x87\x06\
\xa6\xd0\x87z\xab\x1518c\x0c\xfa\xfb\xfb\x9d\xf7(\
\x16\x8b\xe8\xeb\xeb\x8b,\xf6\xfe\xfe\xfe\xc8\xe8\x0a1(\
I\xc4s\xb9\x9cK\xd0E_9\x97\xcbE\x12y\x11\
\xf4\x13\x83`o%B\xe5\xd2\x09\xca\xf2\xb5\x12\x11p\
\xa7(\xcb\xddr\xa2/\x9f\xc1\xf33%$c\x03\xe9\
z\x9a\xca\x9a5k\xea\xce@\xd6\xae]{~\xdf\xbe\
}\xaf\xca\xc2\xaaT*\xaeW\x5c\x16=\xd7\x13t\xbd\
\x82\x17\xab\xec\xe4\x97\xf3 \xba\xe6!\x06\xc1^\x84\xf5\
[\xb9\x90\xa8\xfb\xdfyb\x95n\xe9\xd5\xba\xb1\xf2=\
\xc4H\x5c!\xb1\xc3y\x87\xef%paj\x12}\xd7\
^\x8b*\x12h\xc2 \x08\xa3\xb5\x8f\x80\x84\xa4\xadQ\
\x9eC\xf5s8\xc1i\xc3p\xaf\x89\xa8\x8f\x84\x86+\
\xe4p\xa8Y\x18\xd3X\x15\x122\x15I\xd6\xbb\xf9\x92\
;&\xf4\x8e%t\xad\xc0\xe8\xc2\xcb\xbd\xff\xdb\xb0h\
\xc2\xa0\x01\x83\xe4\xe0bL\x97\xab\x9d\xbd\xc2vP<\
\x99\xff\x92L&188\x88\xfe\xfe~\x17a\xe4\xf3\
y,]\xba4\x22<^(\x14\x90\xcf\xe7\xdd:\x90\
\xf0L\x16\xae\xe8)\x8b.\xb2\xec\xde\xec\x91\xb4\x07J\
\xa5R(\x14\x0a.\xd7\x10\xaa<\x13\x0f\x05@`\x05\
O\xce\x8d\xd8#1;YB09\x1e1\xa0\x89\x89\
\x89\x13\xabV\xad\x1a\x8f\xc8\xfe\xf4\xf5\xf5\x85\xb2\x10K\
\xa5\x12r\xb9\x5c\xecd\xd98a/\xe6P1!P\
+\x1b\xc6\xa1M\x9a\xed\xc9\x9f\xa3\x8dO\xbc\x0a\xcf\xae\
\x10`Av\x1b6\x00\xf6Nq\xef)\x9c\xb3N1\
\xb9\x83W\x9d\x19\xbb\x80\x81\xd5k0g\x0cj\x00\xda\
\x86%>\xa3\x09\xb9\xf6\x1c\xa11\xf4\x98\xed%\xe6\x14\
vE{\xc8{\xc9{\x94\x90\xa8\xfaB\xd8K!\xda\
;\x12\x1aE\x7f1\xbd\x06.g\xcc\xac\xd9e\x0c%\
\xe7@\x0b@\xc3\x1a$\x8bE\x8cO\xcf8\xf5\x15t\
\xc3\xa3|>\x8f\xc5\x8b\x17\xa3P(\xb8kY(\x14\
\xd0\xdf\xdf\x8f|>\xef\x22\x0b\x09\xbd\xb8\x06!#*\
\x04I\x92\xf7\x93\x02\xa1\xa0El0\xe2q\xa4\xb0'\
\xca5\xb2\xc1\x16\x8bEg\x84\x02\xee0\x1f,\x99L\
\xceK\xd0%\x0fb\x0a\xbex\x141d\xa6\xe2\x0f\x0c\
\x0c\x98y\xda\xbc[\xb7nu\x0b\xf7\xd2\xa5K\xf3\x0a\
9\x1c\xf7\xcb\xff\x9cLK\x1b.\x0bxI\xfd\x82!\
c\x9d\xcb\xc4\xe9\xb7\xc6U\xd3\xd9{q8&}\x1f\
Lq\xd6\x9f\xcd]\x8b|\xbc\xa2X\xef*\xc108\
~v\x18\xf9\x81A\xd4\xfa\x07P\x07\xd0\xb2\x02\xed\xda\
h\xdd \xc6s@)\xb5\x072\xc3C\xdad\xad\xee\
!\xc7<\xcaz\x8f[\xc5\xbd\xeeDk\xd1\x15rM\
\x97\xb7\xca\x98A\x88\x1a\xd5!m7\x84l[\xa0\xe9\
\xf9\xf0\x92\x19\x8cNN\xf4B,\xdb\x19\xde\xda\xd7\xd7\
7/\x84\xea\xef\xef\x8f\xe4\x07\xd9l\x16\x85B!2\
\xb9X\x0c\x86\xff\xef\xef\xef\x8f\x089\x14\x0a\x05\x17n\
\x85a\x88|>\x1f\xe9E\x97\xe9er\x93\xf0\x8d\xab\
\xe8\x92\x8c\xb3g\x90\xe7\xc81K\x0e%\x9f\xc3E\xcf\
 \x08\x9c\x17\x14\xc3^\xb1b\xc5\xfc\xf1\x07\x83\x83\x83\
\xc3\xb2XEcJS44_FW\xadE$N\
\xe2I\xe9>d\xc8\x8f\x17;\x87D\x82~i)\xca\
8C\xe2\xaa9\x87h\xcc\xe8\x14C\xd2(\x9b\xbcF\
v\x93R\xa9\xd4\xfd,\x8b\xd0$\x90\x08,Fj\x15\
\x14_\xfbZT`P\xf5<\xb4m\x22:\xa2\x00\x88\
\xe6\x14P\x94v\xa1r\x10\x91q\x1ee\xdd\x84\x11\xe1\
\x06\x11\x92\x8b\x0a3(\xcfa\xe0\xe6\x1b\xceK\xc8\x8d\
\xa2\xb5\x98\xeet*\x8f\x80\x01\xdb\x1d\xf1f;\x8dT\
\x0d\x00\xad\xd0\xc0\xbfj5\xc6k5\xa0-f\xdb\xc9\
\xc7V\xacX\xe1j\x19b\x1c2\xe9X\xda\x08\xd8`\
d\x93\xca\xe5rN\xc3\xcc\xf3<\xe7qDO-\x99\
Lb\xd1\xa2E\xc8\xe7\xf3n3\x13\x91?\x9eY\x22\
TzV\xcdd\xba\x8b\xe4\x1az\x8e\x0c\xb7\xf3\xca\xfb\
\xb2\xa8\x87LG\x13\xd0F\x8cT\x8c\xbe\xd1h\xec\x9d\
g {\xf7\xee}Av\xefr\xb9\x0c\xdf\xf7#\xbd\
\x19z\xa6\x9cF\xb4x\xc0\x8e\x9c(\x9e\xde\xc3a\x14\
'\xf5\x12&\xb1\xfe\x91\xbc\x07\x87p\x9a2\xcf\x06\x11\
G\x8b\x89S\xdc\x90\x22\x11\xf3oD5\x85C\xbdc\
\xa7Na\xf9\xe6M\x98\x82A\xdd\x86\xa8\x99\x0e\xb2d\
M\xb4b\x1e :\x86\xc0\xa9\xac3\x8b6\x92\x90#\
vZT\xcf\xa8\xac\x83e{\x09\xb9\x99\x97\x90\x87?\
 !w\xe7\x026\xc2F\x96p\xacmB\xb4a\xd1\
\xb2@\xc9\x1ad\x16/\xc1\x85\xf1\xf1\x08\xafNv\x7f\
i3\x90\x0dL\xc4\x05\xb3\xd9\xacK\xd0\x1b\x8d\x86\x83\
|\x8b\xc5\xa2\x0b\xb7e\xdc\x85,\xf40\x0cQ,\x16\
\x9d\xb7\x91\x05*I\xb7\x5c;A\xcb\x98\x9e\x22\xc5J\
\xf1@\x82\x90\x891H\xa8\xc4E\xef|>\xef\x16\xbf\
(\xe1\x08\xc8\xc0\xd1\x8e\x1c\x1fA\xbf\xa3\xf3\x0c\xe4\xed\
o\x7f\xbb\x91\xc2\x8dt\x13\xca\xfcq.\x0e\xe9p'\
\x8e\xf2\xceF\x13\xe7}x\xf7\x97\x10H\xbc\x8f\xc4\x8f\
\xdc\x7f\xc2\x0a\x8e\x5c\xb8\x14\x1a\xbcL\x9abD\x8bg\
#\x8a\x811\xbc\xc7#\xa9]ga\xf7\xf8\x8e\x9f9\
\x0330\x88\xfau\x1bP\x81A\xb3\x9b\x04\x07V/\
H\x13-\xcc\xf1(\x04\xc3y@\x94E\xdb3\x00\xe3\
\x8a\x7f\xe1\x02\xac\xdc\x80\xb9Vf~\x85<\x92\x90\x1b\
\x1a\x10jLO\xb3\x17\x86<\x91u\xc8U+0h\
\xf4-B\xdb\xf316~)\x121H%Y\xc6\x02\
\x5c\xbcx\x11\x97.]r3D\xb2\xd9\xac\x93\x92\x0d\
\xc30\xb2X+\x95\x0a\xd2\xe9\xb4\xcb7\xe4\xdcK\x0e\
\xc2\xeb#\x9dN\xcf\x1b\x0e+\xe2\x1aLS\x11\xb0@\
B\xe3t:\xedD\x0d\xc30D.\x97s\x1eI\xc2\
5\xf1b\xa2\xf8Y(\x14\x5c\xf8/\x0c\x12\xe6x\x89\
\x07\xd9\xb0aCs\x9e\x81\x1c9rd\x97X\xa7\xa8\
!\xae^\xbd\xda\xb5\xc0J|\xaf\x05\xc3t?8\x1b\
Q\x5c\x98t9\xef#_\x9e\xdb#\xd9\x988\xe9f\
Q\x08\x09\xd5\x04\xce\xd3\x22\x00\x9a\xa6\xad\xb1\xf0\xe9\xe9\
\xe9yzO\xc7/\x5c\xc0\xca\xd7\xdf\x86K\xd6C5\
\xb4h\xd8N\xc2\x1e\x1a\xe1)u\x13r\x8f\x17\xa6\x81\
5\x9e\x9bN\x1b\xc99L\x87x\xd83\x0a\x85:\x19\
\x13;b\xcd*jI\xa8\xc2<N\xc8\xad\xea\x1b\xe1\
\xf9!\xa1\x01\x02\xdb\xcb;\xea0\xa8\xd9\x04r\xabV\
atr*\x16\xde\x15Dsff\x06\xa5R\x09\xcd\
f\xd3\xe9Y\x9d?\x7f\x1eccc(\x95J\x11\xbd\
\xe6j\xb5\xea\xd0\xaan\xb8\xe2<\x8ex\x17\xc9\x19\x05\
\xf2e9\xd0\xfe\xfe~\xd71j\xadE__\x1f\x06\
\x06\x06\x22\xd2\xb4\x12~I.\x22\xc6!\x9b\x9e\x84U\
\x22&\xc8\x5c2\xeeE\x17\x10\x80\xfbM|\xdf\xc7\xc8\
\xc8\xc8\xb7\xe6\x19\xc8\xf6\xed\xdb\xabW_}\xb5[\x8c\
\xe5r\xd9%U\x22\x1c\xbd\x102\xc4\x12\xa0\xb2\xb0y\
\xf2\xad.\xfe\xc5!T\x1a\x08\xe0V^y\x7f\xdd\xb5\
\xa6+\xfcr\x8c<\xc6M\xb3~\xc5\xa8\xb4\xe2\x85\xd4\
DL\xb7\x93\xf0\xe0\xe1\xc3\x18X;\x84\xea5\xd7\xa0\
\x04\xa0b\xac\xab\x8bX\x98h\xb8d{\xd2\xa3\x98G\
\x1e\xfca\x12r\xe3x^a\x97c\x1f\xaa\xe7\xffC\
\x12\xf2\xce\xf7\x8c\xd6MB\x00M\x00UcP\xc9\xe7\
\x81|\x06'G/tC9\x1bi\x82\xe2\x1e\xa1z\
\xbd\x8e\xe9\xe9iLLL\xa0\x5c.;e\xcaZ\xad\
\x86\x89\x89\x09\x5c\xbcx\xd1)\xcf$\x93I'H\x9e\
J\xa5\xb0x\xf1b\xe4r9\xb4Z-\x9c;w\x0e\
\xbe\xef\xbb\xe4_\x84\xc3}\xdf\xc7\xc0\xc0\x80\x9bQ\x92\
J\xa5\xd0\xd7\xd7\xe7\xbcB\xb3\xd9D&\x93\xc1\xc0\xc0\
@$t\x17(Y\xae\xa9\x18\x83\x1e\x03(^J\xd6\
\xb7x\x0f\x96\xbe\x95\xfc\xe9\xc6\x1bo\x9c\xefA\xde\xfa\
\xd6\xb7\x9e\x0e\x82`B>hbb\x02\xcb\x96-\x9b\
\xc7\x99b\x8a\x08\xe7\x09\xe2uxJ\x94\x18\x96\xb8I\
\xeek\x97]\x9e\x95\xe3%\xce\xe5\xdexf]rn\
\xc3\xf71AMk*q\xf3\xbe\x84b\xda\xa3\x18c\
0==\xdd\x8b\xc1\x8dA\xab\xd5\xc6\xd1\xd1KXu\
\xd7]\x98\xb4\xa6\x13jY\x83\x96A\x97\x82\xe2\xa9p\
I\xa9\xac[\x1bI\xc8C7\x8a\x93\xe4\xfcm/3\
\xe9\xe5.6\xa2\xf2\x1e[!\x8f\xe4\x1c6*\xdc\x80\
n\x15\x9c\xe6\xad\xb7\xa5\x1e\x13Z4\xd1\xf5\x1e\x01\x90\
[s\x0d\xce^\x9aF\xfb\xffo\xef\xcb\xa3\xe4\xaa\xaf\
3\xbf\xf7j\xed\xaa\xea\xbd\xd5\x9bZ-\xa9\xb5\xab\xb5\
\x10\xb4#\xa4\x06a\x03\x12\xc8&\xc1\x0b\x8e\x17\x0e\x18\
\x12g\x86\x80M\xc6\xc9\xe4\x8c\xc7\xf6\xb13g<g\
\xe6\xd8I&\xf6\xe48>\xc9\xd8`\xb0\x99\xb1\xf1\xf1\
\xc2\x100\xd8\x1c\x1c\x8c\xc0Fh\x03I\xd6\xda\xad^\
\xd4KUu\xd7^\xf5\x96\xf9\xa3\xde\xfd\xf5}\xb7\x7f\
\xd5\x80\xcdn\xea\x9c>\x92Z\xdd\xb5\xbcw\xef\xefn\
\xdf\xfd>\xcb\xae\xca$\xb06.]\xb3|\xbe*K\
G\xac\xfcD\xe5\x9a\xcb\xe5\x90L&155\xa5\x18\
g\x8a\xc5\x22\xc6\xc7\xc7\x91\xc9d\x90\xcb\xe5\xd4\xfd&\
\x9a%\x1a@\xd3\xe9N\xb5'\x19/9%1\xf5\xd3\
\x9c\x82\xea\x14\xfa\x1e\xd9\x1e\x0d\x1ey]BS}\xbe\
;\xd4\xd4\xd4\xa4\xe4/\xa8!@\xb5Scc\xa3\x82\
\xc4x\x0e4\xb4c\xc7\x8e#s\x1c\xa4\xb3\xb33\xb3\
z\xf5\xea<\x9d\xce\x17.\x5c@cc\xe3\x9c\xd4I\
\xd7a\xe2\x9d-\xaa\x09\x08\xfb\xc2e\xa4\xf9\xca$\xaf\
m\xa8\xddJ;\xca\x14>y\x9dB\xc6\xcfY\x13\xe9\
\xf9\xf9\x90\x91\xb7\xfdx\x9a%\x97\xf6\xe5\xc0\x88B\xbf\
*\xf0M\xe0\xd0\x0b\xc7\x11\xed\xee\x82\xbdi3\xd2\xae\
\x81\xbcw\xfa\xdaF\xd5h-\x83\xd1\x81\xd2 \xd1u\
4,\xeb\xc6\x9cm?\xc7ukO\xc8\xf1\xf2'\xe4\
.+\xdc\xf9r\x14=\x9f\x8d\xaa\x0a\x96\x05\x17\x15\xa3\
\xfa\xfe\xcb6Pj\xeb\x84\x1d\x8abpp\x14\x06\xc9\
1x\xa9G(\x14\x82\xed:\xea\xf0\xa2\x16~\xce\xe3\
%\x1b\x1c\x1cD:\x9dVd~T\x8b$\x93I\x1f\
\xb7\xc1\xcc\xcc\x0c&''155\x85B\xa1\x80t\
:\x8dx<\x8e\x99\x99\x19\xcc\xcc\xcc\xa8:7\x1c\x0e\
+g\xa1\xc2\x9e\xea\x0dr\x18\xaaA\xa8!@\x9d2\
\xdaP\x0c\x04\x02\x88\xc7\xe3\xa8\xaf\xafW\xf6\x15\x8b\xc5\
\xd0\xdc\xdc\x8cP(\xa4\x1c\xb6\xa1\xa1A1\xfds\x95\
[\xb2\xb1\xae\xae.\xbb\xa6\x80N:\x9d~\xccu\xdd\
[\x1c\xc7\xc1\xd8\xd8\x98*\xc4\xe8D\xe1\x18-^\x8f\
\xc8S\x9e\xeb\x08r8\xb3\xaem\xccI\x86\xe9\x83Q\
>(S..$\xca\x11\xc0\xbcv\xe2{\xd4\xb5\x16\
\xc0\xa8p\xe4\xa9\x1c\xe91Rq\x1a\xf0\x8c\xec\xd9\x93\
\xa7\xb0\xed\x8a\x01\x1c?u\x1a\xe1\x99\x14Z\xdc\xeaH\
Q\x81S\x18\xa9\x9b\xed\xba\x1aR7)\x85Pm\xb3\
\xce\xb7C\xeejP\xb9\xfe\xf9\x0b\xc7\x84\xcd\xa6q0\
\x1c\x9f*\xae\xab\xde`\x952\xa8\xe2\x02E\xc7\xc0\x8c\
\x11A\xacg\x11\x8e\x0c\x0e\xc3q\x0c\xb8\xe6\xec\xb2V\
\xb4.\x0a\x8f\xf7\x07\x15\xdb\x02JETl\xab\xca\xd7\
R6\x10\x8e\x84Q,W\x0f\xb2\xb2\xe5\x0dd]\xff\
\xeex6\x9bUi\x12\x19q\xa9T\xc2\x993g\xb0\
x\xf1bEf\xceI\x02K\xa5\x12\xda\xda\xda\x94\xcc\
7\x1d\xa0\xa4\xddA\x8eH\xbcm\xf1x\x5c\xa5x\x94\
B\x91>\x8di\x9a\xeap'5\x00\x1a \x12\xa5\x15\
\xd9ESS\x13\x92\xc9\xa4\x8a \xe5r\xf9\xa75e\
\xa0W\xadZu\x86\x8cjtt\x94&\xec\x0amK\
C\x1c>\xbb\xe05\x09GHRG\x8cNh\x1e\x81\
\xa4S\xf0\x0e\x02\xe7\xd1\xe2b\x9e\x1c\xa6\xce\x09\x8f\xe9\
y\xa5\xb6:o\xef\xf2TKR\xe8\xf3\x1d\x00\xcb\xb2\
\x90\xcdf=\xd6\xc1\xaa2\xed\xf0\x85q\x8c\xdb\x0e:\
\xae\xdd\x8b\xd1`\x10\xd3\xae\x81\xa2\xeb\xa5-\xae;[\
$\xbb\xba\x09\xb91gg\xc3\xc1\x5c\xd27_\xed \
\x9d\x83+\xe2Bt\xc6DAN\xaf\xe7+\xe4\xe1V\
\x8bs\x17(\xb8&\xa6\xdd\x00B}+1\x91\xc9\xe1\
\xe2T\xb2\xeaf\xc4\x8f\x15\x0c\xc2d\xe8h\xcb\xb2`\
U,\x95\x19\x04\x83A\x8c\x8f\x8f\xab\x1a$\x9f\xcf\xa3\
X,\xa2\x5c)\xa3P*\x22=3\x8dB\xb1\x80|\
\xb1\xa0\xd2d\x22\xefK&\x93>-\xcb\x5c.\x87\xa9\
\xa9)\xa4R)U\xf8\xe7r9U\xdb\x10\xa8\x91\x08\
\xc6)\xda\xf0\xee\x1a\x15\xfa\x94\xbe\x93|\x06\x0d\x1c)\
u\xa7\x8e\x1a\xc7\x12\xf2\x99\x09\xcf&:::\xce\xd7\
\x8c \xa9T\xea\xc9X,\xa6z\xdd\xf9|^\xc9\xe4\
\x12\xab\x88,\xb8i\xd2I\xadZ\xde\x22\xe4\xa9\x0f\xa5\
?\xd4&\xe4\xac\x17\xd4\x89\xe2\xd0i\xa9U\xa1[\xe8\
\xa2\xe7\x90Z\x86\x1c\xf2\x22#\x05=\x0f\xe9\x8d\xc8n\
\xd7\xc4\xc4\x04\xe2\xf1\x04\x10\x08\xc2\x84\x0d#\xe0\xe2\xa9\
\xc3\xc7p\xfd\x8e\xad\xc8l\xdb\x81\xc9\xa7~\x81\x80\x01\
\xd4\x19nUT\x87\xd3\x8b\x1a\xa8I\xea\xe6\xc2\x98\xb3\
6;\xff\x0e\xf9\xac\xa4\x82\xe2\xb6\x12\x05\xb9+\x0ar\
G\xfc\xbe\xed\x89\x8c\x96\x01\x14\x5c`\xc65\x80\x8eE\
(\xd7\xc5\xf0\xe2\xd1\xa3\x08\xa8\xa1\xa0\xc7\xa8\x1e\x09\xab\
\xe2\x96\xa3\x0f\xcc\xc0l\xf6\xc0EWy\xcb_5U\
<CumG\xd5\xa5\x94.\xd5\xd7\xd7\xab\xb60=\
H\xd0\x88\xf8\x93I&\x9c\x08\xc7\xa9\xa6\xa5Z\x83\xa2\
\x13G\xf7R\xadK])\x92\xe5\xa0&A\x22\x91\x00\
\x00LOO\xfb\x96\xb7$\x8a\xd7;\x5c\x9f\xac\x19A\
n\xb9\xe5\x96cuuu9\xfa\x00\xa3\xa3\xa3X\xbc\
x\xf1\x9c\xc5%Y\xa8\xf3\x0b\xc4\x8bp\x9ai\xd0\xf7\
)\x22\xf0\xd3\x9f\xf3\xba\xf2\xe97\xc1\x08d\xd7\x89\xef\
%\xcbv\xb2\x8e\x16\x9f\xafWJ\xe5V\x0eG\xe0;\
\xcc\x93\x93\x13U25o\x15\xd7p\x1c\xfc\xe2\xf0Q\
\xf4\xec\x1e@v\xcd\x06L\xba\x062\x1e\x86\xa9lV\
\xdb\xa7\xae\xd7\xee\x85\xb7\xae\xcb\x81\x87\xf0u\xba\xaa\x05\
\xfcKN\xc8I\x80SM\xdc\xfdCJ\xdf\x84\x9c\x81\
\x1am\xda5w\xaa\xcfc;\x01\xe4] \xeb\x18(\
\xd5/@\xa4\xa3\x0b/\x9c>\x0b\xdb\xdb\xbf'\xa7\x0c\
\x85\xe7v\xfe\xac\x8a\xa5\xc8\xf7\x02\x81\x00\xd2\xe9\xb42\
<*\xca\x89\x9d\x9f\xd4\x90\xf3\xf9|u>eU\xe0\
\xc0E\xc5\xb6P\xaa\x941<:\x82J\xa5\xa2\xda\xc5\
T0OOO#\x99L*\xfb(\x95JH\xa5R\
\xc8f\xb3j?\x89\x06\x96\x13\x13\x13H\xa7\xd3\x08\x85\
B\xbeA&e8---\x8a\x98\xdc\xb2,\xd4\xd7\
\xd7\xa3\xad\xad\x0d\x8e\xe3 \x9dN\xc3\xb6m\x85\xed\xca\
\xe5rhiiQ\x91\x91P\xbc\x1b7n<\xe6c\
\x8b\xe7\xff\xf8\xa7\x7f\xfa\xa7\xfc\x8d7\xdex\xc7\xb1c\
\xc7\xeai\x04\xbf|\xf9r\x1c?~\x5c\x15C\x9c,\
N\xcaBs.#\xa9\x94JoD\xc7\x86\xc2\x0d_\
\xce0\xa4\xfc\x96N\x03B\xaa\xad\xea\x18\xc1%\xb92\
?I\xa4R+-\xe0\x90\xc4\x82a\x18(W,\xe4\
\xcb%l\xd8t)\x06/N\xc0H&\xe1\x04\xaa\x9b\
\x88\xd5\xaa\xc4\xf4\x9c\xc1\x1f)\x1c\x0f\xf8')K\xb9\
\xd4\xb3\x9f\xd4M\xd7\xca\x9d\xad5\xc0H\x22\xf8\x10\x90\
\xd22\xdb\x98\xdd\xfb(\x1b@\x16.\xf2\x96\x81\x5c\xac\
\x15\xf5K\xfbpxh\x10\xa9\x99\xcc\x9ck\x19d\xf0\
\xf2Y\x08\xcd,\xc9\x9fi\x9a>.1\x8e\xc8\xb6,\
\x0b\x8e\xed \x10\xf4\xa7\xb1T[\x94\xcbe\x94K%\
\xc4\xeab*E\xa7zA\xb6\xeb\xf3\xf9\xbc\x8f\x89\xa4\
R\xa9 \x9f\xcf\xab\x0e)9\x03\xe9X\x12\xc0\x913\
\xe8\xd0B\x0d\xf8\xdb\xb7\x00\x00 \x00IDAT\x16\
\xa7\xcc%X\x8ca\x18\xc8d2H\xa5RX\xb6l\
\x99\xaf\x0b\x1a\x8f\xc7\x8f\xec\xda\xb5\xebokF\x10\x8f\
\x02\xe8\x11:\xddO\x9c8\xe1\x9bNr\x0e]\xce\x98\
\xc7\xa3\x09\xcf\xf9\xf9\x90\x8f\xe3\xf3\xa5\xa0;\x9f\xcc\xf3\
\xefK\xadk\x99VQ.\xaa\xa3\xa3\xe1N\xc3\x9fO\
\xd6\x22R\x91\x88\x96s.^\xbc(\x10\xc9\x06F&\
R82>\x8e\x95\xd7_\x87\xc9\xbe\x15H\xda&\xb2\
0P\x82\x0b\x0b\xb6Z\xa2\xe2\x03>\xdf\xcc\x03s\xf1\
\x5c>\xc8\xfaKL\xc8\xab\xad\xdb\xea\x84\x1c\x02\x22o\
\xd3^\xbc\x0b\xaf 7Pp\xaa\x91#\x17oAb\
\xd9J\xbc0r\x11\xe3\xc9\xcc\x1c\xb99\xbe\x5c\xc4\x8d\
\x9f\x06m$v\xc9;Z\x14\x01(\x8dvQ\x9d}\
\xd1\x179\x87\xe38H\xa5R\x88\xd6\xd5!\x97\xcba\
ffF\x9d\xf0\x94\xc6\x17\x8bE\xe4r9\x9f\x1e\xe5\
\xe4\xe4$\xd2\xe94\xa6\xa7\xa7\xd5\xf3X\x96\x85T*\
\x85L&\xa3\xd4\xc5H\xfb\x92\x1c\x8e\xf6K(\xaaq\
\x08\x0a\xa5q\x94v777\xfb\xec*\x14\x0a\x1d\x95\
\xfe\x10\x94\xdf\x88F\xa3\xff\x0a\xe0fRf\xaaT*\
\xe8\xee\xee\xc6\xe8\xe8\xa8\x8f\xf7\x94\xf3f\xc9B\xbaT\
*\xa9^7\xe7\xa6\xe2\xbb\xee|\x09K2u\xf36\
,QT\xeav\xcb%!6G\x0e\xcbB^'f\
O\xc5\xa0$\x10\xa3\xf7=22\x82\xc5\x8b\x17\xcf~\
\xcfqq\xea\xdc0J\xe52\xd6\xed\xdb\x8b\x93\x8fF\
P\xfa\xcd14\x1b\x0e\xea=\x1d\xf2\x00'Op\xa1\
\x8d\x1cT\xacCG\xea\xe6S\xac\xf2\xc0\x8b`\x93z\
\xaa9\x1c\x06]qgu\xd3+n\x15\x80X@\x00\
3.PhhC\xfd\xe2%xqd\x14\x17&\x93\
\x08\xba\xfe\x19\x0b\xdf\xe3\xe6u\x1e\x1f\xaaQ\x8e/9\
p\xf9\xbd\xe0\x07\xa5i\x9a(\x97JU\x8a/\x0f\x10\
\x1a\x8dF\xe1\x04\x1c\x98\x86Qe\x8f\xf1V\x97\xed\x8a\
\xa5\xe6\x12\xd4f\xa7\x08A\xbb$\xe5rYa\xc2(\
\xba\x13D\x88Z\xc3\xed\xed\xed*\xe5\xcaf\xb3\x0a\xab\
E\x18/\xaa}9\xd9\x03'\xb6\xf3\x0e\x82\x7f}I\
\x07\xd9\xbf\x7f\xff\xd3\x8f<\xf2\x88\x95J\xa5\x82\xa4\xfa\
\xb9j\xd5*\x90<\x9b4j.y@';y2\
E\x0er\x0e*\xd8x\xbb\x96\x1b0\xdf)\x96`C\
zn\xde\xa1\xe2[\x8e|\xa1FGb&\x09&8\
\xdd\x11\xafs8\xefl\xa5R\xc1\xc8\xc8\x08z{{\
\xe1\xba\x0el\xc7\x86\xeb\xb88u\xfe\x02\xf2\xd9\x1c.\
y\xd7\x1e\x8c$b\x18;\xf8kX\xae\x8d\x98\xe9 \
l\x1a\x08U\xcfx\xe5\x02>2\x07\xe5\x1c5H\xdd\
4\x13r\x09\xa3\xf7\xed\x94{\xf5\x8c\xedTS\xaa\xb2\
\x0b\x14]\x03\xd3.\xe0v\xf4 \xd6\xd9\x8d\xc3\xe7\x07\
1\x91\x9cA\xc8qP\x0980]\xd3G\xaf#Y\
\x06\xc9\xe0\xa9q\xc2\xf5]t\x9a\x844\xd9\x96\xf2z\
\x013\x80B\xa5\xa0\xa6\xe8\xc4\x8eIQ\x82V\x0c\x08\
\xf1m\xdb6\xea\xeb\xeb\xd5\x81H\xad]\xaefK\xf2\
\x80\x94R\x11\xd0\x91O\xe4\xeb\xea\xea\xd0\xda\xda\xaa\x22\
\x0e\xd1\xe8\x12\x0e,\x93\xc9`\xc1\x82\x05*:z\xd1\
\xccZ\xb7n\xdd\xd3sjX\xf9\x0d\xd7u\x87\xb6o\
\xdf>D\x86u\xee\xdc9tvv\xaai8\x9d,\
t\x92p\xf1M\x8e\xa3\x92\xd1\x836\xcatb\xee\xfc\
\x06\xd1ssR\x06\xde\xba\x95\x10\x11)\xf1\xc5iR\
\xb9\xb6\x1d\x15\xe0\x92=\x9ck\x93H\xfa\x17j\x15^\
\xb8paV\xc4\xd4\xae\xc0\xb5m\x0c\x8e\x8e\xe1\xf1C\
\x87\xd1\xb4u\x13\x1a\xaf\xdd\x87\x91H\x1c\x93\x8e\x89i\
\x07\xc8\xba^\x01\xef-\x5c\x11A\x9b\x1a\xec)\x0ds\
\xc3G\xea\xc6wK\x08\xb2>W\xb2\xcdQQ\xa3\x82\
\xea>y\xc5\x05\x8a\x00r0\x90\xb5\x0d\xa4\x10Fp\
Y?\xdc\x05]\xf8\xf5\xc9S\x98H\xa5\x018pL\
\xc0t\xab\x08\x80`8\x04#`\xc2\x08\x98j\xee\xc1\
YH\xc8\x00)\xbd\xe1\xf7\x85\x93^H\xb2?\xc7q\
`[\xd5\xbc\xbfT.aff\xc6\x07F\xa5C\x96\
\xa2B\xd9\xaa\xc0v\x1dU\xd4\xbb\x06\x90J\xa503\
3\x83\x5c.\xe7s\xbcT*\x85\x5c.\x87\x5c6\x07\
\xbbb\xf9\xa2\xdb\xe4\xe4\xa4z\xcfuuu\xb0m\x1b\
\x13\x13\x13*\x9d#}\x98d2\x89t:\x8d\x9e\x9e\
\x1e\x95\x0a\x96\xcbe\xd4\xd7\xd7\x0f\x19\x861$\xfd!\
 \xbfq\xff\xfd\xf7;\xd7\x5cs\xcd\x86C\x87\x0e\xfd\
\x81i\x9a\x98\x98\x98\xc0\xee\xdd\xbbq\xf8\xf0\xe19i\
\x0d\x0f\xb7\x1c\xe6A'\x0d\xefBI6w>,\x94\
s\x09i\xc4\x1cJ \xbf8\xd3\x1f\xcdix\xca&\
EYt\xcf!\xd5Ty*\xc9C|4\x1a\xf5\x19\
I\xbeP\xc0\xd9\xf3\xc3X\xb0\xa8\x07\x9d\xeb\xfb1^\
.#;5\x01\xb8\x06*\x86\x0b+P\xd5\xad2\xdd\
\xc0\xac\x91\xb3\xba\xc2\x11[\x84N\xadB\xdd0\xbdm\
\xc4\xaaC\xd9\x9e\xc3Y.`\xb9\x06\x0a\xae\x81\x8ck\
`\xc62\x90o\xedFt\xe5*$\xcb\x15<\x7f\xfc\
8\x8aekNg/\x14\x0ei\xbb{\xf2\xf0\x92\xfc\
\x03<\xc2HF\x1b\xde\xb4\xa1\xdf\xa9\x94+>Yo\
\xee |P\x1c\xf2\xbaWp\xab\xa2\xa94S\xa3\x19\
[\xb9\x5cF\xc5\xd3\x88\x09\x06\x83p\x5c\x8f\x80\xdcC\
m\x10P\x91\x1c\x86\xa2Q.\x97C0\x18T\xec)\
\xd9lV\x89']z\xe9\xa5\x98\x9a\x9aR\x0e\x12\x0e\
\x87\xffy\xef\xde\xbd\x0f\xbfd\x8a\xe5i\xa6\xff\x18\xc0\
\xad\xf4a\x93\xc9$6l\xd8\x80\x83\x07\x0f\xce\xd1\x9c\
\xa3\x0fNE\x10]hJ\xb3\xa8\xb8\xa7\xbfs\x81\x1c\
\xa9O\xc7S(\x0e6\xe3\xf4\x96|%\x97\x93\xd2\xd5\
\xaaEt5\x89\x14\x98\xe4k\xc5R{\x84\x9e\xbbX\
,bll\x0c---\xb3'\xa5\xe3\xa0d;x\
\xe2W\x87\xd0\xdd\xdd\x8e\x8d[\xb7\xc3]\xba\x02\xe3\xbf\
~\x0e\xe1\xf1\x0bH\xb8.\xc2\xa6\x83\xb0Y\x15\xe8\x09\
\xd0\x1c\x06\x9cm\xd1\xafg\xe2W\xa62|;&\x96\
\x07\x1d\xb1\xe0-;\xb9@\xc56\x90w\x0d\xe4\xe3\x09\
\xc4z\xfb`\x84\xa3868\x82\xb1\xa9\xe4\xdc\xd3\x8f\
z\xff\xa6\xe1\xab;x\xe4\xe0\x07\x9c\xac\xd98\xb5\x8a\
\xab\xd9\xc3\x91\x0d\x95|>\x8fD\x22\xa1\xbaH\xdc\x01\
\xb9\x0d(2\xb7p\x18\xb9|\x1e\x86\x0b\x85\xd8\xa64\
\xbdR*\xc20M\xe4\x0b\xf9\xaa\xc8\x0f\x1b#P\x03\
\x81\xb2\x14\x02\xd8\x92\x0e\x0ca\xc0h\xe8\xd8\xd6\xd6V\
\x1dpz?S,\x16\xb1d\xc9\x92\x7f\xd3}T\xdd\
5\xc4\xee\xdd\xbb/\xe4r\xb9\x7f799\x19\xa5\xb1\
\xfd\xd2\xa5Kq\xfc\xf8q\xdf\x10\x8f\x9f\xca\xf2\xe2\xf2\
\x22\x88_D\xde5\x92\x83&>a\xe7CB\x1eE\
d\xebW\xd2\xe5s\xe1N)\xf2)u\xf2\xa4\xe0\x8a\
TA\xe2\x0eB\xff\x97\xc9df#\xa0m\xc3\xb5-\
8\xae\x83\xf4t\x06\xbf97\x84ps\x13\x16\xad_\
\x0b\xb7\xbd\x0b\x93\xb9\x12\xf2\x99\x19T\x00\x94a\xa0\x02\
\xb3j\xe4\xc6,1\x9dM$\x0c^\x84\xb0\xbc\xb4\xcb\
\x82\xe19\x04P\x06\x03\x19\xa2\x1a1J\x96\x81\xb4c\
b\xa6\xa1\x15\xc1e\xcb\x11\xea\xee\xc2P:\x83\xa3\xa7\
\xce\x22\x9f+\xaa\x1a\x08\x8ccW\xa9A1\xe7\x90z\
\xe3\x9c)F\xb6\xe3\xb9\x03\xc8\x83IF\x1f:\xc9\xb9\
C\xc8\xaf\x80\x19\xf0\x11\xc6\x11\x92\xd7\x85\x0b\xc3T\xca\
\xf4U\xbe\xae\xe9i\xed{\x08\x87\xc3\xc8f\xb3*\x8d\
\xa6h2>>\xee\xdbp\xa5\xe9}*\x95\xc2\x86\x0d\
\x1bT\xab\xd9[\xa4J/X\xb0\xe0\x8e\xfb\xee\xbb\xaf\
\xfc\xb2\x1c\xe4\xf1\xc7\x1f/o\xdf\xbe}\xeb\xf9\xf3\xe7\
\xd7\x10\xd2u\xd7\xae]x\xf6\xd9g\xe7\x18\xb1\xee\xd4\
\xe7\xff\xc7#\x0b\xe7\xda\xe5([\xd9\xea\xe5\xb5\x00o\
\xcd\xca\xe2\x5c7+\x91\xd2\xd0\xf4oNU\xaa\x1b.\
\xf24\x8fN#\xc9(I\xaf\x9d\xc9df\x8b|\x17\
0l\x1b\xb6[\x81\x05\x0b\xa3\xe3\xe38q\xe1\x02\xa2\
\x8d\xcd\xe8Z\xbb\x06\xd1\xde\xa5\xc8\x84cH\xa6gP\
\xb0,T\x0c\x13%\xaf\xdbT&\xf0\xa07\xb3(\x01\
(y\x7f\x96\x01\x14\xbd\xda\x22\x0f \xe7\x1a\xc8\xba\x06\
2N\x00\x19#\x04{\xe1b\xd4-]\x8e@k\x07\
\x86g\xb28\xf4\x9bsH&g\xe0\xc0\x86k\xd8\xd5\
:\xc7\xacB\xf79g\xadt\x10~\x92sy\x0b\x9d\
Sp\x87\x91)+?\xd48\x15\xa8\xe44\x93\xdc\x04\
\xd4|\xe1\xf8\xb8\xd9\x1a\xa7\x02\xd7\x8b\xd4\x9c\xa6\xd4\xaa\
X\xd5\xc3\xc9k\xe1r\xbb\xa2\xe7\xa1\xe9<\xd5(\x85\
B\x01\xa5R\x09\xd9l\x16\xdb\xb7o\xc7\xc4\xc4\x84\xfa\
\xbfP(\xf4\xe0\xad\xb7\xdez\xbf\xce\x17\x82\xb5\xc4\xd8\
\xb7m\xdb\xf6\xd3G\x1ey\xe4\x8f\x08\x04\x96N\xa7q\
\xc9%\x97\xe0\xc8\x91#\xea\x0d\xf1b\x9c&\xa1\xf2d\
\xe7\xb0cYK\xc86\xad\xbc\xf8\x92\xb6\x94\x0c\x9d\xef\
I\xf3\x8bLQ\x89:g\xbc>\xa1\xdf\xe1:{\xb5\
\x86\x89\x84\x1a\xe5\x83N\xce\xf2G\x03-\x82<TO\
3\xcf@\x1c\x17\xe5b\x19\xcf\xbd\xf0\x02~}\xcc\xc5\
\xe2\x85\xdd\xe8Y\xb8\x08\xdd\xcb\x96\xa3\x94\xcd\x22\x9f\x9a\
\xc4\xcc\xc5q8\xe9\x14\xdcb\x16\x01\xd7E\xd0\xdb\x89\
\x9f\xd5\xf2\xa8n/V\xe0V\xa3L\xb8\x0eF\xa2\x01\
\xa1\xe6\x16D\x12\xf5\x88\x85\xa3\xb8X(\xe07\xa3\xe3\
\x18\x1b\x9f\xf0~\xcb`\xfb\xe4\x86\x02\x11\x06\xbd\x09\xb9\
T\xaa\x950\x1e\x9f\x10\xa67\xdc\x94\xb5\x85t\x18\xde\
\xda\xe7\x87R\xb9\x5cF\xd8\xc3\xb6\xc9(\xc5\xc1\xa1\x04\
b\xe4\xfa\x94\xc1\x80'M\x10\xf0\xaewU\xb7\x5c\xa5\
M\xaav\x0a\x980\x83\x01\xa4g\xaa\x91%\x1c\x0c\xa9\
\xce)\xcdb\xa8\x89@\xf7\xbc\x5c.\xa3\xa7\xa7\xc7\x97\
^\x95J%\xf4\xf4\xf4|\xbf\x96\x1f\xd4t\x90\xde\xde\
\xde\x07w\xec\xd8\xf1\x95C\x87\x0eE\x0c\xc3\xc0\xa9S\
\xa7\xb0r\xe5J\x1c>|X\xc1\xc3y\x04\xe1R\xcc\
\xbc\x00\xe3\x11\x81\x93I\xf3\x0d@.\x06*\x0by)\
\xf5,!/2\xbcS\x07\x86\xb0VR\xc3B\xd6#\
\xd2A8\xc12\x15\x85rZO0\x18\x82JPw\
O\x9e\x94\x8e\xe3\xe0\xcc\xe0\x10N\x9d;\x0f\x03\x06z\
:;\xd0\xde\xd2\x84\xa6\xfe~D\x82A\x04+\x15T\
\xcaeX\x15\x0b\x96U\xa9\x9e\x8a\x1en\xcb\x0c\x04P\
\x17\xf0\xea.\xc3@\xa1\x5c\xc1T.\x8f\x89\xb1\x8b\x18\
\x9e\x98\x80G\xd7\xeb\x13\x89\xe3S\xf9@0\x88p$\
\xec\xab5\xe4 \x95\x93Y\xf8\xea3\xcc\x16I\xfc\x9a\
\xe8\xea\x12)\xbc\xa98\xc8\xd8\x01\xc6\x0f9\xce\xde\xcf\
\xf1s\xd4\x02\xb6\x1d\x1b\x8e\xeb\x00\x96_z\x5cr\xb2\
\xd1AH\x93u\xc7k\xd2d\xb3Y%\xe7L\x07#\
\xadSd2\x19l\xd9\xb2\x05\xa9TJ\x0d=C\xa1\
\xd0too\xef\xcf^\xb1\x83\xdcx\xe3\x8dc{\xf7\
\xee\xfd\x81a\x18\x1f4M\x13G\x8f\x1e\xc5\xe6\xcd\x9b\
}o\x8ak\x9d\x93\xe1R\x0d@\x8fR\xa9\xa4\xf8\x93\
8\xb2W\x97^\xc9\xf6\xab\xae\x08\x94\x8e(OE\x9e\
K\x13BWj#JIj\x99ks@#\x09@\
J\x0d\x14~(\xd0I\xc4\x9dI\x0e'm\xd7\xc1\xf9\
\x91\x11\x9c\x1b\x1eQ\x86\x11\x8f\xd7\xa1>\x1eG8\x14\
D0\x10\x84iV\xfb\xb7\x96m\xa3lY(\x96\xcb\
\xc8d\xb3(\xe6\x8b\x8c\x01\xb2\x1a+\xfc[#~\xc8\
N\xb4.ZE\xe6j\x1a\x13\x5c&Y\xaa|\xc9T\
\xca\xcf\x80\x8f90!\xfe|<\x9a\xd0\x9e\x8ec;\
JB\x81?'\xef\x0e*Z\xa6\x8a\x05C4\x0f\x82\
\xc1 \xf2\xb9<`@\x01a\xb9\xb4\x1aM\xf2m\xdb\
F\xd0\x0c\xa0\x8eA\xe8\x09\xa6B\xfbIt\xcd[[\
[188\xa8\x22H$\x12y\xf8\xdak\xaf\x9dz\
\xc5\x0e\xe2qe=p\xfc\xf8\xf1\x0f\x12Q\xf1\xe4\xe4\
$.\xbd\xf4R\x1c8p`\x8e\xa6\x03\x17\xca\x91\xc2\
\xf1\xb2\xebE7\x88\x8c\x95N{n\xe4\x5c\xdc\x93\x8b\
0\xf2\x88 #\x00g\xee\xe6\x8aB\xfc\xb4$d)\
?Uk\xb1\xd1\x93\xc3K\xe5]\x89\x07#c\xe3@\
K9\x97q]\x0b\xae\xebat\xcdj\xfa\x93\xcf\x17\
\x90\xcd\xe7\xd5\x89m\x90\xd1\xb9\xb3\xa7\xb8\x0b\x00\x01N\
h\xe5\xfd\x1c\xfc\x0eM\x90\xee\x00}f\xb0\x1d\x18\xc7\
\xa9\x0e\x14\xbd{F\xd7@^\xbf\xf9\x22\x85L\xb5|\
\x1dD\x8f\xbe\x88\x1f|\xba\xc3\x87\xdfC\x9eeP\xf4\
0\x1c\xff5\xabb\xe0\xca\xda\xd40\x14\x0c\x22\x97\xcb\
\xa9F\x00\xb5\xf8S\xe94,\xab\x02\xdbv`\x06L\
\x04\xbd\xf4\xbbX,b\xf5\xea\xd5\x0a\x92B\xce\xb3p\
\xe1\xc2\x07\xe6\xf3\x01s\xbe\xff|\xdf\xfb\xde\xf7\xf8\xea\
\xd5\xab\xa7\xc8\xab\x8f\x1e=\x8aU\xabV\xa9z\x83\xde\
\x1c\xc7V\x91\xf1\xf3\xd3\x9f\x0c\x8c\xebFp:!\xb9\
\xe9'\xbbOR\x9c\x87s%\xf1<\x9a\x03&)\x8d\
\xd39\x13\x19\x88\xac{\xe4\xc9OF\xc0\xd9\x22%\xf9\
\x04\xef\x80\xf1\x9d\x16\xben\x5c5\xfa \xe0\x06\xe1:\
\x018\xae\x09\xc75\xaak\xae.`8\xd5?A\x7f\
z\x80*\xc3\x05L\x170]\x07\x86\xe3x^c\xc2\
\xc5\xac\x94rkk+\xfa\xfa\xfa\xd0\xd3\xd33K\xf4\
\x16\xabSp\xf0 \xdb\xf1Pr\x02,e1j\xd4\
\x1a\xf3\x15\xe6|\x00L\xa4z\x92\xddF\xea\xbf\xf8\xda\
\xeb\x0c\x81\xc1W\xac}\x10{\x0f7E\xffO)\x91\
C\x83I\xd2\xa4,WP*\x16a\xd9\xd5B\xbcX\
*z\xd2\x10\xd5\xd7-x8\xafL&\x83e\xcb\x96\
\xa9\xd9\x87\xb7z;\xb9s\xe7\xce\xc7\xe7\xf3\x81y#\
\xc8\xd6\xad[\xd3w\xdf}\xf7\xf7N\x9e<\xf9'\x86\
a\xe0\xf4\xe9\xd3\xd8\xbd{7\xfa\xfa\xfa0888\
\xc7P\xf9R\x93D\xc8\xca\xae\x08\xd5&T'\xc8Z\
\x84G\x11\x9e7\xd3i\xcdu!d\xfbWr\xfer\
p#=?\xed(s\x15$\x19Ex4\xa3\xa8\xc4\
\x1d\x8b\xa7P\xb2\xe5-\xd5\xacL3\xe0E\x10rF\
\x8f\xb0\x81\x08\xe6D\x1a\x04\xa5LU\x85\xcf\x9b^\xf3\
 \x91H\xa0\xb9\xb9\x19\x9d\x9d\x9d\xbe\x1a\xc2\xb2,X\
\x8e\xedS\x0b\xaeT\xbc.\x10;\x14l\xdb\xf6$\x16\
\xe0O\x1b\xbd\x14N~\xcf\xd0D\x04)\x81\xc1\xf5\x0a\
e\xfbWv\x1eM\xd3\x84\xe5\xd9\x08\x8fd\xfc\x90\xa3\
\xe7\xe0\x1b\xac*\x853\x0c\x04\xbc\xe1\x9fiV#D\
0\x14\x01\x0c\x03\xf9b\x01\x95r\xa5Z\xc3\xb8\x80a\
z\x5c\xd1\xb6\x85\x8e\xce\x0eD\x22\x91\xea\xcc\xa4TF\
\xd9\xaa\xa0\xab\xab\xeb;\xfd\xfd\xfd\xe9\xdf\xdaA<\xb6\
\x93\x7fy\xf2\xc9'o\x9f\x9e\x9e6L\xd3\xc4\xa9S\
\xa7\xb0i\xd3&\x0c\x0e\x0ej\x8b3\xbaH\x9c\xca\x85\
XNh\xcd\x92\xa7 \xbc\x98\x92\x82\x9b\xb2N\xe1?\
\xcb/\xaa\xe4\xf8\x957J\xd6:2\x92p\x18\xbe<\
\xed\xe4$\x99\x9c\x9a?\xbf\xae\xb3#A|\x1c}\xcc\
\xa7\xd8\xb5RE\xaa\xd7\x88\xd6\xb3\xa1\xa1A\xb1|4\
44 \x14\x0a)\xb0\x1eA2\x0a\xa5jw\xa6X\
,\x02.`U*\x08\x04\x83\x00\x0c\x14K\xc59`\
O_d\x16\x0e\x03\xe1\x1c\xb5f\x1f<*\xf0k\xa5\
s\x92Z\x87\xa3a\x18p\x1d\xd7\xdb\x89\x81\xda\x0b\xe1\
\x91\x8a\xa7\xb8\x84hp\x1c\x07\x16\x80\xb07\xc8%\xa7\
Q\x8d\x03\xab\x1a\x95\x0a\xf9<v_\xbe\x0bSSS\
\xdeT\xbe\x02\xd7u\x9du\xeb\xd6\xdd\xfbR\xf6\xff\x92\
\x0er\xf3\xcd7?}\xd3M7\x1dx\xfe\xf9\xe7\xb7\
\x1b\x86\x81C\x87\x0e\xe1\xa6\x9bnB<\x1eG\xa1P\
\xf0QN\xf2(\xc2[\xc0\xba<\x97w4\xe8\xc4#\
\xd5!\x99\xf6\xc8N\x0a\xcfg\xa5P\x8e\x1c\x5cJ\xe0\
#\x9f\xd5p\xe1\x17\x09\xa0\xd4i\x9d\xf0v(\x81\xf9\
t\x10\x0b\x99\xab\xcb\x01\xa5N\x16\x8c3\x90\xd3*(\
\x01\xf1\x88U0\x1c\x0e\xa3\xa5\xa5E\xf5\xfe\x1b\x1b\x1b\
\x15r\xb5R\xa9\xc0r\xaa\x07R\xa1P@0\x14D\
\xd8\xad\x8a\xd4\xd8\x8e=\xe7\xba\xd42fYc\xd4\xaa\
C\xa4\xd1;\x9aCb\x0e\xc4\x85\xea?\xc6\x84\xa3\x0e\
1\xc3\x99\xc3\xec/\xed\x80\x9e\xa3\x90\xcf\xc3d\xab\x16\
4\x98T\x1b\xa4\x8e\x0b\xd34`{N\x14\x0e\x87\xd1\
\xd1\xd1\x81\xb3g\xcf\xaa\xf4\xaa\xbd\xbd\xfd\xd9\xfd\xfb\xf7\
\x1fx)\xfb7\xf12\x1e\x03\x03\x03\xf7\xd0\x89G\x90\
\x8b\xcb.\xbb\xccg\xecr\xc7B\x16\xabD\xf3\xc2O\
V\x9a\xb4S\x8e_\xab\xbb\xc4C:?!\xf8\xea-\
\xb5\x85\xe5\xe0Ob\xbd\xf8\x89\xc4\xa3\x82\x94g\xd09\
\x0bO\x1b\xf9\x80\x8d\xe3\xb3\xf8\x97\x94\xa9\x96\x12c\xe4\
\x0c\xc4\xd0\xd1\xd0\xd0\x80\xe6\xe6f477\xa3\xa5\xa5\
EI\x0e444 \x91H\xa0\xbd\xbd\x1d\xcd\xcd\xcd\
\x88\xc5b\xa8\xaf\xafGKK\x8b\xa2\xbe\xe1K`\x14\
\xa9\xb92\x17\xa7\xff\xd7E\x01Ys\xe8\x9c\x03\xc2\x99\
\x1c\xaf.\xd2\xb5~e\xca\xc8\xaf\xb1\x19\x08\xc0\x16\x98\
,~\xcd8@R\x8a%\x99\xa6\xb7\x0b\xe3}>*\
\xf2s\x1e\xdc\xc4\xb2,\xa58L\xed\xddK\xff\xe0R\
\xcc\xcc\xcc\xa8\xe5\xadR\xb9\x8c\xee\xee\xee\xbf{9\xb6\
\xff\xb2\x1cd\xc9\x92%\xff\xd2\xd7\xd77D'\xdfs\
\xcf=\x87\x15+V\xf8`%\x12\xb2\xc19\xb3\xa4\xc1\
\xcan\x10\xfd\x1faf\xe4\xa4[\xd6\x17|/AB\
\xdce=\xc2#\x03\x87\xe8\xcb\x9b(\xd1\xc2R*Z\
\xdex\x99\xbe\xe9Z\x9f\xba\xba\x8c\x1f\x22<\x82\x10\x8d\
?E\x0f\xfa7\x09\xbd\x10\xa7-=b\xb1\x98z\xbd\
H$\x82\x80\xe7l\xb6e\xfbf\x0c\xd1HT\xe1\x90\
\xe4\xb5\x94\x91C\x97\xb2\xf2\xcfm\x98\xe6\xac\x02\xae;\
+\xff\xa3\xbb>\xben\x94X\xc2\x22\x1c\x9b\xee@\xe2\
\x8d\x0d9S\x22\x1b\xb1m\x1b\x0e\x93\xd2\xb0*V\x95\
r\xc9s\xa6r\xb9\xac\x9c\xc1u\x1c,]\xb2\x14\xe3\
\xe3\xe3\xaa{\xd5\xd0\xd00\xb4\xf1\x92\x8d?x\xd5\x1c\
d\xef\xde\xbd\x85\xde\xde\xde\xaf\xd2EM\xa5RH\xa7\
\xd3\xd8\xbd{\xb7/g\x9f/\x8a\xd0\x07\xa5\x14JR\
\xf9P\xea\xc3%\x83u7Q\x87\xbc%g\xe1\xaf\xc5\
\x8b>)NO\xeb\xa3RjAv\xcb\xe4\x8d\x97Q\
E:\x8a\x146\x953\x1di\xa0|\x8bQ:\x18\x8f\
\x08D\xa5I\xd3fz\x0d\xa2\xc01\x0c\x03\xb6\x97\xcf\
\x17K\xd5\x99I],\x86\xbax\x1c\x86i\xcc\xb9\x16\
\xf2\xdf\x86a \xc8\x1a\x0b\xb5\xb63]O\xf9\xd6\x85\
\xbe\x05,;X\xea\xf0aM\x12r\x02)\xa6D\x87\
\x08u\xb7xD\x96\xcf\xe7xmk\xd34aU*\
\xc8\x17\xf2\x0a\x82\xe2\x83\xaa\x94+\xd8\xbci3\x8a\xa5\
\xa2\xc2]\x15\xcb%\xb4\xb4\xb6\xfc\xc3\xee]\xbb\x0b\xaf\
\x9a\x83x\xb5\xc8\xbd\xeb\xd6\xad+\xd2M=x\xf0 \
\xfa\xfb\xfb}\x86\xcesly\xb1y\x84\xe1\xa7>7\
\x1a*\xce\xe4Z\xac\x84\xb6K!PY\xa0\xcb\xdcZ\
\xae\xef\xf2\x88%\x81t|\x90X\xcb)t\xdb\x89R\
\x5c\x883Q\xf260\x97\x1a\xe3\xff&Z%\x8a\x1e\
\x5c\x0f0\x1a\x8d*\x986]\x03\xe2v\x22\x80_\xb9\
\x5cF4R\xa5\xe6\xac\xaf\xafG\xc0\xeb\xf0\xf0N\xa2\
\x0e\xceC\xef\xcb\xf6\xd2%\x19\x0d\xe5a\xa3\xab)\xe7\
\x9b\x97p0\x22\xbfw\xb2\x15\xccSP\xe9\x18\xd5\xe5\
+\xb6\xc5\xea\xb8\x0a\x12S\xf1j\x8e\xaaC\xd9\xbe\xb5\
`\xcb\xb2\xb0b\xc5\x0a\x8c\x8e\x8e\xaa\xef\xb5/h/\
\xee\xdf\xbf\xff\x9e\x97k\xf7/\xdbA\xb6n\xdd:\xbc\
f\xcd\x9ao\xd2\x05\x22\x8aI\x8a\x222U\xe1\xdd$\
>\xe7\xe0\xbb\xe7\xd2\xd0\xa8h&20y#x\xb4\
\xe0i\x00\x7fM\x99VI\x07\x92\x9b\x83\xd4k\xd7\x85\
y\x89_\x92NV\x0b\xcc\xc7\xaf\x03\x9f\x9dH\xa7\xa5\
\xd4\x8a\xea\x08^\x90S\xdaJ{\xdb\x99LF\xb1\x0e\
644\xf8\x14c\xa9\xed[\x17\x8d\x22\xc8\x22\x92)\
\xd2^\x09\xd0\xa4\xe8\xa5NwcnD\xe0\x0eS\x0b\
\xc0(#\x0do\xa2H\xd1$\x996\xf1C\x87\xa7W\
2\xc5\xe5\x83N\xdb\xa1\xce\xa9\x83r\xa9\x04\xcb\xa6=\
\x13\xd7\xa7E\xb9u\xeb\xd6*@\xd1\x83\xbc\x97J%\
,Y\xbc\xf8\x9b\xdb\xb6l\x1d}\xd5\x1d\x04\x006l\
\xd8\xf0\xa5\x9e\x9e\x9e<]\xf4\x83\x07\x0fb\xfd\xfa\xf5\
sZ\x9a<m\x90\xe9\x17\x1f\xe2\xd5\x8a\x22T'\xf0\
\xdaF\xb7\xe0\xa4\x9b\xe4\xf3\xd3Z\xd7\xb2\x95\xc5#\xe1\
\x80x\x14\x91t\xa6\xba\x8e\x9c\x9c\x03\xf0\x93SB*\
\xf8\xbf\xa9\x88&\xa1J\xce\xe6B\xd7\x8dS\xa2Rt\
ill\xc4\x82\x05\x0b|\xbb\xd8\x9d\x9d\x9dJ&@\
q<\x99\x01\x85\xe0\xad\xe5\x1c\xf4>\xaa\xedUg\xce\
uuy\x84\x861\xa7\xa9Q\xab\xe6\xf0\x15\xe5\x0cr\
\xa3s,y0\xd6j\x92p\xec\x16?\x9c\x5c\xd7E\
\xb9R\x86\xcdH\xd0-{v\xa0h\x18\x86\x8a\x1e\xe5\
J\x19\xe5J\x19\xf5\xf5\xf5\xf9\xd5\xabW\x7f\xe9\x95\xd8\
|\xe0\x95\xfc\xf0w\xbe\xf3\x9d\xf4\xcd7\xdf\xdcw\xf2\
\xe4\xc9Ki\x85q\xe1\xc2\x85X\xb0`\x01\xce\x9c9\
\xe3+\xa2eK\x96\x8b.\xea\xf2q\xc9WE\xfb\x04\
\xb5\xa6\xb9\xdc\xf0d=\xa2+\x9au\xb5\x03?\xd5\xa5\
\xf0(g\x8c\xe7\x10\x89Z\x11C78\xf3\x15\xb8\x22\
\xa7\xe7\xce\xc8\x7f\x8e\x1b\x0a\xd7[\xa4\xba\x8cP\xaa\xc4\
`\xce\xa7\xcdDlP*\x95\xaa\xf2\xce^3\x82G\
0\xaa\xf5\xe4\xcc\x89#y\x0d\x1e5\x0c\xf8R\xa3\x97\
z(Gd\xadw\x1d0T\x87\x08\xae\x95U\xf8l\
\xc9q\xe7t$\xe5!hU*\xd8\xb9s'bu\
uUX{\xa5\xca\xc2\xb2u\xcb\x96o\xddz\xeb\xad\
\xdfz%6\xff\x8a\x22\x08\x00\x5cr\xc9%_X\xba\
ti\x9e\x22\xc5s\xcf=\x87\xb5k\xd7*6E\xde\
I\x92\xc30\x9e\xfa\xe8P\xa4\xbc\x1bEhZ\x09C\
\x91F)[\x92|\x11\x8b\xf7\xd5e\xe8\xae\xf5\xdad\
T\xdcx\x89BS\x12\xd7\xe9`\xfa\x12\xd6-\xbb]\
\x5c\xdbO\xee\xe2\xab\xbdwo.D\xd7\x8c\xd2M\xa2\
\xc6\xa1k\x9b\xcb\xe5T\x17\x8bk4\x1a\x86\x81\x80a\
\xc2\xc4l\xc4\xe0*N<\xba\xc9\xceU@\xa4\x95\xc1\
@P\x8b\xb1\x9b\x0f\xd8\xc8\xe7R\xa6a\xcem\x99{\
5\x84\xc1fK\xb5\xd24\xb9oB\xd3\xf1J\xb9\xe2\
\x93\xd0\xe0-\xe1X,\x86\xbe\xbe>\x5c\x18\x19F\xa9\
R\xed\x5c-hk\xcb\xaf_\xbf\xfe\x0b\xaf\xd4\xde_\
\xb1\x83\xec\xdb\xb7op\xf3\xe6\xcd_\xa7\x9b\x91\xc9d\
0::\x8a\xab\xaf\xbe\xda\x07\xc3\x90\xc6\xc2O\x13n\
X\x5cR\x81\x17\xd9|_\x80wyt\xc5\xa0n\xb3\
\x8d\xcfN\xe4TW\xea\xbb\xfbB\xaa7\x00\x94l\x92\
\x04}\xa0.R@S\x00Khy-\xd6G\xb9\xf3\
^k\xc3\x91\x0ay\xda\x86\xe3\x88V\xda\x93\xe7p\x93\
9{2\xc1\x80O\x97\xdc\xaaXs\xde'_\xb7\x0d\
\xb2\xc3\x88^\xdb\xb2\xad9\xa9\x8dD\xf6\x92\xb1\xf3&\
\x0c\x00\x98\x1e\xb5\xcf\x9c\xc8\xeb]\x0a\x93M\xd3e$\
\xe0\x07X\xb50w\xfc\x02\xb0\x8e\x7f\xee\xc4%\xbe/\
\xdb\xb9\x13\xd3\xe9i\xd5\xb9\xaaT*X\xdb\xdf\xff\xb5\
}\xfb\xf6\x0d\xbe\xe6\x0e\xe2\xe5\xed\x9fioo\xbf@\
7\xf1\xd0\xa1CX\xbcx1\x96,Y\xa2\xcd\xc7%\
0\xb1\x16\xa4]\xd7\x01\xa1t@G\xb6\xa0\xeb\xaa\xf0\
\xc1\x9c\xcc\x7fe\xa1\xce\xe7\x05\xb2\xb8\x94:\xed\xbc\x11\
A\xedV\x89\xbd\x92\xf3\x17\xee\xf42\xea\xe8\x08$\xa4\
\xa3P[\x9c\x96\xb38'\x19\xad\x99\xf2\xdd\x1az\x1f\
4\x85\x8f\xd5\xc5|\xfa\x8e\xa1ph6\x82\x99\x01\x1f\
]\x13\x0d\xe0hp\xcb\xe1C/\x159\x08\x96BE\
\xb9\x8a\xec\xeel\xb7I\xdeg\xae\x0e\xa0C.\xc8.\
\xa2\xa3 )\xb3\xf7\x85\x22\x11\xefx-\x5c\xb8\x10]\
]]\x18\x1e\x19V\x9d\xab\xc6\x86\xc6\x0b\xa1P\xe8\xf3\
\xbf\x8d\xad\xffV\x0er\xe7\x9dw\xe6\xae\xba\xea\xaa\xaf\
\xf0\x1bt\xfc\xf8q\x15Ed\xf7C\xceB\xe4\xc5\xe6\
\x9d.i4\x04\x85\xe7\xc6^\x0b\xa2\xcd\x85Aud\
q\x92G\x98\xa7P|\xc0(\xd37\x9d\xa3\x90\xe3R\
;\x91\xb3\xbb\xe8\x90\xc5\x5c\xf5J\xd6!\xf2\x14\xa4\xe7\
\xe5\xfc\xb7\xe4\x1cD\xc5I;9lmT\xed\xb0P\
\x87\x8b\xa7\xab!\xd6^&\x04.\x0d!\xe9}\x11\xa7\
\x94N\x0bFw\xbde'\x91_\x07\xb0\xa5+h\xba\
\x91\x5c\xae\xa2V\xb3cv{\xcb;|\xdc\xea\x22\x96\
\xea\x88\xb9\x8e/=\xb5,\x0b\xdb\xb7o\xc7\xc8\xc8\x88\
\xa2\xf4\xb1,\x0b\x03W\x0c|\xe5\xeeO~*\xf7\xba\
9\x08\x00\xec\xd8\xb1\xe3\xab\x8b\x17/~\x86n\xdc\xa9\
S\xa7\x10\x89D\xb0k\xd7.-x\x8f\xe7\xa6\xba\xdd\
pJ\xb5t9|4\x1aU\x83\xbdZ+\xba<\xe4\
\xcbi\xb9\xdch\xd3-\x01\xe9f \xf2\xe6sC\x96\
\xf0n\x9a\xe0\xcav\xb3\xac\xab\xe4PP\xa6\x07|\x0a\
L\x9f\x81~\x8f\x88\xa3\x89\xc8-\x99LbbbB\
\xb5\xa4\x896\x95d\xc7h\xb6\x12\x0e\x87\x11\xa4%&\
\xefg\xf9{!\xa9f\xda}\xa9\xb5\xcf\xa1k\xa8\xc8\
\x9a\xc374\xd5\x0c\x11%\x83\xa6\x5c\xba\xe2\xec*U\
X;;H\x5co\x80h;s\x22\x8fm\xdb\xd8\xbc\
y3\xc2\xe10&&&f\xf7=\xba\x17>s\xd9\
e\x97}\xf5\xb7\xb5\xf3\xdf\xdaA6n\xdcX\xda\xb9\
s\xe7_\x87\xc3a\x8b\x8a\xcf\xe7\x9e{\x0e\xdb\xb7o\
W\xcc\x12\xba\xc9\xb7d<\xe4\xa7\x12\x15\x9a\xf2f\x90\
\xf2)\x09B\xea\x22\x89\xecJq\xa3\x96\x90\x10\x1f\xae\
G\xdc@\xce\x1e)w\xb7e/\x9f\x0f\x17\xb9~;\
\x19;\x07\xdc\xf1\x13]\xe7 rzL\x7f\xafT*\
\xc8f\xb3\x18\x1b\x1b\xc3\xd8\xd8\x18\x92\xc9\xa4:,B\
\xa1\x10\x9a\x9a\x9a\x94n\x1f\x9f\xa1\x90\x8cr(\x14\xaa\
n\xf6\xb9.\x82\xa1\x10\xc2\x1e-N \x10\x80\xe9\x11\
:\x13\x9b!\xed\xed\xcc\xc7f\x22[\xb9\xa6i\xc2\xb1\
\x1d\xa5\xedX\xeb!\xa5\xc0\xe5s\xca\xdd \x1e\xa5\x0c\
\xf8;]\xbe\xebo;\x8a\xb5}\xcd\x9a58s\xee\
\x1c\xca\xb3,\x8e\xd6\xce\xcbw\xfe\xf5\xa5\x97\xfcA\xe9\
uw\x10\x00\xb8\xe5\x96[\x1e\xef\xef\xef\xff\x16}\xf0\
\x99\x99\x19\x8c\x8c\x8c\xe0\x86\x1bn\xf0\x15\x94r7\x9d\
\x9f\x14\xb2m[\x0bAJ\xe1\x9fNV\x89\x18uk\
\xe4\xb9|P'\xd7m9D_.II\x83\x96\xe9\
\xa1\xceQxj\xa2\x83KH\xad\x12\xd9\xe5\xe2_\xd2\
x\xe2\xf18\xda\xda\xda\xd0\xd1\xd1\x81\x96\x96\x16\xf5\xbe\
\x09j\x12\x08\x04\x94\x1a\x13u\xbdh\x8e\x13\x0aWa\
\xf3A3\xa0\xa6\xeb\x89D\x02\xad\xad\xad\x00\xa0\x88\xa0\
\xe5\xbd\xd0-Mq\x89m\xc2?\xc1\xe0|_\xaev\
0\x1b`\x9b\x97\xba\xd6\xbb\xe3\xd8\xdaY\x8b\xdc\xcc\xa4\
\xa8\xa2\xae\xb17=\x1f\x18\x18\xa8j'f\xb3\xa8x\
\xe4\xda\x1b\xd6\xaf\xff\xd6\x9f\xfd\xe9'\x1e\xff]l\xfc\
wr\x10\x00\xb8\xee\xba\xeb>\xdf\xd9\xd99N\x8e\xf0\
\xe2\x8b/\xa2\xad\xad\x0d\x97]v\x99/\xc7\x94\x83\xbc\
Zm\xbc\xf9 \x1c\x14I(|\xd6Z\x19\xe5\xe1\x97\
\xb3\xcc\xf3\x99\x00\xaf\x07$\xfe\x88\xd7,\xdc\x89j\xe1\
\xc2\xe4|\x83\xcf18zXb\xd08[=\x11X\
\x10\xd4D\x16\xf9R0\x86\xf6\x22h\x8f\x86\x10\xbdD\
\x00Mb2\x89X\x1c!\x95R\x99hinFW\
g'\x82\xc1 \x92\xa9\x94J\xd7\xa8\xeb\xf4R\x9b\x84\
R\xe0hN\x87\x0e\xfai|\x80)\xd3\xea\xc0\xa0\xae\
\x0bmV\xa1\x83\xa5\xc8&\xcb%\x97\x5c\x82\xfa\xfa\xfa\
*\xa4\xc4;@\xbb\xba\xba\xc6\xaf\xdf\xbf\xff\xf3\xbf\xab\
}\xff\xce\x0er\xf9\xe5\x97\x0f\xad]\xbb\xf6n.o\
p\xe8\xd0!\x0c\x0c\x0c\xa0\xb1\xb1\xd1\xd7\xd5\xd0\x01\x08\
%\xa1\x9b\xccoe\xff\x9dNH\xa2\xe0\xd7u@\xb8\
T4\xc7\xf9\xf0:\x826\x0dk\xed\xd2\xeb\x1cE\xbe\
_\xd9q\xd1\xbdg]D\xe0\x9d.9\x0f\xe1\x86G\
NC\xe9\x12\x7f/uuuJ,\x86x\xba(\x8a\
455\xa9\xfa#\x10\x08 \x1c\x0a\xa3\xbb\xb3\x0b\xbd\
\xbd\xbd0\x0c\x03\x13\x13\x93\xc8\xe5rs\x91\xbd\x9a\x82\
\x5c\xa2!x\x03\xa0\x9aV\xf9\xaf\x97\xab\x99\x8b\x04E\
;W\xc2n\xf8\xb0W\xd7\xd9t\x5c\xa7\xa6\xc346\
6b\xdd\xbau8w\xee\x9c\xca.\x82\xc1 \xd6\xaf\
[\x7f\xf7\xd5\xefz\xf7\xd0\x1b\xee \x00p\xfd\xf5\xd7\
\xdf\xdf\xd7\xd7\xf7 \xddlJ\xb5\xde\xff\xfe\xf7\xcf\xc9\
7u\xaaR\xf3uJt\xed\x5c\x82kP\xa7Gw\
\xb2H\xc85\xdd\x00J\xb9\x5c6i\xe6\x5cY\xba\xa8\
\xc6o\x0a}\x1e\xc9\x8a\xae\x8b\x22rA\x8a;\x84\x04\
0\x923\x106+\x1a\x8d*\xb0\x22\x9d\xd8\xe4\xe4\xf4\
\x1c\xf4\xf7\xb6\xb66\xa5\x02K?\x1f\x08\x04\xd0\xd5\xd5\
\x85\xe5\xcb\x97\xa3\xaf\xaf\x0f\x99L\x06###\xc8f\
\xb3>\xb6E~p\xc9\xb4\x8e\xdf\x07\xaew\xef\xfbY\
\x7f\xc8\x10[\x86\xde\x0e\xbchj\xd0\xef\xf1T[^\
Gy\xd8\xd4B\x1c\xec\xde\xbd\x1b\xc9d\x12333\
\xea\xd0\x5c\xb6l\xd9\x83\x1f\xfb\xe8G\xef\x7f5l\xfb\
Uq\x90\x15+V8\xbd\xbd\xbd\x9f\xe8\xea\xeaJ\xd3\
\xcd?}\xfa4\x12\x89\x04\xf6\xee\xdd\xebs\x12\x99j\
\xd5\xd2\xfa\xd0\xad\xca\xca\xed4J\xb7H\x1c\xb2\x16x\
\x8e\xdf\x1c*\x12y\xca\xc5\xb7\x04_\x0a\xa8'\x8by\
^g\xe9j\x0a\x1d\x9b\xa0\x5c\xad%\xb0\x22\xa9\xb7\xd2\
\x179A\xa1P\xf0\x09R644(\xe3\xa2\xc3\x82\
\x0a\xecD\x22\x81D\x22\x81\xbe\xbe>D\x22\x11\x9c>\
}\x1a\x17.\x5c\xf0\xb4\x05\x83s0s\xb2Q!9\
\xc3(\xfd\x93\xa9\xa8\xef^\xcd\x8a\xbf\xfb\xd3\xc8``\
v\x0f^\xa6\xcd0|\xb4Q\xbe\x94\x0eFM\x10$\
\xaf\xf5vl\xdf\x8eH$\x82\x91\x91\x115\x10\x5c\xb1\
ly\xbao\xc9\xd2O\xf4\xf5\xf59\xaf\x86m\x07\xf0\
*=~\xfc\xe3\x1f\xe7n\xbb\xed\xb6\xb3\xa3\xa3\xa3\xef\
3\x0c\xc30M\x13SSS\xd8\xb6m\x1b&&&\
0999\x07\xda\xa0\xdb\x97\xd0\xf1SI\xe7\xe1\xa9\
\x0d\xc1\xbd\xe5\x8e\xb8\xbc\xb8:\xe2\x01\x19ix\xa8\xaf\
\x95v\xe9::\xd2\x00t\x5c_\x1cb\x22%\xe2\xe4\
\xebp\x86\x0f\xae\xc8Jp\x11\xda\xce\xa4\xc8S,\x16\
\x91L&Ukwbb\x02333H\xa5R\x0a\
\x88Y\xa9T\xe0\x1a\xb3CW\x9f|\x1a\xbb6\xfcs\
\xcb\x81\xe1\x9c(Sk?\xdd\xbb/\xbanU\xad\xd9\
\x97.\x05\xf5\xd5\x22\xae?\xb5Z\xd6\xd7\x87\xf5\x1b6\
\xe0\xd4\xa9S(\x16\x8bU-\x93P\x08\xd7\x5cs\xcd\
m\x9f\xfe\xf4\xa7\x9f~\xb5\xec\xfaUs\x10\x00\xd8\xbf\
\x7f\xff\x0b\xc1`\xb0=\x95Jm\xa1\xceP.\x97\xc3\
\xe5\x97_\x8e\xe7\x9f\x7f\xde\xc7\xd8\xad\xd3\xe9\xa8\xb5 \
%s\x7f\xdd\xcd\xe0\xfay:\xe0 /\xc8\xf9\xcf\xf0\
UO\xc9\x9e\xc2\x1dk>\xb8\x85\x04\xcb\xe9\x10\xac\xbc\
\xe0\x97\xd2\xd4r6\x22\x07\xa5\x9c^\x89D.+\x95\
\x0a\xea\xea\xea\x94\x11'\x12\x09\xd4\xd7\xd7+\xde'\x00\
JU\x89K\xe1\xf1\xa1\x1aO\x05e\x84\xa05h]\
\x03C\x07\xd0\xe4Ca\x8a|:\x5c\x95t\x0ey\x9f\
kEl~\xd0\xd5'\x12\xb8\xe2\xca+144\x84\
\xe9\xe9i\xd5\xb4\xd9\xb8a\xc3\xd7~\xf0\xf3\x87\xff\xdb\
\xc4\xd0(\xde\x94\x0e\xf2\xa3\x1f\xfd\x08_\xfa\xd2\x97\x9e\
:y\xf2\xe4\x15\xb6m\xf7\xd0\xbeE4\x1a\xc5\x96-\
[\xf0\xcb_\xfe\xf2%\xf7\xa2u\x9c\xbd\xfc\xe2\xe9\x22\
\x03\xe5\xc8\x1c\xbd*\x19\x05\xe7[\xa5\x95\xe8V\xfe3\
:\x14\x80nmx>\xb4*'b\xe0B\x99\x1c\xb1\
K\x03B^#Q\xe4\xa1\xfc\x9f\xfe^WW\x87\xf6\
\xf6vU\xa8[\x96\xa5\xd8+\xa9\x8bEl\x8f\xc4i\
\xeb\xba.\x8a\xe5\xd2\x9c\xce\x1a\x9fh\xf3]\x1a\xdb\xb2\
\xabz\xf1\xe6<2\x08\x9aV<]K\x1dfK\xd6\
\x1c\xba(\xaa\xa3\x88\x92\xb3\x94k\xae\xbd\x16\x99L\x06\
\x17/^T\xd7o\xd5\xaaUG>x\xd3M\x1f\xfd\
\xbb/\xfd\x8f\xe2\xabi\xd3&^\xe5\xc7\xb6m\xdb\xd2\
\xfb\xf6\xed\xbb#\x1a\x8d\xa6\xe9\xa6\x9e?\x7f\x1e\xe1p\
\x18\x1f\xfe\xf0\x87\xab\xf4\xf65\xba?\xb5\x0ae^\xd0\
\xeb\xd2&\xbap\x5co\x90w\xb8\xe4\x05\xd7u\x97x\
\xa7K\xce2\xb8b\xef|3\x02\x09W\x91\xc5<9\
?\xa7\xf3iiiQ\xf3\x8d\x85\x0b\x17\xa2\xbb\xbb\x1b\
]]]j\xdeA\xb5\x08O\x0bi\xf6ASu\xda\
\x05)\x14\x0a\xaa\x15N\xcd\x0c\xc5\x8fE\x8c\x84\x0c^\
\xc2W\x95)R),[\xc0T\xce\xa1\x9a*@\xcd\
\x86\x8a\x14J\xd2\x19\xb8\x1c\x04\xcf\xee\x9f\xf8\xef\x8b\xce\
\xf9\xe8^\x0c\x0c\x0c\x00\x00\x86\x87\x87\x15$'\x16\x8b\
\xa5\xaf\xbf\xfe\xfa\x8f_\xbf\xef\xba\xf4\xabm\xcf\xaf\xba\
\x83\x00\xc05\xd7\x5c\xf3\xeb\xad[\xb7~*\x1c\x0e\xbb\
\x94B\x9c8q\x02+V\xac\xc05\xd7\x5c\xa3R\x00\
\x89\xbc\x9d\xb3\xb8\xa39\xa1\xf94UB\x15\xb8\xa0(\
\xb1\x1bJ\xa7\xaaU\xf4\xf1\x08@\xe9\x10w\x22\x0eQ\
\x91\xa9\x91\x0e\xa5,\x9d[\x82\x10\xf9k\xe8\x86\x8d\xc4\
oE\x020\xf4\xb9\xb9h\x0cu\xf0\xa8sH\xf4\xff\
\x84\xdf\xe2\xb2\xc9\xe1p\x18\xd1p\x04\x86\xeb\x8f\xba\x04\
E\xe15\xd8\xecF\xa2\xe9\x83\xa3@S\x9csul\
\x80\xe9\x16\x00\x00\x16\xffIDAT1Y\x8bU\xdb\
\xbe\x8c\x0f\xb8FZE\x1d-z>h\x22\xbem\xdb\
\xd8\xb2e\x0bZ[[q\xfa\xf4\xe9jK\xb7\x5cF\
]$\xea\xfe\xd1\x0d\x7f\xf8\xa9\x8f}\xe4\xa3\xcf\xbe\x16\
\xb6\x1c\xc0k\xf4\xf8\xfe\xf7\xbf\xff\xfc\xbe}\xfb\x9cb\
\xb1xE \x100\x88\xeca\xdb\xb6m\xc8\xe5r\xb8\
p\xe1\x82\xaf\x93%O\x97Z0uy\xca\xe8\xa6\xb2\
\x5cqU\x921\xe8N6\xeepr\x89\xa7V\xb1\xcf\
\x99\x02\xb9C\xc8\xfcZ\xb6x\xe5\xfe\xben\xf6\x22g\
5|\x87\x9d\x94\x5c\xa9H\xa7\x03\x81\x93g\x13\xd2\x97\
#\x9a\xf3\xf9\xfc,\xad'{}\xdb\xb6A\xaa\x09\xa6\
\xe1\x175r\xe1\xfa\x18Lf\x97\xaa\x88\x8c\xc1\x9cw\
\x9f\x83_\x13\x9a\xbc\xcbk\xa5\x13\xf1\x81\x80\xe28\x8e\
\x83\xd5\xabWc\xed\xda\xb5\xf8\xcdo~\xa3\xbaz\x8e\
\xed`\xc5\xf2\xe5_\xfc\xf2\x97\xbf\xfc\xb7\xaf\x95\x1d\xbf\
f\x0e\x02\x00?\xf8\xc1\x0f\x9e>}\xfa\xf4\x8el6\
\xdbG\xa7\xcc\xcc\xcc\x0c.\xbf\xfcr\x0c\x0f\x0fcj\
jJ+r\xa3\x9bjKC\xd6q/\xc94\x8a\x0f\
\x01u\xbb\x1f\xb2\xef\xaes\x14\xde\xa9\x92\xec\x1a2u\
\x90Z\x22r (\xbft9\xb8D\xe1rm\x0f\x0e\
\x83\xa1\xb60\xd5y\xf4\x9c\x04/\x09x\xba\x1a\x9c\xf7\
\x96\xe6)\x86\x07\xc1\x91\xf4I\x98'\x85\xa29\x87\xed\
Tu\x17T\xad\x22@\x87\xdc\xd8\xe9ZqF\xfe9\
\xf3)A-*\xbb\x8a\x8e\xe3`Q\xcf\x22l\xd9\xba\
\x05g\xce\x9cA&\x93Q5\xdb\xd6-[\x1e\xfb\xdc\
\xe7>w\xe7\xdf\xff\xfd\xdf\x97_+\x1b6_K\x07\
ill,\xc7\xe3\xf1\x1bZZZ\x0eq\x92\x84\xf3\
\xe7\xcf\xe3#\x1f\xf9\x08\xba\xba\xba|\xdd\x14\xbeO0\
\xdfLANSkMg\xa9U\xc9\xb9\xba8\xb0P\
\xb6\x8d\xe7\xebF\xf1\x1b\xa7k\x91Jr\x02zm\xce\
\xe4(\xe1\x1b\x9c\x1d^\xf2b\xf1\xf7M\xafU,\x16\
}\x80\xc2|>\xaf\x94_\xb9\xe0%i\xd1\x9b\xa6\x89\
X,\xa6j\x0cz->e\xe7\x8d\x04\xee\x88\xb2\xe6\
p]\x17\x0eK\xc1\xe4=\xd15S\x14\xfc\x1f\x86V\
\x14\xc94M\x1f\x81\x90\xba\x17l\xcf\xa3\xbd\xbd\x1d;\
.\xdb\x81\xc1\xc1A_\xc7j\xed\x9a\xb5\x87\xf2\xc5\xc2\
{\x97/_\x9e}-m\xf85\x8d \xde|\xa4\xf2\
\x85/|\xe1\xa9\x8b\x17/\xdehYV\x9c6\xf6\x5c\
\xd7\xc5\xc0\xc0\x00\x8e\x1e=\x8a|>?\x87|\xa1\x16\
\xd6i\xbe\xeeF\xad\xf6\xab\x1c\x86\xe9R\xb4Z\x7f\xd6\
\x8a(|f !\x22r\xa7ZW_\xd5\xea\x04q\
'$v\x0e\xfa\x22\xd1\x18Z\xb1\xa5\xd3\xb9\xb9\xb9Y\
\xcd\x1d\xa8cF\xdd,B\x0fp\x89\x09\x2270\xb9\
\xb0\xa6\xe3(\xc6B\x03`\xe4\xda\xcc\xa0\xbd%(\xb9\
K/\x9b+|\xa5\xa1\x0aa\x99\xcb\x07\xa0\xa3\x95%\
oq\xdc\xaa\xf3\xb547\xe3\x8a+\xaf\xc4\xe8\xe8(\
\xa6\xa6\xa6T\xc3a\xc9\xe2%\xe3\x1f\xfe\xc8\x87\xff\xe8\
s\xff\xf9\xb3\x17^k\xfb5\xf1:<v\xee\xdcy\
\xb8\xb5\xb5\xf5\xdd\x81@`\x9cN\xa0t:\x8dd2\
\x89;\xee\xb8\x03MMM\xbe<\x96\xafm\xce\xc7\x97\
\xab\x9b\x96Kc\xa5\xff\x93[~\xba\x1aCW\xab\xf0\
\x9b_\xab&\xd1\xd1\xda\xf0n\x98\x5c\xa3\x95\xb0\x13\xdd\
,\x85#\x06\x88<\xae\xb1\xb1\x11\xd1hT9\x8fi\
\x9a\xaac\x95\xcdf\x95\x9e\x09\x11\xca566\xfa\x10\
\xbf\xf4;\xa1@\x10\xb1h\x1d\x02^\xd40<\xc6t\
\x03\x86o\xb3\x90\x1ej&\xa4\x19\x94\xca\x19\x16\xbd\x07\
\xf9\xd9d\xea\xab\x1b\x10\xf2\xdd\x8f\xa6\xa6&\x5cq\xe5\
\x95\x98\x98\x98P\xac\x88\x1eB|\xbc\xb9\xa5\xf9\xdd\x1f\
x\xdf\xfb\x0f\xbf\x1e\xb6\xfb\xba8\x08\x00\xdc~\xfb\xed\
\x87\x17,Xp]$\x12Q\xe4s\xa9T\x0a\xd9l\
\x16w\xddu\x17\x9a\x9a\x9a|\xe9\xcf\x1c\xdd<\x91\x9b\
\xea\x88\xa5uC:\xb9\xbeI\x86\xc9\xf1Y\xb5\x10\xa6\
\xb5\xfa\xf1\x12:\x22\x19\x02\xe5\xc9(5\xc9\xe9=P\
\xf1M\xa9\x18\xa7\xfb\xe1$r\xc4\x99\xc5\x19'i\xf7\
\x83\xd8e\xa2\xd1*i\x1c\xfd\x0c\xd1\x94\x12x\x8f \
\xee\x84\xfa\xe5\xa2D\xb3Q\x96EF\xf8\xb7*u\x11\
\x5cG\x0eN-g\x1d\xd8QW[\xea\x88\xe2\x1a\x1b\
\x1b\xb1g\xcf\x1e\xa4R\xa9*m\x8f\x07B\x5c\xbcx\
\xb1\xfd\xe9O\x7f\xfa\x13\xdf\xbe\xe7\xde\xc3\xaf\x97\xdd\x06\
\xf0:>~\xf2\x93\x9f\x8c|\xe63\x9fIONN\
^\x0b\xc0\xa0\x9b\x1b\x0e\x87U\xba\x95\xc9d\xe6\x14s\
r('s_]\xfd0_\xbbX\xce+$\xe3\xb9\
.\xd5\x92\x7f\xd7\x81\x19e\xf7\x8dw\xe9\xe4\x179\x08\
\xcd%\xe6\xe3\xe6\xa5\xf7J\xb0\x11\xe2\xd5RE\xb7a\
\xa0\xa1\xa1A\x913p\xa8\x079\x03\xad\xed\xf2\x1d\xf5\
\x8a'{F\xa9\x17q\xd9\xba\x02Y\xecj\x1c\x84\xa7\
\x8c\xd4\xa4\xd0\x91k\xbc\x9c\xe2\x9fG\xfe\x96\x96\x16\xec\
\xd9\xb3\x07\xc9d\x12###*\xadjkmu>\
x\xd3Mw}\xfc\x96WF\xdb\xf3\x96\x89 \xf4\x18\
\x18\x18\xf8\xea\x8a\x15+\xfe<\x14\x0a9<\x92\xe4\xf3\
y\xfc\xc5_\xfc\x05\x16-Z\xe4\xdb)\xa7\x8b,I\
\x0ft$\xd12\x0f\x96i\x9ann\xc2[\xa1\x5c\xd7\
]73\xd19]-\xb6E^\x0c\xcfG\xf5#7\
\x089}\x8d\xdcQ'8{<\x1eW\x1d\xae@ \
\x80\xc6\xc6F\xb5.\x9b\xcb\xe5\x14\x04\x05\xa8\x92\x5cs\
\x85^\x1a\x16\x02\x80\x190UQ\x5c\x8d\xd6\xa6\xa7\xf2\
&\xd0\xb4\x1aZ#r6\x9eR\xe9\x9a+:\xb4p\
-\x96\x99\x8e\xf6\x0e\xec\xd9\xb3\x07SSS\xca9<\
\xd2\x05\xe7\xea\xab\xaf\xf9\xf3\xdb?~\xdbW_o{\
\x0d\xe0\x0dx\xdcw\xdf}\xcf\xdeu\xd7]\x13\x99L\
f/E\x12Z#\x1d\x18\x18\xc0\xd0\xd0\x10FGG\
\xe7\xc0EjA\xd0k9\xc1\xcba\xf6\x93\xeb\xb5\x94\
s\xeb\x22\x93L\xe9j\xb5\x97u\xa7-\xb1\x19\x92\xd3\
P\xe4\xe0,\xef\xfc{2\xfd\x8a\xc7\xe3H$\x12\x88\
F\xa3\xeaT\xa5\x93;\x16\x8b\xa9a\x22\xa5d\xd4\xed\
\x0azZ~\xf4Y\x89\x1d\xa5\xe0\xc9\x96Q'\xae\x5c\
.\xc3q\x1d\xad\x14\x9d\x9cCQ4S\x9d/o\x97\
\x84G\x0dIN^\xab\xbdN\x07\xc4\xa2E\x8bp\xf9\
\xae\xcb1::\x8a\x8b\x17/\xaa\xc6DSS\x93s\
\xd5UW\xdd\xf1\xb9\xcf~\xf6\x7f\xbd\x11\xb6\xfa\x868\
\x08\x00\xdc{\xef\xbd\xbf\xfa\xe4'?9\x99\xcb\xe5\xf6\
\xba\xaek\x90\xf0K\xa1P\xc0\xc0\xc0\x00\xb2\xd9\xacb\
k\x94'\x12\xb5\x83\xc9 \xe5\xb4\x5c\xe7\x0c:u$\
]\xcf^\xce6$\x04^\x07\xd4\xab\x95\x82\xc9\xda\x83\
\x7fo>\x1a#\x9e\x9e\x11\x92\x97\x16\xd2\x88Y\x91Z\
\xb7\x89DB\xb1)\xd2\x16!\xed\xee\xd3\x1e\xbfr\x0a\
o\xc0V.\x97Q,\x14\xe0\xd86\x0a\xc5\xc2\x9ct\
I\xb7\xffM\xff\xcf%\xf3\x02f`v\xb7\x04\x86\x22\
U\xe0\x03R~@Ta%\xb3)\x1c\xbd\xce\x9a\xd5\
k\xb0e\xcb\x16\x0c\x0d\x0dajj\x0a\xa5J\x05\xe5\
*\xd9\x9b\xb3\xef\xda\xbd\x7f\xfe\xd9\xff\xfc\xc68\xc7\x1b\
\xea \x00p\xcf=\xf7<\xfbW\x7f\xf5W\xe3\xe3\xe3\
\xe3\xbb\x1d\xc7\x89\x10Z5\x93\xc9`\xc7\x8e\x1d\x08\x87\
\xc3x\xe1\x85\x17\xe60\xa7\xd3)_K\xb2\xa0\x96L\
\xc1|)\x97.]\xe2\x03F\xc9\xa8\xf8R\xa9\x169\
\x06\xfd\x9e\xe4-\x96\xfa |q\x8a\x17\xe9Tk\xd0\
\xa9M\x1a\xf0\xbcH\xcff\xb3\x08\x85B*\x9d\xca\xe5\
rj\x96B\xb3\x83R\xa9T\xd5\xe7\xf3H \xa8%\
L4\xa3\x1c\xe8\xc9;r\x8a%\xc6+\x94\xa96\x92\
H\x07.)\xadK\xa9\xdcy\xe0#k\xd6\xae\xc1\x99\
3g\x90N\xa7UA\xbet\xf1b\xe7C7}\xe8\
\xce;\xef\xbc\xf3ko\xa4\x8d\x9ax\x83\x1f;w\xee\
\xfcG\xc7qv9\x8e3N\xa7W>\x9f\xc7\xc9\x93\
'\xb1k\xd7.\xdcv\xdbm\x8a!D\xeezS\x1a\
2\x1f\xa0Q\x97j\xe9\x88\x03j\xb1yP\x9aG3\
\x09>\x00\x0c\xb26\xa9N2A\x12\xc2qX9\x7f\
\x0f\xb2x\x97\x12\x12\xe5rYa\xb2\xc8qhXG\
\x92\x08\xd4=\xca\xe5r\x0a\xcb\x95J\xa5\x90\xc9dP\
*\x95033\x83B\xa1\x80P(\xa4\x98Lhq\
IR\xf8\x90#\xd3zm\xa1P@\xd8\x93\x99\x96\x84\
\xe2<\xaa\xc8\xe8\xa8\x1b\xc4r\x95\xe0\xab\xf6\x5c\x85\xa5\
K\x97\xe2\xe4\xc9\x93\x98\x9e\x9e\x9e%\xe4\x00\xc67]\
\xba\xe9\x8a\x8f\xdfz\xebW\xdfh\xfb4\xf0&y<\
\xf0\xc0\x03\x1bR\xa9\xd4\xa3\xb9\x5c\xae\x9d\x9fd\xbd\xbd\
\xbd\xc8f\xb3\xf8\xfa\xd7\xbf\x8e\xe9\xe9\xe99s\x03*\
<\x89EEG\x0a=_\xd7\x84\xc3\xab\xa5\xde!\x9f\
\x92K\x82\x07\x09\x87\x97\x13}\x0eO\xe75\x85\x8c \
T\x8f\xf0\xe8\xc1\xdb\xbedl\x91HD\xd5 \xf4\x99\
\xc98\xeb\xeb\xeb\x15\xcc\x84\xd0\xbd\x94\xb2\xd2*/E\
\x8d|>\x8f\x5c.\x07\xc7q\xaal&p\x15[<\
5Gh\x8b\xb1X,*H=\x8f\x12t\x1d*\xe5\
2,\xcf\xd1\xa5\xc6\xa3l\x87\xf3z\xa3>Q\x8f+\
\xae\xbc\x02\x86a\xe0\xcc\x993>\x1e\xb0E=\x8b\xc6\
\xdbZ[\xdf}\xef\xbd\xaf_+\xf7-\xe1 \x00p\
\xe0\xc0\x81\xfe\x03\x07\x0e|\xa3X,n\xe77\xa2\xbd\
\xbd\x1d\x0d\x0d\x0dx\xe0\x81\x07p\xe8\xd0!\xdfi\xcc\
g\x1b2\xd2\xf0:e>\xe6u^\x9f\xd4\x025\x92\
\x03p\xd9\x06\xc9H\xceO^9\x10\xe4\x0e u\xd5\
e\xb1.g\x22D\xdc@Q\x82\x7fFzNjr\
D\xa3Q\xb4\xb7\xb7\xab\xf7\x1b\x8dF\x15\x1c\xc5u]\
\xa4\xd3i\x95r\x15\x0a\x05\xd8\xae\x83R\xb1\x08x[\
\x8a\xf9\x5c\x1e\x85bA\xb5\x8c\xf9\xbe\x089H\xb9T\
\x95\x13\x90:0\x12\xfa#\x91\xca\xb6mc\xe9\xd2\xa5\
\xd8\xb6m\x9bj\xe3\xd2\x1ey\xa5R\xc1\xca\x95+\x0f\
\xddt\xd3M\x1f\xfb\xe0\xfb?p\xf8\xcdb\x93o*\
\x07\x01\x80\xef}\xef{\xf1\xe9\xe9\xe9\x1f\x5c\xbcx\xf1\
]\xfc\xc2\xc6\xe3q,^\xbc\x18\x07\x0e\x1c\xc0\x83\x0f\
>8\x874\x81O|i^ 7\x06_\xaa\x03&\
\xe5\xa4u\xdc\xbeR\xa0\x93\xc3\x5cx\x0e.\xd5k}\
,\x87\x9a\x88\xc2\x1dI~q\xc7 \x07\xa5:\xa4\xa1\
\xa1A\x1d\x16\x14e\xe8\xa0 ~\xact:\xad\x08\xb0\
\xc9Q\x88\x0b\x8b\xb8\x7fg\xb2\x19\xc5\x8c^\xab\xe5\xcc\
\xc9\xbb)zJ\xdc\x9a\xe4\xf7\xe2\x8e\xb2}\xfbv,\
]\xba\x14\x83\x83\x83H&\x93\xb3\x10\x1a\xcb\xc6\xa6\xcd\
\x9b\x1e+\x95J\xef\xbd\xef\xdeo\xe7\xdeL\xf6\xf8\xa6\
s\x10\x00H&\x93\xd1\xfb\xef\xbf\xff/\xd3\xe9\xf4\xe7\
-\xcb2\xe8\x22\x07\x02\x01\xf4\xf5\xf5!\x95J\xe1\xdb\
\xdf\xfe6\xa6\xa6\xa6\xe6,Z\xf1!\x19?ik\x81\
\x0fk\x15\xf7\xb2\x0e\x91\xd1H\xb7\xc2K'-\x8f\x22\
\xbc\xae\x90\x0eC\xb5\x84\xaci\xa4\xa3\xf04P\x0e\x14\
\xe9\x84\xa7i{0\x18D>\x9fG]]\x1d\xc2\xe1\
\xb0\xd2\x0c\xb1,\x0b\xa9TJ-\x93\xcd\xcc\xcc \x9f\
\xcfczz\xba\x0aW1\xab\xa6\xc0\xf7H8%*\
9\x96\xeb\xba\x08\x87\xc2\x8a\x0a\x94;\x80T\xa4%'\
kll\xc4\xee\xdd\xbb\x15\x89D\xa1PPQ#\x1a\
\x8d\xbaK\x96,\xf9\xe2\xdf\xfc\xcd\xdf\xfc\xf7\xe5}\xcb\
\xb2o6[|S:\x08\x8b&\x1f{\xe1\x85\x17\xfe\
\xae\x5c.7\xf1\xd3\xa8\xa3\xa3\x03mmmx\xec\xb1\
\xc7\xf0\xd8c\x8f\xa9\x9d\x08\x1e\x05\xf8N\x08\x19.g\
L\xac51\x97\xf3\x91Z\x8e!\x0bx]m$\xf7\
\xcee\xfa%\xe7\x1e\xba\x9a\x85^\x9b\xb6\x10)\x02q\
\xe6\xfbx<\xae\xa0\xef\x9e\xd1)@#\xed\xae\xe7r\
95\x90\x9d\x9c\x9cT\x11\x8d\xbaW\xf9bU\xff\xa4\
X,\xc2\x80\x81b\xa9\xbatE\xf5\x0aE$\xee\x0c\
<\xed\xb4m\x1b\xae\xa7^\xcb\xd1\xce\x97l\xdc\x88u\
\xeb\xd7crrR\xc1F\xe8+\x1e\x8f\xa7o\xb8\xe1\
\x86O\xfd\xe5\x7f\xf8\xf4\xff~\xb3\xda\xe0\x9b\xdaA\x00\
\xe0g?\xfb\xd9\xa6'\x9f|\xf2\x1f\xf2\xf9\xfcv~\
2E\xa3Q,[\xb6\x0c\x17/^\xc4w\xbf\xfb]\
\xa4R)\xed\xda.\x19\x19\x07\x0fJ\x81\x9c\xf9\x1cE\
\xb7\xff\xaeC\xa2\xca~\xbfl\xf1\xf2\xbdr\x09V\x94\
\x8e!\xa1(4\xfc\x93pt\xd7u\x15\xbe\x8aG\xbb\
\xe6\xe6f\xa5\x11N\x92m\x13\x13\x13\x88\xc5bJ\x95\
\x8a\xf6E(\xcd*\x96Jp\x5cG\xcd\xa22\x99L\
\xd5\xe1\xca\x15D\x22a%\xdb\xcc\x05\x86\xc8\x09\xf8v\
$\xfd=\x91H``\xf7\x00\xea\x1b\xeaq\xee\xdc9\
\xb5\xf1H\xf5OKK\xcb\xd3\x7f\xfc\xa1?\xbe\xe3\xf6\
\xdbn\xfb\xf5\x9b\xd9\xfe\xde\xf4\x0e\x02\x00O?\xfdt\
\xd33\xcf<\xf3_\x86\x87\x87\xff\xcc\xb6m\x83\x87\xf1\
\x85\x0b\x17\xa2\xb9\xb9\x19\xbf\xfc\xe5/\xf1\xe8\xa3\x8f\xce\
)\xe0\xf9\xd0\xae\x96\xa3\xe8j\x14]m\xc2k\x11\xde\
\x05\x93\x83>\xde*\xad\x15Ex*\xa5\xd3&\xe4\xf3\
\x10\x8e\xc7\xe2\xcf\x1b\x8f\xc7}\xc54\x00\x05;\xa1\x14\
\xb3\xbe\xbe^M\xd9\xa9\x1e\xa1k@\x8c\x8c\x85B\x01\
\xb9B\x1e333\x8a3\x80\x22\x0f\x87\xddS\x84 \
\x1a!\xae\xee\xa4t\x02-\x0b\x9b7m\xc2\x9a\xb5k\
\x91L&1<<\xac\xd2)Z\xff]\xbbv\xed\xd7\
n\xb8\xe1\x86\xfft\xdd\xde}\xe97\xbb\xed\xbd%\x1c\
\x04\x00~\xfa\xd3\x9f\x1a\x17.\x5cx\xef\xd0\xd0\xd0\xbf\
LNN6\xf1y\x02E\x93|>\x8f\x87\x1ez\x08\
'O\x9e\xf4a\x83\xb8\x03P\xc7Eb\xb5tz\x22\
\xb5\x9cE\x179\xc8x\xa9F\xd0\xa9G\xc9\x19\x83\x1c\
\x10\xd6j\x0b\xf3\xc949L,\x16SL&\x94\x82\
\x11\x13c6\x9bE \x10@\x22\x91\xf0\xa5G\xa4\x96\
\x0bT\xe1\xf1\xf4o*\xe2\x8b\xa5\x22B\xa10\x02\xc1\
\x80\x8f\xa1\xde\x9bM\xa0bY\xb0\xbc)\xb7m\xdbU\
\xc6D\xc7\x81\xed\x19\x7f\xcf\xc2\x1el\xdf\xb1\x1d\xa1P\
\x08g\xce\x9dC.\x9b\x85\xc5d\x99\xfb\x96,Mo\
\xdf\xbe\xfd\x8eo\xff\xf0\xff\xde\xf7\xab\x9f\xfd\x9b\xfbV\
\xb0\xbb\xb7\x8c\x83\xd0\xe3;\xdf\xf9N\xfb\xd9\xb3g\xff\
qll\xec\x0f\xa9oO_\x0b\x16,\xc0\xa2E\x8b\
p\xee\xdc9<\xf4\xd0CH&\x93\xbe\x01\x1e/\xa8\
\xf9\xca\xa8\x84\xae\xeb\x0a\xfaZ\x13{\x1d[\xa2\x8c\x10\
\xba\xee\x15\x0d\xdc\xa43H\x07!\xe3\xe7\xe8^\xfa\x93\
\x8c\x97\x08\xe5\x88i\x92\xd8\xe0\xc3\xe1\xb0\x02/F\x22\
\x11LNNV\xa3E.\x87\xb1\xb115?\xb2,\
K\xe1\xb9\x5c\x03\xc8es\x80\x01\x85\xe7*\x95J\xb0\
-\x1b\xc5RQ\xa5d\xae\xe3\xa2bU\x0d?\x91H\
`\xc7\xf6\x1d\xe8\xea\xea\xc4\xc8\xe8\xa8'\x9cYQ\xd3\
\xf7` \x80\xbee\xcb\x1e\xec\xe9^\xf8\x89/~\xf1\
\x8b\xe3o%{{\xcb9\x08\x00\x0c\x0f\x0f\x9b?\xf9\
\xc9O>t\xea\xd4\xa9/\xa7R\xa9v\x99*\xf5\xf6\
\xf6\xa2\xb9\xb9\x19\xc7\x8e\x1d\xc3\xa3\x8f>\xaa\xa0\xde:\
\x5c\x16\x9fX\xf3\xc2\xb3\xd6b\x96\x8c,\xb2=\xcc\xd3\
$^\x87\xf0\xe1\x1fw\x00\xdd\x22\x15\xefv\x11d\x84\
\xcfJ\xb8\x5c\x03\xa5Y\xb4\xf3\xef\x01\xfc\x10\x89DT\
\x04\xa8\xab\xab\xc3\xf4\xf44FGG\x11\x0a\x85\x90\xcf\
\xe7Q(\x14\xd0\xd0\xd0\xa0X)K\xa5R\xd5Y\x1c\
[]/\xc2n\x11{J\xd9\x1b\x0cV\xcaeX\x15\
\x0b\xa6a`\xdb\xb6mX\xba\xac\x0f\xd3\xe94\x86\x99\
\xb2\x13\x15\xe2]\x9d]\xe3\xfd\xfdk\xef\xfe\xe0\x07>\
x\x7f\x7f\x7f\xbf\xf3V\xb3\xb5\xb7\xa4\x83\xd0\xe3\xa9\xa7\
\x9e\xea\xf9\xf9\xcf\x7f\xfe\xf93g\xce\xdclYV\x90\
G\x93p8\x8c\xa5K\x97\xa2\xae\xae\x0eG\x8e\x1c\xc1\
c\x8f=\xa6\xa5\x1fU\x17B\xe0\xbdt\x0bQ\xba\x85\
*\x1d\xf6\x88\xef~\xf3\xfaC\x22v\xe5`P\xe2\xb1\
$\x9c\x85C9\xc89\x1a\x1a\x1a\xd4\xebV*\x15\xc4\
\xe3q455)\x83\x0e\x06\x83\x0avb\x18\x06b\
\xb1\x98j\xd9\x12\x04\xc50\x0c\xb5\x87S\xb1-\xd5\x86\
-\x16\x8bJ\x8f\xd1\xb6\xab\x8eS)W\x9dn\xeb\x96\
-X\xb9r%\x0a\xc5\x02\x86=Rl\x8ah^!\
o\xad_\xb7\xee[\xefy\xcf{?\xff\xeew\xbdk\
\xe8\xadjcoi\x07\xa1\xc7w\xbf\xfb\xdd=\xcf>\
\xfb\xec\x7f\x1d\x1b\x1b\xdb*\x07T\xb1X\x0cK\x96,\
A$\x12\xc1\xb1c\xc7\xf0\xc4\x13O\xf8\xd4x_j\
\xf7\x9cO\x92\xf9\xcf\xc9\xb9\x8b\xec@\xf1\xce\x15w\x1c\
\x19!x\xdb\x96;\x95\x0e\xe7\xc5\x9f7\x16\x8b\xa1\xa9\
\xa9I\xb5v\xe9\xfbmmm*rP!Ox\xad\
X,V\x15\x99\xf1\xa4\x0f\x08\xffD\x14\xb1\xb6mc\
:3\xa3\x18\x1a\xadJ\x05E\xcf)(\xbd\xda\xbai\
3\x96\xafX\x81r\xb9\x8c\x0b#\xc3\xc8\xe5r*b\
\x90stww?\xb3{\xf7\xee\xbf\xfe\xd3\xdb\xff\xe4\
\xf1\xb7\xbam\xbd-\x1c\x04\x00\x8e\x1c9\x12y\xe6\x99\
g\xfe\xfd\x81\x03\x07>\x95N\xa7{$\x19[]]\
\x1d\x96,Y\x82X,\x86\xd3\xa7O\xe3\xa9\xa7\x9eB\
:\x9d\xae\x09E\x91\xad\x5c\x1d{\x89\x5c=\xe5\xf5\x01\
\x19,g(\xd1\xc9 \xc8h\x22\x87\x8c\x84\xc3\x22\xd8\
;\xed\x7fP\xf7\x8a62iq\x8a\xa6\xe4\xc1`\x10\
\x0d\x0d\x0dj\x07\xa4\xae\xae\x0e\x81@@i\x1aZ\x96\
\x85\x99\x99\x19\x00\xc0\xf4\xf4\xb4\xaaEh\xc2\x9e\xcb\xe5\
`Y\x16r\xb9\x1c\xc2\xe10.\xbd\xf4R,Y\xb2\
\x04\x85b\x11\xa3c\xa3\xc8\xe5r(zi\x94]\xa9\
\xa0R\xae\xa0\xbe>qa\xf7\xc0\xc0W.\xbb\xec\xb2\
\xafn\xd9\xb4\xb9\xf4v\xb0\xab\xb7\x8d\x83\xd0\xe3\x1b\xdf\
\xf8F\xe2\xd0\xa1C\xb7\xe5r\xb9\xcf'\x93\xc9F\xe9\
(\x91HD\xd5(\x17/^\xc4\xc1\x83\x07q\xe2\xc4\
\x09\x1f\x00P\xb2\x96\xf0\xef\xc9\x09:\xff\x19\xdd\x8c#\
\x14\x0a\xa9\xc1\x9dL\x9b\xf8\x94\xbd\x16\x90\x91\x8c\x9f\xf6\
A\x08\xe2N\xa7<E\x13Z\xd3\xcd\xe7\xf3\x08\x87\xc3\
\x88\xc7\xe3\x88D\x22\x98\x9e\x9eV|\xbe\xb4\x1bB\x98\
,J\x9d\xa6\xa7\xa7a\xdb\xb6\xd2b/\x16\x8b\xc8d\
2\xe8\xe8\xe8\xc0\xbau\xeb\xd0\xd9\xd9\x89\xe9\xe9iL\
LL W\xc8\xcf\xd6\x18\xdeL\xa3\xbd\xb5-\xbfn\
\xdd\xba\xaf\x05\x02\x81\xcf\xdf}\xf7\xdd\xb9\xb7\x93=\xbd\
\xed\x1c\x84\x1e\x0f?\xfcp\xef\x91#G>{\xf4\xe8\
\xd1\x0f\x8d\x8f\x8f\xc78\xd3\x22\xcd/\xba\xbb\xbb\xd1\xd9\
\xd9\x89r\xb9\x8c\xd3\xa7O\xe3\xf0\xe1\xc3\x98\x9e\x9e\xf6\
\xb5m9\xeeJ\xce@8f\x8b\xb7oyq.\xb9\
\xa8d\x94\xa8\xd5\xc1\xa2\x14L\x17]\xa8\xde\x08\x85B\
H$\x12*\xb2\x10`\x91`\xe9\x84IkllT\
\x8c\x8c\xc4\x03\x90J\xa5\x14\xa2\x97\xa0\xf4\xa9T\x0a\x00\
\xb0r\xe5J,_\xbe\x1c\x91H\x04SSSJ8\
\xb4\x5c.\xa3l\xcd\x12m\xd7\xd7\xd7\xe7\xfb\xfb\xfb\xef\
_\xdf\xbf\xee\x0b\xd7_\x7f\xfd\xe0\xdb\xd1\x8e\xde\xb6\x0e\
B\x8f\x87\x1ezh\xc9\x91#G\xfe\xe3\xe9\xd3\xa7o\
>s\xe6L\x94\xa7IT\x8c777\xa3\xa7\xa7\x07\
\x89D\x02\xa9T\x0ag\xcf\x9e\xc5\xe1\xc3\x87U\xad\x22\
\xd30\xbew\x22\x8buYps'\x91\xb5\x069\x81\
t\x18N\xec\xa6\xd3_\xa7\xd5Z\x22\xb6\xe6\x9f\xa5\xa9\
\xa9Ii\x9d\xd3\xa0\x90\x86\x81\xf4\x1e\xa9\xddK\xba\x22\
\x85B\x01\x8b\x16-B__\x1fZ[[\x91\xcb\xe5\
055\xa5X\x0cy\x8dQ(\x15\xd1\xd1\xd1Q\xec\
\xe9\xe9\xf9\xe6\xda5k\xbf\xf4\xde\xf7\xbc\xe7\xdc\xdb\xd9\
~\xde\xf6\x0e\xc2\x0a\xf9\x86\xa7\x9f~\xfa\xf6\x8b\x17/\
\xde522\xb2H\x8785\x0c\x03\x1d\x1d\x1d\xe8\xe8\
\xe8@]]\x1d\x92\xc9$\x86\x86\x86p\xe2\xc4\x09\xe4\
\xf3y-\xbb\x0a\xef\x80Ig\x90\xb4\xa1:L\x96\xec\
\x5c\xf1\xf4L\xae\xed\x12\xfe*\x1a\x8d\xa2\xbe\xbe\x1e\x91\
H\xc4']@\xb5\x09\xb5n\xa9ML\xbc\xbc\xe1p\
\x18\x99LFE\x84\x05\x0b\x16`\xf1\xe2\xc5hkk\
C\xa9T\xf2I\x99\xc9\xc2\xdb\x8b\x18CM-\xcd\xff\
\xf3\xea\xab\xaf\xfe\xe7+\x07\xae\x98\xfa}\xb0\x9b\xdf\x1b\
\x07\xa1\xc7#\x8f<Rw\xe2\xc4\x89?>x\xf0\xe0\
m\x83\x83\x83\xdb\xb2\xd9\xac\xa1s\x16\xd34\xd1\xd9\xd9\
\x89\x05\x0b\x16 \x16\x8b)\x90\xdf\xf9\xf3\xe7\xabj\xaa\
\xdev!\x9f\x7f\xe8h}t3\x0f>\x1b\xd1\x91\xc9\
\xe9\xe0(\xf4EJS\xb4&K\xb5\x0f\x91\xcbQk\
\x96\xd0\xc2\xb9\x5cN\xcd1\x02\x81\x00:::\xd0\xd3\
\xd3\x83\xe6\xe6f\x14\x0a\x05\xa4\xd3id2\x19\x9f3\
p\x07q]\xd7mnn~\xa6\xaf\xaf\xef\x1f\x97/\
_\xfe\xdd={\xf6\x14~\x9f\xec\xe5\xf7\xceA\xf8\xe3\
\x9e{\xee\xd9\xfe\xe2\x8b/\xdev\xfc\xf8\xf1\x1b\xce\x9f\
?\xdf\xaa\xd36\xa7T\xaa\xb5\xb5\x15\x0b\x16,@S\
S\x93\xca\xe7\xd3\xe94\xc6\xc6\xc6099\x89L&\
\xe3\x9b{p'\xd1\x0d\x0ee\xfa%\x9d\x83w\xb8x\
\x94\xe1b\xa4\x5c\x81\x8aj\x90b\xb1\xaa\x1fC\xfb\x22\
\xcd\xcd\xcd\xe8\xea\xeaBss\xb3Z\xac\xa2e)\xbe\
\xac$\x1d#\x1e\x8fO\xb5\xb4\xb4<\xd0\xdf\xdf\xff\xad\
\xeb\xae\xbb\xee\xe9\xdfW\x1b\xf9\xbdv\x10z\x1c8p\
\xa0\xe9\xc7?\xfe\xf1\x9e\xa3G\x8f~ \x18\x0c\xdex\
\xe8\xd0\xa1 'h\xe6_t:\xb7\xb4\xb4\xa0\xa5\xa5\
E\xa9\xcbRW\x89\x90\xb0\x84s\x22\x1dr\x99F\xd5\
\xda:\xac\x15Q8\x00\x93\x88\xdehq*\x91H(\
j\xd2\x96\x96\x16EQ\x0a@\x19=\xd7\x86'\xbe)\
\xee\x1c\x1e\xc27\x15\x89D\x1e\xe9\xec\xec|\xe0\x8a+\
\xaex|\xf5\xea\xd5\xe9\xdfw\xdbx\xc7A\xc4\xe3G\
?\xfa\xd1\xc2\xb3g\xcf\xde\xf0\xec\xb3\xcf\xee\x99\x9c\x9c\
\xdcs\xfc\xf8\xf1&\xaa7t_\x14a\xe2\xf18\x1a\
\x1b\x1b\xd1\xd6\xd6\xa6\xe0\x1f\xd4]\xe2\xca\xba\x9c\x88Z\
B[t`F\x0e7!\xc9\x03\x02*r\x86v)\
\xfc)\x9f\x87\xde\x07\x8f\x16\x9e<^\xdau\xdd\xff\xd7\
\xd0\xd0\xf0\x7f\x16-Z\xf4\xc4{\xde\xf3\x9e\xe4;V\
\xf0\x8e\x83\xbc\xac\xc7W\xbe\xf2\x95\x84i\x9a\xef\x1e\x1b\
\x1b\xbbahhh\xd7\xaf~\xf5\xabE\x99L&(\
\x15\xa8\xf8D]\xc2\xd6)\xd5!\xa3\xa6\xddr\x89\xb1\
\xe2\x00F\xc9\x82\xc2\xbbh\x1c\x81,i\x84jA\xe8\
)2ys\x0f+\x91H\x0c\xd9\xb6\xfd\xfde\xcb\x96\
\xfd[\xb1X|t\xff\xfe\xfd\xd9w\xee\xf6;\x0e\xf2\
\xbb\xb6\x8b\x83\x00\x16\xfd\xf0\x87?\xdc\x9e\xcf\xe7\xaf\xa9\
\xab\xab\xbb\xfa\x89'\x9eh\xc8\xe5rq\x9a\x5c\xcb\x99\
\xc6K\xcd;\xa4\x11\xbf\x5cc\x7f9\x7f\xb2\x96q.\
\x16\x8b\x1d\x0f\x87\xc3G\x03\x81\xc0\xbf\xae]\xbb\xf6i\
\xc30\x86\xd6\xacYc\xbdsW\xdfq\x90\xd7\xf4\xf1\
\x8b_\xfc\xa2\xed\x9b\xdf\xfcf\x7f{{\xfb\xae\xe3\xc7\
\x8f\xf7555]u\xf2\xe4\xc9X \x10h\x1b\x1e\
\x1e\x06\x00E\xfc\xa6k\xfd\xd6r\xaa\x97\xeb\x00\xbc\xfd\
\xeb\x91-\x0cutt\x94\x8a\xc5\xe2#\xdd\xdd\xdd\xa3\
\xa6i>\xb9q\xe3\xc6c\x8b\x16-\x9a|\xe7n\xbd\
\xe3 o\x8a\xc7\xe8\xe8h\xfdC\x0f=\xb4\xf4\xc8\x91\
#\xb1U\xabV]\xfb\xf0\xc3\x0fc\xdd\xbau+\x0b\
\x85B\xff\xa9S\xa7\x90L&\xdd\x8d\x1b7\xae.\x95\
J\x11\x02\xfa\xe9\xd2%j\xd3F\xa3Q$\x12\x09\x84\
B\xa1\xdc\xd4\xd4\xd4\xa9\xc6\xc6F\xa3\xb3\xb3\xd3-\x16\
\x8b\xbft\x1cgl\xf5\xea\xd5\xd6\xe8\xe8\xe8#\xfd\xfd\
\xfd\xc5\x1d;v\x1cy\xe7\x0e\xbc\xe3 o\xf9\xc7\xf9\
\xf3\xe7;\x8f\x1f?\x1e>}\xfa4\xc6\xc7\xc7\x91N\
\xa7}\xf3\x0b\x92\x88nkkCgg'z{{\
\xd1\xdb\xdb[\xec\xee\xee\x1e\x7f\xe7\xea\xbd\xf3x\xe7\xf1\
\xce\xe3M\xf3\xf8\xff\xcc&\x16A\x9a\xc1\xaa\xd0\x00\x00\
\x00\x00IEND\xaeB`\x82\
\x00\x005\x85\
\x89\
PNG\x0d\x0a\x1a\x0a\x00\x00\x00\x0dIHDR\x00\
\x00\x00`\x00\x00\x00F\x08\x06\x00\x00\x003m\x91\x13\
\x00\x00\x15\xbfzTXtRaw prof\
ile type exif\x00\x00x\
\xda\xa5\x9aY\x92\x1b\xbbvE\xff1\x0a\x0f\x01}3\
\x1c\xb4\x11\x9e\x81\x87\xef\xb5\x91,JU\x94n\xbck\
WI\x22E23\x918gw\x00\xcd\xfe\x9f\xff>\
\xe6\xbf\xf8I\xd9U\x13S\xa9\xb9\xe5l\xf9\x89-6\
\xdfyR\xed\xf3\xd3\xef\xbf\xce\xc6\xfb\xef\xfd\xc9\xaf\xb7\
\xf8\xff\xb7\xd7M\xfcz\xc7\xf3R\xe01<\xff\xad\xaf\
\xd7\xdd\xd7\xeb\xee}\x82\xe7\xa1\xf3,\xfdv\xa2:_\
o\x8c\xefo\xb4\xf8:\x7f\xfdq\x22\xff<\x04\x8dH\
\xcf\xd7\xebD\xedu\xa2\xe0\x9f7\xdc\xeb\x04\xbd\xbfn\
\xa5\xd5\xf2\xfb-\x8c\xfd<\xae\xaf[\xac\xcf_\xa3\x7f\
b\xfd>\xec\x8f\xff\x17fo%\xae\x13\xbc\xdf\xc1\x05\
\xcb\xbf!\xbc\x06\x10\xf47\x98\xd0\xef\x93\xce\xdf\xc2\x07\
\xf9\x10\xcfC\x88\xfc\x1b\xc3\xd7-1!\x7f\x9a\xa7\xf7\
OcDGC\x8d\x7f\xfc\xd0\xb7\xaa\xbc\x9f\xfd\xa8\xd6\
xM\x81\xf9Y\xad\xe8_\x1f\x09?&9\xbf\x1f\xff\
\xf8\xbaq\xe9\xc7\x1b\xe1}}\xff\xfb\x95c}=\xf3\
\xdf_\xef\xf1)\x8f\xb1?f_\x7f\xcfY\xf5\xdc{\
\xe6.z\xccLu~\xdd\xd4\xd7-\xdeg|np\
\x09]\xba\x1a\x86\x96m\xe1o\xe2\x14\xe5\xfe6~+\
]=\xb9\xd6\xb2\xd3\x0e~\xa7k\xceS\x89\xe3\xa2[\
\xae\xbb\xe3\xf6}\x9cn2\xc4\xe8\xb7\xf1\xd4\xca{?\
}\xb8/Vj\xd7\xfc\x0c\xaa_\xd4\xaf;\xbe\x84\x16\
V\xa8\xd4u\xde\xb2\xc7\xe0\xdfcq\xf7\xb2\xcdNs\
\xafV\xb9\xf2r|\xd4;N\xe68\xe4_\xff\x9a\x7f\
{\xc09\x82\x82s\x9a\xcb\xd1\xef\x5c1.\xef5\xd9\
\x0cC\x95\xd3\xbf|\x8c\x1a\xb8\xf3\x9a\xd4t'\xf8\xeb\
\xf7\xe7\x8f\xea\x1a\xa8`\xd2,\x0b\x22\x8d\x89\x1d\xcf)\
Fr\xbf\x98 \xdcB\x07>\x98x|0\xe8\xcaz\
\x9d\x80)\xe2\xd2\x89\xc1\xb8@\x05\xa8\x9a\x0b\xc9eg\
\x8b\xf7\xc59&\xb2R\xa0\xce\xd0}\x88~P\x01\x97\
\x92_\x0c\xd2\x03\x99Lm\xaa\xd7\xa59\xa4\xb8\xfbQ\
\x9f</\x1b^\x87\xcc\xa8D\x0a9\x14j\xd3B\xa7\
X1&\xfa\xa7\xc4J\x0f\xf5\x14RL)\xe5TR\
M-\xf5\x1cr\xcc)\xe7\x5c\xb2H\xb1\x97P\xa2)\
\xa9\xe4RJ-\xad\xf4\x1aj\xac\xa9\xe6Zj\xad\xad\
\xf6\xe6[\x804S\xcb\xad\xb4\xdaZ\xeb\x9dkv\xce\
\xdc9\xba\xf3\x81\xde\x87\x1fa\xc4\x91\xcc\xc8\xa3\x8c:\
\xda\xe8\x93\xf6\x99q\xa6\x99g\x99u\xb6\xd9\x97_a\
\xc1\x1f+\xaf\xb2\xeaj\xabo\xb7i\xa5\x1dw\xday\
\x97]w\xdb\xfd\xd0j'\x98\x13O:\xf9\x94SO\
;\xfd]\xb5WY?~\xffE\xd5\xdc\xabj\xfeV\
J\x1f,\xef\xaa\xf1j)_\xa7p\xa2\x93\xa4\x9aQ\
0o\xa2\xa3\xe2E%\xa0\xa1\xbdjf\xab\x8b\xd1\xab\
r\xaa\x99m\xd0_H\x9eA&\xd5l9U\x8c\x0a\
\xc6\xed|:\xee\xabv\xc6?\x15U\xe5\xfe_u3\
%~\xab\x9b\xff\xbfV\xce\xa8t\xff\xb2r\x9fu\xfb\
S\xd5\x968x\xde\x8a=(\xd4\xa4\xda\x00\xfaf\xee\
\xbe\xf6~\xb8\x03N\xa4\xb2\xcd\x16\x98\xa5c\x99\x8da\
\x86\x0f;\xc33\x9c~V\x1b\xaa\xdele\x97\x90\xf7\
ZL\xe3\xcc\xbe\xf5\xbd\xd3d\x10~p\x7f3$\xa6\
<\xb7\x9dK\x1b.\x9fuF\xd9\xc7\x99\x99\x83;\xb1\
\x9f\x98}o\xcb\xd6\x9e<\xb79k_y\x8fy&\
\x90C\xd7zJ\xadOK\xdd:\x98\x1c)\xffx\x97\
\xc9\xde<=s\xec\x13\xe9\x81\x10S\xd7\xf8=\xa7\xb2\
z\xac\xdd\xfe\xe3#\xe4\xc8\x07\xcb\xf2\xcd \x0e\xa1\xda\
x\xb8\xa6\x1d\x83\xab\x8c\xe5|=}\xc72\x92Ok\
\xad\xad^\xe8\xe1\x04\xb7Q[&\x9cF\xe1\xb6{D\
A\xec\x9a\xd2\x86\xb0\xb7\xb1\xe5\xa4\xbeO\x87R\xa2+\
aN\x1ac:\xd4\xc05\xeb\xb8Z\xe8\xae\xaf\xc4\x1d\
;\x0cO\x96\xc8\x94\xc5\xac\xaf\x04\xc9\xb4\x12W\x1d\x93\
\x09s\xce\xb4\x00\x02\x5c\xf5\xb1\xed\xd6(a\xees\x8f\
\xd2\xe6\xa4\xc9\xf3TG\x06\xa6\xb0w\x84\x05'u\x02\
\x05\xa5\x10\xf4O\xdd\xbe1\xd2\x0a\xe1\xd3\xfb\xdbh\xfc\
\x1c\xb7h\xf99\x19U\xe2\x0f\xa6\xe4\xceT\xfdx\xf4\
c\xad4O{\xecC\x5c9\x8e\xd1\xa42\xd5t\x86\
7F\xa9\xd4z\xee@=\xda\xa9\x85r\x1c\xfa\xf44\
\x8aL\x1b\xd4\xb27&D\xb5<\x89*'\xeej4\
\xbf\x98F\xee\x1b\xe8\xd5\xb6M\xa4\xf3{.\x13\x80R\
\x09\x801\xd1\xc8Q\xfbf\xd6\x16m\xb7\xd0\xeaU\xaa\
\xa3\x9c\x93?\xa3\xf5\x18C)0:3n\xe3\x9a\xe0\
g\xdb\x16\x8c\xdd\xc1\xd6\x18\x1aW\x9cmO\x0a\xbf\xbe\
\xbae\xa5\xe8:\xad\xa9#\xecZ\xee9\xe2u\xc0\x00\
\xf5\x9b)ui\x9d\x1af6\xdc@)\xe0\xde\xf5\x9c\
\xdd\x1ai\xd9&\xeb\xe5\xa8\xf3d\xf2\xfb\x08\x09\xf9\x9e\
)\xee\x982\xb7\xfb\xf1\x815\x9c\xe3\xdeM<\xa5\x87\
aW\xf7si\xaa\x13@y\xa6\xdc~>\xa6\xb6\xe0\
\x88\xd2\xec\xed\xb59i\xb5\xc4\xd9\x0a\x0dc\x18b\x9b\
\x9c\x8c\x8a\xd5y\xc2\xf2t%N\xb4\x85\x03k,(\
\x0c\x02H\xe0{7\xef(g\x06\x09>\x1ef\xefl\
F77\xe4\x05\xa1\xb4e\x5c?\x93\xc2\x1f\xd4\xea\x84\
\xc6<M\x9a\x1c\xc2\xaaY\xa5\xf3\xc9\xf6rk\x07\xb1\
l\xa6e\xe6\xddwMq\x15G\x8d\x9d\xa3\x97\xc6j\
}9\x03\xc1\xe6\xb0KMyg\xda\x1eN\xa3\xa3W\
\x84\xd0\xc2\x02\xf9\xa3\xd6\x95O\xf4\x19;2\xe2l\x8c\
\xa9\xc6a\xc1\x13\x8c4(7lUW)\xde0,\
\xbf\x195\xb4\xc63\xb1\xb1-\xc9s\xc6\xc3\xf5;\x0c\
\x83\xbafH7\xed\xe8\xe9Y\x86\x97\x068\x02@\x10\
\xf3\x03\xa0,\x00\x99\x17\x82\xb8\xa1\xe5!\xca\xeeBn\
\x93\xbb\x8e|2\xfaT=\xf4\x0b\xff,P@w\xe4\
\xe1\xfb\xda9\xd8Y\x91\x86\xe6pC4%\xec\x1c\x0c\
\xfc\xc7\x8d\xb9\xc2\x88\xe0\xf7X\xec\xec>G8\xd2\xb9\
\x06\x9c\x9b\x87\x10r\xeb%g\xff\xe0\x04x\xa4[\xc6\
\xf7#\xcd\xba\xbbY\x05~B\x90,m\x12\x87o\x09\
\x19\xa1\xb7\x92\xde\xfc\xed=N\x84\xdds\x10\xd7\x9e#\
\xdb8\xe1q\xdc\xc7\x08\xc1Q\x97\x1c\xa7a\x94\xc3J\
;\x80F\x00\x00\x9b\xb9\xeepOf\xa2 \x93\xd1\xfb\
s\x00\x9cq\x0f\xc0\x1aN\x04U@\xb0{s\xab\x93\
d\x85s5i\xa7@%\x1ehU$\x06\xe7\xdc#\
:\xb6\x19\x9f\xdd\xf90<\xbbN[>\xa49\x9d\xa7\
\xfd\x17,\xe0c\xbe0\x86V\xa1;(\xd7\x0c\x97h\
\x9f\xb4\xf1\x96\xabx\xa6\xfc@C\xf3\xbc\x0e\xdb\x7f:\
lw\xc6\xe0\x06\xbc\x0f\xa7\xa0H\xf8\xa3\xec\xcd\xff\x03\
^\xdf\xd0e\xfe\x06/\xc1\xaa\xe46 \xec\xda\xcb\xa1\
\xfa \x85\xe7P\xb4s\xa0\x83n\x81$Q\xd0]\xe9\
\x85\xc1\xad\xf5\x8cS\xea\xb1\x91\xf4\x02\xea\x02R\xe8\xd7\
p\x04\xba\xb4\xfc\xa1'\xc6\xa1w\xe9G\xc7T\xc4\xe3\
fI\xb3PQ\xe2\xd4oW2\xf7R\x16c\xb0\x10\
\xc6\xb5|\x84\xdfd\x1c\x9b-{\xb4\xb3y\xa3\xa4^\
\xa7\x02\xd8\xa6(\xdb\x8aka\xbb\x8c\xeep\x88\xeb\xcc\
Y\x1d\xc5\x1c\xa1\x96\xce\x14gM\x0c\xd3\xbd\x1a\xb1\x91\
\xb2\x01\xb9\x1a\xbb=-\xc7\xc8\x85\xfb\x0bI\x05$\x15\
R\xc3\xe8-y,\xc8\x8e\x82\xa4a\xd4\xe1\x1f0)\
\xe6\xbc\xa8\x8c\x80r\x90!\x06\x1ar8\xcd\x04\xdf\xbf\
\x81r\x99B)\x00\xa2\xc3\xb6\xd0\x98%K\xd9~\xa0\
)\x0f\x99\xe6\xd6d\xae#x\xcf\x7f\xba\xb8Q\xb2n\
s\x94\x08l%\x0aScgJx\xfbQ\xb5\xb4'\
\xe6\xcc\xce(bg2\xff\x02I\xf3\x9f`\x12( \
\xcd\xb3\x07\x06Y\xdd\xeeWF\x1b \xaa\x02Q!\x90\
\x8f\x86=\x86\x05PK\x04wK\x15:.#\xc0\xa7\
$\xab\xd5\xf2\xb4X4\xa2q\x1e\xbc\xcb\xf4\x8f\x8a\xb9\
\xcb;\xe14\xc1\x12\xf0d\xca) \x0ce\x1c\x0e\x91\
r\x03\xd63\xc3\xe9\x13\xe0\x82\xce\xedh\x05\x9e\x11q\
\xb9\x06\xf8\xec\xf38Jy0\x5c\x08\xa1\x15:\x07b\
Up~tso\xd1\xe0\xc0\xc7\xc42\xe2\xba6$\
\xc5h\xa8\x0b,\xcdp\x82\xac\xe3\xcc\xa95\xce)\xa4\
\x8d\xd3-MP\xf1\x13E\xa2\x0b\xe7\xa4\xb9\xf6X\xf8\
xt\x0d\xc3p2J\x8b\xc1D\xb4\xfd\x9c{a\x1f\
sXg\xd9\xc4%+L\x81KD\xb5{\x9e\x02\xa8\
\x05\x1f\xe8\x7f\x870\xa0\x88\x8c\x81F\x09\x0cb\xce\x04\
h-\xe5\xc0t\xb2\xa5X\xc1^\xa1\x04\xbf\xe4Q\x18\
\xc7*\xb4\xdcovl`j\x1e\x09\xcc\xbf\xb0i^\
O\xac\xc0h\xa1l&c\xcc\xa1\xb7\x9a*v\xea\x85\
;S\x8b\x85\xe0b\xb4\xc37\xb8\xc2\x0d\xa3\xa2\x93\xc3\
\xe0\xc7\x93\xddJgAA\x1d\xb5\x5c%\x1f2:`\
&\xe4\x91\x98(I\xd3\xd80;\xfbT\xd1X\x83\x0d\
\x99cz\x96\xd2\x11=d\xf7\xcc\xfb\x94:\xa3\x03\x1d\
\x11\xd5`<\xc4ixwt$\x0e\x04\xd4\x12\xfc\x82\
\xd7\x06vL4*\xbc\xe2\x01\xdf\x97\xb3\x18\xf6\x9f\xd7\
\xc3\xbd\xd0\x17X\x5c\xad\x00@\xe5u\xae>\x84\x5c\x1f\
Q\xcb\x84O\xb39%I(\xa3\x87\x18\xb6cL\xca\
\x22\xf8\xf9$;\x8f9\x97\x01F\xc8z\xe5 \xfc{\
Yg\xd7\x8c%\xc3/\xc6A\x84\x99\xd1\x1f\x17I\xf5\
(\x0c#\xa7\xc6]\x15\xba\xfa\x82@:\xbas\x11M\
\x16R\xcf\x84\xa6\x8b\xd7*i\x17\xbb\xd1\xceM\xa7\xa9\
\x88\xeb\x96\x0f\x85\xdah\xc7\x823*\x18\xb2\x0ae\x0e\
\xeb\xb25\xf8LW\x11\xfa\x9d\x88\x11*Z\xfc8\xd7\
\xa2q\xb3\xe3\x18L\xaf\x1dk\xae\xa1\x5cS3F\x17\
\xed\x064\x82\xad\xf9\x8f\xa4\xd4\xd2\xc0\xa3\xe2\xcd7\xbe\
\xc6a\xf7\x98\xcb\x06\x01\xa8\xdex\x0c\x9c]1d\x0e\
\xaatq\x8d\xa7\xa0|P\xde\xd5\xd4\xf6\xd6\xd4\xb0H\
\x96Hd\xaf\x95t\xb7'\xd4Jqt\x81U\x0eA\
\x08\x96\xee\xcd\xe0\xa1\x96TuA\xae+\xe7J\xbf\xc1\
s1\xba\xd0\x88q\xf8\xd7\xa8\xa4j7Yua\xc7\
\x86\xa0\xab\x14\xe3y\x84g\xb3}du\x18\xe0{E\
\xda\xbb\x8e\xb02\x22\x00\xce\xb9'\xe1gdz\xc5\xa7\
\x8c\xa7ST\x84\x9bI\x11\x14\x12\x86n\x96\xe2M\x90\
\xb8\x95\x9d\x10\xbfc\x8e\xc5,\xfc\xf3a+NGH\
m\xe5\xb1\xadD\xca\x00\x1f\x80\xf6\x13\xe4\xb8\xa1\xb8\xa9\
p\xbc\xc3\xe2T\x8c\xd1\xfa(N\xb9\x11\xaa\xcc%\xd3\
\xe7\xd3\xb0\xd8I\xf8\x1d\xbe\x22\xbe85\x17\xa9\x11\xf7\
UE\xb9\xd4\x02\xe6\xbf51\xbf\x15G\xfc\xeb\x98*\
lj\x93\x99 u\xc3j\xc7a\xb1\x92B\xcf\xf3\xee\
\x07f\x9b\x00\xd6\xcc\x1bass\xe8Dd\xf1\xaa\xc4\
\x1dr\xdb:\xe2\xc7}p\x99p\x8eV9\xa5z\x90\
q\x84\x9f\x94\x0a\xb2x\xa3l\xe5\xb5n\xc8\x12i\xd2\
skBl\x15\x0a\xea\xd1\xfd\xe2\x01\x0aI\xb3\xe0'\
 M\x0c\x09')\x97^\xa1\x98E'\x90\xebt\xbd\
\xc9\xf5\xcc\xe7\x059\x5c2\x9b\x90\xc4\xed ?\xc0\xc9\
\xc49\xf0\xc3t\xcd?\xa1\x0d\xf7\x85\xd2*\x90\x0d\xc2\
#\x82\x13\xbd\x0c\x8d\x84\x96Q\xc4\xa6\xc5\x130b\x1f\
\x9d\xad\x7f\xc3?\x05\xc2\xc8\x91i=5\xa4\x9f1:\
8p\xf97\x8e\xc2\x87\x93\x7ff)r\xef\xf3\x0am\
V\x9c\x09r\xbfq\xe0\x02\x16\xd6\x9fp\x8e^;\x8b\
\x15\xb7\xc6O\x97\x98\x02\x87\x1d\x10'\x1f-\x0a\xca\xb4\
G\x22\x11\x11\xd9M\xdf\xb4H\xe7\x10\xee\x0b\xdeP\xa1\
\xaf\xf6\x80\xb7\x7f\x817\xc4l\x1c\x85\xba1\x95\xc8\x1e\
\x96RE\x03R7H\xc7\x0f\xfb\x95\xb4`Ar\xaf\
\xa8\xb5\x1bx\x8avS$N5\x19\xba\x12\xdf\xd8;\
\x8ao{\xf0 \xb5\x10I\x0f\x1eh\x5cO\xdc\xc7\x88\
26\x5ct\x0a\x89[\xa2@a\xdd\x0f$\x1aAq\
\xf7\x8b6PsFD\xc7\x9b:c\xbbBZ(\x01\
\xe7Ho\xd3\x98U&d\x87ca0\x94\xa6\x1e4\
.V\xb0\x12\x92'\xf7C\x09\x00\xa3m\x11\xb5Js\
\x05\x17\xf5f\x88\xe9-\xb8\x0d\xc1\xddW\xf5#\xd4\xf4\
R\x5c\x84\xfe\x8a!\x0a\xc1\xc1\x86\x22\xf3\x5c*_\xdc\
a\xfa\xa0{\x22\xda\x81\xb9\x1b\x16\xa44\xc7\x9d\x91\xb8\
\xa4\xb9\x03LdH\x93|\x80L3\x870j\xfd\x92\
T\xf3]S\x15\x81\xb5v\x0d\xbaF\xb3\x83x\xd0\x12\
\xf7\x80\xf5\xdf>K\x95\x10\xcf\x9c\xc9E\xfb\x96C\x8b\
6\xaf o\xde\xc9^E\xc6\xa0\x84\xfd\x81\xa3\x01\xe4\
^\xef&\x14\xcd\xad\x80C\xb5\x1aL\xc3\xe23\x22\xad\
\x87A\xb5\xb6\xabk^\x88\xc5[\xa0)\xee\xe5\x8a\x13\
l\xba\x09 N\xd5Qq\xae\xd0f\xd0%\x09\x9e\x13\
\xc7\x83 \x96ttk'r\x1fr\xb0\x98=J\xac\
%;>C\xde\xad\x12\xda\xa3\x16\xc4G\xcf9xv\
A\x9b_\xa0Mp\x17,\x11+\xe6\xbej\x01a\x9e\
C\x8d\xc0\xc5\xd8\xd8r\xac\x0dy\x07u\xaa7Y\xe2\
\x83\xa2k\x8f\x7f\x85<\xa7\xa8\xafJ\x1c\xa07\x7f!\
\x82\xcc:4\x0f\xc3>\x1e\x84@\x91\xf3$\xa0T\xca\
V>}\x9f\x89D2\xbb\x92\x9c|\xc6\x95\x1fb\x0f\
\x8e\xb2\xc6\x0d\xa2\x1fam\x15\xc9\xa6_1:\xdb\x01\
w(P1\xe3\x5c\xcf\x8a\xb5\x15\xdb\x09\xa5 \xdc\x0f\
\x0f\xc5\xd2\xcc\x05\x83\x8d\xcd\xcew\xfd\xd1\x97Sc\xe9\
ge3\x02\xe3j\x9b\xd4:\xa0o\xe5\x09<)L\
J\x7f:\xf1y|I\xab\x96\xb9\x08^\xdf\xb43(\
\xf9\x22\xd9\xeab3\xb4\x0e\xd4\xb5b\x83\x1f\x01\x83X\
\x09N\x04lB\xedPn\xcf\x99\xb6\xe6\xca\x90\xa1P\
\x8e\x5c\xd2w\xe8\xbf\xe2\x18\xe4\x8a\xcb\xc9d\xb7\x12\x00\
\xadg\xa8M'\x09C\xeb>d\xb0;\x22\x86\xdcH\
\x00\x0e\x17\xb4\x9bW\x92$<||\x18:\xf2~&\
\xed\xf8EW\xe91\xe8\x1f\xeb|_\xfa\xf5\xca\x84\x1c\
\x996\x84\x88\xcbGRW\xc583^9-\xd2\xd1\
@S\x12\x14\xc61'\x1a&K.\xabx;h4\
\x856\xb2\xc9CpH\xa8\x98\x0d\x86\xb2\x15\xdaF\x9c\
{@\xe61\xaeQ\xe8py\x8d\x03&\x14\xfc\xd71\
\xea\xc6\x02a\x95\xa1\xd4\xb1\x97\x10\x0b{\xe5 9\xe0\
(\xc9A\x1c\xfc44\x88\xa0\x97SY\xc8\x99\xbb\xd4\
\xf2\xbc\x0dV\xfd24\xfai\xed*\x1b\x9e%\xaa\x8f\
\x86\x08\x9b\x16\xf0\x80\xbf\x03\xde\x0cp\xf5\xd9\xcf\x8f\xe6\
\x8e,hEvb\xb4<a\x1f\xc9.\xe9\x06\xea\xc7\
@\x7fZ$\xcda\x09\x18\x80\xa0\x80Hh\x01f@\
\x8f\xc12U\xc7\xe7`\xd4t\x1b\xf5\xa5e\xd4\xbeZ\
\xe2i\xd8\xffB\x02@\xd2\xfa\x9e\x13{D\xfc/[\
:c\xb5u\x04{\xa6\xba\x01X\xd5\x07Z\x89ny\
T\x04\xc0!v\xf8q\xe9\xd0\xd6\xc2\x19\xe4\xaa\xc9f\
\xe0T#,\xad\x1a6\xecq\xd5\xbe.\xde\x88y\xf1\
\x96\xee\xd1J\x14w\x06ridg\xf0\x5c0\xbe\xf5\
\x99\xeaD\xea\xa2\xb5\x08\x5c\xecQvB,\x9c\x96J\
\xe6)\x15z\x83\x0c\xb1\x80\xb8L<\xdb\x9c\xd8\xe8u\
\xb4\xdb\x02\xbb\x01\x1d\xf3,\xf7\x90\xaf\x8a\x16\xa6\x08)\
E&fVnE0\x84\xce\xee\xf2Ue\xa2\xc3d\
\xe2C\x93\xd9$\xbfP_\xcc,\xb3\x8f`\xb4=\x8d\
\x16v!\x8a\xb51R\x9a\x1a\x82\xa7\xd5\xea+\xed?\
l\xdd\x1c\xccDK1\xecr\x14\x7f\xc2V\xb8\x00<\
iX\x08\x19\x22\xb7R\xad\x13\x7ft\xc8T-b\xda\
\x9f\xbc\x13\x1fk\x9b\x95y\x91\x1f\x0fg\xc2B\xdc+\
QW\xaaHwi\xd9\x04\x12CM\x5cR\xc4\x0e\xa0\
\x1d\xed\xf7b\xd9M\x9a\xc3\x18.L\xb2\xa8\x01\xb2\xe6\
C\xe8\xd0\x1eNK\xad\x03+H\xf4\x09]\xc2~\xad\
c\x88\x92o\xb2\xe0\x85\xe3\xc1\xb7\x18\xf0\xbd\x17\x09l\
\xd8\xbb\x1e\x80\xff\xabd\x12\xb1\xacO\x98J\xeb=\x9d\
Y\xb1\x92\x04\xad\xa6\x93\x8b\xad\xd1d\x94\xadU\xad4\
\x05\xe7\xd2\x82\x8f \x8cI\x0cd\x5cwU\xf6\xae\xce\
\xcaxn\xc0@\x80#2\x17\xae\xc2\xd4\x93\x83[\x83\
,\x1f\xe8\x81#Z\x06V\xa6j[\x8b&\xe6\xf9\x90\
%\x8c.\xd2P\x11;\xaf5\xe7\xf2Z\xdd\x11\xe6p\
\x1en\x0d\xd8\xa4i\x87!\xd3\xca\x04o\xd8t0;\
uk\x1a\xb2\x00\xc7\xad=(rc\x9do\x80K\x9a\
\x83@\xadhu\x02:\xc6\xd9B%\xf1 o0\xbe\
\x83\xc1i\xec f\xae\xda\xa2\xbd+\x11\xda\xaaU\xc9\
\x98\x83N\x8e\xc7\x91\xbcv\x08f\xfd\xdc2\x80\x18\x89\
\xc6\x9bp\xa0\xc5\xd9\xb6-\xc9\x18V7\x9f/&\xa8\
t(\xafy5\x16\xd1X\x0b~$\xceE4V8\
\xa9\x16>@5a\xea,\x8bI\x83/7L\x5c\xc8\
7\xfdS\xf1\x98tF\xd5\xf6\xae-\xc2\x1a\x94\xe0\xb4\
\xa6[\xe0\x04\x84I\x9b\x0e\x88%\x0a\xda\xa6V\x12\x80\
\xe2\xc2(\xa6P\x07\x0dq\xcc\x1c\x98\x0c\xe4@\xfc\xa9\
\xc5>\x00\xfa\x0a'\xab\xa9\xc7\x16\xfa\x8a\x8a\x93\x5c\xb5\
,\xee\x97\x82\xc2\xf0D\x80H\xdb\x01u\xc71Z*\
#\xf8A\xcb\x16\xed!x\xb8\xe7\x03\xda\xc4\xd0\x1a&\
\xe2:\xe0\x8c\xfcp\x06\x10\xd7bz\x9c\x8cY\xe9\x08\
\x86E\x06\x9c?4g(\x8e\x11\xe1\xc9\xf8L/\x0f\
\x92\xe2\x0b\x5c\x05\x0d\x15-\x125\xbb\xd3Z\xd2\xd0\xe6\
\x81\x97\xdb\x5c\x12[\xe1K\xf0R.\xa1c\x09\xc7t\
qxt/\x8a\xcd\xb4\xb1\x0eo \xbc\x8ce\xd1|\
v\xffT\xbb\xf2\x13M\xb4i4\x1bw\xad\xfd-&\
jh\xd7\x0dv\x90*\xfa\x84\x89C4\x8a'\xfec\
I\x80O]\xc8\x0eLEE\xb4\xed\x87\xbd#l\x89\
\xe88\x97\x8fF[Q\xf4)*\x17\xb5}DK\x11\
k\xac\x84\x8c\x0a:\xacE\xd2\x8cs\xa3\xa8?f\xf1\
\xc0\x15P\x83\x5c\xc9S\x1b\xcb\xdf\x04\xd3\x19\x88Ko\
O\xad:m\xab\xad\x1dx\x0c\xcf\xe5\xc8w#F\xd9\
\xbfB\x8c\xc13\x08xx\x18\xed\x05B\xa2\x05\xa3\xc2\
\xafOS\xbb\x82\xb1\x9a\xa5E\x1bE,\xda\x13}8\
Z&\xe8\xc0YP\xda8\xce\x81\x0eb\x03\x07@q\
b\xcd\xa0\xa9G\x02\x07\x8e\x89\xc4B\xae\xbd\x92\x95\xcc\
\xb8}\x0a\xadX:W!\x8b\xc8\xad\xdah\xc1Fz\
\xf5\x92-m\xb9\xed\xb7j\xd5O\x04\x99_\x10J/\
\xb4@\xb5\xe8\x16\x96\xf3\x02\x1e\xbd\x81\x84HCY{\
\x94L\xb4d\x0b\xfb\xc3@\xa26\x92\x80\xd4\x92\xa0\x9a\
7\x86`\xe8\xc4\x9b\xe5bH\xed\x9b\x0e=\xe5\x80\x0a\
\xc2\xe7\xb4FK\xac\xe3\x12\xaeg\x15\x8d:$\x10G\
W\xcf\xa0\xefU\x18em-\xbb\xcbs\xe0f\xb4\x0e\
\xf7\x08\xd3k\x91\xbc!u\xbe\x8a\xc2\xb5\xcbA+\xd0\
\xbb\x98F@D\xeeL\x88\xc2\xd1\x961\xc4&1\xc0\
\xc1k\x09Q\xdf\x11\xd0Z.\xe9\x89fXP,\xa1\
:\xe0\x8d\x01L\xb6L\x89\xb3\x22\xa7\x80n(\xf1h\
\x91\xcc\x8er\xd6\xdd\x8b2=z\xe7\xd5\x85\xfc\x82\x16\
\x1c-\x06\x17hD\x8e\x0dB\x0b\xe4\x88LnH-\
\xf3+6\x9dR\xa3IO\x9c\xa4\xc4BL\x84\xb7Q\
\xdaB\xbe\x00\xff\xee[\x8c\xd7\xca\x87\xe3\xcc^\xdf\xb5\
)D\xa3\x04\x03\x9d\xab<\xf6\x8d\x0c2\x12\x06v+\
\xbb\x05\x03\x09\xf1\xd2\xd4\x9e_\x06lZ\x06C\xffw\
Q\xd2Y\x0e\xdf\xc8\x1f\xadS\xf09\x12\x95\xfcxD\
\x16\xa6\x85n+\x09\xbd.\xc1\x81\x99\x87jI\x1a\xdd\
\xdd\xff\x88\xb3\xf1\xedta\x22\xd5A)\xc8\xc5{\xde\
\xc5;\x98\x80\x86\x12higK\xa7I\x10\xcc\x5c\x94\
\xab3W[\xb6\x07\xee#s/9\x8d \x8cU\x0c\
A\x13|\x91\xc0\x88\xcb\x00\x96L\xb0\x93\x9f\x0b\x18\xed\
E\x1f4\x12\x08\xe6\xfa\xd5\xf7\xe6{\xe37<\x22\x88\
\x0a\xdal\xda\x9b\x80\xfdg\x80\xf4\xfc\x08\xc6/\xddH\
\x98\x08mR\x06x\xeb\x1f\xdcZJ\x90mGx\x89\
%I\x91\x05\xfbl5 -\xb4c\x0dhg\xb2\x08\
i\x9f\x14\x83\x95&\x0b!\xb3\xb8\x18txUxW\
;\xa6\x92\x8b}\x1b'?\xdf=XYN\x02/\x8b\
\x06\xa3\x03\x1c\x90\x93\xed\xcexf*IUH\x17\xcd\
\xc9\xd0XXp\x05\x07C\xf7S\xbcG\x18\xe6k\x09\
S\xc2P\xf4M\xb9,b\xa7\xae%D\xad\x0a\xe9\x15\
s_\x02\xec\xe1\xc8H7\x87h\x80\xe3rZ=H\
\x18\xcd^\xbd\xe7\xce\xb76\xb8\xb4\x1fN\xacF\xb9\xeb\
\xf3\x167\xc5\xe0\xf0K\xa4#*\xe5\xb4\xae\xbef\xa0\
p<\x10@\xf4\xad)\x1cQ}\xbd\xa7\xd5H \x8c\
\x97\xcct;\xfd\xbb$\xea\xee{\xa3\x9b\xafN\x07\xde\
\xaeV\xd9W5\xba\x5c\xcek\xdf?~,GP\x19\
y\x00\xaa\xcb\xa97\x95\xd6\x02\x8a!\x8a\x1f\xb59B\
\x87\xdd\xd2N@[ki+\xb4b\x22,\xcfC\xd7\
w\x19\xeeF\x00\x0e\x88\x01W\xedKy\xceR\x0b$\
%\xf3\xe1\xfb2U\x02\x03\xcc\xb5\x12\x03A*\x1f$\
b\xe6!\xe3\x96y\xb4\x8a\xa9\xd5\x02?\xb4\x0b\xb0\xf5\
-\x94J<\xe3<\x0a\xe28\xcc\xdb\xde\x14\xd5\x1b\xb9\
U}w\x8f\xd6\xc5\xe5\x0aI\xda\xb6OC\xc6\x14K\
!\x83\xb22\xd1X\x14\xe1\xc5\x9b\xf6~)\xa2B\x1a\
\xd1\x07|\x946aA!\x9d\xcd\xf0P\x16\xaa\xf3\xd5\
\xb6\xf1\xdd\xb6RO\x87%\xcc\xe9oT\xfd~4\xaf\
'C\x8b]\xa0=\xe0\x96\x9d\xf6\xe0\xa2\xf2\xcf]M\
\x84)b\x90\xc1\x0c\x18]\x0a\xbe\xa2\x5c\x946\x96\x1d\
\x06\x12\xfe\xe5E\xa8V\x1b\xf4\xcfzs&\x89`@\
\xa1\x80\x13(\xc5\xee`S{sr{\xfe0\x1b5\
H\xb9\xc8\xe46\xea\xdb$\x162p\xebn\x9c\xa1M\
F1X\xda\x84`\x13\x0f\xec\x12?\xa8k\xb1D\xfb\
@1\x08\x17vq\xaee\x9b\xee^|\xd5\xb5\x88\x92\
+j\xa1e\xfd\x1a&\xf6 i\x1d2\xa1\xda\xaf/\
\xb84i^\x1a\x8b\xcc[\x81\xea\x85\x9au\xed\xaa\x0e\
\xcd2\xd0\x82\x1f\x5c\xeb\x17\xf7\x8a\x84\x01Z-r\xb9\
\xdd\x1f\xc3\x12\xb7\x08\x18\x89\xe2\x83L\xf9|fs\x87\
\xbf~\xdd\xe2\xbdZ\xe3_\xfd7\xde\xfd\x07%k\xa3\
^\xdf8,\xe2\xccW\xa3\xc2\xdf;\x1c\xec\x84la\
!\xd4\xb8\xe9\xf1\x9b\x11o\x9a)\xb5y\x16\xb0\xb11\
\xb4\xc0\x0e0\x96\xf6T\xb5\x9b\xaa\xb5G%M\xac\xb7\
[\xdaA\xd3\xf2\xec\x17`\xf2\xc7B\x9e\xf9\xeb\xf7\x16\
\xf45\xabgm\x05\x9bE\xf3\xc8H\xcaz\x93\x18\xd3\
A\xdc\xe0\x12\xd9.\xae\x81m?\xc7\x00\xc2;X\xc0\
\x87\xf2\xd3DQ\x94\xe9h,\xab/\x00E\xcc\x0e\x86\
S\xfc.\x1e\x08\xe2\x01}!I\xf3}\xb4\xd1\xaa\x09\
\xef'\x17\xa3\x93\xb8\xe3\xf4\xad\x13x\x96\x1b\x19X\xa8\
\xceuq\xee\xef\xb9\xb6\xee\x93~\x7f\xec/p\xa2\xd5\
\xcc\xff\x02\x97:l\x18\xce\x9d\xda\xda\x00\x00\x01\x84i\
CCPICC profile\x00\x00\
x\x9c}\x91=H\xc3@\x1c\xc5_S\xa5E*\x0e\
v\x10u\xc8P\x9d,\x88_8J\x15\x8b`\xa1\xb4\
\x15Zu0\xb9\xf4\x0b\x9a4$).\x8e\x82k\xc1\
\xc1\x8f\xc5\xaa\x83\x8b\xb3\xae\x0e\xae\x82 \xf8\x01\xe2\xea\
\xe2\xa4\xe8\x22%\xfe/)\xb4\x88\xf1\xe0\xb8\x1f\xef\xee\
=\xee\xde\x01B\xa3\xc2T\xb3k\x1cP5\xcbH\xc5\
cb6\xb7*\x06^!`\x08AL#$1S\
O\xa4\x173\xf0\x1c_\xf7\xf0\xf1\xf5.\xca\xb3\xbc\xcf\
\xfd9z\x95\xbc\xc9\x00\x9fH<\xc7t\xc3\x22\xde \
\x9e\xd9\xb4t\xce\xfb\xc4aV\x92\x14\xe2s\xe21\x83\
.H\xfc\xc8u\xd9\xe57\xceE\x87\x05\x9e\x1962\
\xa9y\xe20\xb1X\xec`\xb9\x83Y\xc9P\x89\xa7\x88\
#\x8a\xaaQ\xbe\x90uY\xe1\xbc\xc5Y\xad\xd4X\xeb\
\x9e\xfc\x85\xa1\xbc\xb6\x92\xe6:\xcda\xc4\xb1\x84\x04\x92\
\x10!\xa3\x862*\xb0\x10\xa5U#\xc5D\x8a\xf6c\
\x1e\xfeA\xc7\x9f$\x97L\xae2\x189\x16P\x85\x0a\
\xc9\xf1\x83\xff\xc1\xefn\xcd\xc2\xe4\x84\x9b\x14\x8a\x01\xdd\
/\xb6\xfd1\x02\x04v\x81f\xdd\xb6\xbf\x8fm\xbby\
\x02\xf8\x9f\x81+\xad\xed\xaf6\x80\xd9O\xd2\xebm-\
r\x04\xf4m\x03\x17\xd7mM\xde\x03.w\x80\x81'\
]2$G\xf2\xd3\x14\x0a\x05\xe0\xfd\x8c\xbe)\x07\xf4\
\xdf\x02=kno\xad}\x9c>\x00\x19\xeaj\xf9\x06\
88\x04F\x8b\x94\xbd\xee\xf1\xee`go\xff\x9ei\
\xf5\xf7\x03\x90\xcfr\xb3\x5c\x84\xa2\xd8\x00\x00\x0d\x18i\
TXtXML:com.adobe\
.xmp\x00\x00\x00\x00\x00<?xpack\
et begin=\x22\xef\xbb\xbf\x22 i\
d=\x22W5M0MpCehiHzr\
eSzNTczkc9d\x22?>\x0a<\
x:xmpmeta xmlns:\
x=\x22adobe:ns:meta\
/\x22 x:xmptk=\x22XMP \
Core 4.4.0-Exiv2\
\x22>\x0a <rdf:RDF xml\
ns:rdf=\x22http://w\
ww.w3.org/1999/0\
2/22-rdf-syntax-\
ns#\x22>\x0a  <rdf:Des\
cription rdf:abo\
ut=\x22\x22\x0a    xmlns:\
xmpMM=\x22http://ns\
.adobe.com/xap/1\
.0/mm/\x22\x0a    xmln\
s:stEvt=\x22http://\
ns.adobe.com/xap\
/1.0/sType/Resou\
rceEvent#\x22\x0a    x\
mlns:dc=\x22http://\
purl.org/dc/elem\
ents/1.1/\x22\x0a    x\
mlns:GIMP=\x22http:\
//www.gimp.org/x\
mp/\x22\x0a    xmlns:t\
iff=\x22http://ns.a\
dobe.com/tiff/1.\
0/\x22\x0a    xmlns:xm\
p=\x22http://ns.ado\
be.com/xap/1.0/\x22\
\x0a   xmpMM:Docume\
ntID=\x22gimp:docid\
:gimp:e0b1d8f7-8\
8d7-40f3-a37c-78\
aeda91fb14\x22\x0a   x\
mpMM:InstanceID=\
\x22xmp.iid:a751888\
e-0197-49ff-8e70\
-56294196e9a8\x22\x0a \
  xmpMM:Original\
DocumentID=\x22xmp.\
did:11687a5a-8e3\
4-4f98-95da-ee31\
369ea120\x22\x0a   dc:\
Format=\x22image/pn\
g\x22\x0a   GIMP:API=\x22\
2.0\x22\x0a   GIMP:Pla\
tform=\x22Windows\x22\x0a\
   GIMP:TimeStam\
p=\x221677490483929\
656\x22\x0a   GIMP:Ver\
sion=\x222.10.30\x22\x0a \
  tiff:Orientati\
on=\x221\x22\x0a   xmp:Cr\
eatorTool=\x22GIMP \
2.10\x22>\x0a   <xmpMM\
:History>\x0a    <r\
df:Seq>\x0a     <rd\
f:li\x0a      stEvt\
:action=\x22saved\x22\x0a\
      stEvt:chan\
ged=\x22/\x22\x0a      st\
Evt:instanceID=\x22\
xmp.iid:07c9e09a\
-ba2f-4721-99af-\
5b8d05376815\x22\x0a  \
    stEvt:softwa\
reAgent=\x22Gimp 2.\
10 (Windows)\x22\x0a  \
    stEvt:when=\x22\
2023-02-27T10:34\
:43\x22/>\x0a    </rdf\
:Seq>\x0a   </xmpMM\
:History>\x0a  </rd\
f:Description>\x0a \
</rdf:RDF>\x0a</x:x\
mpmeta>\x0a        \
                \
                \
                \
                \
                \
            \x0a   \
                \
                \
                \
                \
                \
                \
 \x0a              \
                \
                \
                \
                \
                \
      \x0a         \
                \
                \
                \
                \
                \
           \x0a    \
                \
                \
                \
                \
                \
                \
\x0a               \
                \
                \
                \
                \
                \
     \x0a          \
                \
                \
                \
                \
                \
          \x0a     \
                \
                \
                \
                \
                \
               \x0a\
                \
                \
                \
                \
                \
                \
    \x0a           \
                \
                \
                \
                \
                \
         \x0a      \
                \
                \
                \
                \
                \
              \x0a \
                \
                \
                \
                \
                \
                \
   \x0a            \
                \
                \
                \
                \
                \
        \x0a       \
                \
                \
                \
                \
                \
             \x0a  \
                \
                \
                \
                \
                \
                \
  \x0a             \
                \
                \
                \
                \
                \
       \x0a        \
                \
                \
                \
                \
                \
            \x0a   \
                \
                \
                \
                \
                \
                \
 \x0a              \
                \
                \
                \
                \
                \
      \x0a         \
                \
                \
                \
                \
                \
           \x0a    \
                \
       \x0a<?xpacke\
t end=\x22w\x22?>\x15\x11\xb1\x7f\x00\
\x00\x00\x06bKGD\x00-\x00\x98\x00\x01D\x15\x89\
\x14\x00\x00\x00\x09pHYs\x00\x00\x0b\x13\x00\x00\x0b\
\x13\x01\x00\x9a\x9c\x18\x00\x00\x00\x07tIME\x07\xe7\
\x02\x1b\x09\x22+>\x92\x86\x8b\x00\x00\x10\x93IDA\
Tx\xda\xd5\x9dYs#\xd7y\x86\xdf\xeftc'\
v\x02 \xc1ef\xc8Y4\x92\xacHq\x1c\xa7\xb4\
D\xe5\x92\xef\x22]%\xb9\xf1\x7fpU~\x82s\x95\
\xbf\x90\xbf\x90J\xaaRIUR*\x97\x938\x89c\
9\x91\x1d9\x925\x8bf\xe12C\x8aC\xeck\x03\
\x8d\xeesr\xd1\x0b\xfa4\x1a\x00g\x86\x048\xa8\xa9\
A\xb11E\x9e~\x9f\xf7\xfd\xbe\xef4\x9a\x18\xfa\xce\
_\x93\xc0\x8c\x07\x89\xb0\xde{\xba\xd6h\xb5D:\x99\
\x12\xfd\xc4\xe6q\x86\x18gx\xf5\x1eB\xaf\xadU\x9a\
\xdfF\xa2\x91\x08\x19+W\x8e\xd2Jx\xa4,{Q\
l\x9e\xf8\x9d\x83R\xb7\xde4K\xa6\xe0\xd1fK\xe4\
\xea\x07\xab#\xc1\x19\x7f\xe5\xc4\xaf\x94\xbf==V\x0a\
\xba0R\x9d\xc1(Wy\xb4\x0aS\x0f\x99\x97\x16\x80\
-~\xaf\xd9\xe19\xefq\xad\x1b\x8a\xd4\xf7W\x0d\xc1\
\xe9\x95\x81\xa0W\xca'\xa7'\xb4\x0e\x80\x9cc\x86\xc1\
\x94\xcb\x00\x81M\x13\xbf}P\xea6;<\x1b\xf4\xba\
\xd6\x0b\x85\xeb\xfb\x85W\x01\x82\xe5|\x9f\xf8\x97\x09\x02\
\x9b\x22~\xaf\xe5s\xfe\xed\xb7\x04\x88\xfc\x10.u\x12\
\xc4\xd0r\xfe\x9a\xf7\xe0\xf5\xd7\x04\x92\x89\xcb\x03\x81M\
\x11_r\xfe\xf7\x7f\xc8q\xebC\x13\xef\xff\x09\x97l\
\xa4\xf5\xc2\x97\x16\xc2\xb0R>\xa9X\xe2\xbbK\xbe\xf5\
\x86\xc0\x1b\x1f\x99x\xf7O\xcd\x09\x08\xa7\x8f\xf20\x86\
\x8a\xb94\x00\xd3\xc4\xff\xdeG&J7M\x08!\x90\
\xbf\xc6\xf1\xfe'\xdc\x97\x84p\xb8v\xb9 \x08[|\
\xa9\xec\xdc|\x9d\xe3\xc6\x07\x06\x04\x04bi\x81\xf7\xfe\
L\x86`\x1a\x8aRy\x5cX8\x04\xe6\x11\xbf\xef\x17\
\xff\x0f~`\xa2x\xc3\x12_p@\x08X\x10>\x96\
!\x0c,\x08\xe6\xf2!\x90\x18V\xca\xcf*'T\x92\
\xca\xcem\x8e\xeb\xef\x1b\x00\x04\x84\x00\x84\x10\x88\xa6f\
BX\xd8y0\x12\xe1\x91-~\xc6\xfb\xc2w?4\
P\xb8n@pg\xd1pA\xac:\x10 A\x08-\
\x1b\xc2\xb0\xb2\xee\x88\xef.m\xf7\x16\xc7\xf5wG\xae\
\xf8\xf0\x98)j'!\xb52\x01A,\x0a\x82\x92x\
{\xe3\xc7\xcd6\xcf{\x0f\xbe\xf3\x81%\xbee*\x02\
9v\xb7\x9f\x89\x08\x89\xac@\xa1\x04\x1c~3\xc6`\
\x8c\x14e\xd4\x8f\x18\xb1\xb4FD\x93S\xc7E>F\
\x8dB\xed\xf4X-z\xc5\xdf\xb9\xc9q\xfd]\x1d\xc4\
\xe4\xb5\x03d\xff+B8\x06\x94w\x81\xd3\x07\x84\xe1\
\xc8\xaea\x9c1\xad\x15\xe3\xb1\x94\x06\xa6\x8a\x0b=\x0f\
\xd6j!\xe9=p\xed\xa6\x89\xd5\xdd\x91\xe5v\xc7\xf9\
N\x0a\xf88\xc2V9\x12\xf8\xe0\x93\x89r\xb4\x94$\
\xf4Zj\xd4\xfburE\xe0\xda\xf7\x87\xe3\xb2\xe3O\
\xb2\xe79\x9a\xe2x\xef\xcf\xf9R\x92\xa0\xac\xfd0\xf5\
\x17\x83!\xe2\xce\x81f\x8d!\x9d\x02\xe2Y\x0e\x80l\
q\xc7\x8e\x19\x7fm\x1dKd\x81b\x098\xbc\xbf\xdc\
$\x90\x88\xe8\xfd\xb6\x1av7_:\x81\xe9\x0a2e\
SZ3y\x92l\xa5\xdbz-\x14\x03\xca\xd7\x81\xd3\
\x87\x84\xa1\xeeIB3&b)M\x5cT\x12\x94\xcd\
\x1f\xf5\xfe\xca\xec\xc7\x86#\x9d\x85\x9c\x83'\x07\x0a2\
) \x96\xe5 G\xfc)\x11&\x02\xe29\x1b\xc2\x12\
\xcb\x91\x1a\xd3\xc2\x0a\x85:\x83^(\xe2\x1ckT\x09\
4d\xc8l\x98 \x9a4\x93\xf5gl\xa6p\xd4\x82\
\xf0\xcc\x0bA0\xd2Z\x17\x07A)}\x82\xbf\x8cf\
4\xe6\x87\xf0\xed\x81\x82L\x1a\x88g\xb8\xcf1\x93\xfd\
\x00\xb0!\xacMM\x02[\x04\x84pB\x8b(\x14j\
\xcb\x10\x18h\xc8\x90\xdd0\xcfd&'\x09\xcf\x1eH\
I\xb80\x08J\xe9c\xfa\x09\x91`\xd3 \xa4\xd3\xe3\
r$E8\xa0$%\xb2\x16\x84\x83{\x13\x10\xccE\
%a\x16\x04'\x09\xf3\xcc\x14\xb2\x93p\xea\x87p\x01\
\xe5H)}L?\xb1~\xf8<\x08bn? \x90\
\x95\x84u\xc2\x81\x9c\x04\xb6x\x08\xe1\xf6\xa0\xa7\x06@\
\xb0\x87\x86\x19\xfd\x00D\x08E\x81\x8d\x1b>\x08\x17P\
\x8e\x5c\x00\x0e\x84\xd8T\x08\x02\xf1\xac\x08p\x8c\x0f\x08\
\x11\xe2Y\x81\xd2\x1a\xe1\xf0>A,\x1fB\xd8\x19M\
\x1bU\x06\x1a\x10\xb2\x0e\x849f\x0aE\x81\xf2\x8d\x89\
\xc6|\xae\x10$\x00\xf68\xe1@\x18L@H\xc9\x10\
\xa6E\x18d%\xa1\xb4>Q\x8e\x96\x05!\xeaM\x02\
\x06\x0c\xd9M\xd35\xcc,3\xb9\xe5\xe8aP9\x1a\
\x08\xa6r:_\x00^\x08Z\x10\x04\xbb'\xcc\xe9\x07\
\x04 \x9e\x9d\x02\xa1\x171c\x99\x85A\x88*\x14n\
\xc9\x10h\x0c\xe1\x0cf\x0a\xc5\x08\x1b7\x84\xdc\x98\xcf\
\xa9\x1c\x05\x03p \xa4\x07\xcc\xd4\xa2>\x08\x0c\xe94\
\x90p\x1b\xb3\xec\x18y\xbc\xb3 \xac\x95-\x08b\xf9\
\x10\x22\xe3rdA\xc8m\x9as\xfb\x81\xd5\x98\x03 \
\xb8\xe5h\x80\x17M\xc2t\x00.\x04\x8d\x99Z\x5c\x1b\
\xe9\xcc\xdd\xe4|\xbb\xcf\xc6\xd3\xd1\x9c\x08\xc3\x93\x84\xfd\
%'A\xa5p[\xf3%\x81\xdcr4\xbb\x1f\x80l\
\x087\x05N\x1f\x10\x06\x93\xe5\xe8\x85 \xcc\x06\xe0B\
\xe8+\xa6\x16\x97\x93\xe0@\xc89;\xe6\xe9\x11vF\
\xd4R\x198\xb8+'A\xefE\xcc\xf8\x82 \x84\x12\
ZT\xa5H\xd3\x0b\xa1^%\x90\xe6\x810\xc7LV\
\x12 C\xb0\xca\x11^\x04\xc2|\x00R\x12b\x93\x10\
R@\x22\xe7\x99\x8e\xa6\xf4\x03k:\xb2\xcb\x91\x07\x82\
\xb9p\x08}\x07\x82[\x8e\x1c\x08n9\x9ac&w\
D}H\x18\x0c\xa5r\xf4\xdc\x10\xce\x06\xc0\x03\x81k\
1M\xf7\x97#\x07\xc2\x9c~\x00\x8c!\xec\xdf\x1d\xaf\
\xd1\x86\xc0\x17\x0c\xa1\xe5O\x024\x86\xdc\x16\x9f;\x5c\
\xb8\x10n\xdaI\x18J\xe5\xe8\xb9 \x9c\x1d\x80\x0d!\
\x9a\xd6\x14S\x8bM\xf6\x04O\x12fE\xd8*G\x84\
\xb5\x8d\xc0$,\x16\x02\x8b4\xb5\xae\x9c\x04k:\x1a\
\xef\x13\xa6\xf5\x03\xd8\xfb\x84\xcd\x9b\xd6e\x0b\x17\x82\xb0\
!$\xcf\x06\xe1\xf9\x00\x8c\x93\xa0LK\xc2JNH\
b\x07E\xd8\x1aQ-\x08\xfbw\x96\x0e\xa1\x15\x08a\
\x8b\xdb\xcb\x9dm\xa6P\x84\xb0\x11\x04\xa1u6\x08\xcf\
\x0f\xc0\x93\x04\xae\xc5\xfa\x81\xe5(\xcf\xa7\xee2\xbd\xe3\
\x9e\x03a\xef\xce\x92\xcb\x91\x95\x84\x98T\x8e\xfav9\
:\x83\x99\xac\xe9\xc8\xd7\x13l\x08\xf1\x94n0\xd5T\
\xce\x17\xc0\x0c\x08\xc7\xfb\x0c\xe9\xe4\x18\xc2\xac~`\xbd\
\x9f@X\xdb \xec\xdf\xc12\x93\x10SY\xa4\xa1u\
\xd5\xa8\x94\x04\xbb1\x13\xcd7S(J\xd8\xf4\xf7\x04\
\xc1Ho&\x86\x89\xb4hC\xd1\xe3\xe7\x0b`\x0c\x81\
\x05BH\x01+9.\x89\x1f\x14a\xb2\x1b\xf3\xfa&\
a\xff\xae\xf5\x8e\xd5\x12!4\x03!lY\x97\xb2\xe7\
\x99\xc9*G\x84\xd3\x07p!\x98\x02\xa1~=j\xc6\
S\xd4 u\xb8r\xbe\x00\xa4$\xc4\xfb\xbaN\x13\x10\
\x12y17\xc2 B<\x03\xac\x07'A\xc43\x1a\
\x16\x05!\xc4\xa2M\xad\xabL\x94\xa3\xfc\xf6\x94\x0bx\
>3Y\x8d\xd9\x82\xa0\xd9\x108\x10\xd1\x1a\x11\xc4S\
T\xf7Cxy\x00s!\x08\x0b\xc2\xac\x08\xdb\xc7\x12\
v\x12\xf6\xbe\x96 \x90\xde\x8b\x88xZ\x03\xb1\x85A\
hh]EJ\x82\xd0\xc8\xee\x09\xf3\xcd\xa4F\x81\xcd\
[\x13\x10\xc2Z#\x8ax\x0a\x12\x84\xf3\x01p\x86r\
\x94\xc8\x0bO\xcd\x0c\x8e\xb0U\x8e\x08\xeb\x9b\xb0\x92 \
|\x10\x16\x9b\x84`\x08\xdb\xc1#\xaa\xdfL\xa1(\xb0\
q\x8bp\xfaM \x04\xb7\x1c\x9d\x1f\x00\x09B\xbc\xa7\
\xeb\x14\xf1B\xc8$\x9dr4;\xc2  \x9e!\xac\
o! \x09\xe1e$A*G\xa2O\xc8KI\x98\
n\xa6P\x94\xb0q\x0bV\x12\x06~\x08VO8_\
\x00\x9er$\x02 \xb8#\xea\x9c\x08\x03\xd6t\xb4\xbe\
\x05\xecIIP\x97\x01\xa1\xeeO\x02\xfa4\x1eQ\xe7\
\x98)\x14!l\xbe\x16\x04!\x82xJt\xce\x1f\xc0\
,\x08{\x0c\xdb\xb78\xd4\x88\xf09&\xf8\xbd\x85x\
\x86P\xde\x02\xf6\xbf\x96!\x84\xf8J#\x94\xec\xc4\xb0\
\x80\xc7\xb4r\x94\xcb\x07]\x0d\x0e6S(J\xd8\x0c\
H\x82\xd9\x8d\x19\x17\xf7\xabF\xc4\x15%\xcc\x07\xfe\xc3\
\xe6\x08\xf6\xad\x81Sn\x94\xe2\xf2s\x22\x07\xa4\x93\xf2\
\xf7\x18\x19<\x84\x05>\x92\xb1\x15\x93\x81I7\xed\x9a\
\xba\x08\xbc\xc9K\x08\x00\x017\xb2\x85\xe3@a]\xfe\
\xbe\x86A\xaazQ\xeaw\xbf-\xd4\x9b5\xb5\xe0=\
z\xfbm\x13\xd14\xb7\x17E\x00\x07\xc0\x04\xc0\x09\x82\
\x09@\x10\x00\xebY\x00\x18v\x80\xff\xfa\x1b\xa0\xde\x1a\
\x7f\x0f\xc6\xb8X)\xb5\xc3\x8b\x12_\xe9^\xad\x1e\xed\
\x99Y\x0e\xeej\xb5\xb6.\x90\xbbj\xdab\x13\x88\x09\
\x08N\xd6\xad\xceB@\x80l\x12\xd6\xb39\x22|\xf9\
)p\xff\xae\xe7\x1b\x0b\x88\xccz\xbf\xad^\x88\xf8\xc7\
\x85z\xb3\x16Z\xf5\x1e\xbd\xf5\x96\x89\xed\xdf\x1fAp\
\x00\x8c\xec\x922\x16\xdd\x02\x22\x00F\x80\x00\x06]\x81\
_\xfe-C\xb5.\x8b_\xd8\xa9@\x89\x18\x91\xc5\x88\
\x7f\xadz\xbcg\xa6G0%\xf1\xdf\xfcH\x07S\xec\
5;k\xb7\xb6\xbe\x13f\x12\x06\xe1\xabO\x09\xdf\xdc\
\x93\xc4\xe7\xc5\xb2\xb1\x1f\xceUw\xd4\xf3.\xfe\xdd\xe3\
\xd5\x09\xf1o\xbcib\xfb\x1d\xdd\x16\xdd\x12X\xb8b\
[N\x11\xaec\x00\xbd\x03|\xf6w\x0c\xb5\xc6\x84\xf8\
\x22t\x91e\xd3'\xfe\xd1\x9e\x991<\xe2\x97\xd68\
^\xff\x81\x0e\xa6\xca\x86\x99f&!\x08_\xfd\x94\xf0\
\xf0\xbe\xec\xfcb\xd9\xd8\x0f\xaf>\xdb\x01\x00\xf5\xa2\x9d\
\x7f\xfd\x0d\x03[o\xdb\xe2\xdbN!oL\x9d\x08\xdb\
\xaf\xe9\x1d\xe0W\x7f\xcfP\xf7\x8a\xafpQ\xb8\xb68\
\xf1Yw\xbb\xe6\x17\xbfX\xe2\xb8\xfd\xe1\x10\xe4\x88\xef\
1L\x90\x99\xb8I\xf8\xfag\x0c\x8f<\xb7k\xba\xce\
\xb7\xc5?G\x00\xc4\xbb\xc7\xab\x0d\xbf\xf8\xbb\xb7\x0dl\
\xbe5\xb4\x16\xe9\xa9\xf9\xc2S\xeb\xc7\x8e\x01\x86}\xe0\
\xf3\x7fPPoJ\xce\xe7\x85k\x15,J|\xbd\x9d\
\xaeU\x0e\xcc\xb4\xf0hS(r\xdc\xfa\xe3\x81%\xbe\
Tb\x82\xcdd\x1a\x84;\xff\xa2\xe0\xf1\x03iR\xe6\
\xc5\xf2h/\xbcz\xba\xeb=\xa8\x9eG\xd9\xe9\x1c\xaf\
6Z\xb5\xb0\xf4;\x06;\xaf\x19\xd8xk0n\xb8\
\x9e\x98\xba\x8e\xf1Dx\xd8\x03~\xfd\x8f*\x1a-\x9f\
\xf8;\x8b\x13\x7f\xd8N\xd7\xaa\x07+\x92\xf8\xab\x05\x8e\
\x9b\xefkn\xcd'\x8fa\x82\xccd\x1a\x84\xbb\xff\xaa\
b\xef\x91$\xbe(\xaeO\x8a\x7f\x0e\x00\x88\x07\x89\x7f\
\xf5\x96\x81\xf2\x9b\x9a[\xf3\x9d\xd1\xcc\x89\xa9<%\x00\
\x83\x0e\xf0\x9b\x7fR\xd1lIe\xc7\x12?\xba<\xf1\
\xf3\x05\x8e\x1b\xef\xf5\xc7\x0d\x97\x0b\x086\xddLB\x10\
\xee\xfe\x5c\xc5\xc1\xe3\x09\xe7\xef\x87\xf3\x93\xe2\xbf$\x00\
\xe2\x9d\xe3\xd5\xa6_\xfc+7F(\xbf\xaeI5_\
xF2\xf2EX\xef\x02\xff\xfb\xcf!\xb4\xda\xb4<\
\xf1[\xe9Z\xf5\xd0'\xfe*\xc7\xf5?\xea\x8d\xc5w\
\xeb{\xb0\x99\x04'\xdc\xfb\xf7\x10\x0e\xf7\xa4%\xf3\xb5\
\xad\xe1\x91\x9a\xa9\xeeL\xfb\xd9\xeaK\x94\x9df\xab\x16\
\x96~\x97x\xfb\xfa\x08k\xaf\xf7\xc7\xe2sx\x1a\xac\
3\xdf\x0b\xf75]#|\xf1i\x18\xed\xce\xe5\x12?\
\x97\xe7\xd8\xf9\xc3\xae%>'k\xaf2\xc3L\xc2`\
\xb8\xff\x1fa<9\x90\x96,\xd6\xaf\x0c\x9e)\xa9\xda\
\xd6\xac\x9f\xaf\xbe\x84\xf3%\xf17wG(\xbd\xd6s\
7Q\xce_\xf2|\xef8\x06\xd0\xfb\x84\xff\xfbi\x90\
\xf8\xd5\x05\x8a\x9f\xaa\xfb\xc5\xcf\xe68\xae}\xaf\x03R\
|\xf5}\x8a\x99\xb8\xc1\xf0\xe0\x17a<=\x1c/\x99\
\x00\xb1v\xb5\xd7T\x92\xcd\xf5ykP\xcfC\xfc\x8d\
k#\x94nv!\xbc5qb\xbew6)\x80\xde\
%|\xf9\xb3\x08:\xdd \xf1G\x8br~\xbdz\xb8\
\x92\xf2\x8a\x9f\xc9\x99\xb8\xfa\xdd.\x88q\xeb\x5c<}\
j\xc2L\x5c\xc0\x14\x0c\x0f\x7f\x19\xc1\xd1\x13\xd9\xf9\x85\
\xed\xf6PIv\xb2gY\x87\xfa\x9ce\xa7\xe5\x17\xbf\
|u\x84\xe2\x8d\x8e5!\x04\xcd\xf7\x9e\x08\x13\x80a\
\x97\xe1\xab\x7f\x8b\xa2\xbb|\xf1\xd3\x02p\xdf,Og\
M\x5cy\xa7\x03R\xb8;\xb5Y\xbbv\x04\x9aIp\
\x86G\x9fEq\xfcT\x16?\xbf\xd9\x10\xe1t?z\
\xd6\xb5\xa8\xcf\xe1\xfcV\xab\x16\x96\xa8\xae]\x19\xa1p\
\xbd\xed6)\xb9^z\xb7\xe8\xd6\xe5\xbf\xe1\x80\xe1\xeb\
\x9fG\xd1\xedM\x88/B\xd1\xc5|v\xcf\xb0\x95\xaa\
W\x0eWR\xf0\x88\x9f\xca\x98\xd8\xfe\xbd\xb6\xeb\xfc\xa0\
\xf9\x1e\x1e3\x09\x83\xe1\xd1\x7f\xc7pr4)~,\
\xdb\x7f.\x13\xa9/*~i[Ga\xa7=\xa5\xc1\
Nn\xd1G}\x86;\xff\x19Co\xe9\xe2'S\xde\
\xf3NfLl}\xa75\x16\xdf\x99\xef}f\x22\xbb\
\xb7\x09\x83\xf0\xf8\xf38\x9e\x1d\xbf\xbc\xf8g\x00\xe0\x96\
\x1dI\xfc\xe2\xa6\x8e\xfc\xd5\xd6\x94\x06;\xb9E\x1f\xf5\
\x18\xee\xfe\x22\x8e~_\x16\xbf\xb8S\x15\xeab\xc5O\
{\x9d\x9fL\x9b\xd8x\xa3\x09x\xca\xce,3\x09\x0e\
\xec}\x1e\xc7\xe9\xc9\xf9\x88?\x07\x00\xf1\xf6q\xbe\xdd\
\xf6\x89_\xd8\xd0\x91\xbb\xd2\xb4\x169c\xbew\x22<\
\xea)\xb8\xffYb\xd9\xe27\xfc\xe2\xaf\xa4L\xac\xdf\
nX\xce\xb7\x87\x83Yf2\x0d\xe0\xe07\x09T\x9e\
)~\xf1y,\xdb\x7f\xe1\xf3Pg\x8b\x1f\x91>?\
\x22_\x1e\x22\xbb\xdd\x1cO\x08S\xe6{g\x8b>\xd2\
\x14|\xf3\xab\x044M\x12\xdf,\xeeT\xb1`\xf1\x93\
^\xf1\x13I\x13k\xaf\xd5\xdd\xb2Cs6\x8b\xc2\x00\
\x0e\xbfXA\xf5\xf4|\xc5\x9f\x02\x80D\xfb(\xdfn\
\xd7e\xf1skCd7\x1b\xf25\xf0\x80\xf9\xde\x01\
\xa2\xf7\x14<\xfc\x9f\x15h\x83\xa5\x8b/5\xdcx\xd2\
D\xe9f\x0dD\xe3\x9a?\xf9f\xd0\xd8L\x02\xc0\x93\
\xdf&Q\xabx\x97,D~\xb3\xf9\xd2\xe2\x07\x00 \
\x1e$~\xb64Df\xa3\xee\x8aN,x\xbew\x80\
\x18}\x05\x8f~\x9d\xc4`\x89\xe2\x0fZ\xa9F\xd5'\
~l\xc5Dq\xb7:n\xb8s6\x8b\x82\x03O\xbf\
L\xa1^\xbd\x18\xf1}\x00\x88\xb7\x8f\xf2\x1d\xbf\xf8\x99\
\xc2\x10\xe9r\xcdw=d<\x9a\xc1\x17a\xa3\xafb\
\xef\x8b\xd4\xb2\xc5oV}e'\x960Q\xd8\xa9\x00\
v\xcd\x87\xc70Af\x12\x06p\xf4\xbb4\x1a\xb5\x8b\
\x13\xdf\x03\x80\x84-~\xda\xfbbju\x80\xe4z-\
\xf8\xfa\xbd7\xa66\x08c\xa0b\xff\xb7)\x0c\x87\x97\
K\xfch\xdcD\xfej\x05 \xd3s\xa9\xc4\x12\x9d\xc4\
\xe4f\x91\x1b\xc0\xf1\x9d\x0c\x9a\xf5\x8b\x15\xdf\x06\xe0:\
\x7fR\xfcRU\xbe\xbc0\xe1\x98q\x84\x8d\xbe\x8a\x83\
\xaf\xd2\xd0/\xa1\xf8\xb9+\xa7\x00\x99\xf6\xb9 `\xb3\
86\x93\x09\xc2\xc9\xdd,Z\x8d\x8b\x17\x1f\x00\xd4A\
\xa5\xd0j\xd7C\xd9 \xf1\x9d\xab\x7f\xde\x91l\xec\x98\
\xb1\x8bFZ\x08O~\x97\x81\xaeO\x88/\xd4\xe8H\
]\x84\xf8B\xcb5\xab\x871\x9f\xf8\x06rW* \
f\xdf\xc1 \x100\xdf{\xf7-\x84g\xf7\xb3h7\
'\xc47c\xd9\xfe\x85\x9c\x07\x13\xdd\x15C\x22\x12\x12\
H\x16=\xb7\x22L\xb9\xf7\xc5\xb9wg\xa4\x85p\xb8\
d\xf1\x01\x80\xf53}\xaf\xf8\x00\x90.7A\x9e\xdb\
y\xfc\xe7\xe1\xfd\xf82n\x10N\xee\xe5|\xe2\xe3B\
\xc5\x07\x00\x16\xca\xf6\xdd\x8b\xc7\x00`\x8c\x08\x8d\xa7E\
\x08\xc1<\x0b\x87\xbbP\xef\x09\x8c\x06a\x1c\xdd\xcdb\
\xe4\x11_Y\x82\xf8\xd6\xb6\xb6\x1aW\x89\x86\xdeC\xf5\
\xc3\x1c\xf8(<\xd7L\xdc$<\xfb&\x8fNkb\
\xce\xbfP\xf1\x01\x80\xa9\x99\x93B\xa9,\xaa\xe4\x81\xd0\
o\xabh>-\xba\x1b\x11\xc9=\xf6\xdd^#-\x8c\
\xe3{\xb2\xf8L\xe1fa\x19\xe2\x03\x10\xe1v\xa6\xb8\
\xdb\xefy!\x8ct\x86\xea\xfe\xaa\x04A\xfe\x086K\
\xfc\xd3\x07\xab\xe8\xb6\xfde\xe7\xe2\xc5\x87}\xb1\x15\xa1\
\xfcq\xa1X\x16U\xf8 4\x9e\x94\xc6W4!;\
\xff\xe4A\x0e\xc6\xc8\xe7\xfc\xdd\xe5\x88\xef\x9eL\xac\x9e\
+\xee\xf6\xfaA\x10L?\x04\xdb\xf9\x95\xc7\xab\xe8u\
|\xe2o-F|\x17\x80\x03\xa1\xe4\x87\xd0Q\xd1|\
Z\x1a\x97#\x01\x8c\x86a\x9c>\xccO\x88_\xd8\xad\
\x0a5\xb2<\xf1\xc7\x10\x1aY;\x09\x83\x99\x10LB\
u\xbf\x80~G\xf5\x89\xdf4c\x19mq\xbd\xcb\xfb\
\x85\x0d\xa12Q\x8e\x9eX=\xc1\xd4#\xa8<^\x85\
aH\xe2\x1b\x97E|9\x09\xfd\xbe\x17\x82\xe1\x81 \
8C\xed\xa0\x08\xad\xab\xca5\x7f\xaba\xc42\xfd\x85\
\x9e\x07\x05\xfd\x07\x0e\xa3\xda\xc6\xe9\xb3c\x14\xe0\xf9\x0c\
\xce\xd8\x8a\x01}\xa0\xc0\x9c\x14\x1f\x97I|\xef\x83k\
\xb9\xfa\xe9\xa3x\xdc\x10\xc2}\x87J\x0ds\xa8!\x8e\
AO\x16\x7fu\xbbeD\xd3\xdd\xd0\xc2\xcd\x12t0\
\x94?*\x966D\xc5[\x8e\xb4\xae\x1a ~\xed\xd2\
\x8a?+\x09\x97E\xfc\xa9\x00\x00 \x94;.\xaem\
\x88S\xfb\x02\xb3\xf4\x18\x8b\xaf_Z\xf1gA\xb8,\
\xe2\xcf\x04\x00\x00j\xee\xb8\xe4O\xc2\xab$~\xc0t\
4\xb8L\xe2\xcf\x05\xe0B\xd84\xab\x11E\xe9\xae\x84\
\xd5za\xb7&^%\xf1=\xd3Q\xae\xb4\xdb\xefF\
\xc3\xac\x17Q\x94n\xe1Jw\xb0l\xf1\x01\xe0\xff\x01\
s/\xd5\xe3\x11\x00\x0e<\x00\x00\x00\x00IEND\
\xaeB`\x82\
\x00\x003\xe7\
\x89\
PNG\x0d\x0a\x1a\x0a\x00\x00\x00\x0dIHDR\x00\
\x00\x00`\x00\x00\x00F\x08\x06\x00\x00\x003m\x91\x13\
\x00\x00\x15\x1fzTXtRaw prof\
ile type exif\x00\x00x\
\xda\xa5\x9air\xe3\xba\x15\x85\xffc\x15Y\x02\xe6a\
9\x18\xab\xb2\x83,?\xdf!%\xcb\x92\xfd\x92~I\
\xbb\xda\x92%\x8a\x04p\xef\x99@\x99\xfd\xaf\x7f\x1e\xf3\
\x0f\xfe\xa5\x9c\xbc\x89\xa9\xd4\xdcr\xb6\xfc\x8b-6\xdf\
yR\xed\xfd\xaf_\xbf\x9d\x8d\xd7\xef\xeb_~\xbc\xc5\
\xdfo\xaf\x9b\xf8|\xc7\xf3R\xe01\xdc\x7f\xd6\xc7\xeb\
\xee\xf9\xba\xfb:\xc1\xfd\xd0y\x96\xbe\x9d\xa8\xce\xc7\x1b\
\xe3\xfd\x8d\x16\x1f\xe7\xaf\x1f'\xf2\xf7C\xd0\x88\xf4|\
=N\xd4\x1e'\x0a\xfe~\xc3=N\xd0\xfbc*\xad\
\x96\xefS\x18\xfb~\x5c\xcf)\xd6\xfb\xbf\xd1\xafX\xdf\
\x87\xfd\xe3\xef\xc2\xea\xad\xc4u\x82\xf7;\xb8`\xf9\x1d\
\xc2c\x00A\xff\x83\x09\xfdz\xd2\xf9_8\x90\x83x\
\x1eB\xba^\x7fN\x89\x05\xf9m\x9d\xbe\xfe5Ft\
4\xd4\xf8\xebAoU\xf9z\xf6Q\xad\xf1X\x02\xf3\
Y\xad\xe8\x1f\x87\x84\x8fE\xce_\x8f\xbf\xben\x5c\xfa\
x#|]\xdf\x7f\xbfr\xac\x8fg\xfe\xfd\xf5\x99\xef\
\xf2\x18\xfb\xb1\xfa\xfa\x7f\xce\xaa\xe7\x9a3\xb3\xe81\xb3\
\xd4\xf91\xa9\xe7\x14\xafg\x1c7\xb8\x84.]\x0dC\
\xcb\xb6\xf0?q\x8ar\xfd4~*]=\xb9\xd6\xb2\
\xd3\x0e~\xa6k\xceS\x89\xe3\xa2[\xae\xbb\xe3\xf6\xf5\
8\xddd\x88\xd1o\xe3\xa9\x95\xf7~\xfap\xbdX\xa9\
]\xf33\xa8~Q?\xee\xf8\x12ZX\xa1R\xd7y\
\x95=\x06\xff5\x16w]\xb6\xd9i\xae\xabU\xae\xbc\
\x1c\x87z\xc7\xc9\x1c\x1f\xf9\xdb?\xe6\xef~\xe0\x1cA\
\xc19\xad\xe5\xe8\xd7Z1.\xef\xb5\xd8\x0cC\x95\xd3\
o\x0e\xa3\x06\xee<\x165]\x0b\xfc\xfc\xf9\xfc\xa7\xba\
\x06*\x98\xb4\xca\x82Hca\xc7}\x8a\x91\xdc\x8b\x09\
\xc2U\xe8\xc0\x81\x89\xc7\x1b\x83\xae\xac\xc7\x09X\x22.\
\x9d\x18\x8c\x0bT\x80\xaa\xb9\x90\x5cv\xb6x_\x9cc\
!+\x05\xea\x0c\xdd\x87\xe8\x07\x15p)\xf9\xc5 }\
\x0c!S\x9b\xeaui>R\xdcu\xa8O\x9e\x97\x0d\
\xafCfT\x22\x85\x1c\x0a\xb5i\xa1S\xac\x18\x13\xfd\
Sb\xa5\x87z\x0a)\xa6\x04\x0f\x96TSK=\x87\
\x1cs\xca9\x97,R\xec%\x94hJ*\xb9\x94R\
K+\xbd\x86\x1ak\xaa\xb9\x96Zk\xab\xbd\xf9\x16 \
\xcd\xd4r+\xad\xb6\xd6z\xe7\x9a\x9d3w>\xdd9\
\xa0\xf7\xe1G\x18q$3\xf2(\xa3\x8e6\xfa\xa4}\
f\x9ci\xe6Yf\x9dm\xf6\xe5WX\xf0\xc7\xca\xab\
\xac\xba\xda\xea\xdbmZi\xc7\x9dv\xdee\xd7\xddv\
?\xb4\xda\x09\xe6\xc4\x93N>\xe5\xd4\xd3N\xff\xaa\xda\
\xa3\xac?~\xfeF\xd5\xdc\xa3j\xfe\xaa\x94\x0e,_\
U\xe3\xd5R\x9e\xa7p\xa2\x93\xa4\x9aQ0T\xc4Q\
\xf1\xa2\x12\xd0\xd0^5\xb3\xd5\xc5\xe8U9\xd5\xcc6\
/\x9e\xf3\x0c2\xa9f\xcb\xa9bT0n\xe7\xd3q\
\xcf\xda\x19\x7fWT\x95\xfb\xbf\xeafJ|\xab\x9b\xff\
_+gT\xba\xbfY\xb9\x9fu\xfb\xadjK\x1c<\
\xaf\x8a\xdd(\xd4\xa2\xdap\xc4\x85\xdd\xd7\xee\xc7\x86\x95\
\xda\xb0\xd7\x1f \xf7\xf1h\xde^\xa8=\xb7\x05\xc7\xcd\
Ay\xda,..V\xb0\xe4ha\xa7\xcd\x8b{g\
\x1bO\xa8\xdb\x0f\xef\x13\xf3\xa4\x00T{\x97eX\xe6\
\xd4\xe2\xec;M\xce\xd6N\xec\x0c?\x8c\xc9\x92\xa7\x93\
\x98\xec\xd9\x99N\x10\x8b\x86\xe2\xe6\xb1\xc5\xed\x96v\x85\
\x09-\xcbPZg\x15\x86K\xa6\xaf|B\xa9\xab\xce\
1\xa9\xe3\xb6)-\x96\xaau\x9f\xabO\x997\xaa\x8f\
\x85+\xd7\xd4\xd7\xce\x87\x9e`\xd5\x91\xbci\x99\xc0\xa9\
e\x9c\xc1\xbc\xb3\xa9c\xc4\xe4\xf0$\x10\xf85\xc9.\
\xbd\xff/\x8f\xbd\xa7\xb5\x96\xad+5\x17\xcb\x5c+4\
\xe3fA(\xc6\x80\xedjgv\x05zf\xd5S.\
\x93\xe1\x14\x87\x168\x8c\x06\x0dcQ\xe0\x15|\xa9}\
\xaf\x19\x96\xd5P\xfc\xaahBb\x19\x0d\xed\x16\x1bs\
\xea+\x0d\xd67\x22\x0f\xf4*\x1aN\xdd'#\xf7\xb4\
\xc6\x0ae/\xba\x93\xe9\xdb\xd9P\xc8\xba\xa5\xe7\x08\xc2\
\xc9\x5c\xbc\xd2\xaf\xce\x04\x19\xa1\x02\xeeFF\xbd\xda\x06\
&{\x87\xc5\xdc\xdbh4w\xc8\x1c\xdfv\x98|\x96\
\xde\xa5\xff\xc6\xdc\xbc1\xd3j\xf5\xb1\x18H?\x10y\
\xeb\x86G\x13\x94\xbb\x09\xda\xa3\xd4\xadG:\x90y\xfb\
\x8f7\x86\xdb\x09)\xa2\xe4\xd50\xab\xc0\x15\xe2\xf0\xae\
\xd1?4\xa0/\xcb\xb3b\xcb\x95\x19z>>\xa4Q\
9\xd5\x8cq\xf7\x82~\x8c\x9d'@\xba\xc6\xbdJ\x87\
\x8a\xe9\x83hB\xdb\xc0\xe3\xc0\xdc1\x1f\xbb\x1bM\xb0\
r\xb9?8?>\xb8\x07\xf39\xb6S\xe8\x92{R\
\xf9h\x97`\x1b\xe4f\xf2`YR\xea\xa94g\xd7\
\x9a\xb3\xb0\xea\xac\xcdB\x06\x18\xf35lGwV7\
\xed\xa4\x9f\x8a=\xf42J.\x06@\x06\xae\xf6l5\
\x9a\x85Do\x1f\x99\x01\xbf\xf6\x094\xc5\x1e\x8d\x91\x95\
\xbdW\xa1\xe8`\xcd\xd3\x889\x1f\x98$\x02\x8bE\x1d\
\x19x\x9e9\xedh\xe9\xf5\xb0v\xdf\x9c(\x80\x84\xe1\
\xe8\x9b\xee\xda\xcce\xf5Q&\x0aT\x19\xdbN+\xba\
zn\xb0\xd2M\x7f\xdd\xa1\xcd,\xb5h\x04\x01\x13\xe8\
\xe1.\xce\xf2\xf5\xd1\x9e\xb8\x01\xfe\x8e?\xfa\x93\x85\x09\
\xf4\x94\x8b\xb9\xf4L\xe3\xa55j1\xdd\x95Sv\x02\
\xd9t<\xc7x8q\xb1\xc6m\xd1$\x9cf2\xf1\
1\xd4\xc8\x08k\xe6\x8a\xbbG\xec\x07\xacI\x0f\xf8v\
Z\xd9\x87\x8e]\xa6\xb7\x12=^\x17\xd4\x80\xf5\x86\xd5\
!\x0f\xf4\x083s\xfa3\x16|\x95\x85\xd60S\x91\
\xa9a\xfa\xeb0\xe22l\x1bn`\xa8a\x02\xa8\xd2\
8\x07vX\xa6\xb3\x5c\xec\x10bI.\xd4\xd5S\x1c\
\x01\xdc\xb1\x94\xb6D\xc6\xc4Ps\xb7\xf4\xf2a\x14P\
\xb3\x1b\x11(\xd1\x9a\xb5\x00&<\xb1\x19\xf4\x0b\xd3\xa0\
Q/\xc8\xbc\x10\x03k\xf4\xe2\xc483\xdbJ\x0bA\
\xfc\x90*P\x05\xe4<\x96]\xea\xdc\x9b\x96\xc0\xdc\x0f\
k\xf2\x817\xf3^g\xe6\xb1\xc4i\xf4\x94\xedi\xe0\
\x84J\xc8\xfd*\xcb\xf15\xba\x8bl\x94\x0c\x12\x02\x06\
B:\x84\xe4\xda\xddc\xa0\xc8\xfc\x01\x8c\xfe3\x8a\xda\
\xc9\x02\x83a\xee\x8d\x9e\x0b\x9dP\x02H\x1a\xcb\xb7\x83\
0\x13\xe0S\xa1\x1fW\xb8K\xbb\x90\x15b:\xe2\xe7\
\xf1\x0b\xfe\xccw\x00f\xe0\x9f\x12\x0dEqyF\x1b\
\xc5\x09\x1fM\xd6\x06\x8dK\x190\xc4\x18JA~w\
f\x81!\x9e\xd6g^Z=C\x07\xcd^\xa3O8\
Y\xcc\x16'\xa5\xcf\x16\xca\xc3r\xb5\x14[\x01Yd\
\xb6\x85\xd6\xb64\xdci\xd1\x03\x19\xeckh\x22\xd7y\
(4\x149!\xff\x10\xe9Oj\xe5\x1e\x0b1\xd0\xa0\
\x06\xbf\xe2\xedhiz\x89\x95_=\x94\x81s\x8e\x19\
I\xdf'\x81\xc3\xc0\x9c\xd0SO?\xfa\x93\xad\xf9\xed\
0)1\xd8\x82\xe2\x15\xaf\xd6z2\xe1\x9c\xbf\xa1\xec\
\x06\x99\xf9\x13\x94%7\xa0\xd6\xc9\x85\x06\x8e\x1cAK\
\xe8Vkj\xf6\x9c\xdd\xaet\xf31mOt\xe8:\
f\xd4\x1bf\xa4\x8f\xef\x8a\x11n\x08\xb1\xda\xef\x10Z\
H\xfe\xda\x07\xb0$\xbf\xab\x09\x9b\x5c\x91\xc3x\x07#\
L2N\x198\x04hn\xd3\xab\xe0\xaa\xd1\xc8\xf90\
\x0f*\x1c\x99.^\x00\x1f\x04\xae\xa8L\x91c\xabS\
m\x8e \x1d\xfc\x94\x070\xa4\x08\xcc\x15C\xb6\x993\
\x04\xe8-5O\x07\xa6>c\xc5]\xc4\x0e}\xb9\xdd\
\x85\xc2\xcc\xec7\x0a\xe4\x0c>*C1\xe8\xa2m\xd9\
-\xf0\x80}\x81#y\x16\x02+\x8e\xeb\xa3\x0a\xb6\x03\
k[*n&m@\xea2\xe3f\xa5\xe8t\x5cZ\
h\xde\xb2\xd8\xd4\x8d>\x0540\x04\xd7\xcfUv\xe9\
\xf8\xaf\xbf\xe1\x08\x86\x92\x00)$:He\xf3.\xd9\
N/\xf5\x9a\x11[\x83\x19-\x17\xf0z\x0f\xeeib\
\xe6\xf6\xb2\xa05L\xb9\x9b\x04{`S\xfc\xc8\x89\x86\
%gS`\x5c\x0c\xad>\xfc\xe4#H\xafi\x09\xe8\
\xd5|\xf0\x8cc\x1e\xda\x9e\xd9Dl_\xe6z\x8b\xa6\
\x96\x91A\xb4\xf3\x18|8+\xea\x9d\xb002\xf6,\
\x1b&\x0aU(:\xe6\xcdP\xb1R\x1b\xc0$\x86 \
\xe8\xcd\xae\x0a\xa7\x90(\xe0(\xab\xc8\xde\xe5hy\xe2\
\xd1\x9c\xc5\xa1i\x0ff\x18\x07\x98}\xe0\xae\xe3\x11\xc1\
\x1a\xfc\xd11\x17\xa0\xbd\xc2\xc9h\x95t\x12\x80\xd01\
,#N\xe4\x14\x04?i\x99\xfdE\x22\x11\xffO\xcd\
a\xf9Y3\x12\xb7\x9d`j\xa2\xea\x92YX\xa01\
\x81\x04\x99\x88e\x5c\x13\x1e:\x09\x93\xfc\xf1B\xa2w\
Z\xae.i\xfc\x96\xce\x8bE\x90\x5c\xc5 \xbf\xbbq\
J&\x1d\x04>\x06M\xb1\xc5}\x8c\x89!U/.\
\xd8\xeb\xf2b+\xf6\xcaz\xec\xf9 \xcc(\xb2\xd13\
F\xf4|\xc2\xc0\xc7\xa4}z\x97(E\xda\xb1\xc8\xfd\
p\xee\x8d\xce\x0f Dq\xbb\x83\xf4\xb2\x87v\x1e\xf0\
\x8b\xc5\x91\x11\x06\xa0\xba\xca\xff\x04\xe0~\x00\xb0\xe5\x0b\
\x7f\xf5\xf2\xd4\x0c\xaa\xba\xeb\xd8o\x87\xc2d\xc8P\xa1\
\x81g\xe4\x05\x9a\xc9\xe4\x22\x08*\x0e\xa0\xfcD\x06:\
1\x8e\xcf\xa3^\x07\xe1\xd1\xe1T\xf4\x8bh2\x90\x7f\
H\xd9!\xe6\xbb\x18P8\x03\xa6&S\xa1\x8e\x87]\
\xa2}0 \xc4\x01\x1277V}\xd1\xbb\x8d\xf4\x1a\
+4\xc7\xf2\x1dbS@(\xf6\xc0\x01\xbb\x12<T\
K\xf3s\x98\x1b\x83\x8f\x11w\xd3.\xa7\xb1Jg\x0f\
O3pD\xfc\xed\x00\x9c\x07\xd2\x9f\x018\xc9G\xfb\
\x0b\xdb\x0c&\xe0\xb6SQP>\xcc4\x12\x7f\x1db\
\xe5G|\x19+\xcf4\xe0\x03\x5c\x89\x02\xd5>\x88I\
\xb3\xb2\xf2\x0a@\x5c\x80*\xe4\x9e\xcd\x13\x90\xa7$\x96\
x\xd5\xab\x8ai\xf67%\xacRB\x81\x0c\xfa\xad\x14\
\xab-\xfcgC\x87\xa9\x03\xc0l\xbc\x85\xab\xc5\xe0B\
|\xdf\x01xk\xc0\xe4\x0c\x83\xb5\x99\x19\x98\x90\xc6\xe8\
\xe7\x05\xd1\x1e+N\xd0\x02Ne{\x9b\x89'\x98\x04\
\xe3@V\xea\x9b\x0c\xe2\x14\xd2\xc2\x14 \xdbv\xe3\xf7\
\x0f!\x9f\xa5\x865d'\xa1\x14\xa6\x8f\xbeO\x9b\xb6\
\xc1L\xba\xfa\x02\xe3<d;yI\xb8\x19\x09,\xca\
?\xa0\xb0\xf4\xc9\xea?\xc1\x05\xd1m\x8b\xe3g9!\
\x5c\x96\x11\x013\x9d\x16i^\x0a\xdf\xbcd\xf8;\x1a\
\x7f|\x80U\xa1\x05\xe8\x90VJhY\x89\xd0=^\
0_\xaf\xb0H\xc4K\x08\xd4\x22_\xbc\xedH\xc62\
\xc4/-d\xda+<\xd0X?\xd1hv\xfaop\
\xfc\x8e\xc6\xf5\x81\xc6\x0d\xb5\xdfp4?\xf1\x18>\xf1\
\xf8\xc0\x18\x05\xbdlgw|R\xa6\x13q\xc3A\x14\
%}8\x9b\x037B\x0f\x89\xc9\xa26\x01\xb2=\xa1\
\x16\xbf\xa0\xb6\xe8S\x1a\x8d&\x96\xf1!\x15Q(\xd7\
m~\x1dft\xdc\xb6\xa8b\x22\xc5\xd57L\xd6'\
&\x17\xfd\xfa\xbb0>5pR\xfe\xef\x90\x04*/\
H\xe2\x1bO\x9f4\xc3\x94\xf21 \x0c\x0f\x91\x02D\
Y\xf2\xc6\xd9\x855y\x1d`~;\x22a \xa4~\
>&\xdc\xd6\x8e\xb06\x0eN\xfa\x08j\xde\xf4\xf1u\
\x04\xfe\xa8T$\x0c\xe6V\x8c\xc6sG\xd7\xf1\xeeh\
2Rd\xe5X.L\x0a\x920\x0d\x1e\xa6\x87a\xe1\
\x9d;\x08\xd3\xed\x8f\xa22\xa2\x1f\xb8\xc4\x11{\x86\x06\
\xf6\xf6\x13{#\x5cmW\x1fh\xec\xa4T\x8b\xc5\x18\
\x16B\x9d\xf0\x12\x86\x1d'`\xeb\x95\xe9Y\xb1D\x18\
P\x0fJ\xaa\xd4[hGd\x89\xc9B\xc8\x87\xebi\
;\x9a\xe0MA\xe7\x13{F\xe0\xdb\x16x\xfa\x865\
*\xf2\x9f2\xb4\x96\x14\xf7\x8e=^%\xf3#\x97L\
3\xb1\xa4\xe8Jt-r$\xa6=\x1em 0V\
\xf9;\xe8,\x0ffY\xf1\xd3\xc3I\x7fm\xa8\xf6M\
\xf7\xe2_\xeb\x9e\xf9\x12>q\xfb&\x16:m\xb3J\
\xf8\x92\x8a\xc5\x84\x8a\x18&\xf5R\x08\x06\xa0q^I\
\xde\x222\xba\x07\x82\xa1\xa9\xdb\xb6\x93\x80H\xbb(\x11\
\x93\xd5C\x838\xdd]\x07\xba\xf3\x8f\xd16\x88q\x86\
\x00\xa5\x06\x127\xc3RD\xa2\xc3*\x10\xd0Xj\x12\
\x12\xf9\x8a\xf2\x9fJ~\x95\xc7\xc4\xfb$\x1f\xca\x95\xfa\
\x9cL\xa6\x82\x13\x11\x86 H\xee\xdfty\x84v\x91\
\xf3bS\x04Y\x1f\xa0\x8a\xf8\xcc\xcc\xa7\x98\xc4R\x09\
`\xc2\x130k4\x1by\x99L\xb71\xf7f\xd8\xbe\
%g\xc5\xe3H\xd5\xa4K>\x88\x85nc\xd7oZ\
\xa7GR'\xd1!\xd2R/\x8c]\x10\xf3n\x1b\xd2\
\x01N\xbbf\xd8\xaa\xd6A\xa2\x0a%\xa3UH6\xa5\
'\xf6\x85>\x0e)j\x00\x07\xbf\x82\xe8;+\xd1\x0a\
\xd3nV\xdf\x992>\xbc\xe1j\xc5\x8e\x94\xa7\x8a\x03\
I/\x19j\xc6\x19\x96O\xb0\xfd\x82\xa480\xdf\x80\
=qj\xd2\x91B\x8cr\x03^\x8b\xd5\xec\x9b\x8f\x11\
\x84\xe6\x0bN?\xb8\x12\x7f|<\xa6\x99kS\xda\x02\
\xebC\xd4\x86\x80 \xe5\xc49W\xf4\x85\xf6\xc2h\x0e\
\x8c\x0c\xaa\x92zU\xdc\xb6\xf6qp)\xb8\xebq\x80\
L]!\xe0\x99\xc8\xac\x8d\xa0\xe7C\x8f\xd5$\xc8/\
QF8\xdb\xb2x|\x84\x91\xa1\xa5\x5c\x14\xe3\x9bJ\
M\x152&\xbb\xc7K'K\x80\x93\x87RoD3\
=e\xb4\xf7\x87\xcd\xeb\xd3U)\x01&'\xc831\
/\x93\x07vb\x9e\x05\x10D=\xe1\x18\xe7|\xf1\xda\
m\xa3\xa5\xb0!\xe4\x14\xe7\xe4O\xac\x11\xee\xa1\xeb\xa2\
\x0a%\xd22\xed\x9d\x88\xa7\xf3\xba\xe5q\x0d\x82\xc4U\
\xb4\x802\xef\xac\xc2\xc1\x92\xce\x85'\xa5\xb6\xba\xed\x02\
\x9e\x91\x86\x83?\xca\x0f\xfa\x1bWd\x99s\x90?\xbd\
\xe4\xdfA\xedm:\x14\x1d\xed|]\x81\xfa_\x96}\
h\xb3\x06\x16G\xea\x81\xb4)j#TQ5\x96\xe5\
\x83\x7f\xdf\x02\xc2\xf7\xed.Z05\xa9\xc9\xda\x08=\
\x13\x97\xc9\xa0\x1c\xda\xab0\x88\xd0\xa0:\xd1\xeb\x1e\x11\
\xf3\xc5\x91\xf5\x8e\xcf%\xdcp\x06\xea\x91EA\x8d\xcc\
\x85\x9cd\xdd|!P(]\x90g\xb4C\xa90N\
8,\xda\x1bar\x08\x93.\x90\xe7\x0e\xaa\xb8xm\
L\xbch_\xb0[\xd6- V\x96\xb2\x06\xf2[\x90\
\xb8+T9\x19\xb9\xfb\xe46\x98\xeb\xc6\xa7\x06\x03\xb3\
\x13\x0a\xb5\xa7Q\xaf\xad\xbf\x05\xbd\xd5\x90Xg\x7f\x17\
\x0f\x93\xbc\xe0F\x8f\x8e\xe0\xa4f\xbd.L\x86\xd4.\
\xa9\x9b&\xa9\xb4E\x04\xc1\x0fo\xc38\x1c\xd8\x91\xcb\
\x81)\xda\x81t\xc2\x92k\x0e`\xaa\xd8\xd3{n\x93\
\xf2\x05\x92\xce\x5c\xad\xdd\xf7w\xf72\xa2\xd0E\x15z\
\xd7\x16\xac\xd7\x09\xc6\xeb\x04\xa4/)>m91\xcd\
\xfe \xe0q\xca\xba\xe1\xc9\xa5\xb3L\xa4\x90\xacXq\
\xc3y\xa0\xe9\xe9V\x0cR|\xfa%@m\xc3\x02\xde\
\x06\x93l\x8dR;\xdb\xf1d\xc5\x9b\x9a\x7f\x9eC\xfb\
\x00\xa4#\x5c\x11Wp[\x02\x82\x81u\xeaa\xbb\xa1\
\xe9\x02\xa1\x11T\x88\xba\x8b\xe0\x08\xf6\xaf.h\xbf`\
\x98\xcb-\x13d\xab\x1aU\x192#\xf4\xc9r\x94\x1e\
\x03\x8f\xa2a\x7f\xb5%\x8c\xba\xd2\xe0#SA\x9b1\
\x8cY\x1e\x07:fx\x14e\xa2_\xad-\xcc(t\
F\x8f\x9c\x1b\x84\xe4P\xbcM\xa3\x1b\xe1\xf2\xa3\x00\x95\
\xbb\xa3W\xf2\x81\xc6\xbe\x9d?!2\xea1\xb2gr\
\x8b\x1cg\x10\x80\x8fOr:\xf4\xb2 \xc4\xe7\x0a\x17\
\x1c\xfe`\xdcP\xef\xb4H\xda\xe43\x93.\xeb\xb94\
F\x94\xea4\x8a\xc4\xbaY\x96\xe3~A\xd7\xab\xb5\xe0\
'\x98\xd2j7\x14\x0b\x09h'\xcd\x18\xf7!\x93\x12\
$\xe1J\x18F\xb7\xa0\xd5ic\x19\xc27]\xdc\x1a\
\xcc5)m\xfb\x0eD\xf5<5uD\x0e\xae\xd6\x12\
\x93\x12V\xf3\xc7!\xd7m9\xa3@\x82!D|\xc7\
\xa7S\xf9z\x5c\xf0\x18\x88B\xceHqx\x14\x8a\xf4\
\x039\x06\x92\x8a\xef\x07\xb2$)iS=j\x83\x9e\
\xb1\xc2@U\xbeH\xb0*\xf7]\xc3\x1bUb)\xf8\
\x90\x9c\x1f\x87\x99\x03\xe2Mzw\xb5\xa3\xbb\x18\x17`\
\xab\xee\x02d-\xc7\xb0H\xe4%_D\xb5@_\x8d\
]\x08*\x9dPL:\xd0\xc5t\x03\xad9\xd3\x98(\
\xd6\xc6a2\xc3d\xb6\xeaL\xdc)\x15\xa5a\x01+\
5\xe9npe\xa0\xf3qM \x1e\xafM\xbd\xc0\xb0\
t;C\xb1\x00\xaf\x0e\x17\xb5\x81\xc8,\xd2\x82\xb6\xfe\
\x1ad\x0d\xc1aK\xd0\x18\xb8#\x04\xfc\x08\x1e\xe2\x09\
\xd3\xb4\xaa\xd3\xae\xe5\xee\x1e\xb54\xd5\x89\xe4\xdb\xb5\xf7\
W\x90`F}\x88m\x00\xa4-m5R\xad\xa0M\
\x18x3\x8a\xce\xd6X\xda\xd5\xc3s`\x0d\xa4&\xd8\
\x1c\xb1\xb1\x81\xa3\xf7\x08\x98\x0d(\xfeu\xc1\xd3S\xf0\
\xbf\xc3\xb3.Rf\x97\xd1\xdcV\x1e.b\xae\x5c\x0d\
\x86&w\x0b\x9a!\xb9\x8c\x89EX\xfdy\xc7&\xda\
\xef\xdb\xaaz\xbc\xb6\x06(\xb0\xbe\x89a\xedA\xcfH\
S\xfb\xea\xb2l.\xdd\xd9X\xd8\x05\xc5)\x09\xcd9\
A\x05\x95\xc7\xa3]\xf7d\xe0\xcb\x85\x90\x0b\x9a\xa3u\
\x5c\x9d\xa7\x93|B\x02f\x8e\x93F\xd0$dFY\
\x0d\xd0\x93RCl\x80c\xd7M;\xe8\x1fa\xa4\xb3\
z\xa9\x98\x8bz\xf09p\x92dF\xc5\xcc\xbe\xd8\xf6\
\x0d\x8c58\xf3\xf2?B#\xca)\xcf\xe6\x86\xd5m\
!\x82\x05\x90\xea\xfa\xf6\xc7\x05E\x0c\x18\x7f,J\xd3\
\xdb5\x0d\xc0\xe7:!|\x0dk`v\x1aS\x91\xbe\
*\x8d{a\xb47%H\x05\xcb(\xbf\x00\xd3\xbb`\
\xa1g\xf7\x1d\x7f4\x0a\x9e\xae\x0b\xd5\xe2,\x83\xed\xd9\
\x89\x19\xbb\x13\xca\x5c\x8aWp[\x99\xf4\x18%&C\
\xf9\x19\xcf\x9f\x80\xd0\xfc%\x0a\x7f\x07a{\x80\x10\x0a\
\xa2\xa3\x91\xa7\xf9\xc0\xa0y\x80\x10\xfe\xaf\x98\xc1\x04\xa1\
\x96\x08\x14\x14\x90\xfb\xb5G\xbc\xbb\xb0\x80\xd1aE:\
\x0b\x8b\x9a\xf4\xc3BW\x98\xc8a\xaep\x03\x1b\x053\
~\xcbd;\xcb<\x86n\x14\xcc\x13\x80\xben2~\
\x01/\xe4Nh\xf5w\xe0K\x96\xb5\xdd3\x94\xa4\xd8\
\x890s\x8c\xfc\x99\x09\x18\xbd\xa8\xac\x08\x0d\x90N\xcb\
\xbds2!\x06\x9c\xa7NN\xc7\x15\xc7A\x05\xeb\xd8\
\x08\x5cL'\x1f\x01\xf8\xfa\xfe\xd0Q\xfb(L\x9a\xa1\
\xbcB\x8a\x8aL-h\xb3\x9b76\xa6\x0c\xa2\xd88\
q\xed-\xff\x09\xd4\xa6\xe1\x13\x83\xd4\xe4\xe8\xb8q\xc8\
P\x04a\xdf\x043\x5c\x92\xc6|\x8d[f|\xb1\xf8\
-\x11\x5c\xc2\xd4\x1e.\xe1\x88\xb0\x1a\xe1\x95R<\x98\
7\xb8>\xe0\xb7`\xf5\xf9\xcc\xfc\xfe\x873\xf20$\
\x9d\x7f\xc2\xb8\xbed\x04\xa6\x01\xd9\x81\xeb\x1c\xc6\x11[\
~\xa0\x11\xec :\x82y*`\x96%\xd6\xb6\x0a!\
\x89E \x82\xd4\x031\xb8\x9es\xe54(\xb2<H\
\x8et\x19\x81\xc8\x8b\xe9A\xe8@+\x1bQT\x9e\x13\
\xcf\xee\x0e\x9d\x88-\x1ee\xeb\x8bc\x8c\xf7>\x9a`\
\x07v\xb94`\xd9\x0a^,\x7f\xeb\x94\xfa\x15\x03\xaf\
mY\xcaO\xdf7\xc5\x98\x18d\xb5\x8b\x5c\xd85z\
8\x87\xfc.qM\x9c\x0d\xce\x80!\xaavQ\x19l\
m\xba\xdd\x07]\x1c\x98W\xb8\xe9\x09\xebG\xab(\xec\
\xc2\x14\xaa\xcc\xf9\x09\x19\xc4\x02\x13(\xb7\xdd\xe2-m\
\xf0\x02\xeb\x8c\xc7c\x05;!\xaf\xaff\xb0\xf1\x7f*\
h\xc1o%\xbe \x13\x05NN\xbc\xfc\x93\x1f)\xc3\
\x1b\xa6\xc3\x8f\x1d)\xd1]\xbf\xc5t0%'.\xc5\
\x0c\xed\x10\xeb6\xf0\x22\x98yz^\x18d\xdd\x07\xc8\
\xf1\x87\xf3\xb2\xc2\xac\x93\x02\x84\xd3\xb7\xc6RU\xc9D\
2\x5cO\x9d\xd4\xed\xbd\x17\xeeh\x1c\x02\xea\x98\xdak\
#'\xdf\xdb9\x9c\x87a\xf9J\xb6\xa0\xa1\x0a\x00\xd9\
\x8f\xce\xbe\xe0sA\x07wa\xa1G\x9aRW\xb8\x15\
\xeb\x0a\xa0\xb7`\xf1\x01\x07\xde\xa66\xe6\xaf\xbb]y\
{\xf4\x17\xb6\x98\x05\x011\xba++\x0dl\x89\x0e\x89\
\x81\x84j\x15\xbaQL\xed\xab\xb1\x90|\x1e\xb2\xa6/\
<\xacJM\xb1\xbb\x91\x98D\x1cpJ\xf6\xf0|\x02\
Y\xc9\xd4;\xac\x92\xb1\xb5\x95\xb9\x11E};\x01\x9a\
\x94Z\xe4\xa2\x1bMr\xa3\xd0A\xefu4\xa9\xea^\
\x1ct+\xcd\x01\xa47\x1c\x8c\xfd):\xb8\xc0\x81G\
!'\x22&\xa4\x18\xdd\xc8\xdaV\xe5_\xf3n\x5c\x14\
\x075\xc1\x9c\xb6\xb5n\x82^\xe6\xcestn>P\
H \x03\x89o\xe8\xc5\x0e\x00\xb2\xbe\xb8\xa0\xeeV\xdf\
,\xac>\x18y\x9e\x0dp\x9f\xc6\xea\xe0\x1aA\xcb0\
\xda\x14Q\xf2\x84D\xb7e\x09\x03<i\x9bS\xc8\x09\
\xa2AL\xe4\xbd\x81\x8folU\x92\xe8\xa5\x88\x91\xf9\
O\xc5\xca${\x81\xf2\x19f\xa9\xaa7\xdai\x13x\
\xd7vV\xaen\xa1\x89\xc1\xde\xc7|\x1e\xa2o\xb2h\
\xf3\xc2%RE\xaf\xf7V\xe1\xb5U\x9f\x7f\xaa\xf3\xf3\
\x91\xfaEbk\xd2v\xe3[o\xc7\xf2\xe2m \xe6\
M c\xe9>\x17\xe66K(\xd2\xe5\xd6:\x92\x9a\
\xd5\x8d$`\xed\xb1\xa8\xb5\x0b\x15K\xba#\x09\x91\x05\
O\xe4_\x9c\x8a\xd6\x05\xc7\xf8\x16C1PTb\xfe\
\xc1MJP\x83\xf6\x01-\xa6W\xe1\xa9I\xa2g\xd1\
m\x88\xdex\x0f\x09\x22\x86\x22\xfaY\xbb\xc1\xca\xa0\x97\
c\xd8\xd5\x1brJ\xd5\xcdAm\xb5t\x96\xf2`\x9d\
\xdc\xf4r\x88,\xa66hR,\xad\x9d\x0aa{E\
\xd3\x94u\xcfU_\xc7\xe9\xda\x80\xd1\xce2\xf2\x84d\
\x93\x1b\xaa\xfc\x95Zvi_\xefL\xa5\x84\x00\x03\x87\
HP\x19X\xf2\xd6\xb2B\xf4\x1e\xf8\x83\x91H\xbb\x10\
\xc88\x83\xe5\xaf\xee\xf1u\x1d3\xea\xfb\xed\xe5\xdf\x1e\
\xf1E\xdfZt\xd3~4\x159R_\xb8\x81c\xc2\
n\xb5\x9bu\xb4\xc3.\xc7\xbf\xc3\xa6\xb9\xec\xd1\xbd\xb8\
\xba]\xee\x02\x0a\xd9\xbb\xca\x83\xc3'1\x91\xc3\x11\x0d\
\xe0\x04\x15\xe0\x15\x19.\x8a\xe3\xf4\x9d\x07\xfa\xa8xu\
\x03\x82B*\x0e\xf7(\x87\xfb\x19\xb0\xff\xe2\xd1\xb9g\
w\x18\xed\x11\xa5V\xbe8\x89\xb9\xfb#N\x92\x8d\xe0\
\xe4\xf3\x1c\xf4\xe3\xc0\xb9\xda{9J\xe3\x10\xd9\xb2\xfa\
\x9e\x00\xd9\x18\x0c\xd30\x18Vs\x1d\x9f\xb1b\x1e\xc5\
\x1b\xc4\xb6z\xe8\xd9 g\x17\x0e\xb3-L\xf6XY\
L\xb4J\x1b\xc3\xfe@\x0c\x90\xb9\xfb\xfa\x92\xd09\x07\
\xce\xfe7\xe0@y\x1b\x10c#n\x00\x00\x01\x84i\
CCPICC profile\x00\x00\
x\x9c}\x91=H\xc3@\x1c\xc5_S\xa5E*\x0e\
v\x10u\xc8P\x9d,\x88_8J\x15\x8b`\xa1\xb4\
\x15Zu0\xb9\xf4\x0b\x9a4$).\x8e\x82k\xc1\
\xc1\x8f\xc5\xaa\x83\x8b\xb3\xae\x0e\xae\x82 \xf8\x01\xe2\xea\
\xe2\xa4\xe8\x22%\xfe/)\xb4\x88\xf1\xe0\xb8\x1f\xef\xee\
=\xee\xde\x01B\xa3\xc2T\xb3k\x1cP5\xcbH\xc5\
cb6\xb7*\x06^!`\x08AL#$1S\
O\xa4\x173\xf0\x1c_\xf7\xf0\xf1\xf5.\xca\xb3\xbc\xcf\
\xfd9z\x95\xbc\xc9\x00\x9fH<\xc7t\xc3\x22\xde \
\x9e\xd9\xb4t\xce\xfb\xc4aV\x92\x14\xe2s\xe21\x83\
.H\xfc\xc8u\xd9\xe57\xceE\x87\x05\x9e\x1962\
\xa9y\xe20\xb1X\xec`\xb9\x83Y\xc9P\x89\xa7\x88\
#\x8a\xaaQ\xbe\x90uY\xe1\xbc\xc5Y\xad\xd4X\xeb\
\x9e\xfc\x85\xa1\xbc\xb6\x92\xe6:\xcda\xc4\xb1\x84\x04\x92\
\x10!\xa3\x862*\xb0\x10\xa5U#\xc5D\x8a\xf6c\
\x1e\xfeA\xc7\x9f$\x97L\xae2\x189\x16P\x85\x0a\
\xc9\xf1\x83\xff\xc1\xefn\xcd\xc2\xe4\x84\x9b\x14\x8a\x01\xdd\
/\xb6\xfd1\x02\x04v\x81f\xdd\xb6\xbf\x8fm\xbby\
\x02\xf8\x9f\x81+\xad\xed\xaf6\x80\xd9O\xd2\xebm-\
r\x04\xf4m\x03\x17\xd7mM\xde\x03.w\x80\x81'\
]2$G\xf2\xd3\x14\x0a\x05\xe0\xfd\x8c\xbe)\x07\xf4\
\xdf\x02=kno\xad}\x9c>\x00\x19\xeaj\xf9\x06\
88\x04F\x8b\x94\xbd\xee\xf1\xee`go\xff\x9ei\
\xf5\xf7\x03\x90\xcfr\xb3\x5c\x84\xa2\xd8\x00\x00\x0d\x18i\
TXtXML:com.adobe\
.xmp\x00\x00\x00\x00\x00<?xpack\
et begin=\x22\xef\xbb\xbf\x22 i\
d=\x22W5M0MpCehiHzr\
eSzNTczkc9d\x22?>\x0a<\
x:xmpmeta xmlns:\
x=\x22adobe:ns:meta\
/\x22 x:xmptk=\x22XMP \
Core 4.4.0-Exiv2\
\x22>\x0a <rdf:RDF xml\
ns:rdf=\x22http://w\
ww.w3.org/1999/0\
2/22-rdf-syntax-\
ns#\x22>\x0a  <rdf:Des\
cription rdf:abo\
ut=\x22\x22\x0a    xmlns:\
xmpMM=\x22http://ns\
.adobe.com/xap/1\
.0/mm/\x22\x0a    xmln\
s:stEvt=\x22http://\
ns.adobe.com/xap\
/1.0/sType/Resou\
rceEvent#\x22\x0a    x\
mlns:dc=\x22http://\
purl.org/dc/elem\
ents/1.1/\x22\x0a    x\
mlns:GIMP=\x22http:\
//www.gimp.org/x\
mp/\x22\x0a    xmlns:t\
iff=\x22http://ns.a\
dobe.com/tiff/1.\
0/\x22\x0a    xmlns:xm\
p=\x22http://ns.ado\
be.com/xap/1.0/\x22\
\x0a   xmpMM:Docume\
ntID=\x22gimp:docid\
:gimp:36e4bf68-1\
002-4b6e-bef3-d9\
db215d85ea\x22\x0a   x\
mpMM:InstanceID=\
\x22xmp.iid:63524ff\
1-730e-4305-a73d\
-7091121d7c32\x22\x0a \
  xmpMM:Original\
DocumentID=\x22xmp.\
did:b46bf83c-6a0\
9-4a73-9ee7-230a\
dac3ba3f\x22\x0a   dc:\
Format=\x22image/pn\
g\x22\x0a   GIMP:API=\x22\
2.0\x22\x0a   GIMP:Pla\
tform=\x22Windows\x22\x0a\
   GIMP:TimeStam\
p=\x221677490504310\
158\x22\x0a   GIMP:Ver\
sion=\x222.10.30\x22\x0a \
  tiff:Orientati\
on=\x221\x22\x0a   xmp:Cr\
eatorTool=\x22GIMP \
2.10\x22>\x0a   <xmpMM\
:History>\x0a    <r\
df:Seq>\x0a     <rd\
f:li\x0a      stEvt\
:action=\x22saved\x22\x0a\
      stEvt:chan\
ged=\x22/\x22\x0a      st\
Evt:instanceID=\x22\
xmp.iid:07dec71e\
-3efd-43cb-b4a8-\
580316ed875f\x22\x0a  \
    stEvt:softwa\
reAgent=\x22Gimp 2.\
10 (Windows)\x22\x0a  \
    stEvt:when=\x22\
2023-02-27T10:35\
:04\x22/>\x0a    </rdf\
:Seq>\x0a   </xmpMM\
:History>\x0a  </rd\
f:Description>\x0a \
</rdf:RDF>\x0a</x:x\
mpmeta>\x0a        \
                \
                \
                \
                \
                \
            \x0a   \
                \
                \
                \
                \
                \
                \
 \x0a              \
                \
                \
                \
                \
                \
      \x0a         \
                \
                \
                \
                \
                \
           \x0a    \
                \
                \
                \
                \
                \
                \
\x0a               \
                \
                \
                \
                \
                \
     \x0a          \
                \
                \
                \
                \
                \
          \x0a     \
                \
                \
                \
                \
                \
               \x0a\
                \
                \
                \
                \
                \
                \
    \x0a           \
                \
                \
                \
                \
                \
         \x0a      \
                \
                \
                \
                \
                \
              \x0a \
                \
                \
                \
                \
                \
                \
   \x0a            \
                \
                \
                \
                \
                \
        \x0a       \
                \
                \
                \
                \
                \
             \x0a  \
                \
                \
                \
                \
                \
                \
  \x0a             \
                \
                \
                \
                \
                \
       \x0a        \
                \
                \
                \
                \
                \
            \x0a   \
                \
                \
                \
                \
                \
                \
 \x0a              \
                \
                \
                \
                \
                \
      \x0a         \
                \
                \
                \
                \
                \
           \x0a    \
                \
       \x0a<?xpacke\
t end=\x22w\x22?>\xda\x85\x18\xbc\x00\
\x00\x00\x06bKGD\x00-\x00\x98\x00\x01D\x15\x89\
\x14\x00\x00\x00\x09pHYs\x00\x00\x0b\x13\x00\x00\x0b\
\x13\x01\x00\x9a\x9c\x18\x00\x00\x00\x07tIME\x07\xe7\
\x02\x1b\x09#\x04\x8cX\x8a\x93\x00\x00\x0f\x95IDA\
Tx\xda\xd5\x9d\xe9r\x1bWz\x86\xdfsz\xc5\xd2\
\x00\xb1s\x91Dm\xb63\x99J\xaaRIj*c\
\xc9\x9a\x89=\xbf\xe2\xf1,^\xe4d\xae!\xf70\x17\
\x90\x0b\xc8\xd5d2\x99\x893\x89\x1d\xe7O\xaa\xecH\
\x22)\xd9\xb2\x86$@\xa0\xb1\xf5\xde\xe7\xe4\x07\x1a@\
\xaf\x00D\x91\x00\xd5\x7fXE\x94\x88\x0f\xcfs\xbe\xf7\
\xf49\xe8n\x91?\xfbg\xc2\xb1\xe1\xc3w$\x7f\xf4\
l\xafo\xdb\x5c\xdc\xda\xb1-\xb9v\xdc\x00@\xf0\x9a\
\x1d\x9cQ6~\xbe\xab\x0f\x07$_.\x93~\xe1\xda\
q\x85\x13G^\xf4o\xe8U\x80\xdf>\xa8ch\xb9\
U\x87{\xa5\xd3\x17B\xc3i\xef\xfe\x11\x00\x7f\xdd\xe0\
w\x9f\xd5]\xbd\xcf\xab>gjW\xf7[\xc3g\xad\
\x11\xe1\xb2se\x05L\xe1{\x1e\x15B\xbf&\xa7\xc7\
d\xc7i\xef\x1e\xbf>\xf0\x09\xeb>\xad{\xe6HR\
\xc2\xbf\xd7\x87\xac:|\xd6\x1a/\x92@\xaf\x18\xfc\xb8\
\x84+\xdf\x09\x13\xf8\x0d\xcf\x1cK\xa9Q\xa3\x0fYe\
\xb0\xa0\x13\xe8U\x81\xaf\x15\x80\xbb\x7f\x12e}zL\
\xb6\xedI'\xf0+=\xf2C\xf0\x09\x01\xbe\xf7\xe7\xd1\
r\xfbCV\x1ddt\xc2\xda\x05x\xb6\xe0\x9f\x1e\xd4\
\x12\xf0\x7f\xf8\xa1\x8f\xef\xbf\xeb\xe3\xad\xefG\x8a'\xed\
\xb9\x84+\x0a_\x9e\xc3\x07p\xef\xef\x18\xdez\xe0\xe3\
\x07\xef\xb1\xb8\x84J\x9a\x04\xban\xf8\xed\xc3\x06|O\
\x88\xc0\x7f\xfb#\x1f\xb92\x07\x07\xc7\x1b\xf7=\xbc\xf9\
\xa7,.a\xe7*u\x02g\x84\x9d\xc5\xe1\x13\xe0\xde\
O\x19j\xb7\x188\xe7h\xbd\xe9\xe3\xaf\xdf\xf5\x97J\
\xa0k\x84\xcf\xb2\xe0\xab%\x0e\xce98\x07\x00\x8e\xbb\
\xf7<\xdc\xfd^t\x04\xb5\x8fI\xcbn\xef\x9e\x00\x9b\
=m\x0e\xe0\xfbV\x1c\xfe\xfbS\xf8\x00g\x00\xe7\x1c\
\xcd7|\xfc\xd5\x8fS%\x18S\x09t\x8d\xf0y\x18\
~\xa9\x18\xc0/\xf3Y\xd1\x08K\xf8\xa1\x8b;o%\
:\xa1e\xb7wN\xae\x00|)\x12;\xef3\xd4o\
\xb1\x19x\xce\x11|&\x8e\xc6]\x0f\x7f\xf9\xc0\x8bK\
\xd8\x0a$\xb8t#\xf0\x0b\xc0\xdb\x1f\xb1I\xec\xc4\x8b\
\x0eI\xb8\xf37\x0en\xbf\x99\x90\xb0\xed\xf6\x1agW\
\x02>\x01\xee\x7f\x10\xc0\xe7\xe1\xcf\x11\x95P\xbf\xe3\xe1\
/\xee'%\x8c\x9e\xb7t\xba\x91\x91\xff1\x83ZZ\
\x5c\xf4T\xc2\xad\x1f\xd8\xd0\x8a\xd1\xd4\x19\xf7E\xf5J\
\xc0\xff)C\xedV\xac~\x16\xfb\x19\xbcV\xbf\xe3\xe2\
\xd6\x9b\xb18\xeaC\x13/\x15\xfeA\x03\xbe\x9f\x06?\
6\xf23\x8af\x0cx\xfa\xb9\x82\xe1(\xba+\x91+\
;|\xd3\xb1\xf3\xce\x07\x0c\xb5\x9b\x1c\x8c'#t\xd6\
\xc5\xa1A\xd59\x14q\xf4(\xba\xe4)\x95\xf8H\xbc\
\xc4\x91\x0f\xdf\x17h\x18\xfe\xbd\x00~\xb8h\x9eQ4\
c\xc0\xd1\x7f\xc98\xf8:\xda\xa4\x95\x969T*]\
m\x93#\xff\x9d\x0f\x82\x91\xcf\xb2#\x94\xf3\xf9kg\
\x87\x22\xfe\xe7\xdf\xa4\xc8\xdf\xce\x17=\xb3p\xbd]\xa1\
\x97\x06\xdf\x8b\xc1\xff\x84\x05\x13n\xb4h\xa4\x15\xcd8\
\x8e\xfeS\xc6\xc1\xd7B\x1c\xfe\xa0\xd0\x5c\x1b|\x9e\x0a\
\xffg!\xf8K\x22\x94s\x8e\xb3#\x11_\xa6\xc0\xaf\
\xdcl\xcb\x840A\xbc\xa4\xd8\x99\xc1/\x17\x81\xb7?\
\x99\xc6\xce\xf2\xa2\x19\xe38\xcc\x86_\xda\x18|\x00\x0f\
~6\x8d\x1d\xa4\x7f\x8eX\x84v\x8eD|\xf9\xdbl\
\xf8\x00 ^f\xec\x94\x8b\xc0\xbd\x87\x0c\x8a\x96\xd2\xa2\
)\xb9\xcf\x182\xe0[\x9b\x80/\x86G\xfe\x83\x9fs\
\xd4n\xc6\xe7\xae 2Y2B;\x87\xcb\xe1_\x98\
\x80\xb4\xd8)kA\xec\x942\x8a\x8e\xe7>\x03\x0e\xff\
 \xc5\xe1\xf3J\xcb\x1a\x16\x9ag\x1b\x83O\x03\xf8\xd5\
\x9b,\x91\xed<\xa3\x13:\x87B\x02~!\x80\x8f\x10\
\xfc\x0b\x11\xe0\xd9\x22k\x1f\xd4\xa3#?\x0c\x7f\x85\xa2\
\x19\x03\x0e\xfe\x906\xe1Z\x83B\xf3\xac\xbc\xd1\x91\xff\
\x0b\x8e\xea\xcd\xf9\xdc\xb4,B\xdb\x07\xa9\xf0\x8d\xca\xcd\
\xb6\x12\x87\xff\xca\x02&#?\x09\xff\xfeC\x06\xa5\x84\
\x95\x8af\x0c8\xf8\x8fT\xf8\xfd\xb5\xc2?\xaa\xfb\x96\
\x11\x85\xff\xa3_Lc'{\xb4\x87_k\x1f\x88\xf8\
\xf2\xb7Q\xa4\x05\xcd3*\xfb\xe9\xf0_I\x80g\x8b\
\xbc}XO\xc4\xce\xfd\x87\x0cji2\x99.\xcd\xfd\
t\xf8|\xed#?\x06\x9f\x12\xe0G\xbf\xe4\xa8\xee\xf3\
\xd4\x81\x93\x96\xfb\xed\xc3,\xf8\x9dL\xf8\xe7\x16\xe0\xd9\
\x22o\x1f\xd4yx\xe4oi\xc0\xbdO\x19TmR\
X\xe4\xf42%\xf79\xe3\xa9#\xbf\xda\xb2\x06\xf9M\
\x8f\xfc_Nc'%BY\xb2\x13\xda\x07\x22\xbe\xfc\
\xd78|\x7f\x5c\xd9o\xab\x8b\xe0\x9fK\xc0l\xe4\xc7\
\xe0\xdf\xff\x94\x07\xb1\xb3<\xf7\x19\xe38\xf8L\xc6\x93\
\x04|[\xcf7\xcf\xb6\xd6\x05\xbfsT\xf7\xed\xf8\xc8\
\xff\x90\xa3\xb6\x1f:\xd5\x5c\x14\xa1\x01\xfc\xffN\xc27\
*\xfb\xa7K\xe1\xbf\xb4\x80P\xec\xcc\xf6\x06\xb6J\xc0\
\xfd\x87<X\xe1\xaeP\xb4\x9f\x0a\x9fW[v?\xdf\
\xecl\x14\xfe\x8f?\x9cO\xb8X\x92\xfb\xe0@\xfbI\
\x16\xfc\xb6\xb2\x0a\xfc\x97\x12\x10\xc4\x0e|?\x06\xffS\
\x0e58\xcf_V4g\xc0\x93\xf4\x91\xbfn\xf8\xcc\
\x8e\xc5N\x18\xfe*\xb9\x7f\xfaDH\xc0/j\xfex\
k\xbf\xad\x82\xf8\xc2\xaa\xf5\xac$\xc0\xb3f\xb1\x13\x81\
\xff\xce\xdf\xf3\xc9\x22+\xad\xe8\xd8\x22\x851\xe0\xc9g\
Rr\xe4o\xdb\xfd|c\xed\xf0\x85\xc8\xc8\xff\x88\xa3\
\xb6\x8f\xa0\x83\x97\xe7~\x1a\xfc\xc29\xe0\xaf$`\x11\
|U[PtlW\xf3\xc9g\x12\x9e|u\xf5\xe0\
\xff\xed\xc7\x1c\xd5\xfd\xd86BF\x84\x82\x03\xa7\x8f/\
f\xe4\xcfjX\xf4\xa2o\xcbn\x1c~\xa5\x1c\xc0/\
eo@\xc5;\xe1\xc9\xef\x13\xf0Q\xdd\xb6\xf5M\xc2\
')\xf0\x17F(\xe7Y\xf0G\xe7\x85\xbf\xb8\x03\x9c\
\xe2\xd9\xd9A9\xe7\xfb\x90\xe2\xf0\x15m\xb5\xa2\x99\xcf\
\xf1\xf8\xdfScG\xcf7:\x95\xcd\x8e|\xa0v3\
\xbc^Y\x9c\xfb\xa7\x8f\x04|\x91\x0e?w^\xf8\x99\
\x02\x98U:>}\xa2\x15<\x8e|\x14>\x82\xd8Y\
^4c\x01\xfc\xaf\xae\x18|\x0a\xbc\xfb1&\x8b,\
\x96\xbd\x87?}\x0d\xc1\xc8\xff\xe2\x82G~\xa6\x80\x00\
~\xd1\xe3(\xce\xe2\x22\x80\xaf\x94V+\x9a3\xe0\xf1\
\xef\x12#\x1f\xb5mG\xcf\xad\x17>\x8f\x8f\xfc\x19|\
\xbeZ\x84\x9e<\x16\xf0\xc5o\xe2\xf0\xd9+\x8f\xfcT\
\x01\x13\xf8\xa5\xa2\xc7y\x14\xfe? \xb4\xa5\xbc\xb8h\
\xe6\x03\x8f~/&bg\x02\xbf\xbd\x1e\xf8>\xe1\x9d\
\xa7un\x1b2\x0d\xc3\x7f\xef\xe1\x04>\x0bo#,\
\x88\xd0\x93G4\x03\xfe\xe9\x85\xc0\x8f\x08`V\xe9$\
\x15\xfe\xaf\x00U[\xadh\xc6\x02\xf8_%\xe0\xf7r\
\x8dvum#?\x06_\xa0\xc0\xbb\x9f \x98p\xd3\
\xce\xd6b\x11\xca\x81\x93G\x02\xbe\xf8\x8dp)\xb1\x93\
\x10\xc0\xac\xf2\xc9$\xf3C\xf0\xb7&#_\xd5V,\
\xda\x07\x1e\xfd.\x01\x1fk\x85\xef\x13\xdeyZK\x8c\
\xfcw\x1f\x02\xd5\x1b\xcb\xbf\xbb\x9dF\xe8\xe9\xff\xa5\xc1\
g\xc3 v.\xf4[D\x91Y\xdaY\x1a\xfc\x07\xbf\
\x02\x94\xe2jE\xb3t\xf8|3\xf0\x15\x1a\x9ep\xdf\
{\x88\xc9\x22\x8b\xad\x16\xa1'\x8f\x04|\x1e\x83\xafi\
lX\x9e\xc4\xce\x85_\xc4@\xf5g[R\x1a\xfc\xe9\
\xae\xe6*Ew\x9e\x0ax\xbcA\xf8\x00`\x9e\xec\xf4\
\xc2\xf0\x05\x0a\xfc\xe4\xd3\x09\xfc\xc4\x82*\x16\xa1\xd3\x9d\
[kH\xf0\xf9\xbf\xac\x0f>\x00P\xcf#\x91?\xdc\
\xd8\x01\xe4|r\x0f\x7f\xd1d\xe5\xc7.\xd3\xa1\xa0\xbe\
\x96+\xfaX\xe3\xe1z,\xf25TY\x03\x0a\xd5\xb4\
\x88I\xdf\xd5\xe4\x0c\xf0\xdd\xe4\xdf\x15df\xad\xba\xb1\
v\x9eC\xb8\xf6s\xf9\x1f\xc7\x03\xb1\x002\xb9'\xeb\
\xac\x03x:\xd0\xbc\x0d\x80d\xafn\xc3\x8b\x14E\xe3\
\x18\x9f\x08\x18\x05\x17Pqp:\xd6\xa1\x94\x0b\x95.\
\x97\xf5\xfc:\x04H*\x83\xd1S\x04\xce\x09\x01\x00\xd3\
\x06:\x07\xc0\xee\x1b\x80 \xadp\xea\xcc9D\x85C\
b\x04\x9d\xe3y7[&-P\xa6\x9e\xc9\x9a\xa1\xe2\
\x12\xee[\x13v?6\xffI\x15\xf2G\xe3!-\xcf\
$\xb4\x01\xafG\xd0\xbc=\xd9\x00Y\xb6\xbfO\x08G\
\xfd\x06\x83\xd1\x9eK`\xe0\xd4\xd0\x89T.T{\xeb\
\x90@EWT5\x0b\xa6\x9e\xc7T\x82a\x02\x9d\x03\
\x82\x9d\xbb\x1cTZa\xab\x9cq\x94w\x18D\x9f\xe0\
\xec$$\xc1\x10\xf2\xd4\xbf\x1c\x09B\xeb}\xf2k!\
?\xae\x04\x12\xb6\xc2\x9d\xe0\xf6\x80\xe6\xad\x98\x84\x8c9\
\x81\x10\x8e\xda\x0d\x1fF\x9bb<\x97 \x8cu\xc8\xe5\
Bu-\x9d H\x8c\xa8\x9a\xc5\x13\x12\x0ec\x12\x96\
\x5c\xcfS\xde\xf6!\xf8\x14\xdd\xd3p'\x08y\xea+\
g\xb2f\xe6.R\x82\xd0z\x9f\xfc\x1a\x00B\x12f\
\x9d\xd0=#pu\x82\xfaM\x9e\x8c\xa3\x949\x01\x94\
\xa3v\xcd\x87\xd1\x110\x1e\xcf;a\xacC.\x15\xca\
=.\xf7\xd7'\xa1?\x97`Z@\xe7\x88`\xe7\xf6\
\x5cB\xd6\xf5<\xd3\xcfSj\xf9\x10|\x82n;.\
\xe1b;a&`.!w8\x1e\x09[\xd37\xe8\
\xcd$0\x10,.\x9a\xb3\x89\x84\xea5\x1ffG\x80\
\x11\x920\xd0\xb9\xac\xe6hOP\xec\xf5H(Z\xdc\
\xd4\xf3<,\xe1\xec\x88\xa2u\x8bA\x10\xb3w<\xc3\
{@Zs\xd2\x09\xbdN\xa2\x13\xba\xb2f^\x88\x84\
\x88\x80@B5\x90P\x99I\xe8\x12\xb8=\x8a\xda>\
K\x8f#\x16]E\x12\xc2Q\xd9\xf3`vD\x18\xc6\
\xacFj\xf4eY\xc9\xd1\x9e\xb8.\x09ZRB\xf7\
)E\xf3\x16\x9bO\xcc\x89+\xf4\xa2\x83Jky\xa9\
\x12\x88\xaft\x95\x0b\x88\xa3\x84\x80\x99\x041w4\x1e\
\x0a\xe5\xe9\x1b\xe8=\x02G'\xa8\xdf\x08I`\x8b\xe7\
\x84\xca\x9e\x07\xf3L\x84\x19\x92`\xae[B\xc9\xe2f\
\x7f.\xc1\xb2\x81\xee3\x8a\xe6>[yN\xd0\x1a\x1e\
\xa8/@?\x9bK\xb0\xe7\x12^\xa9\x13R\x05L\xe3\
(\xaf(\xcfG\x03Q\x9b\xbeA\xbfG\xe0\xe8\x14\xb5\
\x1b~\xb2\x13X\xfa\xd9\xd1\xd6\x8e\x0b\xab+%%\xa8\
\xb4'\xaak\x90 \xce\xe6\x84\x90\x04\x12H\xf0AC\
q\x84\x05\xeb\x04\xad\xee\x82\xfa\x14\xfd\xae\x10\x97\xd0S\
4S9\xaf\x84L\x01\x00@U\xa3\x5c\xc8\xc9\xc7\xa3\
\xbeX\x9cI\xd0\x09\x9c\x1eE\xed\xfa\xa4\x13\xb0dq\
C\x08Gy;\x90`^\x1d\x09\xb6M\xd0}&\xa0\
q\x83\x81\x8aY_AF\xd7\x09\x85\x86\x0b\xc1\x17\xe2\
\x12r\x81\x84su\xc2B\x01\x00@\x15S+\xe4\x05\
}\xac\xcb\xb37\x18\xf4'\x9dP\xb9\x96\xec\x04\xa4|\
\x89\x0d\xc2Q\xdev`ueX\x09\x09D\x17U;\
\xb7\x1e\x0967\xfb\xb9\xb9\x04\x87\xa0\xf7\xad\x80\xfa\x0d\
?)\x81\xa5m:\x02\x85\x9a\x03\xea\x0b\x18\xf4R%\
\xbct',\x150\x91`\xe5T\x15\xf6\xb8\xaf\x08a\
\x09\xae.\xa0\xb2\xe7/\x9e\x13B7\xdd\x95[.,\
]\x82e\xd2\x90\x04ERT\xbay\x09\xd7\x02\x09,\
\xe3\xec(\xf4\xf9\x0aU\x07\xd4\x171\xd4_]\xc2J\
\x02\x00@P\x1dQ\x92}n\x0er\x98\xbe\xc1p@\
\xe0\xf6\x05T\xf6\xbc\xec\xc5\xda\xac\x1b\x00\x10\x86Rs\
\x22\xc1\xb6h<\x8e6&\xc1q\x08z\xcfE\xd4\xf6\
|\x08b\xf4\xec.k\xbdP\xa8\xdaY\x12\xf4\x97\x89\
\xa3\x95\x05\x00\x80\x94sI\x9a\x04\xa7/\xa2\xb2\x1bH\
H\xd9\xf8\x0a\xaf\x17\x00\x86R\xc3\x81\xa5\xcb\x11\x09F\
_\x96\xd6\x1cG\xcc\xec\xe7\x10\x96\xa0\x7f'\xa2\xba\xe7\
\x83\x0a\xe1\x0e\xce\xbe\xec&_\xb5A|\x09\xa3~\xaa\
\x84\x95:\xe1\xa5\x04dI\x18\x0d'\x12\xb6v\x82\xed\
\xc4e_t\x83A\xab;\xb0\x062\x9c\x88\x04e\x9d\
\x12hB\x82K\xa0\xbf\x10Q\xdd\xf1\x829a\xf9w\
\xc6\xf9-\x0b\x84\x89\x18\x9fS\xc2K\x0b\xc8\x920\x8e\
IX\xba\xf1E\x18\x8a5\x1b\xf6@\x81cG$\xac\
sb\xa69\xcdfFH\x82\xeb\x12\xe8/\xa4\xb9\x84\
\x15\xee\x0d\xc8\x95-\x10_\xc2x\xf0\xf2qt.\x01\
!\x09\xcc\x1c\xe4\xc8L\xc2\x88\xc2\xe9\x8b(m;s\
\x09Y\x8b\x1c6\x99\x13\x0a\xd5L\x09\xfduH\xa0\x19\
\x12\xfa\x7f\x94Piy\xa0\x22Kl\xb9\xc4O\xbd\xc1\
\x01\xb5l\x810\x09\xc60*\x01\xbe\xdcW4S\xce\
\x92pn\x01\x81\x04\x1a\x97`\x8c)\x9c\xbe\x84R+\
*!\xad\xe8i\x1c\x15\xaa\x16\xec\x81\x0a\xd7I\xc4\xd1\
\xba%p\xce\x09\x9dI8\x96\xb0\x15H\xc8\xba7 \
\xfcS-\x9b\x00\x93`\x0e\xc5\x90\x04Q]$\xe1\x95\
\x04D%\xa8dr\xc1_ a \xa1\xd4\xb2g\xa0\
\x17n|\x81!_\xb1`\x8f\x12\x12\xd6\xdd\x09<,\
\xc1\xf3\x08\x06\xc72\xcaM\x17d*!\xeb\xae\x9f\xa9\
\x04\xcd\x04|\x09\xe6(&\xc1\x93\xfbJ)9'\xbc\
\xb2\x80,\x09\xa6A\xe1\x0cdhM;\x19Gi\x8b\
\x1c\xc2\x90/\x9b\xb0G9x1\x09\xf2\xa6%\x9c\xc8\
(7\x5c\x10\x81E\x224\xd1\xd1,$\x81\xc9\xb0\xc6\
\xa9\x12\x22\x9dp!\x02\x96J\xa8[\x13\x09l\xf1\x9c\
\xc0\x03\x09\xce(\x07\xcf\x8d\xc6\x91\xac\x92\x81\xa8\xda\xea\
\xa6$\x0cO\x15\x94\xea\x81\x84P\x84f}\xd7\xach\
\x06\xe0\xcb\xb0\x8c\x84\x84AX\xc2\x85\x09\xc8\x92`\x99\
\x14\xcePA\xb1fE;!\xf5~a\x80\x83!W\
2\xe1\x8c\xaf\xa0\x84vT\xc2\xb29A.N$\xd8\
\xe9\x12\x14\x00\xe4B\x05,\x93P\xa8Y\xc9\x9b\xf52\
\xe6\x04\xb5d\xc25\xf2WJ\x82\xef\x13\x0c;\x0a\xb4\
\xaa3\x97\xb0\xe4NP\xb9`\x80\xf0L\x09\xf2\x85\x0b\
\x08I\xf0\xc3\x12l\x8b\xc2\x1d*(T\xad\x05[\xd9\
\xf3\x0fD\x08G\xael\xc25\x92\x9d\xa0\x95\xa4\x01\x91\
\xccuI`q\x09\xa3\x8e\x8ab\xd5\x05\x11\xfc\xc5w\
\x82NF\x13\x94b\xba\x04\x99\xaa\x97\xf7\xc0\xa6\x5c\xc5\
\x10k\xd7\xf4\xc9N]p\x0ct\x01\xc7_W\xc1<\
\xb2\xb4h\x00 \xd4GyWO\x9c\xb9Qc\xcb\xc0\
\x9a\x0eQu\xc5\xe6\xed\x0e\xa7\x02\x9b]\xe7\xe48\x04\
\xdf\xfc\xef\x16\x5cSZ\xf8\x04\x80\xf0#\x06\xb5f\x17\
\xa2\x14\xbd~\x8a\x8f\x8a\xde\xa5>1k\x22\xa1\x17\x91\
0\xec\x0b8yT\x03\xf3\xc9\xd2\xa2\x99+\xa3\xfbM\
\xf4\xe2:\x91\x10\x1bZ'\x8f5\x1eS\x09BH\x82\
\xeb\x10|\xf7U\x05\xae%\xa7|+8\x8d\xd2\x004\
\xa7\xe8=o\xc2s#g\xa0\x5c\xaa\x18\x97\xff\xd0\xbe\
\xb9\x84yI\xa3\x81\x80\xd3\xc7\xf5\x89\x04\x16\x7fL\xd9\
\x1c~\xe7i=\xbc.\x80H\x88\xdd\xbcc\x8c\xb9<\
\xd8\xc2\x9a\x0fQu\xc5F\xac\x13\x5c\x87\xe0\xc5\xd7\x15\
\xb8\xa6\x9c\x88\xd29f\x02\xfdy\x13\xc6`\x1e?\x04\
\xe0\xad]\xde\x11\xb7\x8e\x1bkyjb\xaeb\x88\xb5\
\xebQ\x09\xe3\xa1\x80\xf6a=\xd2\x09\xd3\xc3\xcf\x84?\
6h\xae[\xc5\x86\x0eQu\xc5\xe6\x9dh'x.\
\xc1\xf1\xe3j\xa4\x13\xe6#\x9f\xa0\xf7m+\x02\x1f\x00\
o\xee\xf2\x8eT{\xd1\x00\xd6\xf8\xdc\xd0\xdc\x96)\xd6\
\xae\xeb\x11\x09\xc6PD\xe7i\x03\xdc'\xcb\xe0[\xcd\
;\xc6\x98\xe6z\x15l\xf8\x10\x15Wl\xa4H8}\
R\x83k\xcb\xb3\x08\xe5\x9cB\x7f\xde\x821\x8c\xc2o\
\x85\xe0\xafU\xc0D\x82!\xd6\xae\xf7\xbc\xf0\x9c`\x8e\
D\x9c=k\x823:\x83\xef%\xe1ot\xe4/\x90\
0{\x16\xa5\xe7\x11\xb4\x0f\xeb\xf0\x1de\x02\xff\xdb\xd4\
\xd8i\x87\xe1\x03\x00\xd9\xc4\x7f\xe0`\xf5\x8bn\xe7\x9b\
\xb2\x18^\x92\xab\x05\x0f\x9eK\xaf<\xfc\xf0\xe1\xd9\x92\
7yz\x00\x15\xe7[\xdc\x1c\xb2\xeaG\xf6\x82&#\
\x1fm\xa9\xf6]3q\xaa\xbb\x89\xc2\xd5\xf2H\xaa\xdf\
\xe8G:\xc1\x1a\x8b\xaf\x15\xfcy'\x9c!\xdc\x09\xbe\
G\x92\xf0\xf7x*\xfc\x8d\x09\xc8\x92\xf0:\xc1\x9fK\
p\x12\x12B\xb1\xc3\xb6\xf7\xf8\xa9T}\xd1\xcc\x5c\xec\
m\xb2\xf84\x09\x13\xf8\xe3\xd7\x02\xfe\x12\x09\xbc\xb5\xc7\
\xdbb\xf5Ek\xe1j{\xd3\xc5\xab\xe5\x91\xd4\xd8\x1f\
Y\x8a \x8cT\x99\x8e[w\x8c\x11\xcd\xf5^\x1b\xf8\
1\x09\xbc(\x8b]E\x10F\xadk~g\x19|\x00\
\xf8\x7f=\x01\xd5\x8c\xa1yu\xd6\x00\x00\x00\x00IE\
ND\xaeB`\x82\
\x00\x00\x02\xe6\
\xef\
\xbb\xbfGorillaz\x0d\x0a\x22The\
 Now Now\x22\x0d\x0a11\x0d\x0a2\
018\x0d\x0a11000102\x0d\x0a\x0d\
\x0aMy Chemical Rom\
ance\x0d\x0a\x22The Black\
 Parade\x22\x0d\x0a14\x0d\x0a20\
06\x0d\x0a304666444\x0d\x0a\x0d\
\x0aWilki\x0d\x0a\x22wilki\x22\x0d\
\x0a16\x0d\x0a1992\x0d\x0a40002\
30\x0d\x0a\x0d\x0a30 Seconds\
 To Mars\x0d\x0a\x22A Bea\
utiful Lie\x22\x0d\x0a13\x0d\
\x0a2009\x0d\x0a300120222\
\x0d\x0a\x0d\x0a30 Seconds T\
o Mars\x0d\x0a\x22This Is\
 War\x22\x0d\x0a15\x0d\x0a2009\x0d\
\x0a22000000\x0d\x0a\x0d\x0aMel\
anie Martinez\x0d\x0a\x22\
Cry Baby\x22\x0d\x0a16\x0d\x0a2\
015\x0d\x0a400345042\x0d\x0a\
\x0d\x0aThe Rasmus\x0d\x0a\x22D\
ead Letters\x22\x0d\x0a10\
\x0d\x0a2003\x0d\x0a253453\x0d\x0a\
\x0d\x0aMetallica\x0d\x0a\x22Me\
tallica\x22\x0d\x0a12\x0d\x0a19\
91\x0d\x0a1506404300\x0d\x0a\
\x0d\x0aMeskie Granie \
Orkiestra 2022\x0d\x0a\
\x22Meskie Granie 2\
022\x22\x0d\x0a30\x0d\x0a2022\x0d\x0a\
243085\x0d\x0a\x0d\x0aKrzysz\
tof Zalewski\x0d\x0a\x22Z\
loto\x22\x0d\x0a11\x0d\x0a2016\x0d\
\x0a4586200\x0d\x0a\x0d\x0aThe \
Cure\x0d\x0a\x22Disintegr\
ation\x22\x0d\x0a11\x0d\x0a1989\
\x0d\x0a130000560\x0d\x0a\x0d\x0aP\
ink Floyd\x0d\x0a\x22The \
Division Bell\x22\x0d\x0a\
11\x0d\x0a1994\x0d\x0a243321\
90\x0d\x0a\x0d\x0aDepeche Mo\
de\x0d\x0a\x22Spirit\x22\x0d\x0a17\
\x0d\x0a2017\x0d\x0a24300453\
\x0d\x0a\x0d\x0aFaith No Mor\
e\x0d\x0a\x22Angel Dust\x22\x0d\
\x0a14\x0d\x0a1992\x0d\x0a55384\
200\x0d\x0a\
"

qt_resource_name = b"\
\x00\x04\
\x00\x06\xa8\xa1\
\x00d\
\x00a\x00t\x00a\
\x00\x06\
\x07\x03}\xc3\
\x00i\
\x00m\x00a\x00g\x00e\x00s\
\x00\x09\
\x08\x8d\xbcg\
\x00o\
\x00b\x00r\x00a\x00z\x00.\x00p\x00n\x00g\
\x00\x0a\
\x08\xdb\xe4G\
\x00o\
\x00b\x00r\x00a\x00z\x002\x00.\x00p\x00n\x00g\
\x00\x0a\
\x08\xdc\xe4G\
\x00o\
\x00b\x00r\x00a\x00z\x003\x00.\x00p\x00n\x00g\
\x00\x08\
\x08\xa4R\xb4\
\x00D\
\x00a\x00t\x00a\x00.\x00t\x00x\x00t\
"

qt_resource_struct = b"\
\x00\x00\x00\x00\x00\x02\x00\x00\x00\x02\x00\x00\x00\x01\
\x00\x00\x00\x00\x00\x00\x00\x00\
\x00\x00\x00\x00\x00\x02\x00\x00\x00\x01\x00\x00\x00\x06\
\x00\x00\x00\x00\x00\x00\x00\x00\
\x00\x00\x00\x0e\x00\x02\x00\x00\x00\x03\x00\x00\x00\x03\
\x00\x00\x00\x00\x00\x00\x00\x00\
\x00\x00\x00 \x00\x00\x00\x00\x00\x01\x00\x00\x00\x00\
\x00\x00\x01\x86\x92\x13\xa3p\
\x00\x00\x008\x00\x00\x00\x00\x00\x01\x00\x00\xcf\xdf\
\x00\x00\x01\x86\x929s \
\x00\x00\x00R\x00\x00\x00\x00\x00\x01\x00\x01\x05h\
\x00\x00\x01\x86\x929\xc9\x10\
\x00\x00\x00l\x00\x00\x00\x00\x00\x01\x00\x019S\
\x00\x00\x01\x86\x92\xc0N\x90\
"

def qInitResources():
    QtCore.qRegisterResourceData(0x03, qt_resource_struct, qt_resource_name, qt_resource_data)

def qCleanupResources():
    QtCore.qUnregisterResourceData(0x03, qt_resource_struct, qt_resource_name, qt_resource_data)

qInitResources()
